timestamp,egress,kind,kernel_kind,load,attempt,concurrency,vm_index,launch_ms,exit
2026-05-13T18:16:13+00:00,none,minimal,stripped,idle,3,1,0,1516,0
2026-05-13T18:16:15+00:00,none,minimal,stripped,idle,4,1,0,1516,0
2026-05-13T18:16:16+00:00,none,minimal,stripped,idle,5,1,0,1517,0
2026-05-13T18:16:18+00:00,none,minimal,stripped,idle,6,1,0,1416,0
2026-05-13T18:16:20+00:00,none,minimal,stripped,idle,7,1,0,1416,0
2026-05-13T18:16:21+00:00,none,minimal,stripped,idle,8,1,0,1516,0
2026-05-13T18:16:23+00:00,none,minimal,stripped,idle,9,1,0,1416,0
2026-05-13T18:16:25+00:00,none,minimal,stripped,idle,10,1,0,1517,0
2026-05-13T18:16:27+00:00,none,minimal,stripped,idle,11,1,0,1516,0
2026-05-13T18:16:28+00:00,none,minimal,stripped,idle,12,1,0,1514,0
2026-05-13T18:16:30+00:00,none,minimal,stripped,idle,13,1,0,1416,0
2026-05-13T18:16:32+00:00,none,minimal,stripped,idle,14,1,0,1516,0
2026-05-13T18:16:34+00:00,none,minimal,stripped,idle,15,1,0,1516,0
2026-05-13T18:16:35+00:00,none,minimal,stripped,idle,16,1,0,1517,0
2026-05-13T18:16:37+00:00,none,minimal,stripped,idle,17,1,0,1416,0
2026-05-13T18:16:39+00:00,none,minimal,stripped,idle,18,1,0,1416,0
2026-05-13T18:16:40+00:00,none,minimal,stripped,idle,19,1,0,1517,0
2026-05-13T18:16:42+00:00,none,minimal,stripped,idle,20,1,0,1518,0
2026-05-13T18:16:44+00:00,none,minimal,stripped,idle,21,1,0,1417,0
2026-05-13T18:16:46+00:00,none,minimal,stripped,idle,22,1,0,1516,0
2026-05-13T18:16:51+00:00,none,minimal,stripped,idle,3,2,0,1518,0
2026-05-13T18:16:51+00:00,none,minimal,stripped,idle,3,2,1,1515,0
2026-05-13T18:16:53+00:00,none,minimal,stripped,idle,4,2,0,1518,0
2026-05-13T18:16:53+00:00,none,minimal,stripped,idle,4,2,1,1516,0
2026-05-13T18:16:55+00:00,none,minimal,stripped,idle,5,2,0,1516,0
2026-05-13T18:16:55+00:00,none,minimal,stripped,idle,5,2,1,1516,0
2026-05-13T18:16:56+00:00,none,minimal,stripped,idle,6,2,0,1516,0
2026-05-13T18:16:56+00:00,none,minimal,stripped,idle,6,2,1,1516,0
2026-05-13T18:16:58+00:00,none,minimal,stripped,idle,7,2,0,1516,0
2026-05-13T18:16:58+00:00,none,minimal,stripped,idle,7,2,1,1516,0
2026-05-13T18:17:00+00:00,none,minimal,stripped,idle,8,2,0,1517,0
2026-05-13T18:17:00+00:00,none,minimal,stripped,idle,8,2,1,1517,0
2026-05-13T18:17:02+00:00,none,minimal,stripped,idle,9,2,0,1517,0
2026-05-13T18:17:02+00:00,none,minimal,stripped,idle,9,2,1,1516,0
2026-05-13T18:17:04+00:00,none,minimal,stripped,idle,10,2,0,1517,0
2026-05-13T18:17:04+00:00,none,minimal,stripped,idle,10,2,1,1516,0
2026-05-13T18:17:05+00:00,none,minimal,stripped,idle,11,2,0,1417,0
2026-05-13T18:17:05+00:00,none,minimal,stripped,idle,11,2,1,1517,0
2026-05-13T18:17:07+00:00,none,minimal,stripped,idle,12,2,0,1416,0
2026-05-13T18:17:07+00:00,none,minimal,stripped,idle,12,2,1,1515,0
2026-05-13T18:17:09+00:00,none,minimal,stripped,idle,13,2,0,1516,0
2026-05-13T18:17:09+00:00,none,minimal,stripped,idle,13,2,1,1516,0
2026-05-13T18:17:11+00:00,none,minimal,stripped,idle,14,2,0,1518,0
2026-05-13T18:17:11+00:00,none,minimal,stripped,idle,14,2,1,1515,0
2026-05-13T18:17:12+00:00,none,minimal,stripped,idle,15,2,0,1517,0
2026-05-13T18:17:12+00:00,none,minimal,stripped,idle,15,2,1,1517,0
2026-05-13T18:17:14+00:00,none,minimal,stripped,idle,16,2,0,1517,0
2026-05-13T18:17:14+00:00,none,minimal,stripped,idle,16,2,1,1517,0
2026-05-13T18:17:16+00:00,none,minimal,stripped,idle,17,2,0,1517,0
2026-05-13T18:17:16+00:00,none,minimal,stripped,idle,17,2,1,1518,0
2026-05-13T18:17:18+00:00,none,minimal,stripped,idle,18,2,0,1516,0
2026-05-13T18:17:18+00:00,none,minimal,stripped,idle,18,2,1,1516,0
2026-05-13T18:17:19+00:00,none,minimal,stripped,idle,19,2,0,1517,0
2026-05-13T18:17:19+00:00,none,minimal,stripped,idle,19,2,1,1517,0
2026-05-13T18:17:21+00:00,none,minimal,stripped,idle,20,2,0,1516,0
2026-05-13T18:17:21+00:00,none,minimal,stripped,idle,20,2,1,1515,0
2026-05-13T18:17:23+00:00,none,minimal,stripped,idle,21,2,0,1517,0
2026-05-13T18:17:23+00:00,none,minimal,stripped,idle,21,2,1,1516,0
2026-05-13T18:17:25+00:00,none,minimal,stripped,idle,22,2,0,1518,0
2026-05-13T18:17:25+00:00,none,minimal,stripped,idle,22,2,1,1517,0
2026-05-13T18:17:30+00:00,none,minimal,stripped,idle,3,4,0,1518,0
2026-05-13T18:17:30+00:00,none,minimal,stripped,idle,3,4,1,1516,0
2026-05-13T18:17:30+00:00,none,minimal,stripped,idle,3,4,2,1516,0
2026-05-13T18:17:30+00:00,none,minimal,stripped,idle,3,4,3,1516,0
2026-05-13T18:17:32+00:00,none,minimal,stripped,idle,4,4,0,1517,0
2026-05-13T18:17:32+00:00,none,minimal,stripped,idle,4,4,1,1516,0
2026-05-13T18:17:32+00:00,none,minimal,stripped,idle,4,4,2,1519,0
2026-05-13T18:17:32+00:00,none,minimal,stripped,idle,4,4,3,1516,0
2026-05-13T18:17:34+00:00,none,minimal,stripped,idle,5,4,0,1415,0
2026-05-13T18:17:34+00:00,none,minimal,stripped,idle,5,4,1,1517,0
2026-05-13T18:17:34+00:00,none,minimal,stripped,idle,5,4,2,1515,0
2026-05-13T18:17:34+00:00,none,minimal,stripped,idle,5,4,3,1516,0
2026-05-13T18:17:36+00:00,none,minimal,stripped,idle,6,4,0,1516,0
2026-05-13T18:17:36+00:00,none,minimal,stripped,idle,6,4,1,1515,0
2026-05-13T18:17:36+00:00,none,minimal,stripped,idle,6,4,2,1517,0
2026-05-13T18:17:36+00:00,none,minimal,stripped,idle,6,4,3,1515,0
2026-05-13T18:17:37+00:00,none,minimal,stripped,idle,7,4,0,1518,0
2026-05-13T18:17:37+00:00,none,minimal,stripped,idle,7,4,1,1517,0
2026-05-13T18:17:37+00:00,none,minimal,stripped,idle,7,4,2,1516,0
2026-05-13T18:17:37+00:00,none,minimal,stripped,idle,7,4,3,1516,0
2026-05-13T18:17:39+00:00,none,minimal,stripped,idle,8,4,0,1517,0
2026-05-13T18:17:39+00:00,none,minimal,stripped,idle,8,4,1,1517,0
2026-05-13T18:17:39+00:00,none,minimal,stripped,idle,8,4,2,1517,0
2026-05-13T18:17:39+00:00,none,minimal,stripped,idle,8,4,3,1517,0
2026-05-13T18:17:41+00:00,none,minimal,stripped,idle,9,4,0,1517,0
2026-05-13T18:17:41+00:00,none,minimal,stripped,idle,9,4,1,1515,0
2026-05-13T18:17:41+00:00,none,minimal,stripped,idle,9,4,2,1515,0
2026-05-13T18:17:41+00:00,none,minimal,stripped,idle,9,4,3,1516,0
2026-05-13T18:17:43+00:00,none,minimal,stripped,idle,10,4,0,1519,0
2026-05-13T18:17:43+00:00,none,minimal,stripped,idle,10,4,1,1517,0
2026-05-13T18:17:43+00:00,none,minimal,stripped,idle,10,4,2,1516,0
2026-05-13T18:17:43+00:00,none,minimal,stripped,idle,10,4,3,1515,0
2026-05-13T18:17:45+00:00,none,minimal,stripped,idle,11,4,0,1518,0
2026-05-13T18:17:45+00:00,none,minimal,stripped,idle,11,4,1,1517,0
2026-05-13T18:17:45+00:00,none,minimal,stripped,idle,11,4,2,1515,0
2026-05-13T18:17:45+00:00,none,minimal,stripped,idle,11,4,3,1516,0
2026-05-13T18:17:46+00:00,none,minimal,stripped,idle,12,4,0,1516,0
2026-05-13T18:17:46+00:00,none,minimal,stripped,idle,12,4,1,1516,0
2026-05-13T18:17:46+00:00,none,minimal,stripped,idle,12,4,2,1516,0
2026-05-13T18:17:46+00:00,none,minimal,stripped,idle,12,4,3,1515,0
2026-05-13T18:17:48+00:00,none,minimal,stripped,idle,13,4,0,1516,0
2026-05-13T18:17:48+00:00,none,minimal,stripped,idle,13,4,1,1517,0
2026-05-13T18:17:48+00:00,none,minimal,stripped,idle,13,4,2,1515,0
2026-05-13T18:17:48+00:00,none,minimal,stripped,idle,13,4,3,1516,0
2026-05-13T18:17:50+00:00,none,minimal,stripped,idle,14,4,0,1415,0
2026-05-13T18:17:50+00:00,none,minimal,stripped,idle,14,4,1,1516,0
2026-05-13T18:17:50+00:00,none,minimal,stripped,idle,14,4,2,1515,0
2026-05-13T18:17:50+00:00,none,minimal,stripped,idle,14,4,3,1517,0
2026-05-13T18:17:52+00:00,none,minimal,stripped,idle,15,4,0,1517,0
2026-05-13T18:17:52+00:00,none,minimal,stripped,idle,15,4,1,1518,0
2026-05-13T18:17:52+00:00,none,minimal,stripped,idle,15,4,2,1516,0
2026-05-13T18:17:52+00:00,none,minimal,stripped,idle,15,4,3,1516,0
2026-05-13T18:17:54+00:00,none,minimal,stripped,idle,16,4,0,1514,0
2026-05-13T18:17:54+00:00,none,minimal,stripped,idle,16,4,1,1516,0
2026-05-13T18:17:54+00:00,none,minimal,stripped,idle,16,4,2,1516,0
2026-05-13T18:17:54+00:00,none,minimal,stripped,idle,16,4,3,1516,0
2026-05-13T18:17:55+00:00,none,minimal,stripped,idle,17,4,0,317,1
2026-05-13T18:17:55+00:00,none,minimal,stripped,idle,17,4,1,1516,0
2026-05-13T18:17:55+00:00,none,minimal,stripped,idle,17,4,2,1516,0
2026-05-13T18:17:55+00:00,none,minimal,stripped,idle,17,4,3,1515,0
2026-05-13T18:17:57+00:00,none,minimal,stripped,idle,18,4,0,1518,0
2026-05-13T18:17:57+00:00,none,minimal,stripped,idle,18,4,1,1515,0
2026-05-13T18:17:57+00:00,none,minimal,stripped,idle,18,4,2,1516,0
2026-05-13T18:17:57+00:00,none,minimal,stripped,idle,18,4,3,1516,0
2026-05-13T18:17:59+00:00,none,minimal,stripped,idle,19,4,0,1416,0
2026-05-13T18:17:59+00:00,none,minimal,stripped,idle,19,4,1,1516,0
2026-05-13T18:17:59+00:00,none,minimal,stripped,idle,19,4,2,1416,0
2026-05-13T18:17:59+00:00,none,minimal,stripped,idle,19,4,3,1514,0
2026-05-13T18:18:01+00:00,none,minimal,stripped,idle,20,4,0,1515,0
2026-05-13T18:18:01+00:00,none,minimal,stripped,idle,20,4,1,1417,0
2026-05-13T18:18:01+00:00,none,minimal,stripped,idle,20,4,2,1515,0
2026-05-13T18:18:01+00:00,none,minimal,stripped,idle,20,4,3,1515,0
2026-05-13T18:18:03+00:00,none,minimal,stripped,idle,21,4,0,1417,0
2026-05-13T18:18:03+00:00,none,minimal,stripped,idle,21,4,1,1515,0
2026-05-13T18:18:03+00:00,none,minimal,stripped,idle,21,4,2,1515,0
2026-05-13T18:18:03+00:00,none,minimal,stripped,idle,21,4,3,1515,0
2026-05-13T18:18:04+00:00,none,minimal,stripped,idle,22,4,0,1519,0
2026-05-13T18:18:04+00:00,none,minimal,stripped,idle,22,4,1,1516,0
2026-05-13T18:18:04+00:00,none,minimal,stripped,idle,22,4,2,1516,0
2026-05-13T18:18:04+00:00,none,minimal,stripped,idle,22,4,3,1516,0
2026-05-13T18:18:10+00:00,none,minimal,stripped,idle,3,8,0,1517,0
2026-05-13T18:18:10+00:00,none,minimal,stripped,idle,3,8,1,1517,0
2026-05-13T18:18:10+00:00,none,minimal,stripped,idle,3,8,2,1516,0
2026-05-13T18:18:10+00:00,none,minimal,stripped,idle,3,8,3,1516,0
2026-05-13T18:18:10+00:00,none,minimal,stripped,idle,3,8,4,1515,0
2026-05-13T18:18:10+00:00,none,minimal,stripped,idle,3,8,5,1515,0
2026-05-13T18:18:10+00:00,none,minimal,stripped,idle,3,8,6,1515,0
2026-05-13T18:18:10+00:00,none,minimal,stripped,idle,3,8,7,1514,0
2026-05-13T18:18:12+00:00,none,minimal,stripped,idle,4,8,0,1517,0
2026-05-13T18:18:12+00:00,none,minimal,stripped,idle,4,8,1,1517,0
2026-05-13T18:18:12+00:00,none,minimal,stripped,idle,4,8,2,1516,0
2026-05-13T18:18:12+00:00,none,minimal,stripped,idle,4,8,3,1516,0
2026-05-13T18:18:12+00:00,none,minimal,stripped,idle,4,8,4,1516,0
2026-05-13T18:18:12+00:00,none,minimal,stripped,idle,4,8,5,1516,0
2026-05-13T18:18:12+00:00,none,minimal,stripped,idle,4,8,6,1516,0
2026-05-13T18:18:12+00:00,none,minimal,stripped,idle,4,8,7,1515,0
2026-05-13T18:18:14+00:00,none,minimal,stripped,idle,5,8,0,1515,0
2026-05-13T18:18:14+00:00,none,minimal,stripped,idle,5,8,1,1516,0
2026-05-13T18:18:14+00:00,none,minimal,stripped,idle,5,8,2,1516,0
2026-05-13T18:18:14+00:00,none,minimal,stripped,idle,5,8,3,1515,0
2026-05-13T18:18:14+00:00,none,minimal,stripped,idle,5,8,4,1515,0
2026-05-13T18:18:14+00:00,none,minimal,stripped,idle,5,8,5,1515,0
2026-05-13T18:18:14+00:00,none,minimal,stripped,idle,5,8,6,1515,0
2026-05-13T18:18:14+00:00,none,minimal,stripped,idle,5,8,7,1513,0
2026-05-13T18:18:16+00:00,none,minimal,stripped,idle,6,8,0,1517,0
2026-05-13T18:18:16+00:00,none,minimal,stripped,idle,6,8,1,1516,0
2026-05-13T18:18:16+00:00,none,minimal,stripped,idle,6,8,2,1517,0
2026-05-13T18:18:16+00:00,none,minimal,stripped,idle,6,8,3,1515,0
2026-05-13T18:18:16+00:00,none,minimal,stripped,idle,6,8,4,1516,0
2026-05-13T18:18:16+00:00,none,minimal,stripped,idle,6,8,5,1516,0
2026-05-13T18:18:16+00:00,none,minimal,stripped,idle,6,8,6,1515,0
2026-05-13T18:18:16+00:00,none,minimal,stripped,idle,6,8,7,1516,0
2026-05-13T18:18:17+00:00,none,minimal,stripped,idle,7,8,0,1517,0
2026-05-13T18:18:17+00:00,none,minimal,stripped,idle,7,8,1,1516,0
2026-05-13T18:18:17+00:00,none,minimal,stripped,idle,7,8,2,1516,0
2026-05-13T18:18:17+00:00,none,minimal,stripped,idle,7,8,3,1516,0
2026-05-13T18:18:17+00:00,none,minimal,stripped,idle,7,8,4,1515,0
2026-05-13T18:18:17+00:00,none,minimal,stripped,idle,7,8,5,1515,0
2026-05-13T18:18:17+00:00,none,minimal,stripped,idle,7,8,6,1515,0
2026-05-13T18:18:17+00:00,none,minimal,stripped,idle,7,8,7,1515,0
2026-05-13T18:18:19+00:00,none,minimal,stripped,idle,8,8,0,1516,0
2026-05-13T18:18:19+00:00,none,minimal,stripped,idle,8,8,1,1516,0
2026-05-13T18:18:19+00:00,none,minimal,stripped,idle,8,8,2,1517,0
2026-05-13T18:18:19+00:00,none,minimal,stripped,idle,8,8,3,1517,0
2026-05-13T18:18:19+00:00,none,minimal,stripped,idle,8,8,4,1516,0
2026-05-13T18:18:19+00:00,none,minimal,stripped,idle,8,8,5,1517,0
2026-05-13T18:18:19+00:00,none,minimal,stripped,idle,8,8,6,1516,0
2026-05-13T18:18:19+00:00,none,minimal,stripped,idle,8,8,7,1515,0
2026-05-13T18:18:21+00:00,none,minimal,stripped,idle,9,8,0,1516,0
2026-05-13T18:18:21+00:00,none,minimal,stripped,idle,9,8,1,1517,0
2026-05-13T18:18:21+00:00,none,minimal,stripped,idle,9,8,2,1514,0
2026-05-13T18:18:21+00:00,none,minimal,stripped,idle,9,8,3,1417,0
2026-05-13T18:18:21+00:00,none,minimal,stripped,idle,9,8,4,1516,0
2026-05-13T18:18:21+00:00,none,minimal,stripped,idle,9,8,5,1516,0
2026-05-13T18:18:21+00:00,none,minimal,stripped,idle,9,8,6,1514,0
2026-05-13T18:18:21+00:00,none,minimal,stripped,idle,9,8,7,1515,0
2026-05-13T18:18:23+00:00,none,minimal,stripped,idle,10,8,0,1516,0
2026-05-13T18:18:23+00:00,none,minimal,stripped,idle,10,8,1,1518,0
2026-05-13T18:18:23+00:00,none,minimal,stripped,idle,10,8,2,1516,0
2026-05-13T18:18:23+00:00,none,minimal,stripped,idle,10,8,3,1515,0
2026-05-13T18:18:23+00:00,none,minimal,stripped,idle,10,8,4,1516,0
2026-05-13T18:18:23+00:00,none,minimal,stripped,idle,10,8,5,1515,0
2026-05-13T18:18:23+00:00,none,minimal,stripped,idle,10,8,6,1514,0
2026-05-13T18:18:23+00:00,none,minimal,stripped,idle,10,8,7,1516,0
2026-05-13T18:18:25+00:00,none,minimal,stripped,idle,11,8,0,1516,0
2026-05-13T18:18:25+00:00,none,minimal,stripped,idle,11,8,1,1516,0
2026-05-13T18:18:25+00:00,none,minimal,stripped,idle,11,8,2,1517,0
2026-05-13T18:18:25+00:00,none,minimal,stripped,idle,11,8,3,1517,0
2026-05-13T18:18:25+00:00,none,minimal,stripped,idle,11,8,4,1516,0
2026-05-13T18:18:25+00:00,none,minimal,stripped,idle,11,8,5,1514,0
2026-05-13T18:18:25+00:00,none,minimal,stripped,idle,11,8,6,1517,0
2026-05-13T18:18:25+00:00,none,minimal,stripped,idle,11,8,7,1516,0
2026-05-13T18:18:27+00:00,none,minimal,stripped,idle,12,8,0,1516,0
2026-05-13T18:18:27+00:00,none,minimal,stripped,idle,12,8,1,1518,0
2026-05-13T18:18:27+00:00,none,minimal,stripped,idle,12,8,2,1517,0
2026-05-13T18:18:27+00:00,none,minimal,stripped,idle,12,8,3,1516,0
2026-05-13T18:18:27+00:00,none,minimal,stripped,idle,12,8,4,1516,0
2026-05-13T18:18:27+00:00,none,minimal,stripped,idle,12,8,5,1516,0
2026-05-13T18:18:27+00:00,none,minimal,stripped,idle,12,8,6,1516,0
2026-05-13T18:18:27+00:00,none,minimal,stripped,idle,12,8,7,1514,0
2026-05-13T18:18:28+00:00,none,minimal,stripped,idle,13,8,0,1517,0
2026-05-13T18:18:28+00:00,none,minimal,stripped,idle,13,8,1,1517,0
2026-05-13T18:18:28+00:00,none,minimal,stripped,idle,13,8,2,1515,0
2026-05-13T18:18:28+00:00,none,minimal,stripped,idle,13,8,3,1515,0
2026-05-13T18:18:28+00:00,none,minimal,stripped,idle,13,8,4,1516,0
2026-05-13T18:18:28+00:00,none,minimal,stripped,idle,13,8,5,1516,0
2026-05-13T18:18:28+00:00,none,minimal,stripped,idle,13,8,6,1515,0
2026-05-13T18:18:28+00:00,none,minimal,stripped,idle,13,8,7,1515,0
2026-05-13T18:18:30+00:00,none,minimal,stripped,idle,14,8,0,1515,0
2026-05-13T18:18:30+00:00,none,minimal,stripped,idle,14,8,1,1418,0
2026-05-13T18:18:30+00:00,none,minimal,stripped,idle,14,8,2,1517,0
2026-05-13T18:18:30+00:00,none,minimal,stripped,idle,14,8,3,1517,0
2026-05-13T18:18:30+00:00,none,minimal,stripped,idle,14,8,4,1516,0
2026-05-13T18:18:30+00:00,none,minimal,stripped,idle,14,8,5,1515,0
2026-05-13T18:18:30+00:00,none,minimal,stripped,idle,14,8,6,1515,0
2026-05-13T18:18:30+00:00,none,minimal,stripped,idle,14,8,7,1516,0
2026-05-13T18:18:32+00:00,none,minimal,stripped,idle,15,8,0,1515,0
2026-05-13T18:18:32+00:00,none,minimal,stripped,idle,15,8,1,1517,0
2026-05-13T18:18:32+00:00,none,minimal,stripped,idle,15,8,2,1515,0
2026-05-13T18:18:32+00:00,none,minimal,stripped,idle,15,8,3,1516,0
2026-05-13T18:18:32+00:00,none,minimal,stripped,idle,15,8,4,1516,0
2026-05-13T18:18:32+00:00,none,minimal,stripped,idle,15,8,5,1516,0
2026-05-13T18:18:32+00:00,none,minimal,stripped,idle,15,8,6,1515,0
2026-05-13T18:18:32+00:00,none,minimal,stripped,idle,15,8,7,1515,0
2026-05-13T18:18:34+00:00,none,minimal,stripped,idle,16,8,0,1517,0
2026-05-13T18:18:34+00:00,none,minimal,stripped,idle,16,8,1,1516,0
2026-05-13T18:18:34+00:00,none,minimal,stripped,idle,16,8,2,1517,0
2026-05-13T18:18:34+00:00,none,minimal,stripped,idle,16,8,3,1515,0
2026-05-13T18:18:34+00:00,none,minimal,stripped,idle,16,8,4,1515,0
2026-05-13T18:18:34+00:00,none,minimal,stripped,idle,16,8,5,1515,0
2026-05-13T18:18:34+00:00,none,minimal,stripped,idle,16,8,6,1514,0
2026-05-13T18:18:34+00:00,none,minimal,stripped,idle,16,8,7,1514,0
2026-05-13T18:18:36+00:00,none,minimal,stripped,idle,17,8,0,1515,0
2026-05-13T18:18:36+00:00,none,minimal,stripped,idle,17,8,1,1517,0
2026-05-13T18:18:36+00:00,none,minimal,stripped,idle,17,8,2,1515,0
2026-05-13T18:18:36+00:00,none,minimal,stripped,idle,17,8,3,1515,0
2026-05-13T18:18:36+00:00,none,minimal,stripped,idle,17,8,4,1516,0
2026-05-13T18:18:36+00:00,none,minimal,stripped,idle,17,8,5,1516,0
2026-05-13T18:18:36+00:00,none,minimal,stripped,idle,17,8,6,1514,0
2026-05-13T18:18:36+00:00,none,minimal,stripped,idle,17,8,7,1514,0
2026-05-13T18:18:38+00:00,none,minimal,stripped,idle,18,8,0,1518,0
2026-05-13T18:18:38+00:00,none,minimal,stripped,idle,18,8,1,1516,0
2026-05-13T18:18:38+00:00,none,minimal,stripped,idle,18,8,2,1516,0
2026-05-13T18:18:38+00:00,none,minimal,stripped,idle,18,8,3,1515,0
2026-05-13T18:18:38+00:00,none,minimal,stripped,idle,18,8,4,1515,0
2026-05-13T18:18:38+00:00,none,minimal,stripped,idle,18,8,5,1515,0
2026-05-13T18:18:38+00:00,none,minimal,stripped,idle,18,8,6,1514,0
2026-05-13T18:18:38+00:00,none,minimal,stripped,idle,18,8,7,1515,0
2026-05-13T18:18:39+00:00,none,minimal,stripped,idle,19,8,0,1516,0
2026-05-13T18:18:39+00:00,none,minimal,stripped,idle,19,8,1,1516,0
2026-05-13T18:18:39+00:00,none,minimal,stripped,idle,19,8,2,1516,0
2026-05-13T18:18:39+00:00,none,minimal,stripped,idle,19,8,3,1415,0
2026-05-13T18:18:39+00:00,none,minimal,stripped,idle,19,8,4,1515,0
2026-05-13T18:18:39+00:00,none,minimal,stripped,idle,19,8,5,1516,0
2026-05-13T18:18:39+00:00,none,minimal,stripped,idle,19,8,6,1516,0
2026-05-13T18:18:39+00:00,none,minimal,stripped,idle,19,8,7,1515,0
2026-05-13T18:18:41+00:00,none,minimal,stripped,idle,20,8,0,1516,0
2026-05-13T18:18:41+00:00,none,minimal,stripped,idle,20,8,1,1517,0
2026-05-13T18:18:41+00:00,none,minimal,stripped,idle,20,8,2,1516,0
2026-05-13T18:18:41+00:00,none,minimal,stripped,idle,20,8,3,1515,0
2026-05-13T18:18:41+00:00,none,minimal,stripped,idle,20,8,4,1515,0
2026-05-13T18:18:41+00:00,none,minimal,stripped,idle,20,8,5,1517,0
2026-05-13T18:18:41+00:00,none,minimal,stripped,idle,20,8,6,1515,0
2026-05-13T18:18:41+00:00,none,minimal,stripped,idle,20,8,7,1516,0
2026-05-13T18:18:43+00:00,none,minimal,stripped,idle,21,8,0,1517,0
2026-05-13T18:18:43+00:00,none,minimal,stripped,idle,21,8,1,1517,0
2026-05-13T18:18:43+00:00,none,minimal,stripped,idle,21,8,2,1516,0
2026-05-13T18:18:43+00:00,none,minimal,stripped,idle,21,8,3,1516,0
2026-05-13T18:18:43+00:00,none,minimal,stripped,idle,21,8,4,1515,0
2026-05-13T18:18:43+00:00,none,minimal,stripped,idle,21,8,5,1515,0
2026-05-13T18:18:43+00:00,none,minimal,stripped,idle,21,8,6,1515,0
2026-05-13T18:18:43+00:00,none,minimal,stripped,idle,21,8,7,1515,0
2026-05-13T18:18:45+00:00,none,minimal,stripped,idle,22,8,0,1516,0
2026-05-13T18:18:45+00:00,none,minimal,stripped,idle,22,8,1,1515,0
2026-05-13T18:18:45+00:00,none,minimal,stripped,idle,22,8,2,1515,0
2026-05-13T18:18:45+00:00,none,minimal,stripped,idle,22,8,3,1516,0
2026-05-13T18:18:45+00:00,none,minimal,stripped,idle,22,8,4,1517,0
2026-05-13T18:18:45+00:00,none,minimal,stripped,idle,22,8,5,1515,0
2026-05-13T18:18:45+00:00,none,minimal,stripped,idle,22,8,6,1516,0
2026-05-13T18:18:45+00:00,none,minimal,stripped,idle,22,8,7,1515,0
2026-05-13T18:18:51+00:00,none,minimal,stripped,idle,3,16,0,1516,0
2026-05-13T18:18:51+00:00,none,minimal,stripped,idle,3,16,1,1516,0
2026-05-13T18:18:51+00:00,none,minimal,stripped,idle,3,16,2,1515,0
2026-05-13T18:18:51+00:00,none,minimal,stripped,idle,3,16,3,1514,0
2026-05-13T18:18:51+00:00,none,minimal,stripped,idle,3,16,4,1614,0
2026-05-13T18:18:51+00:00,none,minimal,stripped,idle,3,16,5,1516,0
2026-05-13T18:18:51+00:00,none,minimal,stripped,idle,3,16,6,1515,0
2026-05-13T18:18:51+00:00,none,minimal,stripped,idle,3,16,7,1514,0
2026-05-13T18:18:51+00:00,none,minimal,stripped,idle,3,16,8,1516,0
2026-05-13T18:18:51+00:00,none,minimal,stripped,idle,3,16,9,1516,0
2026-05-13T18:18:51+00:00,none,minimal,stripped,idle,3,16,10,1516,0
2026-05-13T18:18:51+00:00,none,minimal,stripped,idle,3,16,11,1516,0
2026-05-13T18:18:51+00:00,none,minimal,stripped,idle,3,16,12,1515,0
2026-05-13T18:18:51+00:00,none,minimal,stripped,idle,3,16,13,1516,0
2026-05-13T18:18:51+00:00,none,minimal,stripped,idle,3,16,14,1515,0
2026-05-13T18:18:51+00:00,none,minimal,stripped,idle,3,16,15,1515,0
2026-05-13T18:18:53+00:00,none,minimal,stripped,idle,4,16,0,1516,0
2026-05-13T18:18:53+00:00,none,minimal,stripped,idle,4,16,1,1515,0
2026-05-13T18:18:53+00:00,none,minimal,stripped,idle,4,16,2,1515,0
2026-05-13T18:18:53+00:00,none,minimal,stripped,idle,4,16,3,1516,0
2026-05-13T18:18:53+00:00,none,minimal,stripped,idle,4,16,4,1515,0
2026-05-13T18:18:53+00:00,none,minimal,stripped,idle,4,16,5,1515,0
2026-05-13T18:18:53+00:00,none,minimal,stripped,idle,4,16,6,1515,0
2026-05-13T18:18:53+00:00,none,minimal,stripped,idle,4,16,7,1514,0
2026-05-13T18:18:53+00:00,none,minimal,stripped,idle,4,16,8,1516,0
2026-05-13T18:18:53+00:00,none,minimal,stripped,idle,4,16,9,1515,0
2026-05-13T18:18:53+00:00,none,minimal,stripped,idle,4,16,10,1515,0
2026-05-13T18:18:53+00:00,none,minimal,stripped,idle,4,16,11,1516,0
2026-05-13T18:18:53+00:00,none,minimal,stripped,idle,4,16,12,1515,0
2026-05-13T18:18:53+00:00,none,minimal,stripped,idle,4,16,13,1515,0
2026-05-13T18:18:53+00:00,none,minimal,stripped,idle,4,16,14,1515,0
2026-05-13T18:18:53+00:00,none,minimal,stripped,idle,4,16,15,1515,0
2026-05-13T18:18:55+00:00,none,minimal,stripped,idle,5,16,0,1515,0
2026-05-13T18:18:55+00:00,none,minimal,stripped,idle,5,16,1,1516,0
2026-05-13T18:18:55+00:00,none,minimal,stripped,idle,5,16,2,1517,0
2026-05-13T18:18:55+00:00,none,minimal,stripped,idle,5,16,3,1515,0
2026-05-13T18:18:55+00:00,none,minimal,stripped,idle,5,16,4,1516,0
2026-05-13T18:18:55+00:00,none,minimal,stripped,idle,5,16,5,1515,0
2026-05-13T18:18:55+00:00,none,minimal,stripped,idle,5,16,6,1515,0
2026-05-13T18:18:55+00:00,none,minimal,stripped,idle,5,16,7,1515,0
2026-05-13T18:18:55+00:00,none,minimal,stripped,idle,5,16,8,1515,0
2026-05-13T18:18:55+00:00,none,minimal,stripped,idle,5,16,9,1515,0
2026-05-13T18:18:55+00:00,none,minimal,stripped,idle,5,16,10,1516,0
2026-05-13T18:18:55+00:00,none,minimal,stripped,idle,5,16,11,1515,0
2026-05-13T18:18:55+00:00,none,minimal,stripped,idle,5,16,12,1515,0
2026-05-13T18:18:55+00:00,none,minimal,stripped,idle,5,16,13,1515,0
2026-05-13T18:18:55+00:00,none,minimal,stripped,idle,5,16,14,1515,0
2026-05-13T18:18:55+00:00,none,minimal,stripped,idle,5,16,15,1515,0
2026-05-13T18:18:57+00:00,none,minimal,stripped,idle,6,16,0,1517,0
2026-05-13T18:18:57+00:00,none,minimal,stripped,idle,6,16,1,1517,0
2026-05-13T18:18:57+00:00,none,minimal,stripped,idle,6,16,2,1515,0
2026-05-13T18:18:57+00:00,none,minimal,stripped,idle,6,16,3,1517,0
2026-05-13T18:18:57+00:00,none,minimal,stripped,idle,6,16,4,1516,0
2026-05-13T18:18:57+00:00,none,minimal,stripped,idle,6,16,5,1517,0
2026-05-13T18:18:57+00:00,none,minimal,stripped,idle,6,16,6,1516,0
2026-05-13T18:18:57+00:00,none,minimal,stripped,idle,6,16,7,1515,0
2026-05-13T18:18:57+00:00,none,minimal,stripped,idle,6,16,8,1516,0
2026-05-13T18:18:57+00:00,none,minimal,stripped,idle,6,16,9,1515,0
2026-05-13T18:18:57+00:00,none,minimal,stripped,idle,6,16,10,1516,0
2026-05-13T18:18:57+00:00,none,minimal,stripped,idle,6,16,11,1515,0
2026-05-13T18:18:57+00:00,none,minimal,stripped,idle,6,16,12,1515,0
2026-05-13T18:18:57+00:00,none,minimal,stripped,idle,6,16,13,1515,0
2026-05-13T18:18:57+00:00,none,minimal,stripped,idle,6,16,14,1515,0
2026-05-13T18:18:57+00:00,none,minimal,stripped,idle,6,16,15,1515,0
2026-05-13T18:18:59+00:00,none,minimal,stripped,idle,7,16,0,1516,0
2026-05-13T18:18:59+00:00,none,minimal,stripped,idle,7,16,1,1516,0
2026-05-13T18:18:59+00:00,none,minimal,stripped,idle,7,16,2,1516,0
2026-05-13T18:18:59+00:00,none,minimal,stripped,idle,7,16,3,1515,0
2026-05-13T18:18:59+00:00,none,minimal,stripped,idle,7,16,4,1515,0
2026-05-13T18:18:59+00:00,none,minimal,stripped,idle,7,16,5,1515,0
2026-05-13T18:18:59+00:00,none,minimal,stripped,idle,7,16,6,1515,0
2026-05-13T18:18:59+00:00,none,minimal,stripped,idle,7,16,7,1515,0
2026-05-13T18:18:59+00:00,none,minimal,stripped,idle,7,16,8,1515,0
2026-05-13T18:18:59+00:00,none,minimal,stripped,idle,7,16,9,1516,0
2026-05-13T18:18:59+00:00,none,minimal,stripped,idle,7,16,10,1515,0
2026-05-13T18:18:59+00:00,none,minimal,stripped,idle,7,16,11,1515,0
2026-05-13T18:18:59+00:00,none,minimal,stripped,idle,7,16,12,1515,0
2026-05-13T18:18:59+00:00,none,minimal,stripped,idle,7,16,13,1615,0
2026-05-13T18:18:59+00:00,none,minimal,stripped,idle,7,16,14,1514,0
2026-05-13T18:18:59+00:00,none,minimal,stripped,idle,7,16,15,1615,0
2026-05-13T18:19:01+00:00,none,minimal,stripped,idle,8,16,0,1517,0
2026-05-13T18:19:01+00:00,none,minimal,stripped,idle,8,16,1,1516,0
2026-05-13T18:19:01+00:00,none,minimal,stripped,idle,8,16,2,1514,0
2026-05-13T18:19:01+00:00,none,minimal,stripped,idle,8,16,3,1515,0
2026-05-13T18:19:01+00:00,none,minimal,stripped,idle,8,16,4,1516,0
2026-05-13T18:19:01+00:00,none,minimal,stripped,idle,8,16,5,1515,0
2026-05-13T18:19:01+00:00,none,minimal,stripped,idle,8,16,6,1516,0
2026-05-13T18:19:01+00:00,none,minimal,stripped,idle,8,16,7,1515,0
2026-05-13T18:19:01+00:00,none,minimal,stripped,idle,8,16,8,1515,0
2026-05-13T18:19:01+00:00,none,minimal,stripped,idle,8,16,9,1515,0
2026-05-13T18:19:01+00:00,none,minimal,stripped,idle,8,16,10,1515,0
2026-05-13T18:19:01+00:00,none,minimal,stripped,idle,8,16,11,1516,0
2026-05-13T18:19:01+00:00,none,minimal,stripped,idle,8,16,12,1516,0
2026-05-13T18:19:01+00:00,none,minimal,stripped,idle,8,16,13,1516,0
2026-05-13T18:19:01+00:00,none,minimal,stripped,idle,8,16,14,1515,0
2026-05-13T18:19:01+00:00,none,minimal,stripped,idle,8,16,15,1515,0
2026-05-13T18:19:02+00:00,none,minimal,stripped,idle,9,16,0,1515,0
2026-05-13T18:19:02+00:00,none,minimal,stripped,idle,9,16,1,1516,0
2026-05-13T18:19:03+00:00,none,minimal,stripped,idle,9,16,2,1517,0
2026-05-13T18:19:03+00:00,none,minimal,stripped,idle,9,16,3,1415,0
2026-05-13T18:19:03+00:00,none,minimal,stripped,idle,9,16,4,1516,0
2026-05-13T18:19:03+00:00,none,minimal,stripped,idle,9,16,5,1516,0
2026-05-13T18:19:03+00:00,none,minimal,stripped,idle,9,16,6,1516,0
2026-05-13T18:19:03+00:00,none,minimal,stripped,idle,9,16,7,1515,0
2026-05-13T18:19:03+00:00,none,minimal,stripped,idle,9,16,8,1515,0
2026-05-13T18:19:03+00:00,none,minimal,stripped,idle,9,16,9,1516,0
2026-05-13T18:19:03+00:00,none,minimal,stripped,idle,9,16,10,1515,0
2026-05-13T18:19:03+00:00,none,minimal,stripped,idle,9,16,11,1516,0
2026-05-13T18:19:03+00:00,none,minimal,stripped,idle,9,16,12,1515,0
2026-05-13T18:19:03+00:00,none,minimal,stripped,idle,9,16,13,1515,0
2026-05-13T18:19:03+00:00,none,minimal,stripped,idle,9,16,14,1517,0
2026-05-13T18:19:03+00:00,none,minimal,stripped,idle,9,16,15,1515,0
2026-05-13T18:19:04+00:00,none,minimal,stripped,idle,10,16,0,1517,0
2026-05-13T18:19:04+00:00,none,minimal,stripped,idle,10,16,1,1516,0
2026-05-13T18:19:04+00:00,none,minimal,stripped,idle,10,16,2,1516,0
2026-05-13T18:19:04+00:00,none,minimal,stripped,idle,10,16,3,1516,0
2026-05-13T18:19:04+00:00,none,minimal,stripped,idle,10,16,4,1516,0
2026-05-13T18:19:04+00:00,none,minimal,stripped,idle,10,16,5,1515,0
2026-05-13T18:19:04+00:00,none,minimal,stripped,idle,10,16,6,1515,0
2026-05-13T18:19:04+00:00,none,minimal,stripped,idle,10,16,7,1515,0
2026-05-13T18:19:04+00:00,none,minimal,stripped,idle,10,16,8,1515,0
2026-05-13T18:19:04+00:00,none,minimal,stripped,idle,10,16,9,1515,0
2026-05-13T18:19:04+00:00,none,minimal,stripped,idle,10,16,10,1516,0
2026-05-13T18:19:04+00:00,none,minimal,stripped,idle,10,16,11,1515,0
2026-05-13T18:19:04+00:00,none,minimal,stripped,idle,10,16,12,1514,0
2026-05-13T18:19:04+00:00,none,minimal,stripped,idle,10,16,13,1517,0
2026-05-13T18:19:05+00:00,none,minimal,stripped,idle,10,16,14,1515,0
2026-05-13T18:19:05+00:00,none,minimal,stripped,idle,10,16,15,1515,0
2026-05-13T18:19:06+00:00,none,minimal,stripped,idle,11,16,0,1518,0
2026-05-13T18:19:06+00:00,none,minimal,stripped,idle,11,16,1,1516,0
2026-05-13T18:19:06+00:00,none,minimal,stripped,idle,11,16,2,1515,0
2026-05-13T18:19:06+00:00,none,minimal,stripped,idle,11,16,3,1515,0
2026-05-13T18:19:06+00:00,none,minimal,stripped,idle,11,16,4,1514,0
2026-05-13T18:19:06+00:00,none,minimal,stripped,idle,11,16,5,1515,0
2026-05-13T18:19:06+00:00,none,minimal,stripped,idle,11,16,6,1515,0
2026-05-13T18:19:06+00:00,none,minimal,stripped,idle,11,16,7,1515,0
2026-05-13T18:19:06+00:00,none,minimal,stripped,idle,11,16,8,1516,0
2026-05-13T18:19:06+00:00,none,minimal,stripped,idle,11,16,9,1615,0
2026-05-13T18:19:06+00:00,none,minimal,stripped,idle,11,16,10,1516,0
2026-05-13T18:19:07+00:00,none,minimal,stripped,idle,11,16,11,1515,0
2026-05-13T18:19:07+00:00,none,minimal,stripped,idle,11,16,12,1515,0
2026-05-13T18:19:07+00:00,none,minimal,stripped,idle,11,16,13,1515,0
2026-05-13T18:19:07+00:00,none,minimal,stripped,idle,11,16,14,1514,0
2026-05-13T18:19:07+00:00,none,minimal,stripped,idle,11,16,15,1517,0
2026-05-13T18:19:08+00:00,none,minimal,stripped,idle,12,16,0,1517,0
2026-05-13T18:19:08+00:00,none,minimal,stripped,idle,12,16,1,1516,0
2026-05-13T18:19:08+00:00,none,minimal,stripped,idle,12,16,2,1515,0
2026-05-13T18:19:08+00:00,none,minimal,stripped,idle,12,16,3,1516,0
2026-05-13T18:19:08+00:00,none,minimal,stripped,idle,12,16,4,1517,0
2026-05-13T18:19:08+00:00,none,minimal,stripped,idle,12,16,5,1516,0
2026-05-13T18:19:08+00:00,none,minimal,stripped,idle,12,16,6,1516,0
2026-05-13T18:19:08+00:00,none,minimal,stripped,idle,12,16,7,1515,0
2026-05-13T18:19:08+00:00,none,minimal,stripped,idle,12,16,8,1516,0
2026-05-13T18:19:08+00:00,none,minimal,stripped,idle,12,16,9,1515,0
2026-05-13T18:19:08+00:00,none,minimal,stripped,idle,12,16,10,1515,0
2026-05-13T18:19:08+00:00,none,minimal,stripped,idle,12,16,11,1515,0
2026-05-13T18:19:08+00:00,none,minimal,stripped,idle,12,16,12,1515,0
2026-05-13T18:19:08+00:00,none,minimal,stripped,idle,12,16,13,1514,0
2026-05-13T18:19:08+00:00,none,minimal,stripped,idle,12,16,14,1515,0
2026-05-13T18:19:08+00:00,none,minimal,stripped,idle,12,16,15,1515,0
2026-05-13T18:19:10+00:00,none,minimal,stripped,idle,13,16,0,1516,0
2026-05-13T18:19:10+00:00,none,minimal,stripped,idle,13,16,1,1518,0
2026-05-13T18:19:10+00:00,none,minimal,stripped,idle,13,16,2,1515,0
2026-05-13T18:19:10+00:00,none,minimal,stripped,idle,13,16,3,1517,0
2026-05-13T18:19:10+00:00,none,minimal,stripped,idle,13,16,4,1516,0
2026-05-13T18:19:10+00:00,none,minimal,stripped,idle,13,16,5,1515,0
2026-05-13T18:19:10+00:00,none,minimal,stripped,idle,13,16,6,1515,0
2026-05-13T18:19:10+00:00,none,minimal,stripped,idle,13,16,7,1515,0
2026-05-13T18:19:10+00:00,none,minimal,stripped,idle,13,16,8,1515,0
2026-05-13T18:19:10+00:00,none,minimal,stripped,idle,13,16,9,1515,0
2026-05-13T18:19:10+00:00,none,minimal,stripped,idle,13,16,10,1516,0
2026-05-13T18:19:10+00:00,none,minimal,stripped,idle,13,16,11,1515,0
2026-05-13T18:19:10+00:00,none,minimal,stripped,idle,13,16,12,1515,0
2026-05-13T18:19:10+00:00,none,minimal,stripped,idle,13,16,13,1515,0
2026-05-13T18:19:10+00:00,none,minimal,stripped,idle,13,16,14,1515,0
2026-05-13T18:19:10+00:00,none,minimal,stripped,idle,13,16,15,1514,0
2026-05-13T18:19:12+00:00,none,minimal,stripped,idle,14,16,0,1516,0
2026-05-13T18:19:12+00:00,none,minimal,stripped,idle,14,16,1,1515,0
2026-05-13T18:19:12+00:00,none,minimal,stripped,idle,14,16,2,1516,0
2026-05-13T18:19:12+00:00,none,minimal,stripped,idle,14,16,3,1516,0
2026-05-13T18:19:12+00:00,none,minimal,stripped,idle,14,16,4,1516,0
2026-05-13T18:19:12+00:00,none,minimal,stripped,idle,14,16,5,1515,0
2026-05-13T18:19:12+00:00,none,minimal,stripped,idle,14,16,6,1515,0
2026-05-13T18:19:12+00:00,none,minimal,stripped,idle,14,16,7,1515,0
2026-05-13T18:19:12+00:00,none,minimal,stripped,idle,14,16,8,1516,0
2026-05-13T18:19:12+00:00,none,minimal,stripped,idle,14,16,9,1516,0
2026-05-13T18:19:12+00:00,none,minimal,stripped,idle,14,16,10,1516,0
2026-05-13T18:19:12+00:00,none,minimal,stripped,idle,14,16,11,1516,0
2026-05-13T18:19:12+00:00,none,minimal,stripped,idle,14,16,12,1515,0
2026-05-13T18:19:12+00:00,none,minimal,stripped,idle,14,16,13,1516,0
2026-05-13T18:19:12+00:00,none,minimal,stripped,idle,14,16,14,1515,0
2026-05-13T18:19:12+00:00,none,minimal,stripped,idle,14,16,15,1515,0
2026-05-13T18:19:14+00:00,none,minimal,stripped,idle,15,16,0,1515,0
2026-05-13T18:19:14+00:00,none,minimal,stripped,idle,15,16,1,1516,0
2026-05-13T18:19:14+00:00,none,minimal,stripped,idle,15,16,2,1516,0
2026-05-13T18:19:14+00:00,none,minimal,stripped,idle,15,16,3,1516,0
2026-05-13T18:19:14+00:00,none,minimal,stripped,idle,15,16,4,1515,0
2026-05-13T18:19:14+00:00,none,minimal,stripped,idle,15,16,5,1616,0
2026-05-13T18:19:14+00:00,none,minimal,stripped,idle,15,16,6,1615,0
2026-05-13T18:19:14+00:00,none,minimal,stripped,idle,15,16,7,1515,0
2026-05-13T18:19:14+00:00,none,minimal,stripped,idle,15,16,8,1616,0
2026-05-13T18:19:14+00:00,none,minimal,stripped,idle,15,16,9,1515,0
2026-05-13T18:19:14+00:00,none,minimal,stripped,idle,15,16,10,1516,0
2026-05-13T18:19:14+00:00,none,minimal,stripped,idle,15,16,11,1515,0
2026-05-13T18:19:14+00:00,none,minimal,stripped,idle,15,16,12,1515,0
2026-05-13T18:19:14+00:00,none,minimal,stripped,idle,15,16,13,1515,0
2026-05-13T18:19:14+00:00,none,minimal,stripped,idle,15,16,14,1516,0
2026-05-13T18:19:14+00:00,none,minimal,stripped,idle,15,16,15,1514,0
2026-05-13T18:19:16+00:00,none,minimal,stripped,idle,16,16,0,1516,0
2026-05-13T18:19:16+00:00,none,minimal,stripped,idle,16,16,1,1515,0
2026-05-13T18:19:16+00:00,none,minimal,stripped,idle,16,16,2,1516,0
2026-05-13T18:19:16+00:00,none,minimal,stripped,idle,16,16,3,1416,0
2026-05-13T18:19:16+00:00,none,minimal,stripped,idle,16,16,4,1515,0
2026-05-13T18:19:16+00:00,none,minimal,stripped,idle,16,16,5,1516,0
2026-05-13T18:19:16+00:00,none,minimal,stripped,idle,16,16,6,1515,0
2026-05-13T18:19:16+00:00,none,minimal,stripped,idle,16,16,7,1516,0
2026-05-13T18:19:16+00:00,none,minimal,stripped,idle,16,16,8,1516,0
2026-05-13T18:19:16+00:00,none,minimal,stripped,idle,16,16,9,1515,0
2026-05-13T18:19:16+00:00,none,minimal,stripped,idle,16,16,10,1516,0
2026-05-13T18:19:16+00:00,none,minimal,stripped,idle,16,16,11,1515,0
2026-05-13T18:19:16+00:00,none,minimal,stripped,idle,16,16,12,1516,0
2026-05-13T18:19:16+00:00,none,minimal,stripped,idle,16,16,13,1516,0
2026-05-13T18:19:16+00:00,none,minimal,stripped,idle,16,16,14,1515,0
2026-05-13T18:19:16+00:00,none,minimal,stripped,idle,16,16,15,1515,0
2026-05-13T18:19:18+00:00,none,minimal,stripped,idle,17,16,0,1518,0
2026-05-13T18:19:18+00:00,none,minimal,stripped,idle,17,16,1,1515,0
2026-05-13T18:19:18+00:00,none,minimal,stripped,idle,17,16,2,1516,0
2026-05-13T18:19:18+00:00,none,minimal,stripped,idle,17,16,3,1516,0
2026-05-13T18:19:18+00:00,none,minimal,stripped,idle,17,16,4,1516,0
2026-05-13T18:19:18+00:00,none,minimal,stripped,idle,17,16,5,1514,0
2026-05-13T18:19:18+00:00,none,minimal,stripped,idle,17,16,6,1516,0
2026-05-13T18:19:18+00:00,none,minimal,stripped,idle,17,16,7,1514,0
2026-05-13T18:19:18+00:00,none,minimal,stripped,idle,17,16,8,1516,0
2026-05-13T18:19:18+00:00,none,minimal,stripped,idle,17,16,9,1515,0
2026-05-13T18:19:18+00:00,none,minimal,stripped,idle,17,16,10,1516,0
2026-05-13T18:19:18+00:00,none,minimal,stripped,idle,17,16,11,1515,0
2026-05-13T18:19:18+00:00,none,minimal,stripped,idle,17,16,12,1515,0
2026-05-13T18:19:18+00:00,none,minimal,stripped,idle,17,16,13,1515,0
2026-05-13T18:19:18+00:00,none,minimal,stripped,idle,17,16,14,1514,0
2026-05-13T18:19:18+00:00,none,minimal,stripped,idle,17,16,15,1515,0
2026-05-13T18:19:20+00:00,none,minimal,stripped,idle,18,16,0,1516,0
2026-05-13T18:19:20+00:00,none,minimal,stripped,idle,18,16,1,1416,0
2026-05-13T18:19:20+00:00,none,minimal,stripped,idle,18,16,2,1515,0
2026-05-13T18:19:20+00:00,none,minimal,stripped,idle,18,16,3,1516,0
2026-05-13T18:19:20+00:00,none,minimal,stripped,idle,18,16,4,1516,0
2026-05-13T18:19:20+00:00,none,minimal,stripped,idle,18,16,5,1515,0
2026-05-13T18:19:20+00:00,none,minimal,stripped,idle,18,16,6,1515,0
2026-05-13T18:19:20+00:00,none,minimal,stripped,idle,18,16,7,1515,0
2026-05-13T18:19:20+00:00,none,minimal,stripped,idle,18,16,8,1515,0
2026-05-13T18:19:20+00:00,none,minimal,stripped,idle,18,16,9,1515,0
2026-05-13T18:19:20+00:00,none,minimal,stripped,idle,18,16,10,1517,0
2026-05-13T18:19:20+00:00,none,minimal,stripped,idle,18,16,11,1515,0
2026-05-13T18:19:20+00:00,none,minimal,stripped,idle,18,16,12,1516,0
2026-05-13T18:19:20+00:00,none,minimal,stripped,idle,18,16,13,1516,0
2026-05-13T18:19:20+00:00,none,minimal,stripped,idle,18,16,14,1515,0
2026-05-13T18:19:20+00:00,none,minimal,stripped,idle,18,16,15,1515,0
2026-05-13T18:19:22+00:00,none,minimal,stripped,idle,19,16,0,1517,0
2026-05-13T18:19:22+00:00,none,minimal,stripped,idle,19,16,1,1516,0
2026-05-13T18:19:22+00:00,none,minimal,stripped,idle,19,16,2,1517,0
2026-05-13T18:19:22+00:00,none,minimal,stripped,idle,19,16,3,1517,0
2026-05-13T18:19:22+00:00,none,minimal,stripped,idle,19,16,4,1516,0
2026-05-13T18:19:22+00:00,none,minimal,stripped,idle,19,16,5,1516,0
2026-05-13T18:19:22+00:00,none,minimal,stripped,idle,19,16,6,1515,0
2026-05-13T18:19:22+00:00,none,minimal,stripped,idle,19,16,7,1516,0
2026-05-13T18:19:22+00:00,none,minimal,stripped,idle,19,16,8,1515,0
2026-05-13T18:19:22+00:00,none,minimal,stripped,idle,19,16,9,1516,0
2026-05-13T18:19:22+00:00,none,minimal,stripped,idle,19,16,10,1515,0
2026-05-13T18:19:22+00:00,none,minimal,stripped,idle,19,16,11,1515,0
2026-05-13T18:19:22+00:00,none,minimal,stripped,idle,19,16,12,1515,0
2026-05-13T18:19:22+00:00,none,minimal,stripped,idle,19,16,13,1515,0
2026-05-13T18:19:22+00:00,none,minimal,stripped,idle,19,16,14,1515,0
2026-05-13T18:19:22+00:00,none,minimal,stripped,idle,19,16,15,1515,0
2026-05-13T18:19:24+00:00,none,minimal,stripped,idle,20,16,0,1417,0
2026-05-13T18:19:24+00:00,none,minimal,stripped,idle,20,16,1,1516,0
2026-05-13T18:19:24+00:00,none,minimal,stripped,idle,20,16,2,1517,0
2026-05-13T18:19:24+00:00,none,minimal,stripped,idle,20,16,3,1516,0
2026-05-13T18:19:24+00:00,none,minimal,stripped,idle,20,16,4,1516,0
2026-05-13T18:19:24+00:00,none,minimal,stripped,idle,20,16,5,1516,0
2026-05-13T18:19:24+00:00,none,minimal,stripped,idle,20,16,6,1515,0
2026-05-13T18:19:24+00:00,none,minimal,stripped,idle,20,16,7,1516,0
2026-05-13T18:19:24+00:00,none,minimal,stripped,idle,20,16,8,1515,0
2026-05-13T18:19:24+00:00,none,minimal,stripped,idle,20,16,9,1516,0
2026-05-13T18:19:24+00:00,none,minimal,stripped,idle,20,16,10,1516,0
2026-05-13T18:19:24+00:00,none,minimal,stripped,idle,20,16,11,1515,0
2026-05-13T18:19:24+00:00,none,minimal,stripped,idle,20,16,12,1516,0
2026-05-13T18:19:24+00:00,none,minimal,stripped,idle,20,16,13,1515,0
2026-05-13T18:19:24+00:00,none,minimal,stripped,idle,20,16,14,1515,0
2026-05-13T18:19:24+00:00,none,minimal,stripped,idle,20,16,15,1514,0
2026-05-13T18:19:26+00:00,none,minimal,stripped,idle,21,16,0,1516,0
2026-05-13T18:19:26+00:00,none,minimal,stripped,idle,21,16,1,1516,0
2026-05-13T18:19:26+00:00,none,minimal,stripped,idle,21,16,2,1515,0
2026-05-13T18:19:26+00:00,none,minimal,stripped,idle,21,16,3,1516,0
2026-05-13T18:19:26+00:00,none,minimal,stripped,idle,21,16,4,1516,0
2026-05-13T18:19:26+00:00,none,minimal,stripped,idle,21,16,5,1516,0
2026-05-13T18:19:26+00:00,none,minimal,stripped,idle,21,16,6,1515,0
2026-05-13T18:19:26+00:00,none,minimal,stripped,idle,21,16,7,1516,0
2026-05-13T18:19:26+00:00,none,minimal,stripped,idle,21,16,8,1517,0
2026-05-13T18:19:26+00:00,none,minimal,stripped,idle,21,16,9,1515,0
2026-05-13T18:19:26+00:00,none,minimal,stripped,idle,21,16,10,1515,0
2026-05-13T18:19:26+00:00,none,minimal,stripped,idle,21,16,11,1515,0
2026-05-13T18:19:26+00:00,none,minimal,stripped,idle,21,16,12,1516,0
2026-05-13T18:19:26+00:00,none,minimal,stripped,idle,21,16,13,1514,0
2026-05-13T18:19:26+00:00,none,minimal,stripped,idle,21,16,14,1515,0
2026-05-13T18:19:26+00:00,none,minimal,stripped,idle,21,16,15,1514,0
2026-05-13T18:19:28+00:00,none,minimal,stripped,idle,22,16,0,1515,0
2026-05-13T18:19:28+00:00,none,minimal,stripped,idle,22,16,1,1515,0
2026-05-13T18:19:28+00:00,none,minimal,stripped,idle,22,16,2,1517,0
2026-05-13T18:19:28+00:00,none,minimal,stripped,idle,22,16,3,1516,0
2026-05-13T18:19:28+00:00,none,minimal,stripped,idle,22,16,4,1515,0
2026-05-13T18:19:28+00:00,none,minimal,stripped,idle,22,16,5,1514,0
2026-05-13T18:19:28+00:00,none,minimal,stripped,idle,22,16,6,1517,0
2026-05-13T18:19:28+00:00,none,minimal,stripped,idle,22,16,7,1516,0
2026-05-13T18:19:28+00:00,none,minimal,stripped,idle,22,16,8,1515,0
2026-05-13T18:19:28+00:00,none,minimal,stripped,idle,22,16,9,1615,0
2026-05-13T18:19:28+00:00,none,minimal,stripped,idle,22,16,10,1515,0
2026-05-13T18:19:28+00:00,none,minimal,stripped,idle,22,16,11,1515,0
2026-05-13T18:19:28+00:00,none,minimal,stripped,idle,22,16,12,1514,0
2026-05-13T18:19:28+00:00,none,minimal,stripped,idle,22,16,13,1515,0
2026-05-13T18:19:28+00:00,none,minimal,stripped,idle,22,16,14,1515,0
2026-05-13T18:19:28+00:00,none,minimal,stripped,idle,22,16,15,1516,0
2026-05-13T18:19:34+00:00,none,minimal,stripped,idle,3,32,0,1516,0
2026-05-13T18:19:34+00:00,none,minimal,stripped,idle,3,32,1,1518,0
2026-05-13T18:19:34+00:00,none,minimal,stripped,idle,3,32,2,1615,0
2026-05-13T18:19:34+00:00,none,minimal,stripped,idle,3,32,3,1616,0
2026-05-13T18:19:34+00:00,none,minimal,stripped,idle,3,32,4,1516,0
2026-05-13T18:19:34+00:00,none,minimal,stripped,idle,3,32,5,1515,0
2026-05-13T18:19:34+00:00,none,minimal,stripped,idle,3,32,6,1516,0
2026-05-13T18:19:34+00:00,none,minimal,stripped,idle,3,32,7,1616,0
2026-05-13T18:19:34+00:00,none,minimal,stripped,idle,3,32,8,1616,0
2026-05-13T18:19:34+00:00,none,minimal,stripped,idle,3,32,9,1615,0
2026-05-13T18:19:34+00:00,none,minimal,stripped,idle,3,32,10,1614,0
2026-05-13T18:19:34+00:00,none,minimal,stripped,idle,3,32,11,1616,0
2026-05-13T18:19:34+00:00,none,minimal,stripped,idle,3,32,12,1617,0
2026-05-13T18:19:34+00:00,none,minimal,stripped,idle,3,32,13,1516,0
2026-05-13T18:19:34+00:00,none,minimal,stripped,idle,3,32,14,1617,0
2026-05-13T18:19:34+00:00,none,minimal,stripped,idle,3,32,15,1616,0
2026-05-13T18:19:34+00:00,none,minimal,stripped,idle,3,32,16,1616,0
2026-05-13T18:19:34+00:00,none,minimal,stripped,idle,3,32,17,1616,0
2026-05-13T18:19:34+00:00,none,minimal,stripped,idle,3,32,18,1616,0
2026-05-13T18:19:34+00:00,none,minimal,stripped,idle,3,32,19,1515,0
2026-05-13T18:19:34+00:00,none,minimal,stripped,idle,3,32,20,1617,0
2026-05-13T18:19:34+00:00,none,minimal,stripped,idle,3,32,21,1616,0
2026-05-13T18:19:34+00:00,none,minimal,stripped,idle,3,32,22,1617,0
2026-05-13T18:19:34+00:00,none,minimal,stripped,idle,3,32,23,1617,0
2026-05-13T18:19:34+00:00,none,minimal,stripped,idle,3,32,24,1617,0
2026-05-13T18:19:34+00:00,none,minimal,stripped,idle,3,32,25,1618,0
2026-05-13T18:19:34+00:00,none,minimal,stripped,idle,3,32,26,1617,0
2026-05-13T18:19:34+00:00,none,minimal,stripped,idle,3,32,27,1617,0
2026-05-13T18:19:34+00:00,none,minimal,stripped,idle,3,32,28,1616,0
2026-05-13T18:19:34+00:00,none,minimal,stripped,idle,3,32,29,1617,0
2026-05-13T18:19:34+00:00,none,minimal,stripped,idle,3,32,30,1616,0
2026-05-13T18:19:34+00:00,none,minimal,stripped,idle,3,32,31,1615,0
2026-05-13T18:19:37+00:00,none,minimal,stripped,idle,4,32,0,1517,0
2026-05-13T18:19:37+00:00,none,minimal,stripped,idle,4,32,1,1617,0
2026-05-13T18:19:37+00:00,none,minimal,stripped,idle,4,32,2,1615,0
2026-05-13T18:19:37+00:00,none,minimal,stripped,idle,4,32,3,1617,0
2026-05-13T18:19:37+00:00,none,minimal,stripped,idle,4,32,4,1516,0
2026-05-13T18:19:37+00:00,none,minimal,stripped,idle,4,32,5,1615,0
2026-05-13T18:19:37+00:00,none,minimal,stripped,idle,4,32,6,1615,0
2026-05-13T18:19:37+00:00,none,minimal,stripped,idle,4,32,7,1616,0
2026-05-13T18:19:37+00:00,none,minimal,stripped,idle,4,32,8,1615,0
2026-05-13T18:19:37+00:00,none,minimal,stripped,idle,4,32,9,1616,0
2026-05-13T18:19:37+00:00,none,minimal,stripped,idle,4,32,10,1615,0
2026-05-13T18:19:37+00:00,none,minimal,stripped,idle,4,32,11,1616,0
2026-05-13T18:19:37+00:00,none,minimal,stripped,idle,4,32,12,1616,0
2026-05-13T18:19:37+00:00,none,minimal,stripped,idle,4,32,13,1616,0
2026-05-13T18:19:37+00:00,none,minimal,stripped,idle,4,32,14,1615,0
2026-05-13T18:19:37+00:00,none,minimal,stripped,idle,4,32,15,1716,0
2026-05-13T18:19:37+00:00,none,minimal,stripped,idle,4,32,16,1715,0
2026-05-13T18:19:37+00:00,none,minimal,stripped,idle,4,32,17,1616,0
2026-05-13T18:19:37+00:00,none,minimal,stripped,idle,4,32,18,1714,0
2026-05-13T18:19:37+00:00,none,minimal,stripped,idle,4,32,19,1615,0
2026-05-13T18:19:37+00:00,none,minimal,stripped,idle,4,32,20,1616,0
2026-05-13T18:19:37+00:00,none,minimal,stripped,idle,4,32,21,1717,0
2026-05-13T18:19:37+00:00,none,minimal,stripped,idle,4,32,22,1717,0
2026-05-13T18:19:37+00:00,none,minimal,stripped,idle,4,32,23,1616,0
2026-05-13T18:19:37+00:00,none,minimal,stripped,idle,4,32,24,1616,0
2026-05-13T18:19:37+00:00,none,minimal,stripped,idle,4,32,25,1617,0
2026-05-13T18:19:37+00:00,none,minimal,stripped,idle,4,32,26,1616,0
2026-05-13T18:19:37+00:00,none,minimal,stripped,idle,4,32,27,1617,0
2026-05-13T18:19:37+00:00,none,minimal,stripped,idle,4,32,28,1616,0
2026-05-13T18:19:37+00:00,none,minimal,stripped,idle,4,32,29,1618,0
2026-05-13T18:19:37+00:00,none,minimal,stripped,idle,4,32,30,1617,0
2026-05-13T18:19:37+00:00,none,minimal,stripped,idle,4,32,31,1616,0
2026-05-13T18:19:39+00:00,none,minimal,stripped,idle,5,32,0,1617,0
2026-05-13T18:19:39+00:00,none,minimal,stripped,idle,5,32,1,1518,0
2026-05-13T18:19:39+00:00,none,minimal,stripped,idle,5,32,2,1516,0
2026-05-13T18:19:39+00:00,none,minimal,stripped,idle,5,32,3,1516,0
2026-05-13T18:19:39+00:00,none,minimal,stripped,idle,5,32,4,1515,0
2026-05-13T18:19:39+00:00,none,minimal,stripped,idle,5,32,5,1515,0
2026-05-13T18:19:39+00:00,none,minimal,stripped,idle,5,32,6,1616,0
2026-05-13T18:19:39+00:00,none,minimal,stripped,idle,5,32,7,1617,0
2026-05-13T18:19:39+00:00,none,minimal,stripped,idle,5,32,8,1616,0
2026-05-13T18:19:39+00:00,none,minimal,stripped,idle,5,32,9,1617,0
2026-05-13T18:19:39+00:00,none,minimal,stripped,idle,5,32,10,1717,0
2026-05-13T18:19:39+00:00,none,minimal,stripped,idle,5,32,11,1615,0
2026-05-13T18:19:39+00:00,none,minimal,stripped,idle,5,32,12,1616,0
2026-05-13T18:19:39+00:00,none,minimal,stripped,idle,5,32,13,1615,0
2026-05-13T18:19:39+00:00,none,minimal,stripped,idle,5,32,14,1619,0
2026-05-13T18:19:39+00:00,none,minimal,stripped,idle,5,32,15,1619,0
2026-05-13T18:19:39+00:00,none,minimal,stripped,idle,5,32,16,1619,0
2026-05-13T18:19:39+00:00,none,minimal,stripped,idle,5,32,17,1619,0
2026-05-13T18:19:39+00:00,none,minimal,stripped,idle,5,32,18,1618,0
2026-05-13T18:19:39+00:00,none,minimal,stripped,idle,5,32,19,1618,0
2026-05-13T18:19:39+00:00,none,minimal,stripped,idle,5,32,20,1617,0
2026-05-13T18:19:39+00:00,none,minimal,stripped,idle,5,32,21,1617,0
2026-05-13T18:19:39+00:00,none,minimal,stripped,idle,5,32,22,1717,0
2026-05-13T18:19:39+00:00,none,minimal,stripped,idle,5,32,23,1716,0
2026-05-13T18:19:39+00:00,none,minimal,stripped,idle,5,32,24,1616,0
2026-05-13T18:19:39+00:00,none,minimal,stripped,idle,5,32,25,1617,0
2026-05-13T18:19:39+00:00,none,minimal,stripped,idle,5,32,26,1617,0
2026-05-13T18:19:39+00:00,none,minimal,stripped,idle,5,32,27,1616,0
2026-05-13T18:19:39+00:00,none,minimal,stripped,idle,5,32,28,1615,0
2026-05-13T18:19:39+00:00,none,minimal,stripped,idle,5,32,29,1617,0
2026-05-13T18:19:39+00:00,none,minimal,stripped,idle,5,32,30,1616,0
2026-05-13T18:19:39+00:00,none,minimal,stripped,idle,5,32,31,1616,0
2026-05-13T18:19:41+00:00,none,minimal,stripped,idle,6,32,0,1517,0
2026-05-13T18:19:41+00:00,none,minimal,stripped,idle,6,32,1,1616,0
2026-05-13T18:19:41+00:00,none,minimal,stripped,idle,6,32,2,1715,0
2026-05-13T18:19:41+00:00,none,minimal,stripped,idle,6,32,3,1715,0
2026-05-13T18:19:41+00:00,none,minimal,stripped,idle,6,32,4,1615,0
2026-05-13T18:19:41+00:00,none,minimal,stripped,idle,6,32,5,1516,0
2026-05-13T18:19:41+00:00,none,minimal,stripped,idle,6,32,6,1516,0
2026-05-13T18:19:41+00:00,none,minimal,stripped,idle,6,32,7,1516,0
2026-05-13T18:19:41+00:00,none,minimal,stripped,idle,6,32,8,1516,0
2026-05-13T18:19:41+00:00,none,minimal,stripped,idle,6,32,9,1615,0
2026-05-13T18:19:41+00:00,none,minimal,stripped,idle,6,32,10,1716,0
2026-05-13T18:19:41+00:00,none,minimal,stripped,idle,6,32,11,1616,0
2026-05-13T18:19:41+00:00,none,minimal,stripped,idle,6,32,12,1616,0
2026-05-13T18:19:41+00:00,none,minimal,stripped,idle,6,32,13,1717,0
2026-05-13T18:19:41+00:00,none,minimal,stripped,idle,6,32,14,1717,0
2026-05-13T18:19:41+00:00,none,minimal,stripped,idle,6,32,15,1715,0
2026-05-13T18:19:41+00:00,none,minimal,stripped,idle,6,32,16,1716,0
2026-05-13T18:19:41+00:00,none,minimal,stripped,idle,6,32,17,1617,0
2026-05-13T18:19:41+00:00,none,minimal,stripped,idle,6,32,18,1617,0
2026-05-13T18:19:41+00:00,none,minimal,stripped,idle,6,32,19,1619,0
2026-05-13T18:19:41+00:00,none,minimal,stripped,idle,6,32,20,1617,0
2026-05-13T18:19:41+00:00,none,minimal,stripped,idle,6,32,21,1618,0
2026-05-13T18:19:41+00:00,none,minimal,stripped,idle,6,32,22,1617,0
2026-05-13T18:19:41+00:00,none,minimal,stripped,idle,6,32,23,1617,0
2026-05-13T18:19:41+00:00,none,minimal,stripped,idle,6,32,24,1617,0
2026-05-13T18:19:41+00:00,none,minimal,stripped,idle,6,32,25,1617,0
2026-05-13T18:19:41+00:00,none,minimal,stripped,idle,6,32,26,1619,0
2026-05-13T18:19:41+00:00,none,minimal,stripped,idle,6,32,27,1619,0
2026-05-13T18:19:41+00:00,none,minimal,stripped,idle,6,32,28,1616,0
2026-05-13T18:19:41+00:00,none,minimal,stripped,idle,6,32,29,1616,0
2026-05-13T18:19:41+00:00,none,minimal,stripped,idle,6,32,30,1616,0
2026-05-13T18:19:41+00:00,none,minimal,stripped,idle,6,32,31,1616,0
2026-05-13T18:19:43+00:00,none,minimal,stripped,idle,7,32,0,1616,0
2026-05-13T18:19:43+00:00,none,minimal,stripped,idle,7,32,1,1618,0
2026-05-13T18:19:43+00:00,none,minimal,stripped,idle,7,32,2,1615,0
2026-05-13T18:19:43+00:00,none,minimal,stripped,idle,7,32,3,1615,0
2026-05-13T18:19:43+00:00,none,minimal,stripped,idle,7,32,4,1615,0
2026-05-13T18:19:43+00:00,none,minimal,stripped,idle,7,32,5,1717,0
2026-05-13T18:19:43+00:00,none,minimal,stripped,idle,7,32,6,1616,0
2026-05-13T18:19:43+00:00,none,minimal,stripped,idle,7,32,7,1716,0
2026-05-13T18:19:43+00:00,none,minimal,stripped,idle,7,32,8,1615,0
2026-05-13T18:19:43+00:00,none,minimal,stripped,idle,7,32,9,1717,0
2026-05-13T18:19:43+00:00,none,minimal,stripped,idle,7,32,10,1615,0
2026-05-13T18:19:43+00:00,none,minimal,stripped,idle,7,32,11,1718,0
2026-05-13T18:19:43+00:00,none,minimal,stripped,idle,7,32,12,1616,0
2026-05-13T18:19:43+00:00,none,minimal,stripped,idle,7,32,13,1718,0
2026-05-13T18:19:44+00:00,none,minimal,stripped,idle,7,32,14,1716,0
2026-05-13T18:19:44+00:00,none,minimal,stripped,idle,7,32,15,1616,0
2026-05-13T18:19:44+00:00,none,minimal,stripped,idle,7,32,16,1715,0
2026-05-13T18:19:44+00:00,none,minimal,stripped,idle,7,32,17,1718,0
2026-05-13T18:19:44+00:00,none,minimal,stripped,idle,7,32,18,1715,0
2026-05-13T18:19:44+00:00,none,minimal,stripped,idle,7,32,19,1716,0
2026-05-13T18:19:44+00:00,none,minimal,stripped,idle,7,32,20,1717,0
2026-05-13T18:19:44+00:00,none,minimal,stripped,idle,7,32,21,1616,0
2026-05-13T18:19:44+00:00,none,minimal,stripped,idle,7,32,22,1616,0
2026-05-13T18:19:44+00:00,none,minimal,stripped,idle,7,32,23,1716,0
2026-05-13T18:19:44+00:00,none,minimal,stripped,idle,7,32,24,1717,0
2026-05-13T18:19:44+00:00,none,minimal,stripped,idle,7,32,25,1718,0
2026-05-13T18:19:44+00:00,none,minimal,stripped,idle,7,32,26,1617,0
2026-05-13T18:19:44+00:00,none,minimal,stripped,idle,7,32,27,1717,0
2026-05-13T18:19:44+00:00,none,minimal,stripped,idle,7,32,28,1717,0
2026-05-13T18:19:44+00:00,none,minimal,stripped,idle,7,32,29,1617,0
2026-05-13T18:19:44+00:00,none,minimal,stripped,idle,7,32,30,1716,0
2026-05-13T18:19:44+00:00,none,minimal,stripped,idle,7,32,31,1617,0
2026-05-13T18:19:46+00:00,none,minimal,stripped,idle,8,32,0,1519,0
2026-05-13T18:19:46+00:00,none,minimal,stripped,idle,8,32,1,1616,0
2026-05-13T18:19:46+00:00,none,minimal,stripped,idle,8,32,2,1616,0
2026-05-13T18:19:46+00:00,none,minimal,stripped,idle,8,32,3,1517,0
2026-05-13T18:19:46+00:00,none,minimal,stripped,idle,8,32,4,1516,0
2026-05-13T18:19:46+00:00,none,minimal,stripped,idle,8,32,5,1617,0
2026-05-13T18:19:46+00:00,none,minimal,stripped,idle,8,32,6,1616,0
2026-05-13T18:19:46+00:00,none,minimal,stripped,idle,8,32,7,1616,0
2026-05-13T18:19:46+00:00,none,minimal,stripped,idle,8,32,8,1616,0
2026-05-13T18:19:46+00:00,none,minimal,stripped,idle,8,32,9,1515,0
2026-05-13T18:19:46+00:00,none,minimal,stripped,idle,8,32,10,1516,0
2026-05-13T18:19:46+00:00,none,minimal,stripped,idle,8,32,11,1515,0
2026-05-13T18:19:46+00:00,none,minimal,stripped,idle,8,32,12,1616,0
2026-05-13T18:19:46+00:00,none,minimal,stripped,idle,8,32,13,1616,0
2026-05-13T18:19:46+00:00,none,minimal,stripped,idle,8,32,14,1616,0
2026-05-13T18:19:46+00:00,none,minimal,stripped,idle,8,32,15,1617,0
2026-05-13T18:19:46+00:00,none,minimal,stripped,idle,8,32,16,1616,0
2026-05-13T18:19:46+00:00,none,minimal,stripped,idle,8,32,17,1616,0
2026-05-13T18:19:46+00:00,none,minimal,stripped,idle,8,32,18,1616,0
2026-05-13T18:19:46+00:00,none,minimal,stripped,idle,8,32,19,1615,0
2026-05-13T18:19:46+00:00,none,minimal,stripped,idle,8,32,20,1615,0
2026-05-13T18:19:46+00:00,none,minimal,stripped,idle,8,32,21,1617,0
2026-05-13T18:19:46+00:00,none,minimal,stripped,idle,8,32,22,1617,0
2026-05-13T18:19:46+00:00,none,minimal,stripped,idle,8,32,23,1617,0
2026-05-13T18:19:46+00:00,none,minimal,stripped,idle,8,32,24,1617,0
2026-05-13T18:19:46+00:00,none,minimal,stripped,idle,8,32,25,1617,0
2026-05-13T18:19:46+00:00,none,minimal,stripped,idle,8,32,26,1616,0
2026-05-13T18:19:46+00:00,none,minimal,stripped,idle,8,32,27,1620,0
2026-05-13T18:19:46+00:00,none,minimal,stripped,idle,8,32,28,1616,0
2026-05-13T18:19:46+00:00,none,minimal,stripped,idle,8,32,29,1616,0
2026-05-13T18:19:46+00:00,none,minimal,stripped,idle,8,32,30,1618,0
2026-05-13T18:19:46+00:00,none,minimal,stripped,idle,8,32,31,1615,0
2026-05-13T18:19:48+00:00,none,minimal,stripped,idle,9,32,0,1517,0
2026-05-13T18:19:48+00:00,none,minimal,stripped,idle,9,32,1,1516,0
2026-05-13T18:19:48+00:00,none,minimal,stripped,idle,9,32,2,1516,0
2026-05-13T18:19:48+00:00,none,minimal,stripped,idle,9,32,3,1516,0
2026-05-13T18:19:48+00:00,none,minimal,stripped,idle,9,32,4,1517,0
2026-05-13T18:19:48+00:00,none,minimal,stripped,idle,9,32,5,1515,0
2026-05-13T18:19:48+00:00,none,minimal,stripped,idle,9,32,6,1515,0
2026-05-13T18:19:48+00:00,none,minimal,stripped,idle,9,32,7,1515,0
2026-05-13T18:19:48+00:00,none,minimal,stripped,idle,9,32,8,1517,0
2026-05-13T18:19:48+00:00,none,minimal,stripped,idle,9,32,9,1516,0
2026-05-13T18:19:48+00:00,none,minimal,stripped,idle,9,32,10,1517,0
2026-05-13T18:19:48+00:00,none,minimal,stripped,idle,9,32,11,1517,0
2026-05-13T18:19:48+00:00,none,minimal,stripped,idle,9,32,12,1516,0
2026-05-13T18:19:48+00:00,none,minimal,stripped,idle,9,32,13,1516,0
2026-05-13T18:19:48+00:00,none,minimal,stripped,idle,9,32,14,1616,0
2026-05-13T18:19:48+00:00,none,minimal,stripped,idle,9,32,15,1617,0
2026-05-13T18:19:48+00:00,none,minimal,stripped,idle,9,32,16,1618,0
2026-05-13T18:19:48+00:00,none,minimal,stripped,idle,9,32,17,1517,0
2026-05-13T18:19:48+00:00,none,minimal,stripped,idle,9,32,18,1619,0
2026-05-13T18:19:48+00:00,none,minimal,stripped,idle,9,32,19,1617,0
2026-05-13T18:19:48+00:00,none,minimal,stripped,idle,9,32,20,1517,0
2026-05-13T18:19:48+00:00,none,minimal,stripped,idle,9,32,21,1617,0
2026-05-13T18:19:48+00:00,none,minimal,stripped,idle,9,32,22,1617,0
2026-05-13T18:19:48+00:00,none,minimal,stripped,idle,9,32,23,1616,0
2026-05-13T18:19:48+00:00,none,minimal,stripped,idle,9,32,24,1516,0
2026-05-13T18:19:48+00:00,none,minimal,stripped,idle,9,32,25,1618,0
2026-05-13T18:19:48+00:00,none,minimal,stripped,idle,9,32,26,1616,0
2026-05-13T18:19:48+00:00,none,minimal,stripped,idle,9,32,27,1617,0
2026-05-13T18:19:48+00:00,none,minimal,stripped,idle,9,32,28,1617,0
2026-05-13T18:19:48+00:00,none,minimal,stripped,idle,9,32,29,1618,0
2026-05-13T18:19:48+00:00,none,minimal,stripped,idle,9,32,30,1616,0
2026-05-13T18:19:48+00:00,none,minimal,stripped,idle,9,32,31,1616,0
2026-05-13T18:19:50+00:00,none,minimal,stripped,idle,10,32,0,1517,0
2026-05-13T18:19:50+00:00,none,minimal,stripped,idle,10,32,1,1617,0
2026-05-13T18:19:50+00:00,none,minimal,stripped,idle,10,32,2,1617,0
2026-05-13T18:19:50+00:00,none,minimal,stripped,idle,10,32,3,1615,0
2026-05-13T18:19:50+00:00,none,minimal,stripped,idle,10,32,4,1516,0
2026-05-13T18:19:50+00:00,none,minimal,stripped,idle,10,32,5,1617,0
2026-05-13T18:19:50+00:00,none,minimal,stripped,idle,10,32,6,1615,0
2026-05-13T18:19:50+00:00,none,minimal,stripped,idle,10,32,7,1615,0
2026-05-13T18:19:50+00:00,none,minimal,stripped,idle,10,32,8,1617,0
2026-05-13T18:19:50+00:00,none,minimal,stripped,idle,10,32,9,1617,0
2026-05-13T18:19:50+00:00,none,minimal,stripped,idle,10,32,10,1616,0
2026-05-13T18:19:50+00:00,none,minimal,stripped,idle,10,32,11,1615,0
2026-05-13T18:19:50+00:00,none,minimal,stripped,idle,10,32,12,1715,0
2026-05-13T18:19:50+00:00,none,minimal,stripped,idle,10,32,13,1616,0
2026-05-13T18:19:50+00:00,none,minimal,stripped,idle,10,32,14,1615,0
2026-05-13T18:19:50+00:00,none,minimal,stripped,idle,10,32,15,1615,0
2026-05-13T18:19:50+00:00,none,minimal,stripped,idle,10,32,16,1615,0
2026-05-13T18:19:50+00:00,none,minimal,stripped,idle,10,32,17,1516,0
2026-05-13T18:19:50+00:00,none,minimal,stripped,idle,10,32,18,1617,0
2026-05-13T18:19:50+00:00,none,minimal,stripped,idle,10,32,19,1616,0
2026-05-13T18:19:50+00:00,none,minimal,stripped,idle,10,32,20,1616,0
2026-05-13T18:19:50+00:00,none,minimal,stripped,idle,10,32,21,1616,0
2026-05-13T18:19:50+00:00,none,minimal,stripped,idle,10,32,22,1616,0
2026-05-13T18:19:50+00:00,none,minimal,stripped,idle,10,32,23,1616,0
2026-05-13T18:19:50+00:00,none,minimal,stripped,idle,10,32,24,1617,0
2026-05-13T18:19:50+00:00,none,minimal,stripped,idle,10,32,25,1619,0
2026-05-13T18:19:50+00:00,none,minimal,stripped,idle,10,32,26,1617,0
2026-05-13T18:19:50+00:00,none,minimal,stripped,idle,10,32,27,1616,0
2026-05-13T18:19:50+00:00,none,minimal,stripped,idle,10,32,28,1617,0
2026-05-13T18:19:50+00:00,none,minimal,stripped,idle,10,32,29,1615,0
2026-05-13T18:19:50+00:00,none,minimal,stripped,idle,10,32,30,1616,0
2026-05-13T18:19:50+00:00,none,minimal,stripped,idle,10,32,31,1616,0
2026-05-13T18:19:52+00:00,none,minimal,stripped,idle,11,32,0,1618,0
2026-05-13T18:19:52+00:00,none,minimal,stripped,idle,11,32,1,1517,0
2026-05-13T18:19:52+00:00,none,minimal,stripped,idle,11,32,2,1515,0
2026-05-13T18:19:52+00:00,none,minimal,stripped,idle,11,32,3,1515,0
2026-05-13T18:19:52+00:00,none,minimal,stripped,idle,11,32,4,1515,0
2026-05-13T18:19:52+00:00,none,minimal,stripped,idle,11,32,5,1515,0
2026-05-13T18:19:52+00:00,none,minimal,stripped,idle,11,32,6,1516,0
2026-05-13T18:19:52+00:00,none,minimal,stripped,idle,11,32,7,1616,0
2026-05-13T18:19:52+00:00,none,minimal,stripped,idle,11,32,8,1617,0
2026-05-13T18:19:52+00:00,none,minimal,stripped,idle,11,32,9,1615,0
2026-05-13T18:19:52+00:00,none,minimal,stripped,idle,11,32,10,1615,0
2026-05-13T18:19:52+00:00,none,minimal,stripped,idle,11,32,11,1616,0
2026-05-13T18:19:52+00:00,none,minimal,stripped,idle,11,32,12,1518,0
2026-05-13T18:19:52+00:00,none,minimal,stripped,idle,11,32,13,1617,0
2026-05-13T18:19:52+00:00,none,minimal,stripped,idle,11,32,14,1616,0
2026-05-13T18:19:52+00:00,none,minimal,stripped,idle,11,32,15,1516,0
2026-05-13T18:19:52+00:00,none,minimal,stripped,idle,11,32,16,1616,0
2026-05-13T18:19:52+00:00,none,minimal,stripped,idle,11,32,17,1615,0
2026-05-13T18:19:52+00:00,none,minimal,stripped,idle,11,32,18,1618,0
2026-05-13T18:19:52+00:00,none,minimal,stripped,idle,11,32,19,1615,0
2026-05-13T18:19:53+00:00,none,minimal,stripped,idle,11,32,20,1716,0
2026-05-13T18:19:53+00:00,none,minimal,stripped,idle,11,32,21,1616,0
2026-05-13T18:19:53+00:00,none,minimal,stripped,idle,11,32,22,1616,0
2026-05-13T18:19:53+00:00,none,minimal,stripped,idle,11,32,23,1616,0
2026-05-13T18:19:53+00:00,none,minimal,stripped,idle,11,32,24,1617,0
2026-05-13T18:19:53+00:00,none,minimal,stripped,idle,11,32,25,1617,0
2026-05-13T18:19:53+00:00,none,minimal,stripped,idle,11,32,26,1617,0
2026-05-13T18:19:53+00:00,none,minimal,stripped,idle,11,32,27,1616,0
2026-05-13T18:19:53+00:00,none,minimal,stripped,idle,11,32,28,1616,0
2026-05-13T18:19:53+00:00,none,minimal,stripped,idle,11,32,29,1618,0
2026-05-13T18:19:53+00:00,none,minimal,stripped,idle,11,32,30,1616,0
2026-05-13T18:19:53+00:00,none,minimal,stripped,idle,11,32,31,1618,0
2026-05-13T18:19:55+00:00,none,minimal,stripped,idle,12,32,0,1616,0
2026-05-13T18:19:55+00:00,none,minimal,stripped,idle,12,32,1,1616,0
2026-05-13T18:19:55+00:00,none,minimal,stripped,idle,12,32,2,1516,0
2026-05-13T18:19:55+00:00,none,minimal,stripped,idle,12,32,3,1615,0
2026-05-13T18:19:55+00:00,none,minimal,stripped,idle,12,32,4,1615,0
2026-05-13T18:19:55+00:00,none,minimal,stripped,idle,12,32,5,1517,0
2026-05-13T18:19:55+00:00,none,minimal,stripped,idle,12,32,6,1616,0
2026-05-13T18:19:55+00:00,none,minimal,stripped,idle,12,32,7,1616,0
2026-05-13T18:19:55+00:00,none,minimal,stripped,idle,12,32,8,1616,0
2026-05-13T18:19:55+00:00,none,minimal,stripped,idle,12,32,9,1615,0
2026-05-13T18:19:55+00:00,none,minimal,stripped,idle,12,32,10,1616,0
2026-05-13T18:19:55+00:00,none,minimal,stripped,idle,12,32,11,1517,0
2026-05-13T18:19:55+00:00,none,minimal,stripped,idle,12,32,12,1616,0
2026-05-13T18:19:55+00:00,none,minimal,stripped,idle,12,32,13,1515,0
2026-05-13T18:19:55+00:00,none,minimal,stripped,idle,12,32,14,1615,0
2026-05-13T18:19:55+00:00,none,minimal,stripped,idle,12,32,15,1615,0
2026-05-13T18:19:55+00:00,none,minimal,stripped,idle,12,32,16,1616,0
2026-05-13T18:19:55+00:00,none,minimal,stripped,idle,12,32,17,1617,0
2026-05-13T18:19:55+00:00,none,minimal,stripped,idle,12,32,18,1616,0
2026-05-13T18:19:55+00:00,none,minimal,stripped,idle,12,32,19,1616,0
2026-05-13T18:19:55+00:00,none,minimal,stripped,idle,12,32,20,1617,0
2026-05-13T18:19:55+00:00,none,minimal,stripped,idle,12,32,21,1616,0
2026-05-13T18:19:55+00:00,none,minimal,stripped,idle,12,32,22,1616,0
2026-05-13T18:19:55+00:00,none,minimal,stripped,idle,12,32,23,1616,0
2026-05-13T18:19:55+00:00,none,minimal,stripped,idle,12,32,24,1616,0
2026-05-13T18:19:55+00:00,none,minimal,stripped,idle,12,32,25,1616,0
2026-05-13T18:19:55+00:00,none,minimal,stripped,idle,12,32,26,1618,0
2026-05-13T18:19:55+00:00,none,minimal,stripped,idle,12,32,27,1617,0
2026-05-13T18:19:55+00:00,none,minimal,stripped,idle,12,32,28,1617,0
2026-05-13T18:19:55+00:00,none,minimal,stripped,idle,12,32,29,1616,0
2026-05-13T18:19:55+00:00,none,minimal,stripped,idle,12,32,30,1616,0
2026-05-13T18:19:55+00:00,none,minimal,stripped,idle,12,32,31,1619,0
2026-05-13T18:19:57+00:00,none,minimal,stripped,idle,13,32,0,1517,0
2026-05-13T18:19:57+00:00,none,minimal,stripped,idle,13,32,1,1516,0
2026-05-13T18:19:57+00:00,none,minimal,stripped,idle,13,32,2,1516,0
2026-05-13T18:19:57+00:00,none,minimal,stripped,idle,13,32,3,1517,0
2026-05-13T18:19:57+00:00,none,minimal,stripped,idle,13,32,4,1516,0
2026-05-13T18:19:57+00:00,none,minimal,stripped,idle,13,32,5,1615,0
2026-05-13T18:19:57+00:00,none,minimal,stripped,idle,13,32,6,1615,0
2026-05-13T18:19:57+00:00,none,minimal,stripped,idle,13,32,7,1615,0
2026-05-13T18:19:57+00:00,none,minimal,stripped,idle,13,32,8,1616,0
2026-05-13T18:19:57+00:00,none,minimal,stripped,idle,13,32,9,1615,0
2026-05-13T18:19:57+00:00,none,minimal,stripped,idle,13,32,10,1615,0
2026-05-13T18:19:57+00:00,none,minimal,stripped,idle,13,32,11,1517,0
2026-05-13T18:19:57+00:00,none,minimal,stripped,idle,13,32,12,1615,0
2026-05-13T18:19:57+00:00,none,minimal,stripped,idle,13,32,13,1616,0
2026-05-13T18:19:57+00:00,none,minimal,stripped,idle,13,32,14,1616,0
2026-05-13T18:19:57+00:00,none,minimal,stripped,idle,13,32,15,1616,0
2026-05-13T18:19:57+00:00,none,minimal,stripped,idle,13,32,16,1616,0
2026-05-13T18:19:57+00:00,none,minimal,stripped,idle,13,32,17,1616,0
2026-05-13T18:19:57+00:00,none,minimal,stripped,idle,13,32,18,1616,0
2026-05-13T18:19:57+00:00,none,minimal,stripped,idle,13,32,19,1517,0
2026-05-13T18:19:57+00:00,none,minimal,stripped,idle,13,32,20,1616,0
2026-05-13T18:19:57+00:00,none,minimal,stripped,idle,13,32,21,1617,0
2026-05-13T18:19:57+00:00,none,minimal,stripped,idle,13,32,22,1617,0
2026-05-13T18:19:57+00:00,none,minimal,stripped,idle,13,32,23,1616,0
2026-05-13T18:19:57+00:00,none,minimal,stripped,idle,13,32,24,1616,0
2026-05-13T18:19:57+00:00,none,minimal,stripped,idle,13,32,25,1619,0
2026-05-13T18:19:57+00:00,none,minimal,stripped,idle,13,32,26,1617,0
2026-05-13T18:19:57+00:00,none,minimal,stripped,idle,13,32,27,1616,0
2026-05-13T18:19:57+00:00,none,minimal,stripped,idle,13,32,28,1616,0
2026-05-13T18:19:57+00:00,none,minimal,stripped,idle,13,32,29,1616,0
2026-05-13T18:19:57+00:00,none,minimal,stripped,idle,13,32,30,1616,0
2026-05-13T18:19:57+00:00,none,minimal,stripped,idle,13,32,31,1517,0
2026-05-13T18:19:59+00:00,none,minimal,stripped,idle,14,32,0,1516,0
2026-05-13T18:19:59+00:00,none,minimal,stripped,idle,14,32,1,1518,0
2026-05-13T18:19:59+00:00,none,minimal,stripped,idle,14,32,2,1618,0
2026-05-13T18:19:59+00:00,none,minimal,stripped,idle,14,32,3,1516,0
2026-05-13T18:19:59+00:00,none,minimal,stripped,idle,14,32,4,1518,0
2026-05-13T18:19:59+00:00,none,minimal,stripped,idle,14,32,5,1615,0
2026-05-13T18:19:59+00:00,none,minimal,stripped,idle,14,32,6,1516,0
2026-05-13T18:19:59+00:00,none,minimal,stripped,idle,14,32,7,1516,0
2026-05-13T18:19:59+00:00,none,minimal,stripped,idle,14,32,8,1516,0
2026-05-13T18:19:59+00:00,none,minimal,stripped,idle,14,32,9,1516,0
2026-05-13T18:19:59+00:00,none,minimal,stripped,idle,14,32,10,1516,0
2026-05-13T18:19:59+00:00,none,minimal,stripped,idle,14,32,11,1516,0
2026-05-13T18:19:59+00:00,none,minimal,stripped,idle,14,32,12,1616,0
2026-05-13T18:19:59+00:00,none,minimal,stripped,idle,14,32,13,1616,0
2026-05-13T18:19:59+00:00,none,minimal,stripped,idle,14,32,14,1515,0
2026-05-13T18:19:59+00:00,none,minimal,stripped,idle,14,32,15,1516,0
2026-05-13T18:19:59+00:00,none,minimal,stripped,idle,14,32,16,1716,0
2026-05-13T18:19:59+00:00,none,minimal,stripped,idle,14,32,17,1616,0
2026-05-13T18:19:59+00:00,none,minimal,stripped,idle,14,32,18,1615,0
2026-05-13T18:19:59+00:00,none,minimal,stripped,idle,14,32,19,1617,0
2026-05-13T18:19:59+00:00,none,minimal,stripped,idle,14,32,20,1618,0
2026-05-13T18:19:59+00:00,none,minimal,stripped,idle,14,32,21,1716,0
2026-05-13T18:19:59+00:00,none,minimal,stripped,idle,14,32,22,1617,0
2026-05-13T18:19:59+00:00,none,minimal,stripped,idle,14,32,23,1618,0
2026-05-13T18:19:59+00:00,none,minimal,stripped,idle,14,32,24,1617,0
2026-05-13T18:19:59+00:00,none,minimal,stripped,idle,14,32,25,1617,0
2026-05-13T18:19:59+00:00,none,minimal,stripped,idle,14,32,26,1718,0
2026-05-13T18:19:59+00:00,none,minimal,stripped,idle,14,32,27,1616,0
2026-05-13T18:19:59+00:00,none,minimal,stripped,idle,14,32,28,1616,0
2026-05-13T18:19:59+00:00,none,minimal,stripped,idle,14,32,29,1617,0
2026-05-13T18:19:59+00:00,none,minimal,stripped,idle,14,32,30,1617,0
2026-05-13T18:19:59+00:00,none,minimal,stripped,idle,14,32,31,1616,0
2026-05-13T18:20:01+00:00,none,minimal,stripped,idle,15,32,0,1615,0
2026-05-13T18:20:01+00:00,none,minimal,stripped,idle,15,32,1,1516,0
2026-05-13T18:20:01+00:00,none,minimal,stripped,idle,15,32,2,1516,0
2026-05-13T18:20:01+00:00,none,minimal,stripped,idle,15,32,3,1517,0
2026-05-13T18:20:01+00:00,none,minimal,stripped,idle,15,32,4,1616,0
2026-05-13T18:20:01+00:00,none,minimal,stripped,idle,15,32,5,1517,0
2026-05-13T18:20:01+00:00,none,minimal,stripped,idle,15,32,6,1516,0
2026-05-13T18:20:01+00:00,none,minimal,stripped,idle,15,32,7,1616,0
2026-05-13T18:20:01+00:00,none,minimal,stripped,idle,15,32,8,1615,0
2026-05-13T18:20:01+00:00,none,minimal,stripped,idle,15,32,9,1618,0
2026-05-13T18:20:01+00:00,none,minimal,stripped,idle,15,32,10,1616,0
2026-05-13T18:20:01+00:00,none,minimal,stripped,idle,15,32,11,1623,0
2026-05-13T18:20:01+00:00,none,minimal,stripped,idle,15,32,12,1616,0
2026-05-13T18:20:01+00:00,none,minimal,stripped,idle,15,32,13,1616,0
2026-05-13T18:20:01+00:00,none,minimal,stripped,idle,15,32,14,1616,0
2026-05-13T18:20:01+00:00,none,minimal,stripped,idle,15,32,15,1617,0
2026-05-13T18:20:01+00:00,none,minimal,stripped,idle,15,32,16,1617,0
2026-05-13T18:20:01+00:00,none,minimal,stripped,idle,15,32,17,1616,0
2026-05-13T18:20:01+00:00,none,minimal,stripped,idle,15,32,18,1615,0
2026-05-13T18:20:01+00:00,none,minimal,stripped,idle,15,32,19,1618,0
2026-05-13T18:20:01+00:00,none,minimal,stripped,idle,15,32,20,1618,0
2026-05-13T18:20:01+00:00,none,minimal,stripped,idle,15,32,21,1617,0
2026-05-13T18:20:01+00:00,none,minimal,stripped,idle,15,32,22,1616,0
2026-05-13T18:20:01+00:00,none,minimal,stripped,idle,15,32,23,1617,0
2026-05-13T18:20:01+00:00,none,minimal,stripped,idle,15,32,24,1618,0
2026-05-13T18:20:01+00:00,none,minimal,stripped,idle,15,32,25,1617,0
2026-05-13T18:20:01+00:00,none,minimal,stripped,idle,15,32,26,1618,0
2026-05-13T18:20:01+00:00,none,minimal,stripped,idle,15,32,27,1617,0
2026-05-13T18:20:01+00:00,none,minimal,stripped,idle,15,32,28,1618,0
2026-05-13T18:20:01+00:00,none,minimal,stripped,idle,15,32,29,1618,0
2026-05-13T18:20:01+00:00,none,minimal,stripped,idle,15,32,30,1617,0
2026-05-13T18:20:01+00:00,none,minimal,stripped,idle,15,32,31,1616,0
2026-05-13T18:20:04+00:00,none,minimal,stripped,idle,16,32,0,1716,0
2026-05-13T18:20:04+00:00,none,minimal,stripped,idle,16,32,1,1615,0
2026-05-13T18:20:04+00:00,none,minimal,stripped,idle,16,32,2,1617,0
2026-05-13T18:20:04+00:00,none,minimal,stripped,idle,16,32,3,1614,0
2026-05-13T18:20:04+00:00,none,minimal,stripped,idle,16,32,4,1616,0
2026-05-13T18:20:04+00:00,none,minimal,stripped,idle,16,32,5,1616,0
2026-05-13T18:20:04+00:00,none,minimal,stripped,idle,16,32,6,1616,0
2026-05-13T18:20:04+00:00,none,minimal,stripped,idle,16,32,7,1615,0
2026-05-13T18:20:04+00:00,none,minimal,stripped,idle,16,32,8,1616,0
2026-05-13T18:20:04+00:00,none,minimal,stripped,idle,16,32,9,1616,0
2026-05-13T18:20:04+00:00,none,minimal,stripped,idle,16,32,10,1715,0
2026-05-13T18:20:04+00:00,none,minimal,stripped,idle,16,32,11,1616,0
2026-05-13T18:20:04+00:00,none,minimal,stripped,idle,16,32,12,1616,0
2026-05-13T18:20:04+00:00,none,minimal,stripped,idle,16,32,13,1617,0
2026-05-13T18:20:04+00:00,none,minimal,stripped,idle,16,32,14,1616,0
2026-05-13T18:20:04+00:00,none,minimal,stripped,idle,16,32,15,1617,0
2026-05-13T18:20:04+00:00,none,minimal,stripped,idle,16,32,16,1617,0
2026-05-13T18:20:04+00:00,none,minimal,stripped,idle,16,32,17,1616,0
2026-05-13T18:20:04+00:00,none,minimal,stripped,idle,16,32,18,1617,0
2026-05-13T18:20:04+00:00,none,minimal,stripped,idle,16,32,19,1620,0
2026-05-13T18:20:04+00:00,none,minimal,stripped,idle,16,32,20,1616,0
2026-05-13T18:20:04+00:00,none,minimal,stripped,idle,16,32,21,1617,0
2026-05-13T18:20:04+00:00,none,minimal,stripped,idle,16,32,22,1716,0
2026-05-13T18:20:04+00:00,none,minimal,stripped,idle,16,32,23,1617,0
2026-05-13T18:20:04+00:00,none,minimal,stripped,idle,16,32,24,1716,0
2026-05-13T18:20:04+00:00,none,minimal,stripped,idle,16,32,25,1617,0
2026-05-13T18:20:04+00:00,none,minimal,stripped,idle,16,32,26,1717,0
2026-05-13T18:20:04+00:00,none,minimal,stripped,idle,16,32,27,1717,0
2026-05-13T18:20:04+00:00,none,minimal,stripped,idle,16,32,28,1616,0
2026-05-13T18:20:04+00:00,none,minimal,stripped,idle,16,32,29,1617,0
2026-05-13T18:20:04+00:00,none,minimal,stripped,idle,16,32,30,1617,0
2026-05-13T18:20:04+00:00,none,minimal,stripped,idle,16,32,31,1616,0
2026-05-13T18:20:06+00:00,none,minimal,stripped,idle,17,32,0,1518,0
2026-05-13T18:20:06+00:00,none,minimal,stripped,idle,17,32,1,1517,0
2026-05-13T18:20:06+00:00,none,minimal,stripped,idle,17,32,2,1516,0
2026-05-13T18:20:06+00:00,none,minimal,stripped,idle,17,32,3,1616,0
2026-05-13T18:20:06+00:00,none,minimal,stripped,idle,17,32,4,1516,0
2026-05-13T18:20:06+00:00,none,minimal,stripped,idle,17,32,5,1516,0
2026-05-13T18:20:06+00:00,none,minimal,stripped,idle,17,32,6,1516,0
2026-05-13T18:20:06+00:00,none,minimal,stripped,idle,17,32,7,1516,0
2026-05-13T18:20:06+00:00,none,minimal,stripped,idle,17,32,8,1615,0
2026-05-13T18:20:06+00:00,none,minimal,stripped,idle,17,32,9,1616,0
2026-05-13T18:20:06+00:00,none,minimal,stripped,idle,17,32,10,1615,0
2026-05-13T18:20:06+00:00,none,minimal,stripped,idle,17,32,11,1616,0
2026-05-13T18:20:06+00:00,none,minimal,stripped,idle,17,32,12,1617,0
2026-05-13T18:20:06+00:00,none,minimal,stripped,idle,17,32,13,1616,0
2026-05-13T18:20:06+00:00,none,minimal,stripped,idle,17,32,14,1615,0
2026-05-13T18:20:06+00:00,none,minimal,stripped,idle,17,32,15,1617,0
2026-05-13T18:20:06+00:00,none,minimal,stripped,idle,17,32,16,1516,0
2026-05-13T18:20:06+00:00,none,minimal,stripped,idle,17,32,17,1615,0
2026-05-13T18:20:06+00:00,none,minimal,stripped,idle,17,32,18,1516,0
2026-05-13T18:20:06+00:00,none,minimal,stripped,idle,17,32,19,1516,0
2026-05-13T18:20:06+00:00,none,minimal,stripped,idle,17,32,20,1615,0
2026-05-13T18:20:06+00:00,none,minimal,stripped,idle,17,32,21,1616,0
2026-05-13T18:20:06+00:00,none,minimal,stripped,idle,17,32,22,1616,0
2026-05-13T18:20:06+00:00,none,minimal,stripped,idle,17,32,23,1617,0
2026-05-13T18:20:06+00:00,none,minimal,stripped,idle,17,32,24,1617,0
2026-05-13T18:20:06+00:00,none,minimal,stripped,idle,17,32,25,1615,0
2026-05-13T18:20:06+00:00,none,minimal,stripped,idle,17,32,26,1617,0
2026-05-13T18:20:06+00:00,none,minimal,stripped,idle,17,32,27,1617,0
2026-05-13T18:20:06+00:00,none,minimal,stripped,idle,17,32,28,1617,0
2026-05-13T18:20:06+00:00,none,minimal,stripped,idle,17,32,29,1616,0
2026-05-13T18:20:06+00:00,none,minimal,stripped,idle,17,32,30,1617,0
2026-05-13T18:20:06+00:00,none,minimal,stripped,idle,17,32,31,1617,0
2026-05-13T18:20:08+00:00,none,minimal,stripped,idle,18,32,0,1518,0
2026-05-13T18:20:08+00:00,none,minimal,stripped,idle,18,32,1,1515,0
2026-05-13T18:20:08+00:00,none,minimal,stripped,idle,18,32,2,1516,0
2026-05-13T18:20:08+00:00,none,minimal,stripped,idle,18,32,3,1616,0
2026-05-13T18:20:08+00:00,none,minimal,stripped,idle,18,32,4,1514,0
2026-05-13T18:20:08+00:00,none,minimal,stripped,idle,18,32,5,1618,0
2026-05-13T18:20:08+00:00,none,minimal,stripped,idle,18,32,6,1617,0
2026-05-13T18:20:08+00:00,none,minimal,stripped,idle,18,32,7,1617,0
2026-05-13T18:20:08+00:00,none,minimal,stripped,idle,18,32,8,1617,0
2026-05-13T18:20:08+00:00,none,minimal,stripped,idle,18,32,9,1715,0
2026-05-13T18:20:08+00:00,none,minimal,stripped,idle,18,32,10,1616,0
2026-05-13T18:20:08+00:00,none,minimal,stripped,idle,18,32,11,1616,0
2026-05-13T18:20:08+00:00,none,minimal,stripped,idle,18,32,12,1617,0
2026-05-13T18:20:08+00:00,none,minimal,stripped,idle,18,32,13,1617,0
2026-05-13T18:20:08+00:00,none,minimal,stripped,idle,18,32,14,1617,0
2026-05-13T18:20:08+00:00,none,minimal,stripped,idle,18,32,15,1715,0
2026-05-13T18:20:08+00:00,none,minimal,stripped,idle,18,32,16,1715,0
2026-05-13T18:20:08+00:00,none,minimal,stripped,idle,18,32,17,1616,0
2026-05-13T18:20:08+00:00,none,minimal,stripped,idle,18,32,18,1615,0
2026-05-13T18:20:08+00:00,none,minimal,stripped,idle,18,32,19,1616,0
2026-05-13T18:20:08+00:00,none,minimal,stripped,idle,18,32,20,1616,0
2026-05-13T18:20:08+00:00,none,minimal,stripped,idle,18,32,21,1617,0
2026-05-13T18:20:08+00:00,none,minimal,stripped,idle,18,32,22,1617,0
2026-05-13T18:20:08+00:00,none,minimal,stripped,idle,18,32,23,1616,0
2026-05-13T18:20:08+00:00,none,minimal,stripped,idle,18,32,24,1615,0
2026-05-13T18:20:08+00:00,none,minimal,stripped,idle,18,32,25,1617,0
2026-05-13T18:20:08+00:00,none,minimal,stripped,idle,18,32,26,1617,0
2026-05-13T18:20:08+00:00,none,minimal,stripped,idle,18,32,27,1616,0
2026-05-13T18:20:08+00:00,none,minimal,stripped,idle,18,32,28,1615,0
2026-05-13T18:20:08+00:00,none,minimal,stripped,idle,18,32,29,1616,0
2026-05-13T18:20:08+00:00,none,minimal,stripped,idle,18,32,30,1615,0
2026-05-13T18:20:08+00:00,none,minimal,stripped,idle,18,32,31,1615,0
2026-05-13T18:20:10+00:00,none,minimal,stripped,idle,19,32,0,1516,0
2026-05-13T18:20:10+00:00,none,minimal,stripped,idle,19,32,1,1515,0
2026-05-13T18:20:10+00:00,none,minimal,stripped,idle,19,32,2,1516,0
2026-05-13T18:20:10+00:00,none,minimal,stripped,idle,19,32,3,1616,0
2026-05-13T18:20:10+00:00,none,minimal,stripped,idle,19,32,4,1516,0
2026-05-13T18:20:10+00:00,none,minimal,stripped,idle,19,32,5,1615,0
2026-05-13T18:20:10+00:00,none,minimal,stripped,idle,19,32,6,1615,0
2026-05-13T18:20:10+00:00,none,minimal,stripped,idle,19,32,7,1616,0
2026-05-13T18:20:10+00:00,none,minimal,stripped,idle,19,32,8,1516,0
2026-05-13T18:20:10+00:00,none,minimal,stripped,idle,19,32,9,1516,0
2026-05-13T18:20:10+00:00,none,minimal,stripped,idle,19,32,10,1515,0
2026-05-13T18:20:10+00:00,none,minimal,stripped,idle,19,32,11,1615,0
2026-05-13T18:20:10+00:00,none,minimal,stripped,idle,19,32,12,1516,0
2026-05-13T18:20:10+00:00,none,minimal,stripped,idle,19,32,13,1616,0
2026-05-13T18:20:10+00:00,none,minimal,stripped,idle,19,32,14,1615,0
2026-05-13T18:20:10+00:00,none,minimal,stripped,idle,19,32,15,1716,0
2026-05-13T18:20:10+00:00,none,minimal,stripped,idle,19,32,16,1617,0
2026-05-13T18:20:10+00:00,none,minimal,stripped,idle,19,32,17,1616,0
2026-05-13T18:20:10+00:00,none,minimal,stripped,idle,19,32,18,1617,0
2026-05-13T18:20:10+00:00,none,minimal,stripped,idle,19,32,19,1616,0
2026-05-13T18:20:10+00:00,none,minimal,stripped,idle,19,32,20,1516,0
2026-05-13T18:20:10+00:00,none,minimal,stripped,idle,19,32,21,1715,0
2026-05-13T18:20:10+00:00,none,minimal,stripped,idle,19,32,22,1716,0
2026-05-13T18:20:10+00:00,none,minimal,stripped,idle,19,32,23,1617,0
2026-05-13T18:20:10+00:00,none,minimal,stripped,idle,19,32,24,1716,0
2026-05-13T18:20:11+00:00,none,minimal,stripped,idle,19,32,25,1716,0
2026-05-13T18:20:11+00:00,none,minimal,stripped,idle,19,32,26,1616,0
2026-05-13T18:20:11+00:00,none,minimal,stripped,idle,19,32,27,1517,0
2026-05-13T18:20:11+00:00,none,minimal,stripped,idle,19,32,28,1618,0
2026-05-13T18:20:11+00:00,none,minimal,stripped,idle,19,32,29,1617,0
2026-05-13T18:20:11+00:00,none,minimal,stripped,idle,19,32,30,1619,0
2026-05-13T18:20:11+00:00,none,minimal,stripped,idle,19,32,31,1616,0
2026-05-13T18:20:13+00:00,none,minimal,stripped,idle,20,32,0,1517,0
2026-05-13T18:20:13+00:00,none,minimal,stripped,idle,20,32,1,1516,0
2026-05-13T18:20:13+00:00,none,minimal,stripped,idle,20,32,2,1517,0
2026-05-13T18:20:13+00:00,none,minimal,stripped,idle,20,32,3,1516,0
2026-05-13T18:20:13+00:00,none,minimal,stripped,idle,20,32,4,1515,0
2026-05-13T18:20:13+00:00,none,minimal,stripped,idle,20,32,5,1515,0
2026-05-13T18:20:13+00:00,none,minimal,stripped,idle,20,32,6,1515,0
2026-05-13T18:20:13+00:00,none,minimal,stripped,idle,20,32,7,1516,0
2026-05-13T18:20:13+00:00,none,minimal,stripped,idle,20,32,8,1515,0
2026-05-13T18:20:13+00:00,none,minimal,stripped,idle,20,32,9,1615,0
2026-05-13T18:20:13+00:00,none,minimal,stripped,idle,20,32,10,1516,0
2026-05-13T18:20:13+00:00,none,minimal,stripped,idle,20,32,11,1614,0
2026-05-13T18:20:13+00:00,none,minimal,stripped,idle,20,32,12,1615,0
2026-05-13T18:20:13+00:00,none,minimal,stripped,idle,20,32,13,1616,0
2026-05-13T18:20:13+00:00,none,minimal,stripped,idle,20,32,14,1617,0
2026-05-13T18:20:13+00:00,none,minimal,stripped,idle,20,32,15,1516,0
2026-05-13T18:20:13+00:00,none,minimal,stripped,idle,20,32,16,1617,0
2026-05-13T18:20:13+00:00,none,minimal,stripped,idle,20,32,17,1617,0
2026-05-13T18:20:13+00:00,none,minimal,stripped,idle,20,32,18,1617,0
2026-05-13T18:20:13+00:00,none,minimal,stripped,idle,20,32,19,1617,0
2026-05-13T18:20:13+00:00,none,minimal,stripped,idle,20,32,20,1616,0
2026-05-13T18:20:13+00:00,none,minimal,stripped,idle,20,32,21,1616,0
2026-05-13T18:20:13+00:00,none,minimal,stripped,idle,20,32,22,1517,0
2026-05-13T18:20:13+00:00,none,minimal,stripped,idle,20,32,23,1618,0
2026-05-13T18:20:13+00:00,none,minimal,stripped,idle,20,32,24,1617,0
2026-05-13T18:20:13+00:00,none,minimal,stripped,idle,20,32,25,1618,0
2026-05-13T18:20:13+00:00,none,minimal,stripped,idle,20,32,26,1616,0
2026-05-13T18:20:13+00:00,none,minimal,stripped,idle,20,32,27,1618,0
2026-05-13T18:20:13+00:00,none,minimal,stripped,idle,20,32,28,1617,0
2026-05-13T18:20:13+00:00,none,minimal,stripped,idle,20,32,29,1615,0
2026-05-13T18:20:13+00:00,none,minimal,stripped,idle,20,32,30,1517,0
2026-05-13T18:20:13+00:00,none,minimal,stripped,idle,20,32,31,1517,0
2026-05-13T18:20:15+00:00,none,minimal,stripped,idle,21,32,0,1616,0
2026-05-13T18:20:15+00:00,none,minimal,stripped,idle,21,32,1,1517,0
2026-05-13T18:20:15+00:00,none,minimal,stripped,idle,21,32,2,1615,0
2026-05-13T18:20:15+00:00,none,minimal,stripped,idle,21,32,3,1615,0
2026-05-13T18:20:15+00:00,none,minimal,stripped,idle,21,32,4,1616,0
2026-05-13T18:20:15+00:00,none,minimal,stripped,idle,21,32,5,1615,0
2026-05-13T18:20:15+00:00,none,minimal,stripped,idle,21,32,6,1615,0
2026-05-13T18:20:15+00:00,none,minimal,stripped,idle,21,32,7,1615,0
2026-05-13T18:20:15+00:00,none,minimal,stripped,idle,21,32,8,1516,0
2026-05-13T18:20:15+00:00,none,minimal,stripped,idle,21,32,9,1616,0
2026-05-13T18:20:15+00:00,none,minimal,stripped,idle,21,32,10,1615,0
2026-05-13T18:20:15+00:00,none,minimal,stripped,idle,21,32,11,1515,0
2026-05-13T18:20:15+00:00,none,minimal,stripped,idle,21,32,12,1717,0
2026-05-13T18:20:15+00:00,none,minimal,stripped,idle,21,32,13,1615,0
2026-05-13T18:20:15+00:00,none,minimal,stripped,idle,21,32,14,1616,0
2026-05-13T18:20:15+00:00,none,minimal,stripped,idle,21,32,15,1616,0
2026-05-13T18:20:15+00:00,none,minimal,stripped,idle,21,32,16,1615,0
2026-05-13T18:20:15+00:00,none,minimal,stripped,idle,21,32,17,1615,0
2026-05-13T18:20:15+00:00,none,minimal,stripped,idle,21,32,18,1617,0
2026-05-13T18:20:15+00:00,none,minimal,stripped,idle,21,32,19,1615,0
2026-05-13T18:20:15+00:00,none,minimal,stripped,idle,21,32,20,1616,0
2026-05-13T18:20:15+00:00,none,minimal,stripped,idle,21,32,21,1617,0
2026-05-13T18:20:15+00:00,none,minimal,stripped,idle,21,32,22,1616,0
2026-05-13T18:20:15+00:00,none,minimal,stripped,idle,21,32,23,1617,0
2026-05-13T18:20:15+00:00,none,minimal,stripped,idle,21,32,24,1616,0
2026-05-13T18:20:15+00:00,none,minimal,stripped,idle,21,32,25,1615,0
2026-05-13T18:20:15+00:00,none,minimal,stripped,idle,21,32,26,1616,0
2026-05-13T18:20:15+00:00,none,minimal,stripped,idle,21,32,27,1616,0
2026-05-13T18:20:15+00:00,none,minimal,stripped,idle,21,32,28,1617,0
2026-05-13T18:20:15+00:00,none,minimal,stripped,idle,21,32,29,1617,0
2026-05-13T18:20:15+00:00,none,minimal,stripped,idle,21,32,30,1618,0
2026-05-13T18:20:15+00:00,none,minimal,stripped,idle,21,32,31,1616,0
2026-05-13T18:20:17+00:00,none,minimal,stripped,idle,22,32,0,1616,0
2026-05-13T18:20:17+00:00,none,minimal,stripped,idle,22,32,1,1615,0
2026-05-13T18:20:17+00:00,none,minimal,stripped,idle,22,32,2,1616,0
2026-05-13T18:20:17+00:00,none,minimal,stripped,idle,22,32,3,1616,0
2026-05-13T18:20:17+00:00,none,minimal,stripped,idle,22,32,4,1616,0
2026-05-13T18:20:17+00:00,none,minimal,stripped,idle,22,32,5,1716,0
2026-05-13T18:20:17+00:00,none,minimal,stripped,idle,22,32,6,1616,0
2026-05-13T18:20:17+00:00,none,minimal,stripped,idle,22,32,7,1716,0
2026-05-13T18:20:17+00:00,none,minimal,stripped,idle,22,32,8,1716,0
2026-05-13T18:20:17+00:00,none,minimal,stripped,idle,22,32,9,1715,0
2026-05-13T18:20:17+00:00,none,minimal,stripped,idle,22,32,10,1615,0
2026-05-13T18:20:17+00:00,none,minimal,stripped,idle,22,32,11,1615,0
2026-05-13T18:20:17+00:00,none,minimal,stripped,idle,22,32,12,1715,0
2026-05-13T18:20:17+00:00,none,minimal,stripped,idle,22,32,13,1615,0
2026-05-13T18:20:17+00:00,none,minimal,stripped,idle,22,32,14,1715,0
2026-05-13T18:20:17+00:00,none,minimal,stripped,idle,22,32,15,1617,0
2026-05-13T18:20:17+00:00,none,minimal,stripped,idle,22,32,16,1616,0
2026-05-13T18:20:17+00:00,none,minimal,stripped,idle,22,32,17,1715,0
2026-05-13T18:20:17+00:00,none,minimal,stripped,idle,22,32,18,1716,0
2026-05-13T18:20:17+00:00,none,minimal,stripped,idle,22,32,19,1716,0
2026-05-13T18:20:17+00:00,none,minimal,stripped,idle,22,32,20,1716,0
2026-05-13T18:20:17+00:00,none,minimal,stripped,idle,22,32,21,1717,0
2026-05-13T18:20:17+00:00,none,minimal,stripped,idle,22,32,22,1719,0
2026-05-13T18:20:17+00:00,none,minimal,stripped,idle,22,32,23,1717,0
2026-05-13T18:20:17+00:00,none,minimal,stripped,idle,22,32,24,1718,0
2026-05-13T18:20:17+00:00,none,minimal,stripped,idle,22,32,25,1618,0
2026-05-13T18:20:17+00:00,none,minimal,stripped,idle,22,32,26,1716,0
2026-05-13T18:20:17+00:00,none,minimal,stripped,idle,22,32,27,1716,0
2026-05-13T18:20:17+00:00,none,minimal,stripped,idle,22,32,28,1617,0
2026-05-13T18:20:17+00:00,none,minimal,stripped,idle,22,32,29,1617,0
2026-05-13T18:20:17+00:00,none,minimal,stripped,idle,22,32,30,1617,0
2026-05-13T18:20:17+00:00,none,minimal,stripped,idle,22,32,31,1616,0
2026-05-13T18:20:24+00:00,none,minimal,stripped,idle,3,48,0,1616,0
2026-05-13T18:20:24+00:00,none,minimal,stripped,idle,3,48,1,1615,0
2026-05-13T18:20:24+00:00,none,minimal,stripped,idle,3,48,2,1619,0
2026-05-13T18:20:24+00:00,none,minimal,stripped,idle,3,48,3,1617,0
2026-05-13T18:20:25+00:00,none,minimal,stripped,idle,3,48,4,1619,0
2026-05-13T18:20:25+00:00,none,minimal,stripped,idle,3,48,5,1615,0
2026-05-13T18:20:25+00:00,none,minimal,stripped,idle,3,48,6,1719,0
2026-05-13T18:20:25+00:00,none,minimal,stripped,idle,3,48,7,1617,0
2026-05-13T18:20:25+00:00,none,minimal,stripped,idle,3,48,8,1617,0
2026-05-13T18:20:25+00:00,none,minimal,stripped,idle,3,48,9,1616,0
2026-05-13T18:20:25+00:00,none,minimal,stripped,idle,3,48,10,1716,0
2026-05-13T18:20:25+00:00,none,minimal,stripped,idle,3,48,11,1617,0
2026-05-13T18:20:25+00:00,none,minimal,stripped,idle,3,48,12,1617,0
2026-05-13T18:20:25+00:00,none,minimal,stripped,idle,3,48,13,1617,0
2026-05-13T18:20:25+00:00,none,minimal,stripped,idle,3,48,14,1719,0
2026-05-13T18:20:25+00:00,none,minimal,stripped,idle,3,48,15,1617,0
2026-05-13T18:20:25+00:00,none,minimal,stripped,idle,3,48,16,1718,0
2026-05-13T18:20:25+00:00,none,minimal,stripped,idle,3,48,17,1620,0
2026-05-13T18:20:25+00:00,none,minimal,stripped,idle,3,48,18,1617,0
2026-05-13T18:20:25+00:00,none,minimal,stripped,idle,3,48,19,1718,0
2026-05-13T18:20:25+00:00,none,minimal,stripped,idle,3,48,20,1719,0
2026-05-13T18:20:25+00:00,none,minimal,stripped,idle,3,48,21,1618,0
2026-05-13T18:20:25+00:00,none,minimal,stripped,idle,3,48,22,1719,0
2026-05-13T18:20:25+00:00,none,minimal,stripped,idle,3,48,23,1618,0
2026-05-13T18:20:25+00:00,none,minimal,stripped,idle,3,48,24,1720,0
2026-05-13T18:20:25+00:00,none,minimal,stripped,idle,3,48,25,1723,0
2026-05-13T18:20:25+00:00,none,minimal,stripped,idle,3,48,26,1721,0
2026-05-13T18:20:25+00:00,none,minimal,stripped,idle,3,48,27,1720,0
2026-05-13T18:20:25+00:00,none,minimal,stripped,idle,3,48,28,1720,0
2026-05-13T18:20:25+00:00,none,minimal,stripped,idle,3,48,29,1621,0
2026-05-13T18:20:25+00:00,none,minimal,stripped,idle,3,48,30,1720,0
2026-05-13T18:20:25+00:00,none,minimal,stripped,idle,3,48,31,1718,0
2026-05-13T18:20:25+00:00,none,minimal,stripped,idle,3,48,32,1719,0
2026-05-13T18:20:25+00:00,none,minimal,stripped,idle,3,48,33,1620,0
2026-05-13T18:20:25+00:00,none,minimal,stripped,idle,3,48,34,1718,0
2026-05-13T18:20:25+00:00,none,minimal,stripped,idle,3,48,35,1719,0
2026-05-13T18:20:25+00:00,none,minimal,stripped,idle,3,48,36,1719,0
2026-05-13T18:20:25+00:00,none,minimal,stripped,idle,3,48,37,1619,0
2026-05-13T18:20:25+00:00,none,minimal,stripped,idle,3,48,38,1721,0
2026-05-13T18:20:25+00:00,none,minimal,stripped,idle,3,48,39,1720,0
2026-05-13T18:20:25+00:00,none,minimal,stripped,idle,3,48,40,1730,0
2026-05-13T18:20:25+00:00,none,minimal,stripped,idle,3,48,41,1724,0
2026-05-13T18:20:25+00:00,none,minimal,stripped,idle,3,48,42,1726,0
2026-05-13T18:20:25+00:00,none,minimal,stripped,idle,3,48,43,1735,0
2026-05-13T18:20:25+00:00,none,minimal,stripped,idle,3,48,44,1726,0
2026-05-13T18:20:25+00:00,none,minimal,stripped,idle,3,48,45,1728,0
2026-05-13T18:20:25+00:00,none,minimal,stripped,idle,3,48,46,1630,0
2026-05-13T18:20:25+00:00,none,minimal,stripped,idle,3,48,47,1718,0
2026-05-13T18:20:27+00:00,none,minimal,stripped,idle,4,48,0,1916,0
2026-05-13T18:20:27+00:00,none,minimal,stripped,idle,4,48,1,1717,0
2026-05-13T18:20:27+00:00,none,minimal,stripped,idle,4,48,2,1715,0
2026-05-13T18:20:27+00:00,none,minimal,stripped,idle,4,48,3,1716,0
2026-05-13T18:20:27+00:00,none,minimal,stripped,idle,4,48,4,1817,0
2026-05-13T18:20:27+00:00,none,minimal,stripped,idle,4,48,5,1617,0
2026-05-13T18:20:27+00:00,none,minimal,stripped,idle,4,48,6,1719,0
2026-05-13T18:20:27+00:00,none,minimal,stripped,idle,4,48,7,1616,0
2026-05-13T18:20:27+00:00,none,minimal,stripped,idle,4,48,8,1715,0
2026-05-13T18:20:27+00:00,none,minimal,stripped,idle,4,48,9,1716,0
2026-05-13T18:20:27+00:00,none,minimal,stripped,idle,4,48,10,1716,0
2026-05-13T18:20:27+00:00,none,minimal,stripped,idle,4,48,11,1818,0
2026-05-13T18:20:27+00:00,none,minimal,stripped,idle,4,48,12,1817,0
2026-05-13T18:20:27+00:00,none,minimal,stripped,idle,4,48,13,1915,0
2026-05-13T18:20:27+00:00,none,minimal,stripped,idle,4,48,14,1716,0
2026-05-13T18:20:27+00:00,none,minimal,stripped,idle,4,48,15,1817,0
2026-05-13T18:20:27+00:00,none,minimal,stripped,idle,4,48,16,1716,0
2026-05-13T18:20:27+00:00,none,minimal,stripped,idle,4,48,17,1617,0
2026-05-13T18:20:27+00:00,none,minimal,stripped,idle,4,48,18,1716,0
2026-05-13T18:20:27+00:00,none,minimal,stripped,idle,4,48,19,1618,0
2026-05-13T18:20:27+00:00,none,minimal,stripped,idle,4,48,20,1717,0
2026-05-13T18:20:27+00:00,none,minimal,stripped,idle,4,48,21,1618,0
2026-05-13T18:20:27+00:00,none,minimal,stripped,idle,4,48,22,1718,0
2026-05-13T18:20:27+00:00,none,minimal,stripped,idle,4,48,23,1618,0
2026-05-13T18:20:27+00:00,none,minimal,stripped,idle,4,48,24,1618,0
2026-05-13T18:20:27+00:00,none,minimal,stripped,idle,4,48,25,1819,0
2026-05-13T18:20:27+00:00,none,minimal,stripped,idle,4,48,26,1819,0
2026-05-13T18:20:27+00:00,none,minimal,stripped,idle,4,48,27,1819,0
2026-05-13T18:20:27+00:00,none,minimal,stripped,idle,4,48,28,1819,0
2026-05-13T18:20:27+00:00,none,minimal,stripped,idle,4,48,29,1819,0
2026-05-13T18:20:27+00:00,none,minimal,stripped,idle,4,48,30,1721,0
2026-05-13T18:20:27+00:00,none,minimal,stripped,idle,4,48,31,1817,0
2026-05-13T18:20:27+00:00,none,minimal,stripped,idle,4,48,32,1818,0
2026-05-13T18:20:27+00:00,none,minimal,stripped,idle,4,48,33,1721,0
2026-05-13T18:20:27+00:00,none,minimal,stripped,idle,4,48,34,1719,0
2026-05-13T18:20:27+00:00,none,minimal,stripped,idle,4,48,35,1720,0
2026-05-13T18:20:27+00:00,none,minimal,stripped,idle,4,48,36,1721,0
2026-05-13T18:20:27+00:00,none,minimal,stripped,idle,4,48,37,1720,0
2026-05-13T18:20:27+00:00,none,minimal,stripped,idle,4,48,38,1822,0
2026-05-13T18:20:27+00:00,none,minimal,stripped,idle,4,48,39,1820,0
2026-05-13T18:20:27+00:00,none,minimal,stripped,idle,4,48,40,1724,0
2026-05-13T18:20:27+00:00,none,minimal,stripped,idle,4,48,41,1822,0
2026-05-13T18:20:27+00:00,none,minimal,stripped,idle,4,48,42,1828,0
2026-05-13T18:20:27+00:00,none,minimal,stripped,idle,4,48,43,1724,0
2026-05-13T18:20:27+00:00,none,minimal,stripped,idle,4,48,44,1722,0
2026-05-13T18:20:27+00:00,none,minimal,stripped,idle,4,48,45,1727,0
2026-05-13T18:20:27+00:00,none,minimal,stripped,idle,4,48,46,1724,0
2026-05-13T18:20:27+00:00,none,minimal,stripped,idle,4,48,47,1724,0
2026-05-13T18:20:30+00:00,none,minimal,stripped,idle,5,48,0,1616,0
2026-05-13T18:20:30+00:00,none,minimal,stripped,idle,5,48,1,1619,0
2026-05-13T18:20:30+00:00,none,minimal,stripped,idle,5,48,2,1616,0
2026-05-13T18:20:30+00:00,none,minimal,stripped,idle,5,48,3,1617,0
2026-05-13T18:20:30+00:00,none,minimal,stripped,idle,5,48,4,1616,0
2026-05-13T18:20:30+00:00,none,minimal,stripped,idle,5,48,5,1616,0
2026-05-13T18:20:30+00:00,none,minimal,stripped,idle,5,48,6,1617,0
2026-05-13T18:20:30+00:00,none,minimal,stripped,idle,5,48,7,1619,0
2026-05-13T18:20:30+00:00,none,minimal,stripped,idle,5,48,8,1618,0
2026-05-13T18:20:30+00:00,none,minimal,stripped,idle,5,48,9,1618,0
2026-05-13T18:20:30+00:00,none,minimal,stripped,idle,5,48,10,1716,0
2026-05-13T18:20:30+00:00,none,minimal,stripped,idle,5,48,11,1716,0
2026-05-13T18:20:30+00:00,none,minimal,stripped,idle,5,48,12,1616,0
2026-05-13T18:20:30+00:00,none,minimal,stripped,idle,5,48,13,1618,0
2026-05-13T18:20:30+00:00,none,minimal,stripped,idle,5,48,14,1717,0
2026-05-13T18:20:30+00:00,none,minimal,stripped,idle,5,48,15,1716,0
2026-05-13T18:20:30+00:00,none,minimal,stripped,idle,5,48,16,1617,0
2026-05-13T18:20:30+00:00,none,minimal,stripped,idle,5,48,17,1616,0
2026-05-13T18:20:30+00:00,none,minimal,stripped,idle,5,48,18,1717,0
2026-05-13T18:20:30+00:00,none,minimal,stripped,idle,5,48,19,1717,0
2026-05-13T18:20:30+00:00,none,minimal,stripped,idle,5,48,20,1718,0
2026-05-13T18:20:30+00:00,none,minimal,stripped,idle,5,48,21,1717,0
2026-05-13T18:20:30+00:00,none,minimal,stripped,idle,5,48,22,1617,0
2026-05-13T18:20:30+00:00,none,minimal,stripped,idle,5,48,23,1618,0
2026-05-13T18:20:30+00:00,none,minimal,stripped,idle,5,48,24,1718,0
2026-05-13T18:20:30+00:00,none,minimal,stripped,idle,5,48,25,1720,0
2026-05-13T18:20:30+00:00,none,minimal,stripped,idle,5,48,26,1717,0
2026-05-13T18:20:30+00:00,none,minimal,stripped,idle,5,48,27,1720,0
2026-05-13T18:20:30+00:00,none,minimal,stripped,idle,5,48,28,1718,0
2026-05-13T18:20:30+00:00,none,minimal,stripped,idle,5,48,29,1620,0
2026-05-13T18:20:30+00:00,none,minimal,stripped,idle,5,48,30,1718,0
2026-05-13T18:20:30+00:00,none,minimal,stripped,idle,5,48,31,1618,0
2026-05-13T18:20:30+00:00,none,minimal,stripped,idle,5,48,32,1717,0
2026-05-13T18:20:30+00:00,none,minimal,stripped,idle,5,48,33,1619,0
2026-05-13T18:20:30+00:00,none,minimal,stripped,idle,5,48,34,1722,0
2026-05-13T18:20:30+00:00,none,minimal,stripped,idle,5,48,35,1720,0
2026-05-13T18:20:30+00:00,none,minimal,stripped,idle,5,48,36,1721,0
2026-05-13T18:20:30+00:00,none,minimal,stripped,idle,5,48,37,1721,0
2026-05-13T18:20:30+00:00,none,minimal,stripped,idle,5,48,38,1721,0
2026-05-13T18:20:30+00:00,none,minimal,stripped,idle,5,48,39,1721,0
2026-05-13T18:20:30+00:00,none,minimal,stripped,idle,5,48,40,1719,0
2026-05-13T18:20:30+00:00,none,minimal,stripped,idle,5,48,41,1725,0
2026-05-13T18:20:30+00:00,none,minimal,stripped,idle,5,48,42,1723,0
2026-05-13T18:20:30+00:00,none,minimal,stripped,idle,5,48,43,1723,0
2026-05-13T18:20:30+00:00,none,minimal,stripped,idle,5,48,44,1724,0
2026-05-13T18:20:30+00:00,none,minimal,stripped,idle,5,48,45,1627,0
2026-05-13T18:20:30+00:00,none,minimal,stripped,idle,5,48,46,1725,0
2026-05-13T18:20:30+00:00,none,minimal,stripped,idle,5,48,47,1725,0
2026-05-13T18:20:32+00:00,none,minimal,stripped,idle,6,48,0,1619,0
2026-05-13T18:20:32+00:00,none,minimal,stripped,idle,6,48,1,1616,0
2026-05-13T18:20:32+00:00,none,minimal,stripped,idle,6,48,2,1617,0
2026-05-13T18:20:32+00:00,none,minimal,stripped,idle,6,48,3,1716,0
2026-05-13T18:20:32+00:00,none,minimal,stripped,idle,6,48,4,1616,0
2026-05-13T18:20:32+00:00,none,minimal,stripped,idle,6,48,5,1716,0
2026-05-13T18:20:32+00:00,none,minimal,stripped,idle,6,48,6,1818,0
2026-05-13T18:20:32+00:00,none,minimal,stripped,idle,6,48,7,1716,0
2026-05-13T18:20:32+00:00,none,minimal,stripped,idle,6,48,8,1816,0
2026-05-13T18:20:32+00:00,none,minimal,stripped,idle,6,48,9,1618,0
2026-05-13T18:20:32+00:00,none,minimal,stripped,idle,6,48,10,1716,0
2026-05-13T18:20:32+00:00,none,minimal,stripped,idle,6,48,11,1816,0
2026-05-13T18:20:32+00:00,none,minimal,stripped,idle,6,48,12,1716,0
2026-05-13T18:20:32+00:00,none,minimal,stripped,idle,6,48,13,1716,0
2026-05-13T18:20:32+00:00,none,minimal,stripped,idle,6,48,14,1815,0
2026-05-13T18:20:32+00:00,none,minimal,stripped,idle,6,48,15,1617,0
2026-05-13T18:20:32+00:00,none,minimal,stripped,idle,6,48,16,1718,0
2026-05-13T18:20:32+00:00,none,minimal,stripped,idle,6,48,17,1717,0
2026-05-13T18:20:32+00:00,none,minimal,stripped,idle,6,48,18,1616,0
2026-05-13T18:20:32+00:00,none,minimal,stripped,idle,6,48,19,1717,0
2026-05-13T18:20:32+00:00,none,minimal,stripped,idle,6,48,20,1715,0
2026-05-13T18:20:32+00:00,none,minimal,stripped,idle,6,48,21,1717,0
2026-05-13T18:20:32+00:00,none,minimal,stripped,idle,6,48,22,1720,0
2026-05-13T18:20:32+00:00,none,minimal,stripped,idle,6,48,23,1718,0
2026-05-13T18:20:32+00:00,none,minimal,stripped,idle,6,48,24,1719,0
2026-05-13T18:20:32+00:00,none,minimal,stripped,idle,6,48,25,1719,0
2026-05-13T18:20:32+00:00,none,minimal,stripped,idle,6,48,26,1717,0
2026-05-13T18:20:32+00:00,none,minimal,stripped,idle,6,48,27,1719,0
2026-05-13T18:20:32+00:00,none,minimal,stripped,idle,6,48,28,1719,0
2026-05-13T18:20:32+00:00,none,minimal,stripped,idle,6,48,29,1817,0
2026-05-13T18:20:32+00:00,none,minimal,stripped,idle,6,48,30,1717,0
2026-05-13T18:20:32+00:00,none,minimal,stripped,idle,6,48,31,1722,0
2026-05-13T18:20:32+00:00,none,minimal,stripped,idle,6,48,32,1721,0
2026-05-13T18:20:32+00:00,none,minimal,stripped,idle,6,48,33,1718,0
2026-05-13T18:20:32+00:00,none,minimal,stripped,idle,6,48,34,1718,0
2026-05-13T18:20:32+00:00,none,minimal,stripped,idle,6,48,35,1717,0
2026-05-13T18:20:32+00:00,none,minimal,stripped,idle,6,48,36,1720,0
2026-05-13T18:20:32+00:00,none,minimal,stripped,idle,6,48,37,1719,0
2026-05-13T18:20:32+00:00,none,minimal,stripped,idle,6,48,38,1720,0
2026-05-13T18:20:32+00:00,none,minimal,stripped,idle,6,48,39,1724,0
2026-05-13T18:20:32+00:00,none,minimal,stripped,idle,6,48,40,1726,0
2026-05-13T18:20:32+00:00,none,minimal,stripped,idle,6,48,41,1722,0
2026-05-13T18:20:32+00:00,none,minimal,stripped,idle,6,48,42,1725,0
2026-05-13T18:20:32+00:00,none,minimal,stripped,idle,6,48,43,1720,0
2026-05-13T18:20:32+00:00,none,minimal,stripped,idle,6,48,44,1722,0
2026-05-13T18:20:32+00:00,none,minimal,stripped,idle,6,48,45,1724,0
2026-05-13T18:20:32+00:00,none,minimal,stripped,idle,6,48,46,1721,0
2026-05-13T18:20:32+00:00,none,minimal,stripped,idle,6,48,47,1623,0
2026-05-13T18:20:35+00:00,none,minimal,stripped,idle,7,48,0,1620,0
2026-05-13T18:20:35+00:00,none,minimal,stripped,idle,7,48,1,1620,0
2026-05-13T18:20:35+00:00,none,minimal,stripped,idle,7,48,2,1617,0
2026-05-13T18:20:35+00:00,none,minimal,stripped,idle,7,48,3,1616,0
2026-05-13T18:20:35+00:00,none,minimal,stripped,idle,7,48,4,1617,0
2026-05-13T18:20:35+00:00,none,minimal,stripped,idle,7,48,5,1616,0
2026-05-13T18:20:35+00:00,none,minimal,stripped,idle,7,48,6,1715,0
2026-05-13T18:20:35+00:00,none,minimal,stripped,idle,7,48,7,1616,0
2026-05-13T18:20:35+00:00,none,minimal,stripped,idle,7,48,8,1718,0
2026-05-13T18:20:35+00:00,none,minimal,stripped,idle,7,48,9,1617,0
2026-05-13T18:20:35+00:00,none,minimal,stripped,idle,7,48,10,1618,0
2026-05-13T18:20:35+00:00,none,minimal,stripped,idle,7,48,11,1617,0
2026-05-13T18:20:35+00:00,none,minimal,stripped,idle,7,48,12,1716,0
2026-05-13T18:20:35+00:00,none,minimal,stripped,idle,7,48,13,1617,0
2026-05-13T18:20:35+00:00,none,minimal,stripped,idle,7,48,14,1617,0
2026-05-13T18:20:35+00:00,none,minimal,stripped,idle,7,48,15,1716,0
2026-05-13T18:20:35+00:00,none,minimal,stripped,idle,7,48,16,1617,0
2026-05-13T18:20:35+00:00,none,minimal,stripped,idle,7,48,17,1617,0
2026-05-13T18:20:35+00:00,none,minimal,stripped,idle,7,48,18,1618,0
2026-05-13T18:20:35+00:00,none,minimal,stripped,idle,7,48,19,1816,0
2026-05-13T18:20:35+00:00,none,minimal,stripped,idle,7,48,20,1716,0
2026-05-13T18:20:35+00:00,none,minimal,stripped,idle,7,48,21,1718,0
2026-05-13T18:20:35+00:00,none,minimal,stripped,idle,7,48,22,1718,0
2026-05-13T18:20:35+00:00,none,minimal,stripped,idle,7,48,23,1717,0
2026-05-13T18:20:35+00:00,none,minimal,stripped,idle,7,48,24,1719,0
2026-05-13T18:20:35+00:00,none,minimal,stripped,idle,7,48,25,1618,0
2026-05-13T18:20:35+00:00,none,minimal,stripped,idle,7,48,26,1618,0
2026-05-13T18:20:35+00:00,none,minimal,stripped,idle,7,48,27,1717,0
2026-05-13T18:20:35+00:00,none,minimal,stripped,idle,7,48,28,1619,0
2026-05-13T18:20:35+00:00,none,minimal,stripped,idle,7,48,29,1819,0
2026-05-13T18:20:35+00:00,none,minimal,stripped,idle,7,48,30,1822,0
2026-05-13T18:20:35+00:00,none,minimal,stripped,idle,7,48,31,1820,0
2026-05-13T18:20:35+00:00,none,minimal,stripped,idle,7,48,32,1719,0
2026-05-13T18:20:35+00:00,none,minimal,stripped,idle,7,48,33,1718,0
2026-05-13T18:20:35+00:00,none,minimal,stripped,idle,7,48,34,1718,0
2026-05-13T18:20:35+00:00,none,minimal,stripped,idle,7,48,35,1724,0
2026-05-13T18:20:35+00:00,none,minimal,stripped,idle,7,48,36,1718,0
2026-05-13T18:20:35+00:00,none,minimal,stripped,idle,7,48,37,1718,0
2026-05-13T18:20:35+00:00,none,minimal,stripped,idle,7,48,38,1717,0
2026-05-13T18:20:35+00:00,none,minimal,stripped,idle,7,48,39,1718,0
2026-05-13T18:20:35+00:00,none,minimal,stripped,idle,7,48,40,1720,0
2026-05-13T18:20:35+00:00,none,minimal,stripped,idle,7,48,41,1622,0
2026-05-13T18:20:35+00:00,none,minimal,stripped,idle,7,48,42,1724,0
2026-05-13T18:20:35+00:00,none,minimal,stripped,idle,7,48,43,1629,0
2026-05-13T18:20:35+00:00,none,minimal,stripped,idle,7,48,44,1722,0
2026-05-13T18:20:35+00:00,none,minimal,stripped,idle,7,48,45,1728,0
2026-05-13T18:20:35+00:00,none,minimal,stripped,idle,7,48,46,1720,0
2026-05-13T18:20:35+00:00,none,minimal,stripped,idle,7,48,47,1723,0
2026-05-13T18:20:37+00:00,none,minimal,stripped,idle,8,48,0,1617,0
2026-05-13T18:20:37+00:00,none,minimal,stripped,idle,8,48,1,1517,0
2026-05-13T18:20:37+00:00,none,minimal,stripped,idle,8,48,2,1716,0
2026-05-13T18:20:37+00:00,none,minimal,stripped,idle,8,48,3,1616,0
2026-05-13T18:20:37+00:00,none,minimal,stripped,idle,8,48,4,1715,0
2026-05-13T18:20:37+00:00,none,minimal,stripped,idle,8,48,5,1620,0
2026-05-13T18:20:37+00:00,none,minimal,stripped,idle,8,48,6,1618,0
2026-05-13T18:20:37+00:00,none,minimal,stripped,idle,8,48,7,1616,0
2026-05-13T18:20:37+00:00,none,minimal,stripped,idle,8,48,8,1615,0
2026-05-13T18:20:37+00:00,none,minimal,stripped,idle,8,48,9,1615,0
2026-05-13T18:20:37+00:00,none,minimal,stripped,idle,8,48,10,1617,0
2026-05-13T18:20:37+00:00,none,minimal,stripped,idle,8,48,11,1616,0
2026-05-13T18:20:37+00:00,none,minimal,stripped,idle,8,48,12,1716,0
2026-05-13T18:20:37+00:00,none,minimal,stripped,idle,8,48,13,1717,0
2026-05-13T18:20:37+00:00,none,minimal,stripped,idle,8,48,14,1718,0
2026-05-13T18:20:37+00:00,none,minimal,stripped,idle,8,48,15,1617,0
2026-05-13T18:20:37+00:00,none,minimal,stripped,idle,8,48,16,1618,0
2026-05-13T18:20:37+00:00,none,minimal,stripped,idle,8,48,17,1717,0
2026-05-13T18:20:37+00:00,none,minimal,stripped,idle,8,48,18,1717,0
2026-05-13T18:20:37+00:00,none,minimal,stripped,idle,8,48,19,1616,0
2026-05-13T18:20:37+00:00,none,minimal,stripped,idle,8,48,20,1717,0
2026-05-13T18:20:37+00:00,none,minimal,stripped,idle,8,48,21,1618,0
2026-05-13T18:20:37+00:00,none,minimal,stripped,idle,8,48,22,1616,0
2026-05-13T18:20:37+00:00,none,minimal,stripped,idle,8,48,23,1616,0
2026-05-13T18:20:37+00:00,none,minimal,stripped,idle,8,48,24,1719,0
2026-05-13T18:20:37+00:00,none,minimal,stripped,idle,8,48,25,1618,0
2026-05-13T18:20:37+00:00,none,minimal,stripped,idle,8,48,26,1617,0
2026-05-13T18:20:37+00:00,none,minimal,stripped,idle,8,48,27,1719,0
2026-05-13T18:20:37+00:00,none,minimal,stripped,idle,8,48,28,1620,0
2026-05-13T18:20:37+00:00,none,minimal,stripped,idle,8,48,29,1719,0
2026-05-13T18:20:37+00:00,none,minimal,stripped,idle,8,48,30,1719,0
2026-05-13T18:20:37+00:00,none,minimal,stripped,idle,8,48,31,1719,0
2026-05-13T18:20:37+00:00,none,minimal,stripped,idle,8,48,32,1719,0
2026-05-13T18:20:37+00:00,none,minimal,stripped,idle,8,48,33,1718,0
2026-05-13T18:20:37+00:00,none,minimal,stripped,idle,8,48,34,1718,0
2026-05-13T18:20:37+00:00,none,minimal,stripped,idle,8,48,35,1619,0
2026-05-13T18:20:37+00:00,none,minimal,stripped,idle,8,48,36,1620,0
2026-05-13T18:20:37+00:00,none,minimal,stripped,idle,8,48,37,1717,0
2026-05-13T18:20:37+00:00,none,minimal,stripped,idle,8,48,38,1720,0
2026-05-13T18:20:37+00:00,none,minimal,stripped,idle,8,48,39,1720,0
2026-05-13T18:20:37+00:00,none,minimal,stripped,idle,8,48,40,1619,0
2026-05-13T18:20:38+00:00,none,minimal,stripped,idle,8,48,41,1720,0
2026-05-13T18:20:38+00:00,none,minimal,stripped,idle,8,48,42,1626,0
2026-05-13T18:20:38+00:00,none,minimal,stripped,idle,8,48,43,1726,0
2026-05-13T18:20:38+00:00,none,minimal,stripped,idle,8,48,44,1626,0
2026-05-13T18:20:38+00:00,none,minimal,stripped,idle,8,48,45,1720,0
2026-05-13T18:20:38+00:00,none,minimal,stripped,idle,8,48,46,1719,0
2026-05-13T18:20:38+00:00,none,minimal,stripped,idle,8,48,47,1626,0
2026-05-13T18:20:40+00:00,none,minimal,stripped,idle,9,48,0,1619,0
2026-05-13T18:20:40+00:00,none,minimal,stripped,idle,9,48,1,1618,0
2026-05-13T18:20:40+00:00,none,minimal,stripped,idle,9,48,2,1617,0
2026-05-13T18:20:40+00:00,none,minimal,stripped,idle,9,48,3,1718,0
2026-05-13T18:20:40+00:00,none,minimal,stripped,idle,9,48,4,1617,0
2026-05-13T18:20:40+00:00,none,minimal,stripped,idle,9,48,5,1717,0
2026-05-13T18:20:40+00:00,none,minimal,stripped,idle,9,48,6,1716,0
2026-05-13T18:20:40+00:00,none,minimal,stripped,idle,9,48,7,1715,0
2026-05-13T18:20:40+00:00,none,minimal,stripped,idle,9,48,8,1718,0
2026-05-13T18:20:40+00:00,none,minimal,stripped,idle,9,48,9,1717,0
2026-05-13T18:20:40+00:00,none,minimal,stripped,idle,9,48,10,1618,0
2026-05-13T18:20:40+00:00,none,minimal,stripped,idle,9,48,11,1717,0
2026-05-13T18:20:40+00:00,none,minimal,stripped,idle,9,48,12,1716,0
2026-05-13T18:20:40+00:00,none,minimal,stripped,idle,9,48,13,1618,0
2026-05-13T18:20:40+00:00,none,minimal,stripped,idle,9,48,14,1717,0
2026-05-13T18:20:40+00:00,none,minimal,stripped,idle,9,48,15,1717,0
2026-05-13T18:20:40+00:00,none,minimal,stripped,idle,9,48,16,1619,0
2026-05-13T18:20:40+00:00,none,minimal,stripped,idle,9,48,17,1716,0
2026-05-13T18:20:40+00:00,none,minimal,stripped,idle,9,48,18,1819,0
2026-05-13T18:20:40+00:00,none,minimal,stripped,idle,9,48,19,1817,0
2026-05-13T18:20:40+00:00,none,minimal,stripped,idle,9,48,20,1818,0
2026-05-13T18:20:40+00:00,none,minimal,stripped,idle,9,48,21,1817,0
2026-05-13T18:20:40+00:00,none,minimal,stripped,idle,9,48,22,1817,0
2026-05-13T18:20:40+00:00,none,minimal,stripped,idle,9,48,23,1818,0
2026-05-13T18:20:40+00:00,none,minimal,stripped,idle,9,48,24,1721,0
2026-05-13T18:20:40+00:00,none,minimal,stripped,idle,9,48,25,1820,0
2026-05-13T18:20:40+00:00,none,minimal,stripped,idle,9,48,26,1820,0
2026-05-13T18:20:40+00:00,none,minimal,stripped,idle,9,48,27,1817,0
2026-05-13T18:20:40+00:00,none,minimal,stripped,idle,9,48,28,1817,0
2026-05-13T18:20:40+00:00,none,minimal,stripped,idle,9,48,29,1719,0
2026-05-13T18:20:40+00:00,none,minimal,stripped,idle,9,48,30,1819,0
2026-05-13T18:20:40+00:00,none,minimal,stripped,idle,9,48,31,1718,0
2026-05-13T18:20:40+00:00,none,minimal,stripped,idle,9,48,32,1818,0
2026-05-13T18:20:40+00:00,none,minimal,stripped,idle,9,48,33,1720,0
2026-05-13T18:20:40+00:00,none,minimal,stripped,idle,9,48,34,1718,0
2026-05-13T18:20:40+00:00,none,minimal,stripped,idle,9,48,35,1719,0
2026-05-13T18:20:40+00:00,none,minimal,stripped,idle,9,48,36,1719,0
2026-05-13T18:20:40+00:00,none,minimal,stripped,idle,9,48,37,1719,0
2026-05-13T18:20:40+00:00,none,minimal,stripped,idle,9,48,38,1722,0
2026-05-13T18:20:40+00:00,none,minimal,stripped,idle,9,48,39,1717,0
2026-05-13T18:20:40+00:00,none,minimal,stripped,idle,9,48,40,1720,0
2026-05-13T18:20:40+00:00,none,minimal,stripped,idle,9,48,41,1723,0
2026-05-13T18:20:40+00:00,none,minimal,stripped,idle,9,48,42,1727,0
2026-05-13T18:20:40+00:00,none,minimal,stripped,idle,9,48,43,1823,0
2026-05-13T18:20:40+00:00,none,minimal,stripped,idle,9,48,44,1723,0
2026-05-13T18:20:40+00:00,none,minimal,stripped,idle,9,48,45,1718,0
2026-05-13T18:20:40+00:00,none,minimal,stripped,idle,9,48,46,1723,0
2026-05-13T18:20:40+00:00,none,minimal,stripped,idle,9,48,47,1720,0
2026-05-13T18:20:42+00:00,none,minimal,stripped,idle,10,48,0,1616,0
2026-05-13T18:20:42+00:00,none,minimal,stripped,idle,10,48,1,1617,0
2026-05-13T18:20:42+00:00,none,minimal,stripped,idle,10,48,2,1616,0
2026-05-13T18:20:42+00:00,none,minimal,stripped,idle,10,48,3,1617,0
2026-05-13T18:20:42+00:00,none,minimal,stripped,idle,10,48,4,1620,0
2026-05-13T18:20:42+00:00,none,minimal,stripped,idle,10,48,5,1617,0
2026-05-13T18:20:42+00:00,none,minimal,stripped,idle,10,48,6,1618,0
2026-05-13T18:20:42+00:00,none,minimal,stripped,idle,10,48,7,1616,0
2026-05-13T18:20:42+00:00,none,minimal,stripped,idle,10,48,8,1617,0
2026-05-13T18:20:42+00:00,none,minimal,stripped,idle,10,48,9,1716,0
2026-05-13T18:20:42+00:00,none,minimal,stripped,idle,10,48,10,1716,0
2026-05-13T18:20:42+00:00,none,minimal,stripped,idle,10,48,11,1717,0
2026-05-13T18:20:42+00:00,none,minimal,stripped,idle,10,48,12,1617,0
2026-05-13T18:20:42+00:00,none,minimal,stripped,idle,10,48,13,1716,0
2026-05-13T18:20:42+00:00,none,minimal,stripped,idle,10,48,14,1717,0
2026-05-13T18:20:42+00:00,none,minimal,stripped,idle,10,48,15,1718,0
2026-05-13T18:20:42+00:00,none,minimal,stripped,idle,10,48,16,1616,0
2026-05-13T18:20:43+00:00,none,minimal,stripped,idle,10,48,17,1717,0
2026-05-13T18:20:43+00:00,none,minimal,stripped,idle,10,48,18,1618,0
2026-05-13T18:20:43+00:00,none,minimal,stripped,idle,10,48,19,1719,0
2026-05-13T18:20:43+00:00,none,minimal,stripped,idle,10,48,20,1818,0
2026-05-13T18:20:43+00:00,none,minimal,stripped,idle,10,48,21,1717,0
2026-05-13T18:20:43+00:00,none,minimal,stripped,idle,10,48,22,619,1
2026-05-13T18:20:43+00:00,none,minimal,stripped,idle,10,48,23,1719,0
2026-05-13T18:20:43+00:00,none,minimal,stripped,idle,10,48,24,1717,0
2026-05-13T18:20:43+00:00,none,minimal,stripped,idle,10,48,25,1721,0
2026-05-13T18:20:43+00:00,none,minimal,stripped,idle,10,48,26,1820,0
2026-05-13T18:20:43+00:00,none,minimal,stripped,idle,10,48,27,1718,0
2026-05-13T18:20:43+00:00,none,minimal,stripped,idle,10,48,28,1617,0
2026-05-13T18:20:43+00:00,none,minimal,stripped,idle,10,48,29,1716,0
2026-05-13T18:20:43+00:00,none,minimal,stripped,idle,10,48,30,1621,0
2026-05-13T18:20:43+00:00,none,minimal,stripped,idle,10,48,31,1618,0
2026-05-13T18:20:43+00:00,none,minimal,stripped,idle,10,48,32,1819,0
2026-05-13T18:20:43+00:00,none,minimal,stripped,idle,10,48,33,1717,0
2026-05-13T18:20:43+00:00,none,minimal,stripped,idle,10,48,34,1718,0
2026-05-13T18:20:43+00:00,none,minimal,stripped,idle,10,48,35,1718,0
2026-05-13T18:20:43+00:00,none,minimal,stripped,idle,10,48,36,1718,0
2026-05-13T18:20:43+00:00,none,minimal,stripped,idle,10,48,37,1720,0
2026-05-13T18:20:43+00:00,none,minimal,stripped,idle,10,48,38,1720,0
2026-05-13T18:20:43+00:00,none,minimal,stripped,idle,10,48,39,1725,0
2026-05-13T18:20:43+00:00,none,minimal,stripped,idle,10,48,40,1722,0
2026-05-13T18:20:43+00:00,none,minimal,stripped,idle,10,48,41,1724,0
2026-05-13T18:20:43+00:00,none,minimal,stripped,idle,10,48,42,1723,0
2026-05-13T18:20:43+00:00,none,minimal,stripped,idle,10,48,43,1731,0
2026-05-13T18:20:43+00:00,none,minimal,stripped,idle,10,48,44,1626,0
2026-05-13T18:20:43+00:00,none,minimal,stripped,idle,10,48,45,1727,0
2026-05-13T18:20:43+00:00,none,minimal,stripped,idle,10,48,46,1721,0
2026-05-13T18:20:43+00:00,none,minimal,stripped,idle,10,48,47,1720,0
2026-05-13T18:20:45+00:00,none,minimal,stripped,idle,11,48,0,1618,0
2026-05-13T18:20:45+00:00,none,minimal,stripped,idle,11,48,1,1619,0
2026-05-13T18:20:45+00:00,none,minimal,stripped,idle,11,48,2,1618,0
2026-05-13T18:20:45+00:00,none,minimal,stripped,idle,11,48,3,1721,0
2026-05-13T18:20:45+00:00,none,minimal,stripped,idle,11,48,4,1716,0
2026-05-13T18:20:45+00:00,none,minimal,stripped,idle,11,48,5,1618,0
2026-05-13T18:20:45+00:00,none,minimal,stripped,idle,11,48,6,1716,0
2026-05-13T18:20:45+00:00,none,minimal,stripped,idle,11,48,7,1718,0
2026-05-13T18:20:45+00:00,none,minimal,stripped,idle,11,48,8,1716,0
2026-05-13T18:20:45+00:00,none,minimal,stripped,idle,11,48,9,1726,0
2026-05-13T18:20:45+00:00,none,minimal,stripped,idle,11,48,10,1717,0
2026-05-13T18:20:45+00:00,none,minimal,stripped,idle,11,48,11,1719,0
2026-05-13T18:20:45+00:00,none,minimal,stripped,idle,11,48,12,1619,0
2026-05-13T18:20:45+00:00,none,minimal,stripped,idle,11,48,13,1716,0
2026-05-13T18:20:45+00:00,none,minimal,stripped,idle,11,48,14,1817,0
2026-05-13T18:20:45+00:00,none,minimal,stripped,idle,11,48,15,1817,0
2026-05-13T18:20:45+00:00,none,minimal,stripped,idle,11,48,16,1816,0
2026-05-13T18:20:45+00:00,none,minimal,stripped,idle,11,48,17,1819,0
2026-05-13T18:20:45+00:00,none,minimal,stripped,idle,11,48,18,1816,0
2026-05-13T18:20:45+00:00,none,minimal,stripped,idle,11,48,19,1818,0
2026-05-13T18:20:45+00:00,none,minimal,stripped,idle,11,48,20,1818,0
2026-05-13T18:20:45+00:00,none,minimal,stripped,idle,11,48,21,1817,0
2026-05-13T18:20:45+00:00,none,minimal,stripped,idle,11,48,22,1717,0
2026-05-13T18:20:45+00:00,none,minimal,stripped,idle,11,48,23,1818,0
2026-05-13T18:20:45+00:00,none,minimal,stripped,idle,11,48,24,1717,0
2026-05-13T18:20:45+00:00,none,minimal,stripped,idle,11,48,25,1718,0
2026-05-13T18:20:45+00:00,none,minimal,stripped,idle,11,48,26,1818,0
2026-05-13T18:20:45+00:00,none,minimal,stripped,idle,11,48,27,1819,0
2026-05-13T18:20:45+00:00,none,minimal,stripped,idle,11,48,28,1719,0
2026-05-13T18:20:45+00:00,none,minimal,stripped,idle,11,48,29,1819,0
2026-05-13T18:20:45+00:00,none,minimal,stripped,idle,11,48,30,1720,0
2026-05-13T18:20:45+00:00,none,minimal,stripped,idle,11,48,31,1722,0
2026-05-13T18:20:45+00:00,none,minimal,stripped,idle,11,48,32,1721,0
2026-05-13T18:20:45+00:00,none,minimal,stripped,idle,11,48,33,1719,0
2026-05-13T18:20:45+00:00,none,minimal,stripped,idle,11,48,34,1819,0
2026-05-13T18:20:45+00:00,none,minimal,stripped,idle,11,48,35,1719,0
2026-05-13T18:20:45+00:00,none,minimal,stripped,idle,11,48,36,1719,0
2026-05-13T18:20:45+00:00,none,minimal,stripped,idle,11,48,37,1720,0
2026-05-13T18:20:45+00:00,none,minimal,stripped,idle,11,48,38,1720,0
2026-05-13T18:20:45+00:00,none,minimal,stripped,idle,11,48,39,1723,0
2026-05-13T18:20:45+00:00,none,minimal,stripped,idle,11,48,40,1719,0
2026-05-13T18:20:45+00:00,none,minimal,stripped,idle,11,48,41,1725,0
2026-05-13T18:20:45+00:00,none,minimal,stripped,idle,11,48,42,1724,0
2026-05-13T18:20:45+00:00,none,minimal,stripped,idle,11,48,43,1826,0
2026-05-13T18:20:45+00:00,none,minimal,stripped,idle,11,48,44,1723,0
2026-05-13T18:20:45+00:00,none,minimal,stripped,idle,11,48,45,1727,0
2026-05-13T18:20:45+00:00,none,minimal,stripped,idle,11,48,46,1721,0
2026-05-13T18:20:45+00:00,none,minimal,stripped,idle,11,48,47,1729,0
2026-05-13T18:20:48+00:00,none,minimal,stripped,idle,12,48,0,1718,0
2026-05-13T18:20:48+00:00,none,minimal,stripped,idle,12,48,1,1816,0
2026-05-13T18:20:48+00:00,none,minimal,stripped,idle,12,48,2,1716,0
2026-05-13T18:20:48+00:00,none,minimal,stripped,idle,12,48,3,1617,0
2026-05-13T18:20:48+00:00,none,minimal,stripped,idle,12,48,4,1718,0
2026-05-13T18:20:48+00:00,none,minimal,stripped,idle,12,48,5,1721,0
2026-05-13T18:20:48+00:00,none,minimal,stripped,idle,12,48,6,1717,0
2026-05-13T18:20:48+00:00,none,minimal,stripped,idle,12,48,7,1716,0
2026-05-13T18:20:48+00:00,none,minimal,stripped,idle,12,48,8,1717,0
2026-05-13T18:20:48+00:00,none,minimal,stripped,idle,12,48,9,1716,0
2026-05-13T18:20:48+00:00,none,minimal,stripped,idle,12,48,10,1717,0
2026-05-13T18:20:48+00:00,none,minimal,stripped,idle,12,48,11,1717,0
2026-05-13T18:20:48+00:00,none,minimal,stripped,idle,12,48,12,1715,0
2026-05-13T18:20:48+00:00,none,minimal,stripped,idle,12,48,13,1717,0
2026-05-13T18:20:48+00:00,none,minimal,stripped,idle,12,48,14,1718,0
2026-05-13T18:20:48+00:00,none,minimal,stripped,idle,12,48,15,1717,0
2026-05-13T18:20:48+00:00,none,minimal,stripped,idle,12,48,16,1716,0
2026-05-13T18:20:48+00:00,none,minimal,stripped,idle,12,48,17,1917,0
2026-05-13T18:20:48+00:00,none,minimal,stripped,idle,12,48,18,1716,0
2026-05-13T18:20:48+00:00,none,minimal,stripped,idle,12,48,19,1917,0
2026-05-13T18:20:48+00:00,none,minimal,stripped,idle,12,48,20,1718,0
2026-05-13T18:20:48+00:00,none,minimal,stripped,idle,12,48,21,1816,0
2026-05-13T18:20:48+00:00,none,minimal,stripped,idle,12,48,22,1819,0
2026-05-13T18:20:48+00:00,none,minimal,stripped,idle,12,48,23,1718,0
2026-05-13T18:20:48+00:00,none,minimal,stripped,idle,12,48,24,1818,0
2026-05-13T18:20:48+00:00,none,minimal,stripped,idle,12,48,25,1817,0
2026-05-13T18:20:48+00:00,none,minimal,stripped,idle,12,48,26,1917,0
2026-05-13T18:20:48+00:00,none,minimal,stripped,idle,12,48,27,1817,0
2026-05-13T18:20:48+00:00,none,minimal,stripped,idle,12,48,28,1818,0
2026-05-13T18:20:48+00:00,none,minimal,stripped,idle,12,48,29,1819,0
2026-05-13T18:20:48+00:00,none,minimal,stripped,idle,12,48,30,1821,0
2026-05-13T18:20:48+00:00,none,minimal,stripped,idle,12,48,31,1820,0
2026-05-13T18:20:48+00:00,none,minimal,stripped,idle,12,48,32,1723,0
2026-05-13T18:20:48+00:00,none,minimal,stripped,idle,12,48,33,1719,0
2026-05-13T18:20:48+00:00,none,minimal,stripped,idle,12,48,34,1818,0
2026-05-13T18:20:48+00:00,none,minimal,stripped,idle,12,48,35,1820,0
2026-05-13T18:20:48+00:00,none,minimal,stripped,idle,12,48,36,1820,0
2026-05-13T18:20:48+00:00,none,minimal,stripped,idle,12,48,37,1819,0
2026-05-13T18:20:48+00:00,none,minimal,stripped,idle,12,48,38,1818,0
2026-05-13T18:20:48+00:00,none,minimal,stripped,idle,12,48,39,1718,0
2026-05-13T18:20:48+00:00,none,minimal,stripped,idle,12,48,40,1828,0
2026-05-13T18:20:48+00:00,none,minimal,stripped,idle,12,48,41,1820,0
2026-05-13T18:20:48+00:00,none,minimal,stripped,idle,12,48,42,1717,0
2026-05-13T18:20:48+00:00,none,minimal,stripped,idle,12,48,43,1728,0
2026-05-13T18:20:48+00:00,none,minimal,stripped,idle,12,48,44,1721,0
2026-05-13T18:20:48+00:00,none,minimal,stripped,idle,12,48,45,1727,0
2026-05-13T18:20:48+00:00,none,minimal,stripped,idle,12,48,46,1725,0
2026-05-13T18:20:48+00:00,none,minimal,stripped,idle,12,48,47,1725,0
2026-05-13T18:20:50+00:00,none,minimal,stripped,idle,13,48,0,1617,0
2026-05-13T18:20:50+00:00,none,minimal,stripped,idle,13,48,1,1517,0
2026-05-13T18:20:50+00:00,none,minimal,stripped,idle,13,48,2,1616,0
2026-05-13T18:20:50+00:00,none,minimal,stripped,idle,13,48,3,1618,0
2026-05-13T18:20:50+00:00,none,minimal,stripped,idle,13,48,4,1618,0
2026-05-13T18:20:50+00:00,none,minimal,stripped,idle,13,48,5,1619,0
2026-05-13T18:20:50+00:00,none,minimal,stripped,idle,13,48,6,1616,0
2026-05-13T18:20:50+00:00,none,minimal,stripped,idle,13,48,7,1617,0
2026-05-13T18:20:50+00:00,none,minimal,stripped,idle,13,48,8,1617,0
2026-05-13T18:20:50+00:00,none,minimal,stripped,idle,13,48,9,1616,0
2026-05-13T18:20:50+00:00,none,minimal,stripped,idle,13,48,10,1617,0
2026-05-13T18:20:50+00:00,none,minimal,stripped,idle,13,48,11,1617,0
2026-05-13T18:20:50+00:00,none,minimal,stripped,idle,13,48,12,1618,0
2026-05-13T18:20:50+00:00,none,minimal,stripped,idle,13,48,13,1618,0
2026-05-13T18:20:50+00:00,none,minimal,stripped,idle,13,48,14,1619,0
2026-05-13T18:20:50+00:00,none,minimal,stripped,idle,13,48,15,1616,0
2026-05-13T18:20:50+00:00,none,minimal,stripped,idle,13,48,16,1716,0
2026-05-13T18:20:50+00:00,none,minimal,stripped,idle,13,48,17,1617,0
2026-05-13T18:20:50+00:00,none,minimal,stripped,idle,13,48,18,1818,0
2026-05-13T18:20:50+00:00,none,minimal,stripped,idle,13,48,19,1718,0
2026-05-13T18:20:50+00:00,none,minimal,stripped,idle,13,48,20,1619,0
2026-05-13T18:20:50+00:00,none,minimal,stripped,idle,13,48,21,1816,0
2026-05-13T18:20:50+00:00,none,minimal,stripped,idle,13,48,22,1718,0
2026-05-13T18:20:50+00:00,none,minimal,stripped,idle,13,48,23,1617,0
2026-05-13T18:20:50+00:00,none,minimal,stripped,idle,13,48,24,1719,0
2026-05-13T18:20:50+00:00,none,minimal,stripped,idle,13,48,25,1718,0
2026-05-13T18:20:50+00:00,none,minimal,stripped,idle,13,48,26,1717,0
2026-05-13T18:20:50+00:00,none,minimal,stripped,idle,13,48,27,1718,0
2026-05-13T18:20:50+00:00,none,minimal,stripped,idle,13,48,28,1718,0
2026-05-13T18:20:50+00:00,none,minimal,stripped,idle,13,48,29,1719,0
2026-05-13T18:20:50+00:00,none,minimal,stripped,idle,13,48,30,1717,0
2026-05-13T18:20:50+00:00,none,minimal,stripped,idle,13,48,31,1717,0
2026-05-13T18:20:50+00:00,none,minimal,stripped,idle,13,48,32,1718,0
2026-05-13T18:20:50+00:00,none,minimal,stripped,idle,13,48,33,1717,0
2026-05-13T18:20:50+00:00,none,minimal,stripped,idle,13,48,34,1620,0
2026-05-13T18:20:50+00:00,none,minimal,stripped,idle,13,48,35,1620,0
2026-05-13T18:20:50+00:00,none,minimal,stripped,idle,13,48,36,1719,0
2026-05-13T18:20:50+00:00,none,minimal,stripped,idle,13,48,37,1718,0
2026-05-13T18:20:50+00:00,none,minimal,stripped,idle,13,48,38,1719,0
2026-05-13T18:20:50+00:00,none,minimal,stripped,idle,13,48,39,1725,0
2026-05-13T18:20:50+00:00,none,minimal,stripped,idle,13,48,40,1724,0
2026-05-13T18:20:50+00:00,none,minimal,stripped,idle,13,48,41,1724,0
2026-05-13T18:20:50+00:00,none,minimal,stripped,idle,13,48,42,1725,0
2026-05-13T18:20:50+00:00,none,minimal,stripped,idle,13,48,43,1622,0
2026-05-13T18:20:50+00:00,none,minimal,stripped,idle,13,48,44,1725,0
2026-05-13T18:20:50+00:00,none,minimal,stripped,idle,13,48,45,1725,0
2026-05-13T18:20:50+00:00,none,minimal,stripped,idle,13,48,46,1718,0
2026-05-13T18:20:50+00:00,none,minimal,stripped,idle,13,48,47,1722,0
2026-05-13T18:20:53+00:00,none,minimal,stripped,idle,14,48,0,1617,0
2026-05-13T18:20:53+00:00,none,minimal,stripped,idle,14,48,1,1717,0
2026-05-13T18:20:53+00:00,none,minimal,stripped,idle,14,48,2,1716,0
2026-05-13T18:20:53+00:00,none,minimal,stripped,idle,14,48,3,1716,0
2026-05-13T18:20:53+00:00,none,minimal,stripped,idle,14,48,4,1716,0
2026-05-13T18:20:53+00:00,none,minimal,stripped,idle,14,48,5,1515,0
2026-05-13T18:20:53+00:00,none,minimal,stripped,idle,14,48,6,1715,0
2026-05-13T18:20:53+00:00,none,minimal,stripped,idle,14,48,7,1716,0
2026-05-13T18:20:53+00:00,none,minimal,stripped,idle,14,48,8,1618,0
2026-05-13T18:20:53+00:00,none,minimal,stripped,idle,14,48,9,1616,0
2026-05-13T18:20:53+00:00,none,minimal,stripped,idle,14,48,10,1616,0
2026-05-13T18:20:53+00:00,none,minimal,stripped,idle,14,48,11,1615,0
2026-05-13T18:20:53+00:00,none,minimal,stripped,idle,14,48,12,1717,0
2026-05-13T18:20:53+00:00,none,minimal,stripped,idle,14,48,13,1717,0
2026-05-13T18:20:53+00:00,none,minimal,stripped,idle,14,48,14,1617,0
2026-05-13T18:20:53+00:00,none,minimal,stripped,idle,14,48,15,1722,0
2026-05-13T18:20:53+00:00,none,minimal,stripped,idle,14,48,16,1725,0
2026-05-13T18:20:53+00:00,none,minimal,stripped,idle,14,48,17,1618,0
2026-05-13T18:20:53+00:00,none,minimal,stripped,idle,14,48,18,1617,0
2026-05-13T18:20:53+00:00,none,minimal,stripped,idle,14,48,19,1718,0
2026-05-13T18:20:53+00:00,none,minimal,stripped,idle,14,48,20,1717,0
2026-05-13T18:20:53+00:00,none,minimal,stripped,idle,14,48,21,1717,0
2026-05-13T18:20:53+00:00,none,minimal,stripped,idle,14,48,22,1718,0
2026-05-13T18:20:53+00:00,none,minimal,stripped,idle,14,48,23,1618,0
2026-05-13T18:20:53+00:00,none,minimal,stripped,idle,14,48,24,1617,0
2026-05-13T18:20:53+00:00,none,minimal,stripped,idle,14,48,25,1818,0
2026-05-13T18:20:53+00:00,none,minimal,stripped,idle,14,48,26,1816,0
2026-05-13T18:20:53+00:00,none,minimal,stripped,idle,14,48,27,1816,0
2026-05-13T18:20:53+00:00,none,minimal,stripped,idle,14,48,28,1817,0
2026-05-13T18:20:53+00:00,none,minimal,stripped,idle,14,48,29,1817,0
2026-05-13T18:20:53+00:00,none,minimal,stripped,idle,14,48,30,1717,0
2026-05-13T18:20:53+00:00,none,minimal,stripped,idle,14,48,31,1817,0
2026-05-13T18:20:53+00:00,none,minimal,stripped,idle,14,48,32,1817,0
2026-05-13T18:20:53+00:00,none,minimal,stripped,idle,14,48,33,1820,0
2026-05-13T18:20:53+00:00,none,minimal,stripped,idle,14,48,34,1817,0
2026-05-13T18:20:53+00:00,none,minimal,stripped,idle,14,48,35,1817,0
2026-05-13T18:20:53+00:00,none,minimal,stripped,idle,14,48,36,1719,0
2026-05-13T18:20:53+00:00,none,minimal,stripped,idle,14,48,37,1718,0
2026-05-13T18:20:53+00:00,none,minimal,stripped,idle,14,48,38,1618,0
2026-05-13T18:20:53+00:00,none,minimal,stripped,idle,14,48,39,1722,0
2026-05-13T18:20:53+00:00,none,minimal,stripped,idle,14,48,40,1717,0
2026-05-13T18:20:53+00:00,none,minimal,stripped,idle,14,48,41,1726,0
2026-05-13T18:20:53+00:00,none,minimal,stripped,idle,14,48,42,1729,0
2026-05-13T18:20:53+00:00,none,minimal,stripped,idle,14,48,43,1723,0
2026-05-13T18:20:53+00:00,none,minimal,stripped,idle,14,48,44,1720,0
2026-05-13T18:20:53+00:00,none,minimal,stripped,idle,14,48,45,1724,0
2026-05-13T18:20:53+00:00,none,minimal,stripped,idle,14,48,46,1722,0
2026-05-13T18:20:53+00:00,none,minimal,stripped,idle,14,48,47,1721,0
2026-05-13T18:20:55+00:00,none,minimal,stripped,idle,15,48,0,1718,0
2026-05-13T18:20:55+00:00,none,minimal,stripped,idle,15,48,1,1717,0
2026-05-13T18:20:55+00:00,none,minimal,stripped,idle,15,48,2,1716,0
2026-05-13T18:20:55+00:00,none,minimal,stripped,idle,15,48,3,1616,0
2026-05-13T18:20:55+00:00,none,minimal,stripped,idle,15,48,4,1816,0
2026-05-13T18:20:55+00:00,none,minimal,stripped,idle,15,48,5,1716,0
2026-05-13T18:20:55+00:00,none,minimal,stripped,idle,15,48,6,1817,0
2026-05-13T18:20:55+00:00,none,minimal,stripped,idle,15,48,7,1616,0
2026-05-13T18:20:55+00:00,none,minimal,stripped,idle,15,48,8,1617,0
2026-05-13T18:20:55+00:00,none,minimal,stripped,idle,15,48,9,1716,0
2026-05-13T18:20:55+00:00,none,minimal,stripped,idle,15,48,10,1816,0
2026-05-13T18:20:55+00:00,none,minimal,stripped,idle,15,48,11,1817,0
2026-05-13T18:20:55+00:00,none,minimal,stripped,idle,15,48,12,1618,0
2026-05-13T18:20:55+00:00,none,minimal,stripped,idle,15,48,13,1817,0
2026-05-13T18:20:55+00:00,none,minimal,stripped,idle,15,48,14,1819,0
2026-05-13T18:20:55+00:00,none,minimal,stripped,idle,15,48,15,1718,0
2026-05-13T18:20:55+00:00,none,minimal,stripped,idle,15,48,16,1721,0
2026-05-13T18:20:55+00:00,none,minimal,stripped,idle,15,48,17,1817,0
2026-05-13T18:20:55+00:00,none,minimal,stripped,idle,15,48,18,1817,0
2026-05-13T18:20:55+00:00,none,minimal,stripped,idle,15,48,19,1820,0
2026-05-13T18:20:55+00:00,none,minimal,stripped,idle,15,48,20,1818,0
2026-05-13T18:20:55+00:00,none,minimal,stripped,idle,15,48,21,1720,0
2026-05-13T18:20:55+00:00,none,minimal,stripped,idle,15,48,22,1718,0
2026-05-13T18:20:55+00:00,none,minimal,stripped,idle,15,48,23,1817,0
2026-05-13T18:20:55+00:00,none,minimal,stripped,idle,15,48,24,1717,0
2026-05-13T18:20:55+00:00,none,minimal,stripped,idle,15,48,25,1719,0
2026-05-13T18:20:55+00:00,none,minimal,stripped,idle,15,48,26,1717,0
2026-05-13T18:20:55+00:00,none,minimal,stripped,idle,15,48,27,1817,0
2026-05-13T18:20:55+00:00,none,minimal,stripped,idle,15,48,28,1717,0
2026-05-13T18:20:55+00:00,none,minimal,stripped,idle,15,48,29,1717,0
2026-05-13T18:20:56+00:00,none,minimal,stripped,idle,15,48,30,1718,0
2026-05-13T18:20:56+00:00,none,minimal,stripped,idle,15,48,31,1721,0
2026-05-13T18:20:56+00:00,none,minimal,stripped,idle,15,48,32,1719,0
2026-05-13T18:20:56+00:00,none,minimal,stripped,idle,15,48,33,1718,0
2026-05-13T18:20:56+00:00,none,minimal,stripped,idle,15,48,34,1620,0
2026-05-13T18:20:56+00:00,none,minimal,stripped,idle,15,48,35,1817,0
2026-05-13T18:20:56+00:00,none,minimal,stripped,idle,15,48,36,1717,0
2026-05-13T18:20:56+00:00,none,minimal,stripped,idle,15,48,37,1719,0
2026-05-13T18:20:56+00:00,none,minimal,stripped,idle,15,48,38,1720,0
2026-05-13T18:20:56+00:00,none,minimal,stripped,idle,15,48,39,1722,0
2026-05-13T18:20:56+00:00,none,minimal,stripped,idle,15,48,40,1719,0
2026-05-13T18:20:56+00:00,none,minimal,stripped,idle,15,48,41,1723,0
2026-05-13T18:20:56+00:00,none,minimal,stripped,idle,15,48,42,1721,0
2026-05-13T18:20:56+00:00,none,minimal,stripped,idle,15,48,43,1720,0
2026-05-13T18:20:56+00:00,none,minimal,stripped,idle,15,48,44,1725,0
2026-05-13T18:20:56+00:00,none,minimal,stripped,idle,15,48,45,1723,0
2026-05-13T18:20:56+00:00,none,minimal,stripped,idle,15,48,46,1723,0
2026-05-13T18:20:56+00:00,none,minimal,stripped,idle,15,48,47,1721,0
2026-05-13T18:20:58+00:00,none,minimal,stripped,idle,16,48,0,1619,0
2026-05-13T18:20:58+00:00,none,minimal,stripped,idle,16,48,1,1619,0
2026-05-13T18:20:58+00:00,none,minimal,stripped,idle,16,48,2,1617,0
2026-05-13T18:20:58+00:00,none,minimal,stripped,idle,16,48,3,1618,0
2026-05-13T18:20:58+00:00,none,minimal,stripped,idle,16,48,4,1617,0
2026-05-13T18:20:58+00:00,none,minimal,stripped,idle,16,48,5,1616,0
2026-05-13T18:20:58+00:00,none,minimal,stripped,idle,16,48,6,1618,0
2026-05-13T18:20:58+00:00,none,minimal,stripped,idle,16,48,7,1618,0
2026-05-13T18:20:58+00:00,none,minimal,stripped,idle,16,48,8,1818,0
2026-05-13T18:20:58+00:00,none,minimal,stripped,idle,16,48,9,1816,0
2026-05-13T18:20:58+00:00,none,minimal,stripped,idle,16,48,10,1817,0
2026-05-13T18:20:58+00:00,none,minimal,stripped,idle,16,48,11,1816,0
2026-05-13T18:20:58+00:00,none,minimal,stripped,idle,16,48,12,1719,0
2026-05-13T18:20:58+00:00,none,minimal,stripped,idle,16,48,13,1716,0
2026-05-13T18:20:58+00:00,none,minimal,stripped,idle,16,48,14,1815,0
2026-05-13T18:20:58+00:00,none,minimal,stripped,idle,16,48,15,1717,0
2026-05-13T18:20:58+00:00,none,minimal,stripped,idle,16,48,16,1817,0
2026-05-13T18:20:58+00:00,none,minimal,stripped,idle,16,48,17,1818,0
2026-05-13T18:20:58+00:00,none,minimal,stripped,idle,16,48,18,1816,0
2026-05-13T18:20:58+00:00,none,minimal,stripped,idle,16,48,19,1816,0
2026-05-13T18:20:58+00:00,none,minimal,stripped,idle,16,48,20,1817,0
2026-05-13T18:20:58+00:00,none,minimal,stripped,idle,16,48,21,1719,0
2026-05-13T18:20:58+00:00,none,minimal,stripped,idle,16,48,22,1716,0
2026-05-13T18:20:58+00:00,none,minimal,stripped,idle,16,48,23,1718,0
2026-05-13T18:20:58+00:00,none,minimal,stripped,idle,16,48,24,1716,0
2026-05-13T18:20:58+00:00,none,minimal,stripped,idle,16,48,25,1716,0
2026-05-13T18:20:58+00:00,none,minimal,stripped,idle,16,48,26,1716,0
2026-05-13T18:20:58+00:00,none,minimal,stripped,idle,16,48,27,1717,0
2026-05-13T18:20:58+00:00,none,minimal,stripped,idle,16,48,28,1720,0
2026-05-13T18:20:58+00:00,none,minimal,stripped,idle,16,48,29,1719,0
2026-05-13T18:20:58+00:00,none,minimal,stripped,idle,16,48,30,1718,0
2026-05-13T18:20:58+00:00,none,minimal,stripped,idle,16,48,31,1720,0
2026-05-13T18:20:58+00:00,none,minimal,stripped,idle,16,48,32,1719,0
2026-05-13T18:20:58+00:00,none,minimal,stripped,idle,16,48,33,1731,0
2026-05-13T18:20:58+00:00,none,minimal,stripped,idle,16,48,34,1618,0
2026-05-13T18:20:58+00:00,none,minimal,stripped,idle,16,48,35,1621,0
2026-05-13T18:20:58+00:00,none,minimal,stripped,idle,16,48,36,1720,0
2026-05-13T18:20:58+00:00,none,minimal,stripped,idle,16,48,37,1726,0
2026-05-13T18:20:58+00:00,none,minimal,stripped,idle,16,48,38,1620,0
2026-05-13T18:20:58+00:00,none,minimal,stripped,idle,16,48,39,1719,0
2026-05-13T18:20:58+00:00,none,minimal,stripped,idle,16,48,40,1719,0
2026-05-13T18:20:58+00:00,none,minimal,stripped,idle,16,48,41,1720,0
2026-05-13T18:20:58+00:00,none,minimal,stripped,idle,16,48,42,1719,0
2026-05-13T18:20:58+00:00,none,minimal,stripped,idle,16,48,43,1720,0
2026-05-13T18:20:58+00:00,none,minimal,stripped,idle,16,48,44,1719,0
2026-05-13T18:20:58+00:00,none,minimal,stripped,idle,16,48,45,1725,0
2026-05-13T18:20:58+00:00,none,minimal,stripped,idle,16,48,46,1720,0
2026-05-13T18:20:58+00:00,none,minimal,stripped,idle,16,48,47,1725,0
2026-05-13T18:21:00+00:00,none,minimal,stripped,idle,17,48,0,1617,0
2026-05-13T18:21:00+00:00,none,minimal,stripped,idle,17,48,1,1717,0
2026-05-13T18:21:00+00:00,none,minimal,stripped,idle,17,48,2,1718,0
2026-05-13T18:21:00+00:00,none,minimal,stripped,idle,17,48,3,1718,0
2026-05-13T18:21:00+00:00,none,minimal,stripped,idle,17,48,4,1717,0
2026-05-13T18:21:00+00:00,none,minimal,stripped,idle,17,48,5,1718,0
2026-05-13T18:21:00+00:00,none,minimal,stripped,idle,17,48,6,1716,0
2026-05-13T18:21:00+00:00,none,minimal,stripped,idle,17,48,7,1716,0
2026-05-13T18:21:00+00:00,none,minimal,stripped,idle,17,48,8,1717,0
2026-05-13T18:21:00+00:00,none,minimal,stripped,idle,17,48,9,1716,0
2026-05-13T18:21:00+00:00,none,minimal,stripped,idle,17,48,10,1620,0
2026-05-13T18:21:01+00:00,none,minimal,stripped,idle,17,48,11,1718,0
2026-05-13T18:21:01+00:00,none,minimal,stripped,idle,17,48,12,1717,0
2026-05-13T18:21:01+00:00,none,minimal,stripped,idle,17,48,13,1719,0
2026-05-13T18:21:01+00:00,none,minimal,stripped,idle,17,48,14,1817,0
2026-05-13T18:21:01+00:00,none,minimal,stripped,idle,17,48,15,1718,0
2026-05-13T18:21:01+00:00,none,minimal,stripped,idle,17,48,16,1716,0
2026-05-13T18:21:01+00:00,none,minimal,stripped,idle,17,48,17,1717,0
2026-05-13T18:21:01+00:00,none,minimal,stripped,idle,17,48,18,1719,0
2026-05-13T18:21:01+00:00,none,minimal,stripped,idle,17,48,19,1716,0
2026-05-13T18:21:01+00:00,none,minimal,stripped,idle,17,48,20,1816,0
2026-05-13T18:21:01+00:00,none,minimal,stripped,idle,17,48,21,1718,0
2026-05-13T18:21:01+00:00,none,minimal,stripped,idle,17,48,22,1619,0
2026-05-13T18:21:01+00:00,none,minimal,stripped,idle,17,48,23,1818,0
2026-05-13T18:21:01+00:00,none,minimal,stripped,idle,17,48,24,1717,0
2026-05-13T18:21:01+00:00,none,minimal,stripped,idle,17,48,25,1818,0
2026-05-13T18:21:01+00:00,none,minimal,stripped,idle,17,48,26,1818,0
2026-05-13T18:21:01+00:00,none,minimal,stripped,idle,17,48,27,1717,0
2026-05-13T18:21:01+00:00,none,minimal,stripped,idle,17,48,28,1717,0
2026-05-13T18:21:01+00:00,none,minimal,stripped,idle,17,48,29,1817,0
2026-05-13T18:21:01+00:00,none,minimal,stripped,idle,17,48,30,1720,0
2026-05-13T18:21:01+00:00,none,minimal,stripped,idle,17,48,31,1719,0
2026-05-13T18:21:01+00:00,none,minimal,stripped,idle,17,48,32,1718,0
2026-05-13T18:21:01+00:00,none,minimal,stripped,idle,17,48,33,1720,0
2026-05-13T18:21:01+00:00,none,minimal,stripped,idle,17,48,34,1817,0
2026-05-13T18:21:01+00:00,none,minimal,stripped,idle,17,48,35,1722,0
2026-05-13T18:21:01+00:00,none,minimal,stripped,idle,17,48,36,1722,0
2026-05-13T18:21:01+00:00,none,minimal,stripped,idle,17,48,37,1819,0
2026-05-13T18:21:01+00:00,none,minimal,stripped,idle,17,48,38,1721,0
2026-05-13T18:21:01+00:00,none,minimal,stripped,idle,17,48,39,1818,0
2026-05-13T18:21:01+00:00,none,minimal,stripped,idle,17,48,40,1719,0
2026-05-13T18:21:01+00:00,none,minimal,stripped,idle,17,48,41,1823,0
2026-05-13T18:21:01+00:00,none,minimal,stripped,idle,17,48,42,1723,0
2026-05-13T18:21:01+00:00,none,minimal,stripped,idle,17,48,43,1833,0
2026-05-13T18:21:01+00:00,none,minimal,stripped,idle,17,48,44,1730,0
2026-05-13T18:21:01+00:00,none,minimal,stripped,idle,17,48,45,1719,0
2026-05-13T18:21:01+00:00,none,minimal,stripped,idle,17,48,46,1732,0
2026-05-13T18:21:01+00:00,none,minimal,stripped,idle,17,48,47,1723,0
2026-05-13T18:21:03+00:00,none,minimal,stripped,idle,18,48,0,1518,0
2026-05-13T18:21:03+00:00,none,minimal,stripped,idle,18,48,1,1617,0
2026-05-13T18:21:03+00:00,none,minimal,stripped,idle,18,48,2,1617,0
2026-05-13T18:21:03+00:00,none,minimal,stripped,idle,18,48,3,1618,0
2026-05-13T18:21:03+00:00,none,minimal,stripped,idle,18,48,4,1616,0
2026-05-13T18:21:03+00:00,none,minimal,stripped,idle,18,48,5,1618,0
2026-05-13T18:21:03+00:00,none,minimal,stripped,idle,18,48,6,1616,0
2026-05-13T18:21:03+00:00,none,minimal,stripped,idle,18,48,7,1617,0
2026-05-13T18:21:03+00:00,none,minimal,stripped,idle,18,48,8,1620,0
2026-05-13T18:21:03+00:00,none,minimal,stripped,idle,18,48,9,1616,0
2026-05-13T18:21:03+00:00,none,minimal,stripped,idle,18,48,10,1617,0
2026-05-13T18:21:03+00:00,none,minimal,stripped,idle,18,48,11,1717,0
2026-05-13T18:21:03+00:00,none,minimal,stripped,idle,18,48,12,1661,0
2026-05-13T18:21:03+00:00,none,minimal,stripped,idle,18,48,13,1655,0
2026-05-13T18:21:03+00:00,none,minimal,stripped,idle,18,48,14,1655,0
2026-05-13T18:21:03+00:00,none,minimal,stripped,idle,18,48,15,1652,0
2026-05-13T18:21:03+00:00,none,minimal,stripped,idle,18,48,16,1618,0
2026-05-13T18:21:03+00:00,none,minimal,stripped,idle,18,48,17,1727,0
2026-05-13T18:21:03+00:00,none,minimal,stripped,idle,18,48,18,1627,0
2026-05-13T18:21:03+00:00,none,minimal,stripped,idle,18,48,19,1619,0
2026-05-13T18:21:03+00:00,none,minimal,stripped,idle,18,48,20,1617,0
2026-05-13T18:21:03+00:00,none,minimal,stripped,idle,18,48,21,1618,0
2026-05-13T18:21:03+00:00,none,minimal,stripped,idle,18,48,22,1719,0
2026-05-13T18:21:03+00:00,none,minimal,stripped,idle,18,48,23,1620,0
2026-05-13T18:21:03+00:00,none,minimal,stripped,idle,18,48,24,1620,0
2026-05-13T18:21:03+00:00,none,minimal,stripped,idle,18,48,25,1617,0
2026-05-13T18:21:03+00:00,none,minimal,stripped,idle,18,48,26,1717,0
2026-05-13T18:21:03+00:00,none,minimal,stripped,idle,18,48,27,1619,0
2026-05-13T18:21:03+00:00,none,minimal,stripped,idle,18,48,28,1717,0
2026-05-13T18:21:03+00:00,none,minimal,stripped,idle,18,48,29,1618,0
2026-05-13T18:21:03+00:00,none,minimal,stripped,idle,18,48,30,1619,0
2026-05-13T18:21:03+00:00,none,minimal,stripped,idle,18,48,31,1619,0
2026-05-13T18:21:03+00:00,none,minimal,stripped,idle,18,48,32,1718,0
2026-05-13T18:21:03+00:00,none,minimal,stripped,idle,18,48,33,1617,0
2026-05-13T18:21:03+00:00,none,minimal,stripped,idle,18,48,34,1617,0
2026-05-13T18:21:03+00:00,none,minimal,stripped,idle,18,48,35,1618,0
2026-05-13T18:21:03+00:00,none,minimal,stripped,idle,18,48,36,1620,0
2026-05-13T18:21:03+00:00,none,minimal,stripped,idle,18,48,37,1617,0
2026-05-13T18:21:03+00:00,none,minimal,stripped,idle,18,48,38,1619,0
2026-05-13T18:21:03+00:00,none,minimal,stripped,idle,18,48,39,1721,0
2026-05-13T18:21:03+00:00,none,minimal,stripped,idle,18,48,40,1618,0
2026-05-13T18:21:03+00:00,none,minimal,stripped,idle,18,48,41,1720,0
2026-05-13T18:21:03+00:00,none,minimal,stripped,idle,18,48,42,1723,0
2026-05-13T18:21:03+00:00,none,minimal,stripped,idle,18,48,43,1620,0
2026-05-13T18:21:03+00:00,none,minimal,stripped,idle,18,48,44,1620,0
2026-05-13T18:21:03+00:00,none,minimal,stripped,idle,18,48,45,1724,0
2026-05-13T18:21:03+00:00,none,minimal,stripped,idle,18,48,46,1621,0
2026-05-13T18:21:03+00:00,none,minimal,stripped,idle,18,48,47,1720,0
2026-05-13T18:21:06+00:00,none,minimal,stripped,idle,19,48,0,1617,0
2026-05-13T18:21:06+00:00,none,minimal,stripped,idle,19,48,1,1618,0
2026-05-13T18:21:06+00:00,none,minimal,stripped,idle,19,48,2,1716,0
2026-05-13T18:21:06+00:00,none,minimal,stripped,idle,19,48,3,1618,0
2026-05-13T18:21:06+00:00,none,minimal,stripped,idle,19,48,4,1715,0
2026-05-13T18:21:06+00:00,none,minimal,stripped,idle,19,48,5,1619,0
2026-05-13T18:21:06+00:00,none,minimal,stripped,idle,19,48,6,1718,0
2026-05-13T18:21:06+00:00,none,minimal,stripped,idle,19,48,7,315,1
2026-05-13T18:21:06+00:00,none,minimal,stripped,idle,19,48,8,1616,0
2026-05-13T18:21:06+00:00,none,minimal,stripped,idle,19,48,9,1619,0
2026-05-13T18:21:06+00:00,none,minimal,stripped,idle,19,48,10,1616,0
2026-05-13T18:21:06+00:00,none,minimal,stripped,idle,19,48,11,1619,0
2026-05-13T18:21:06+00:00,none,minimal,stripped,idle,19,48,12,1618,0
2026-05-13T18:21:06+00:00,none,minimal,stripped,idle,19,48,13,1618,0
2026-05-13T18:21:06+00:00,none,minimal,stripped,idle,19,48,14,1618,0
2026-05-13T18:21:06+00:00,none,minimal,stripped,idle,19,48,15,1618,0
2026-05-13T18:21:06+00:00,none,minimal,stripped,idle,19,48,16,1617,0
2026-05-13T18:21:06+00:00,none,minimal,stripped,idle,19,48,17,1617,0
2026-05-13T18:21:06+00:00,none,minimal,stripped,idle,19,48,18,1616,0
2026-05-13T18:21:06+00:00,none,minimal,stripped,idle,19,48,19,1616,0
2026-05-13T18:21:06+00:00,none,minimal,stripped,idle,19,48,20,1817,0
2026-05-13T18:21:06+00:00,none,minimal,stripped,idle,19,48,21,1816,0
2026-05-13T18:21:06+00:00,none,minimal,stripped,idle,19,48,22,1819,0
2026-05-13T18:21:06+00:00,none,minimal,stripped,idle,19,48,23,1819,0
2026-05-13T18:21:06+00:00,none,minimal,stripped,idle,19,48,24,1817,0
2026-05-13T18:21:06+00:00,none,minimal,stripped,idle,19,48,25,1818,0
2026-05-13T18:21:06+00:00,none,minimal,stripped,idle,19,48,26,1716,0
2026-05-13T18:21:06+00:00,none,minimal,stripped,idle,19,48,27,1818,0
2026-05-13T18:21:06+00:00,none,minimal,stripped,idle,19,48,28,1717,0
2026-05-13T18:21:06+00:00,none,minimal,stripped,idle,19,48,29,1717,0
2026-05-13T18:21:06+00:00,none,minimal,stripped,idle,19,48,30,1818,0
2026-05-13T18:21:06+00:00,none,minimal,stripped,idle,19,48,31,1819,0
2026-05-13T18:21:06+00:00,none,minimal,stripped,idle,19,48,32,1619,0
2026-05-13T18:21:06+00:00,none,minimal,stripped,idle,19,48,33,1717,0
2026-05-13T18:21:06+00:00,none,minimal,stripped,idle,19,48,34,1720,0
2026-05-13T18:21:06+00:00,none,minimal,stripped,idle,19,48,35,1818,0
2026-05-13T18:21:06+00:00,none,minimal,stripped,idle,19,48,36,1719,0
2026-05-13T18:21:06+00:00,none,minimal,stripped,idle,19,48,37,1718,0
2026-05-13T18:21:06+00:00,none,minimal,stripped,idle,19,48,38,1722,0
2026-05-13T18:21:06+00:00,none,minimal,stripped,idle,19,48,39,1720,0
2026-05-13T18:21:06+00:00,none,minimal,stripped,idle,19,48,40,1717,0
2026-05-13T18:21:06+00:00,none,minimal,stripped,idle,19,48,41,1718,0
2026-05-13T18:21:06+00:00,none,minimal,stripped,idle,19,48,42,1721,0
2026-05-13T18:21:06+00:00,none,minimal,stripped,idle,19,48,43,1624,0
2026-05-13T18:21:06+00:00,none,minimal,stripped,idle,19,48,44,1719,0
2026-05-13T18:21:06+00:00,none,minimal,stripped,idle,19,48,45,1621,0
2026-05-13T18:21:06+00:00,none,minimal,stripped,idle,19,48,46,1723,0
2026-05-13T18:21:06+00:00,none,minimal,stripped,idle,19,48,47,1619,0
2026-05-13T18:21:08+00:00,none,minimal,stripped,idle,20,48,0,1620,0
2026-05-13T18:21:08+00:00,none,minimal,stripped,idle,20,48,1,1620,0
2026-05-13T18:21:08+00:00,none,minimal,stripped,idle,20,48,2,1716,0
2026-05-13T18:21:08+00:00,none,minimal,stripped,idle,20,48,3,1616,0
2026-05-13T18:21:08+00:00,none,minimal,stripped,idle,20,48,4,1716,0
2026-05-13T18:21:08+00:00,none,minimal,stripped,idle,20,48,5,1716,0
2026-05-13T18:21:08+00:00,none,minimal,stripped,idle,20,48,6,1617,0
2026-05-13T18:21:08+00:00,none,minimal,stripped,idle,20,48,7,1716,0
2026-05-13T18:21:08+00:00,none,minimal,stripped,idle,20,48,8,1618,0
2026-05-13T18:21:08+00:00,none,minimal,stripped,idle,20,48,9,1718,0
2026-05-13T18:21:08+00:00,none,minimal,stripped,idle,20,48,10,1716,0
2026-05-13T18:21:08+00:00,none,minimal,stripped,idle,20,48,11,1616,0
2026-05-13T18:21:08+00:00,none,minimal,stripped,idle,20,48,12,1620,0
2026-05-13T18:21:08+00:00,none,minimal,stripped,idle,20,48,13,1618,0
2026-05-13T18:21:08+00:00,none,minimal,stripped,idle,20,48,14,1619,0
2026-05-13T18:21:08+00:00,none,minimal,stripped,idle,20,48,15,1618,0
2026-05-13T18:21:08+00:00,none,minimal,stripped,idle,20,48,16,1616,0
2026-05-13T18:21:08+00:00,none,minimal,stripped,idle,20,48,17,1717,0
2026-05-13T18:21:08+00:00,none,minimal,stripped,idle,20,48,18,1616,0
2026-05-13T18:21:08+00:00,none,minimal,stripped,idle,20,48,19,1618,0
2026-05-13T18:21:08+00:00,none,minimal,stripped,idle,20,48,20,1717,0
2026-05-13T18:21:08+00:00,none,minimal,stripped,idle,20,48,21,1816,0
2026-05-13T18:21:08+00:00,none,minimal,stripped,idle,20,48,22,1717,0
2026-05-13T18:21:08+00:00,none,minimal,stripped,idle,20,48,23,1816,0
2026-05-13T18:21:08+00:00,none,minimal,stripped,idle,20,48,24,1816,0
2026-05-13T18:21:08+00:00,none,minimal,stripped,idle,20,48,25,1719,0
2026-05-13T18:21:08+00:00,none,minimal,stripped,idle,20,48,26,1819,0
2026-05-13T18:21:08+00:00,none,minimal,stripped,idle,20,48,27,1818,0
2026-05-13T18:21:08+00:00,none,minimal,stripped,idle,20,48,28,1718,0
2026-05-13T18:21:08+00:00,none,minimal,stripped,idle,20,48,29,1720,0
2026-05-13T18:21:08+00:00,none,minimal,stripped,idle,20,48,30,1818,0
2026-05-13T18:21:08+00:00,none,minimal,stripped,idle,20,48,31,1718,0
2026-05-13T18:21:08+00:00,none,minimal,stripped,idle,20,48,32,1719,0
2026-05-13T18:21:08+00:00,none,minimal,stripped,idle,20,48,33,1721,0
2026-05-13T18:21:08+00:00,none,minimal,stripped,idle,20,48,34,1720,0
2026-05-13T18:21:08+00:00,none,minimal,stripped,idle,20,48,35,1723,0
2026-05-13T18:21:08+00:00,none,minimal,stripped,idle,20,48,36,1719,0
2026-05-13T18:21:08+00:00,none,minimal,stripped,idle,20,48,37,1719,0
2026-05-13T18:21:08+00:00,none,minimal,stripped,idle,20,48,38,1719,0
2026-05-13T18:21:08+00:00,none,minimal,stripped,idle,20,48,39,1721,0
2026-05-13T18:21:08+00:00,none,minimal,stripped,idle,20,48,40,1625,0
2026-05-13T18:21:08+00:00,none,minimal,stripped,idle,20,48,41,1726,0
2026-05-13T18:21:08+00:00,none,minimal,stripped,idle,20,48,42,1728,0
2026-05-13T18:21:08+00:00,none,minimal,stripped,idle,20,48,43,1719,0
2026-05-13T18:21:08+00:00,none,minimal,stripped,idle,20,48,44,1730,0
2026-05-13T18:21:08+00:00,none,minimal,stripped,idle,20,48,45,1624,0
2026-05-13T18:21:08+00:00,none,minimal,stripped,idle,20,48,46,1722,0
2026-05-13T18:21:08+00:00,none,minimal,stripped,idle,20,48,47,1629,0
2026-05-13T18:21:11+00:00,none,minimal,stripped,idle,21,48,0,1617,0
2026-05-13T18:21:11+00:00,none,minimal,stripped,idle,21,48,1,1617,0
2026-05-13T18:21:11+00:00,none,minimal,stripped,idle,21,48,2,1616,0
2026-05-13T18:21:11+00:00,none,minimal,stripped,idle,21,48,3,1616,0
2026-05-13T18:21:11+00:00,none,minimal,stripped,idle,21,48,4,1617,0
2026-05-13T18:21:11+00:00,none,minimal,stripped,idle,21,48,5,1617,0
2026-05-13T18:21:11+00:00,none,minimal,stripped,idle,21,48,6,1716,0
2026-05-13T18:21:11+00:00,none,minimal,stripped,idle,21,48,7,1616,0
2026-05-13T18:21:11+00:00,none,minimal,stripped,idle,21,48,8,1620,0
2026-05-13T18:21:11+00:00,none,minimal,stripped,idle,21,48,9,1615,0
2026-05-13T18:21:11+00:00,none,minimal,stripped,idle,21,48,10,1517,0
2026-05-13T18:21:11+00:00,none,minimal,stripped,idle,21,48,11,1716,0
2026-05-13T18:21:11+00:00,none,minimal,stripped,idle,21,48,12,1616,0
2026-05-13T18:21:11+00:00,none,minimal,stripped,idle,21,48,13,1617,0
2026-05-13T18:21:11+00:00,none,minimal,stripped,idle,21,48,14,1719,0
2026-05-13T18:21:11+00:00,none,minimal,stripped,idle,21,48,15,1616,0
2026-05-13T18:21:11+00:00,none,minimal,stripped,idle,21,48,16,1616,0
2026-05-13T18:21:11+00:00,none,minimal,stripped,idle,21,48,17,1717,0
2026-05-13T18:21:11+00:00,none,minimal,stripped,idle,21,48,18,1619,0
2026-05-13T18:21:11+00:00,none,minimal,stripped,idle,21,48,19,1618,0
2026-05-13T18:21:11+00:00,none,minimal,stripped,idle,21,48,20,1617,0
2026-05-13T18:21:11+00:00,none,minimal,stripped,idle,21,48,21,1617,0
2026-05-13T18:21:11+00:00,none,minimal,stripped,idle,21,48,22,1617,0
2026-05-13T18:21:11+00:00,none,minimal,stripped,idle,21,48,23,1617,0
2026-05-13T18:21:11+00:00,none,minimal,stripped,idle,21,48,24,1617,0
2026-05-13T18:21:11+00:00,none,minimal,stripped,idle,21,48,25,1617,0
2026-05-13T18:21:11+00:00,none,minimal,stripped,idle,21,48,26,1619,0
2026-05-13T18:21:11+00:00,none,minimal,stripped,idle,21,48,27,1719,0
2026-05-13T18:21:11+00:00,none,minimal,stripped,idle,21,48,28,1621,0
2026-05-13T18:21:11+00:00,none,minimal,stripped,idle,21,48,29,1617,0
2026-05-13T18:21:11+00:00,none,minimal,stripped,idle,21,48,30,1716,0
2026-05-13T18:21:11+00:00,none,minimal,stripped,idle,21,48,31,1619,0
2026-05-13T18:21:11+00:00,none,minimal,stripped,idle,21,48,32,1622,0
2026-05-13T18:21:11+00:00,none,minimal,stripped,idle,21,48,33,1717,0
2026-05-13T18:21:11+00:00,none,minimal,stripped,idle,21,48,34,1620,0
2026-05-13T18:21:11+00:00,none,minimal,stripped,idle,21,48,35,1616,0
2026-05-13T18:21:11+00:00,none,minimal,stripped,idle,21,48,36,1719,0
2026-05-13T18:21:11+00:00,none,minimal,stripped,idle,21,48,37,1720,0
2026-05-13T18:21:11+00:00,none,minimal,stripped,idle,21,48,38,1719,0
2026-05-13T18:21:11+00:00,none,minimal,stripped,idle,21,48,39,1720,0
2026-05-13T18:21:11+00:00,none,minimal,stripped,idle,21,48,40,1726,0
2026-05-13T18:21:11+00:00,none,minimal,stripped,idle,21,48,41,1621,0
2026-05-13T18:21:11+00:00,none,minimal,stripped,idle,21,48,42,1721,0
2026-05-13T18:21:11+00:00,none,minimal,stripped,idle,21,48,43,1723,0
2026-05-13T18:21:11+00:00,none,minimal,stripped,idle,21,48,44,1628,0
2026-05-13T18:21:11+00:00,none,minimal,stripped,idle,21,48,45,1723,0
2026-05-13T18:21:11+00:00,none,minimal,stripped,idle,21,48,46,1619,0
2026-05-13T18:21:11+00:00,none,minimal,stripped,idle,21,48,47,1621,0
2026-05-13T18:21:13+00:00,none,minimal,stripped,idle,22,48,0,1719,0
2026-05-13T18:21:13+00:00,none,minimal,stripped,idle,22,48,1,1817,0
2026-05-13T18:21:13+00:00,none,minimal,stripped,idle,22,48,2,1718,0
2026-05-13T18:21:13+00:00,none,minimal,stripped,idle,22,48,3,1817,0
2026-05-13T18:21:13+00:00,none,minimal,stripped,idle,22,48,4,1717,0
2026-05-13T18:21:13+00:00,none,minimal,stripped,idle,22,48,5,1718,0
2026-05-13T18:21:13+00:00,none,minimal,stripped,idle,22,48,6,1716,0
2026-05-13T18:21:13+00:00,none,minimal,stripped,idle,22,48,7,1718,0
2026-05-13T18:21:13+00:00,none,minimal,stripped,idle,22,48,8,1715,0
2026-05-13T18:21:13+00:00,none,minimal,stripped,idle,22,48,9,1716,0
2026-05-13T18:21:13+00:00,none,minimal,stripped,idle,22,48,10,1620,0
2026-05-13T18:21:13+00:00,none,minimal,stripped,idle,22,48,11,1716,0
2026-05-13T18:21:13+00:00,none,minimal,stripped,idle,22,48,12,1717,0
2026-05-13T18:21:13+00:00,none,minimal,stripped,idle,22,48,13,1717,0
2026-05-13T18:21:13+00:00,none,minimal,stripped,idle,22,48,14,1616,0
2026-05-13T18:21:13+00:00,none,minimal,stripped,idle,22,48,15,1617,0
2026-05-13T18:21:13+00:00,none,minimal,stripped,idle,22,48,16,1716,0
2026-05-13T18:21:13+00:00,none,minimal,stripped,idle,22,48,17,1716,0
2026-05-13T18:21:13+00:00,none,minimal,stripped,idle,22,48,18,1719,0
2026-05-13T18:21:13+00:00,none,minimal,stripped,idle,22,48,19,1717,0
2026-05-13T18:21:13+00:00,none,minimal,stripped,idle,22,48,20,1719,0
2026-05-13T18:21:13+00:00,none,minimal,stripped,idle,22,48,21,419,1
2026-05-13T18:21:13+00:00,none,minimal,stripped,idle,22,48,22,1619,0
2026-05-13T18:21:13+00:00,none,minimal,stripped,idle,22,48,23,1618,0
2026-05-13T18:21:13+00:00,none,minimal,stripped,idle,22,48,24,1718,0
2026-05-13T18:21:13+00:00,none,minimal,stripped,idle,22,48,25,1818,0
2026-05-13T18:21:13+00:00,none,minimal,stripped,idle,22,48,26,1818,0
2026-05-13T18:21:13+00:00,none,minimal,stripped,idle,22,48,27,1817,0
2026-05-13T18:21:13+00:00,none,minimal,stripped,idle,22,48,28,1818,0
2026-05-13T18:21:13+00:00,none,minimal,stripped,idle,22,48,29,1818,0
2026-05-13T18:21:13+00:00,none,minimal,stripped,idle,22,48,30,1718,0
2026-05-13T18:21:13+00:00,none,minimal,stripped,idle,22,48,31,1818,0
2026-05-13T18:21:13+00:00,none,minimal,stripped,idle,22,48,32,1817,0
2026-05-13T18:21:13+00:00,none,minimal,stripped,idle,22,48,33,1819,0
2026-05-13T18:21:13+00:00,none,minimal,stripped,idle,22,48,34,1817,0
2026-05-13T18:21:13+00:00,none,minimal,stripped,idle,22,48,35,1818,0
2026-05-13T18:21:13+00:00,none,minimal,stripped,idle,22,48,36,1820,0
2026-05-13T18:21:13+00:00,none,minimal,stripped,idle,22,48,37,1818,0
2026-05-13T18:21:13+00:00,none,minimal,stripped,idle,22,48,38,1820,0
2026-05-13T18:21:13+00:00,none,minimal,stripped,idle,22,48,39,1718,0
2026-05-13T18:21:13+00:00,none,minimal,stripped,idle,22,48,40,1725,0
2026-05-13T18:21:13+00:00,none,minimal,stripped,idle,22,48,41,1722,0
2026-05-13T18:21:14+00:00,none,minimal,stripped,idle,22,48,42,1724,0
2026-05-13T18:21:14+00:00,none,minimal,stripped,idle,22,48,43,1723,0
2026-05-13T18:21:14+00:00,none,minimal,stripped,idle,22,48,44,1729,0
2026-05-13T18:21:14+00:00,none,minimal,stripped,idle,22,48,45,1722,0
2026-05-13T18:21:14+00:00,none,minimal,stripped,idle,22,48,46,1723,0
2026-05-13T18:21:14+00:00,none,minimal,stripped,idle,22,48,47,1726,0
2026-05-13T18:21:22+00:00,none,minimal,stripped,idle,3,64,0,1718,0
2026-05-13T18:21:22+00:00,none,minimal,stripped,idle,3,64,1,1718,0
2026-05-13T18:21:22+00:00,none,minimal,stripped,idle,3,64,2,1717,0
2026-05-13T18:21:22+00:00,none,minimal,stripped,idle,3,64,3,1717,0
2026-05-13T18:21:22+00:00,none,minimal,stripped,idle,3,64,4,1717,0
2026-05-13T18:21:22+00:00,none,minimal,stripped,idle,3,64,5,1717,0
2026-05-13T18:21:22+00:00,none,minimal,stripped,idle,3,64,6,1718,0
2026-05-13T18:21:22+00:00,none,minimal,stripped,idle,3,64,7,1719,0
2026-05-13T18:21:22+00:00,none,minimal,stripped,idle,3,64,8,1718,0
2026-05-13T18:21:22+00:00,none,minimal,stripped,idle,3,64,9,1718,0
2026-05-13T18:21:22+00:00,none,minimal,stripped,idle,3,64,10,1718,0
2026-05-13T18:21:22+00:00,none,minimal,stripped,idle,3,64,11,1719,0
2026-05-13T18:21:22+00:00,none,minimal,stripped,idle,3,64,12,1718,0
2026-05-13T18:21:22+00:00,none,minimal,stripped,idle,3,64,13,1717,0
2026-05-13T18:21:22+00:00,none,minimal,stripped,idle,3,64,14,1721,0
2026-05-13T18:21:22+00:00,none,minimal,stripped,idle,3,64,15,1718,0
2026-05-13T18:21:22+00:00,none,minimal,stripped,idle,3,64,16,1718,0
2026-05-13T18:21:22+00:00,none,minimal,stripped,idle,3,64,17,1720,0
2026-05-13T18:21:22+00:00,none,minimal,stripped,idle,3,64,18,1717,0
2026-05-13T18:21:22+00:00,none,minimal,stripped,idle,3,64,19,1818,0
2026-05-13T18:21:22+00:00,none,minimal,stripped,idle,3,64,20,1819,0
2026-05-13T18:21:22+00:00,none,minimal,stripped,idle,3,64,21,1719,0
2026-05-13T18:21:22+00:00,none,minimal,stripped,idle,3,64,22,1817,0
2026-05-13T18:21:22+00:00,none,minimal,stripped,idle,3,64,23,1719,0
2026-05-13T18:21:22+00:00,none,minimal,stripped,idle,3,64,24,1718,0
2026-05-13T18:21:22+00:00,none,minimal,stripped,idle,3,64,25,1717,0
2026-05-13T18:21:22+00:00,none,minimal,stripped,idle,3,64,26,1717,0
2026-05-13T18:21:22+00:00,none,minimal,stripped,idle,3,64,27,1719,0
2026-05-13T18:21:22+00:00,none,minimal,stripped,idle,3,64,28,1818,0
2026-05-13T18:21:22+00:00,none,minimal,stripped,idle,3,64,29,1721,0
2026-05-13T18:21:22+00:00,none,minimal,stripped,idle,3,64,30,1922,0
2026-05-13T18:21:22+00:00,none,minimal,stripped,idle,3,64,31,1819,0
2026-05-13T18:21:22+00:00,none,minimal,stripped,idle,3,64,32,1719,0
2026-05-13T18:21:22+00:00,none,minimal,stripped,idle,3,64,33,1823,0
2026-05-13T18:21:22+00:00,none,minimal,stripped,idle,3,64,34,1819,0
2026-05-13T18:21:22+00:00,none,minimal,stripped,idle,3,64,35,1720,0
2026-05-13T18:21:22+00:00,none,minimal,stripped,idle,3,64,36,1820,0
2026-05-13T18:21:22+00:00,none,minimal,stripped,idle,3,64,37,1819,0
2026-05-13T18:21:22+00:00,none,minimal,stripped,idle,3,64,38,1822,0
2026-05-13T18:21:22+00:00,none,minimal,stripped,idle,3,64,39,1824,0
2026-05-13T18:21:22+00:00,none,minimal,stripped,idle,3,64,40,1722,0
2026-05-13T18:21:22+00:00,none,minimal,stripped,idle,3,64,41,1822,0
2026-05-13T18:21:22+00:00,none,minimal,stripped,idle,3,64,42,1824,0
2026-05-13T18:21:22+00:00,none,minimal,stripped,idle,3,64,43,1823,0
2026-05-13T18:21:22+00:00,none,minimal,stripped,idle,3,64,44,1728,0
2026-05-13T18:21:22+00:00,none,minimal,stripped,idle,3,64,45,1825,0
2026-05-13T18:21:22+00:00,none,minimal,stripped,idle,3,64,46,1727,0
2026-05-13T18:21:22+00:00,none,minimal,stripped,idle,3,64,47,1822,0
2026-05-13T18:21:22+00:00,none,minimal,stripped,idle,3,64,48,1730,0
2026-05-13T18:21:22+00:00,none,minimal,stripped,idle,3,64,49,1736,0
2026-05-13T18:21:22+00:00,none,minimal,stripped,idle,3,64,50,1831,0
2026-05-13T18:21:22+00:00,none,minimal,stripped,idle,3,64,51,1830,0
2026-05-13T18:21:22+00:00,none,minimal,stripped,idle,3,64,52,1934,0
2026-05-13T18:21:22+00:00,none,minimal,stripped,idle,3,64,53,1926,0
2026-05-13T18:21:22+00:00,none,minimal,stripped,idle,3,64,54,1927,0
2026-05-13T18:21:22+00:00,none,minimal,stripped,idle,3,64,55,1926,0
2026-05-13T18:21:22+00:00,none,minimal,stripped,idle,3,64,56,1923,0
2026-05-13T18:21:22+00:00,none,minimal,stripped,idle,3,64,57,1925,0
2026-05-13T18:21:22+00:00,none,minimal,stripped,idle,3,64,58,1925,0
2026-05-13T18:21:22+00:00,none,minimal,stripped,idle,3,64,59,1918,0
2026-05-13T18:21:22+00:00,none,minimal,stripped,idle,3,64,60,1919,0
2026-05-13T18:21:22+00:00,none,minimal,stripped,idle,3,64,61,1919,0
2026-05-13T18:21:22+00:00,none,minimal,stripped,idle,3,64,62,1819,0
2026-05-13T18:21:22+00:00,none,minimal,stripped,idle,3,64,63,1920,0
2026-05-13T18:21:25+00:00,none,minimal,stripped,idle,4,64,0,1817,0
2026-05-13T18:21:25+00:00,none,minimal,stripped,idle,4,64,1,1718,0
2026-05-13T18:21:25+00:00,none,minimal,stripped,idle,4,64,2,1719,0
2026-05-13T18:21:25+00:00,none,minimal,stripped,idle,4,64,3,1817,0
2026-05-13T18:21:25+00:00,none,minimal,stripped,idle,4,64,4,1716,0
2026-05-13T18:21:25+00:00,none,minimal,stripped,idle,4,64,5,1818,0
2026-05-13T18:21:25+00:00,none,minimal,stripped,idle,4,64,6,1719,0
2026-05-13T18:21:25+00:00,none,minimal,stripped,idle,4,64,7,1720,0
2026-05-13T18:21:25+00:00,none,minimal,stripped,idle,4,64,8,1719,0
2026-05-13T18:21:25+00:00,none,minimal,stripped,idle,4,64,9,1816,0
2026-05-13T18:21:25+00:00,none,minimal,stripped,idle,4,64,10,1717,0
2026-05-13T18:21:25+00:00,none,minimal,stripped,idle,4,64,11,1721,0
2026-05-13T18:21:25+00:00,none,minimal,stripped,idle,4,64,12,1719,0
2026-05-13T18:21:25+00:00,none,minimal,stripped,idle,4,64,13,1818,0
2026-05-13T18:21:25+00:00,none,minimal,stripped,idle,4,64,14,1817,0
2026-05-13T18:21:25+00:00,none,minimal,stripped,idle,4,64,15,1716,0
2026-05-13T18:21:25+00:00,none,minimal,stripped,idle,4,64,16,1820,0
2026-05-13T18:21:25+00:00,none,minimal,stripped,idle,4,64,17,1820,0
2026-05-13T18:21:25+00:00,none,minimal,stripped,idle,4,64,18,1719,0
2026-05-13T18:21:25+00:00,none,minimal,stripped,idle,4,64,19,1718,0
2026-05-13T18:21:25+00:00,none,minimal,stripped,idle,4,64,20,1819,0
2026-05-13T18:21:25+00:00,none,minimal,stripped,idle,4,64,21,1717,0
2026-05-13T18:21:25+00:00,none,minimal,stripped,idle,4,64,22,1720,0
2026-05-13T18:21:25+00:00,none,minimal,stripped,idle,4,64,23,1817,0
2026-05-13T18:21:25+00:00,none,minimal,stripped,idle,4,64,24,521,1
2026-05-13T18:21:25+00:00,none,minimal,stripped,idle,4,64,25,1720,0
2026-05-13T18:21:25+00:00,none,minimal,stripped,idle,4,64,26,1716,0
2026-05-13T18:21:25+00:00,none,minimal,stripped,idle,4,64,27,1819,0
2026-05-13T18:21:25+00:00,none,minimal,stripped,idle,4,64,28,1820,0
2026-05-13T18:21:25+00:00,none,minimal,stripped,idle,4,64,29,1919,0
2026-05-13T18:21:25+00:00,none,minimal,stripped,idle,4,64,30,1818,0
2026-05-13T18:21:25+00:00,none,minimal,stripped,idle,4,64,31,1819,0
2026-05-13T18:21:25+00:00,none,minimal,stripped,idle,4,64,32,1821,0
2026-05-13T18:21:25+00:00,none,minimal,stripped,idle,4,64,33,1822,0
2026-05-13T18:21:25+00:00,none,minimal,stripped,idle,4,64,34,1819,0
2026-05-13T18:21:25+00:00,none,minimal,stripped,idle,4,64,35,1721,0
2026-05-13T18:21:25+00:00,none,minimal,stripped,idle,4,64,36,1821,0
2026-05-13T18:21:25+00:00,none,minimal,stripped,idle,4,64,37,1820,0
2026-05-13T18:21:25+00:00,none,minimal,stripped,idle,4,64,38,1821,0
2026-05-13T18:21:25+00:00,none,minimal,stripped,idle,4,64,39,1827,0
2026-05-13T18:21:25+00:00,none,minimal,stripped,idle,4,64,40,1820,0
2026-05-13T18:21:25+00:00,none,minimal,stripped,idle,4,64,41,1823,0
2026-05-13T18:21:25+00:00,none,minimal,stripped,idle,4,64,42,1724,0
2026-05-13T18:21:25+00:00,none,minimal,stripped,idle,4,64,43,1823,0
2026-05-13T18:21:25+00:00,none,minimal,stripped,idle,4,64,44,1832,0
2026-05-13T18:21:25+00:00,none,minimal,stripped,idle,4,64,45,1830,0
2026-05-13T18:21:25+00:00,none,minimal,stripped,idle,4,64,46,1722,0
2026-05-13T18:21:25+00:00,none,minimal,stripped,idle,4,64,47,1932,0
2026-05-13T18:21:25+00:00,none,minimal,stripped,idle,4,64,48,1919,0
2026-05-13T18:21:25+00:00,none,minimal,stripped,idle,4,64,49,1851,0
2026-05-13T18:21:25+00:00,none,minimal,stripped,idle,4,64,50,1832,0
2026-05-13T18:21:25+00:00,none,minimal,stripped,idle,4,64,51,1831,0
2026-05-13T18:21:25+00:00,none,minimal,stripped,idle,4,64,52,1830,0
2026-05-13T18:21:25+00:00,none,minimal,stripped,idle,4,64,53,1840,0
2026-05-13T18:21:25+00:00,none,minimal,stripped,idle,4,64,54,1832,0
2026-05-13T18:21:25+00:00,none,minimal,stripped,idle,4,64,55,1827,0
2026-05-13T18:21:25+00:00,none,minimal,stripped,idle,4,64,56,1747,0
2026-05-13T18:21:25+00:00,none,minimal,stripped,idle,4,64,57,1828,0
2026-05-13T18:21:25+00:00,none,minimal,stripped,idle,4,64,58,1821,0
2026-05-13T18:21:25+00:00,none,minimal,stripped,idle,4,64,59,1831,0
2026-05-13T18:21:25+00:00,none,minimal,stripped,idle,4,64,60,1837,0
2026-05-13T18:21:25+00:00,none,minimal,stripped,idle,4,64,61,1825,0
2026-05-13T18:21:25+00:00,none,minimal,stripped,idle,4,64,62,1824,0
2026-05-13T18:21:25+00:00,none,minimal,stripped,idle,4,64,63,1825,0
2026-05-13T18:21:28+00:00,none,minimal,stripped,idle,5,64,0,1722,0
2026-05-13T18:21:28+00:00,none,minimal,stripped,idle,5,64,1,1727,0
2026-05-13T18:21:28+00:00,none,minimal,stripped,idle,5,64,2,1820,0
2026-05-13T18:21:28+00:00,none,minimal,stripped,idle,5,64,3,1719,0
2026-05-13T18:21:28+00:00,none,minimal,stripped,idle,5,64,4,1718,0
2026-05-13T18:21:28+00:00,none,minimal,stripped,idle,5,64,5,1717,0
2026-05-13T18:21:28+00:00,none,minimal,stripped,idle,5,64,6,1719,0
2026-05-13T18:21:28+00:00,none,minimal,stripped,idle,5,64,7,1717,0
2026-05-13T18:21:28+00:00,none,minimal,stripped,idle,5,64,8,1718,0
2026-05-13T18:21:28+00:00,none,minimal,stripped,idle,5,64,9,1720,0
2026-05-13T18:21:28+00:00,none,minimal,stripped,idle,5,64,10,1718,0
2026-05-13T18:21:28+00:00,none,minimal,stripped,idle,5,64,11,1723,0
2026-05-13T18:21:28+00:00,none,minimal,stripped,idle,5,64,12,1722,0
2026-05-13T18:21:28+00:00,none,minimal,stripped,idle,5,64,13,1818,0
2026-05-13T18:21:28+00:00,none,minimal,stripped,idle,5,64,14,1716,0
2026-05-13T18:21:28+00:00,none,minimal,stripped,idle,5,64,15,1819,0
2026-05-13T18:21:28+00:00,none,minimal,stripped,idle,5,64,16,1719,0
2026-05-13T18:21:28+00:00,none,minimal,stripped,idle,5,64,17,1718,0
2026-05-13T18:21:28+00:00,none,minimal,stripped,idle,5,64,18,1719,0
2026-05-13T18:21:28+00:00,none,minimal,stripped,idle,5,64,19,1819,0
2026-05-13T18:21:28+00:00,none,minimal,stripped,idle,5,64,20,1717,0
2026-05-13T18:21:28+00:00,none,minimal,stripped,idle,5,64,21,1817,0
2026-05-13T18:21:28+00:00,none,minimal,stripped,idle,5,64,22,1721,0
2026-05-13T18:21:28+00:00,none,minimal,stripped,idle,5,64,23,1824,0
2026-05-13T18:21:28+00:00,none,minimal,stripped,idle,5,64,24,1820,0
2026-05-13T18:21:28+00:00,none,minimal,stripped,idle,5,64,25,1826,0
2026-05-13T18:21:28+00:00,none,minimal,stripped,idle,5,64,26,1730,0
2026-05-13T18:21:28+00:00,none,minimal,stripped,idle,5,64,27,1723,0
2026-05-13T18:21:28+00:00,none,minimal,stripped,idle,5,64,28,1818,0
2026-05-13T18:21:28+00:00,none,minimal,stripped,idle,5,64,29,1922,0
2026-05-13T18:21:28+00:00,none,minimal,stripped,idle,5,64,30,1820,0
2026-05-13T18:21:28+00:00,none,minimal,stripped,idle,5,64,31,1818,0
2026-05-13T18:21:28+00:00,none,minimal,stripped,idle,5,64,32,1819,0
2026-05-13T18:21:28+00:00,none,minimal,stripped,idle,5,64,33,1822,0
2026-05-13T18:21:28+00:00,none,minimal,stripped,idle,5,64,34,1821,0
2026-05-13T18:21:28+00:00,none,minimal,stripped,idle,5,64,35,1722,0
2026-05-13T18:21:28+00:00,none,minimal,stripped,idle,5,64,36,1821,0
2026-05-13T18:21:28+00:00,none,minimal,stripped,idle,5,64,37,1823,0
2026-05-13T18:21:28+00:00,none,minimal,stripped,idle,5,64,38,1820,0
2026-05-13T18:21:28+00:00,none,minimal,stripped,idle,5,64,39,1819,0
2026-05-13T18:21:28+00:00,none,minimal,stripped,idle,5,64,40,1823,0
2026-05-13T18:21:28+00:00,none,minimal,stripped,idle,5,64,41,1820,0
2026-05-13T18:21:28+00:00,none,minimal,stripped,idle,5,64,42,1732,0
2026-05-13T18:21:28+00:00,none,minimal,stripped,idle,5,64,43,1725,0
2026-05-13T18:21:28+00:00,none,minimal,stripped,idle,5,64,44,1724,0
2026-05-13T18:21:28+00:00,none,minimal,stripped,idle,5,64,45,1721,0
2026-05-13T18:21:28+00:00,none,minimal,stripped,idle,5,64,46,1826,0
2026-05-13T18:21:28+00:00,none,minimal,stripped,idle,5,64,47,1831,0
2026-05-13T18:21:28+00:00,none,minimal,stripped,idle,5,64,48,1933,0
2026-05-13T18:21:28+00:00,none,minimal,stripped,idle,5,64,49,1826,0
2026-05-13T18:21:28+00:00,none,minimal,stripped,idle,5,64,50,1833,0
2026-05-13T18:21:28+00:00,none,minimal,stripped,idle,5,64,51,1828,0
2026-05-13T18:21:28+00:00,none,minimal,stripped,idle,5,64,52,1830,0
2026-05-13T18:21:28+00:00,none,minimal,stripped,idle,5,64,53,1827,0
2026-05-13T18:21:28+00:00,none,minimal,stripped,idle,5,64,54,1822,0
2026-05-13T18:21:28+00:00,none,minimal,stripped,idle,5,64,55,1819,0
2026-05-13T18:21:28+00:00,none,minimal,stripped,idle,5,64,56,1841,0
2026-05-13T18:21:28+00:00,none,minimal,stripped,idle,5,64,57,1827,0
2026-05-13T18:21:28+00:00,none,minimal,stripped,idle,5,64,58,1824,0
2026-05-13T18:21:28+00:00,none,minimal,stripped,idle,5,64,59,1822,0
2026-05-13T18:21:28+00:00,none,minimal,stripped,idle,5,64,60,1727,0
2026-05-13T18:21:28+00:00,none,minimal,stripped,idle,5,64,61,1827,0
2026-05-13T18:21:28+00:00,none,minimal,stripped,idle,5,64,62,1725,0
2026-05-13T18:21:28+00:00,none,minimal,stripped,idle,5,64,63,1734,0
2026-05-13T18:21:30+00:00,none,minimal,stripped,idle,6,64,0,1720,0
2026-05-13T18:21:30+00:00,none,minimal,stripped,idle,6,64,1,1617,0
2026-05-13T18:21:30+00:00,none,minimal,stripped,idle,6,64,2,1719,0
2026-05-13T18:21:30+00:00,none,minimal,stripped,idle,6,64,3,1719,0
2026-05-13T18:21:30+00:00,none,minimal,stripped,idle,6,64,4,1718,0
2026-05-13T18:21:30+00:00,none,minimal,stripped,idle,6,64,5,1716,0
2026-05-13T18:21:30+00:00,none,minimal,stripped,idle,6,64,6,1718,0
2026-05-13T18:21:30+00:00,none,minimal,stripped,idle,6,64,7,1720,0
2026-05-13T18:21:30+00:00,none,minimal,stripped,idle,6,64,8,1916,0
2026-05-13T18:21:30+00:00,none,minimal,stripped,idle,6,64,9,1718,0
2026-05-13T18:21:30+00:00,none,minimal,stripped,idle,6,64,10,1817,0
2026-05-13T18:21:30+00:00,none,minimal,stripped,idle,6,64,11,1818,0
2026-05-13T18:21:31+00:00,none,minimal,stripped,idle,6,64,12,1719,0
2026-05-13T18:21:31+00:00,none,minimal,stripped,idle,6,64,13,1717,0
2026-05-13T18:21:31+00:00,none,minimal,stripped,idle,6,64,14,1721,0
2026-05-13T18:21:31+00:00,none,minimal,stripped,idle,6,64,15,1819,0
2026-05-13T18:21:31+00:00,none,minimal,stripped,idle,6,64,16,1737,0
2026-05-13T18:21:31+00:00,none,minimal,stripped,idle,6,64,17,1717,0
2026-05-13T18:21:31+00:00,none,minimal,stripped,idle,6,64,18,1818,0
2026-05-13T18:21:31+00:00,none,minimal,stripped,idle,6,64,19,1718,0
2026-05-13T18:21:31+00:00,none,minimal,stripped,idle,6,64,20,1724,0
2026-05-13T18:21:31+00:00,none,minimal,stripped,idle,6,64,21,1826,0
2026-05-13T18:21:31+00:00,none,minimal,stripped,idle,6,64,22,1820,0
2026-05-13T18:21:31+00:00,none,minimal,stripped,idle,6,64,23,1822,0
2026-05-13T18:21:31+00:00,none,minimal,stripped,idle,6,64,24,1719,0
2026-05-13T18:21:31+00:00,none,minimal,stripped,idle,6,64,25,1818,0
2026-05-13T18:21:31+00:00,none,minimal,stripped,idle,6,64,26,1819,0
2026-05-13T18:21:31+00:00,none,minimal,stripped,idle,6,64,27,1718,0
2026-05-13T18:21:31+00:00,none,minimal,stripped,idle,6,64,28,1820,0
2026-05-13T18:21:31+00:00,none,minimal,stripped,idle,6,64,29,1818,0
2026-05-13T18:21:31+00:00,none,minimal,stripped,idle,6,64,30,1820,0
2026-05-13T18:21:31+00:00,none,minimal,stripped,idle,6,64,31,1718,0
2026-05-13T18:21:31+00:00,none,minimal,stripped,idle,6,64,32,1820,0
2026-05-13T18:21:31+00:00,none,minimal,stripped,idle,6,64,33,1818,0
2026-05-13T18:21:31+00:00,none,minimal,stripped,idle,6,64,34,1821,0
2026-05-13T18:21:31+00:00,none,minimal,stripped,idle,6,64,35,1820,0
2026-05-13T18:21:31+00:00,none,minimal,stripped,idle,6,64,36,1818,0
2026-05-13T18:21:31+00:00,none,minimal,stripped,idle,6,64,37,1822,0
2026-05-13T18:21:31+00:00,none,minimal,stripped,idle,6,64,38,1821,0
2026-05-13T18:21:31+00:00,none,minimal,stripped,idle,6,64,39,1827,0
2026-05-13T18:21:31+00:00,none,minimal,stripped,idle,6,64,40,1818,0
2026-05-13T18:21:31+00:00,none,minimal,stripped,idle,6,64,41,1720,0
2026-05-13T18:21:31+00:00,none,minimal,stripped,idle,6,64,42,1827,0
2026-05-13T18:21:31+00:00,none,minimal,stripped,idle,6,64,43,1726,0
2026-05-13T18:21:31+00:00,none,minimal,stripped,idle,6,64,44,1731,0
2026-05-13T18:21:31+00:00,none,minimal,stripped,idle,6,64,45,1829,0
2026-05-13T18:21:31+00:00,none,minimal,stripped,idle,6,64,46,1734,0
2026-05-13T18:21:31+00:00,none,minimal,stripped,idle,6,64,47,1925,0
2026-05-13T18:21:31+00:00,none,minimal,stripped,idle,6,64,48,1835,0
2026-05-13T18:21:31+00:00,none,minimal,stripped,idle,6,64,49,1928,0
2026-05-13T18:21:31+00:00,none,minimal,stripped,idle,6,64,50,1830,0
2026-05-13T18:21:31+00:00,none,minimal,stripped,idle,6,64,51,1841,0
2026-05-13T18:21:31+00:00,none,minimal,stripped,idle,6,64,52,1832,0
2026-05-13T18:21:31+00:00,none,minimal,stripped,idle,6,64,53,1824,0
2026-05-13T18:21:31+00:00,none,minimal,stripped,idle,6,64,54,1720,0
2026-05-13T18:21:31+00:00,none,minimal,stripped,idle,6,64,55,1825,0
2026-05-13T18:21:31+00:00,none,minimal,stripped,idle,6,64,56,1826,0
2026-05-13T18:21:31+00:00,none,minimal,stripped,idle,6,64,57,1827,0
2026-05-13T18:21:31+00:00,none,minimal,stripped,idle,6,64,58,1823,0
2026-05-13T18:21:31+00:00,none,minimal,stripped,idle,6,64,59,1819,0
2026-05-13T18:21:31+00:00,none,minimal,stripped,idle,6,64,60,1825,0
2026-05-13T18:21:31+00:00,none,minimal,stripped,idle,6,64,61,1821,0
2026-05-13T18:21:31+00:00,none,minimal,stripped,idle,6,64,62,1730,0
2026-05-13T18:21:31+00:00,none,minimal,stripped,idle,6,64,63,1821,0
2026-05-13T18:21:33+00:00,none,minimal,stripped,idle,7,64,0,1718,0
2026-05-13T18:21:33+00:00,none,minimal,stripped,idle,7,64,1,1520,0
2026-05-13T18:21:33+00:00,none,minimal,stripped,idle,7,64,2,1716,0
2026-05-13T18:21:33+00:00,none,minimal,stripped,idle,7,64,3,1718,0
2026-05-13T18:21:33+00:00,none,minimal,stripped,idle,7,64,4,1617,0
2026-05-13T18:21:33+00:00,none,minimal,stripped,idle,7,64,5,1617,0
2026-05-13T18:21:33+00:00,none,minimal,stripped,idle,7,64,6,1718,0
2026-05-13T18:21:33+00:00,none,minimal,stripped,idle,7,64,7,1716,0
2026-05-13T18:21:33+00:00,none,minimal,stripped,idle,7,64,8,1716,0
2026-05-13T18:21:33+00:00,none,minimal,stripped,idle,7,64,9,1616,0
2026-05-13T18:21:33+00:00,none,minimal,stripped,idle,7,64,10,1716,0
2026-05-13T18:21:33+00:00,none,minimal,stripped,idle,7,64,11,1620,0
2026-05-13T18:21:33+00:00,none,minimal,stripped,idle,7,64,12,1721,0
2026-05-13T18:21:33+00:00,none,minimal,stripped,idle,7,64,13,1717,0
2026-05-13T18:21:33+00:00,none,minimal,stripped,idle,7,64,14,1717,0
2026-05-13T18:21:33+00:00,none,minimal,stripped,idle,7,64,15,1718,0
2026-05-13T18:21:33+00:00,none,minimal,stripped,idle,7,64,16,1819,0
2026-05-13T18:21:33+00:00,none,minimal,stripped,idle,7,64,17,1821,0
2026-05-13T18:21:33+00:00,none,minimal,stripped,idle,7,64,18,1835,0
2026-05-13T18:21:33+00:00,none,minimal,stripped,idle,7,64,19,1818,0
2026-05-13T18:21:33+00:00,none,minimal,stripped,idle,7,64,20,1817,0
2026-05-13T18:21:33+00:00,none,minimal,stripped,idle,7,64,21,1818,0
2026-05-13T18:21:33+00:00,none,minimal,stripped,idle,7,64,22,1717,0
2026-05-13T18:21:33+00:00,none,minimal,stripped,idle,7,64,23,1717,0
2026-05-13T18:21:33+00:00,none,minimal,stripped,idle,7,64,24,1722,0
2026-05-13T18:21:33+00:00,none,minimal,stripped,idle,7,64,25,1619,0
2026-05-13T18:21:33+00:00,none,minimal,stripped,idle,7,64,26,1819,0
2026-05-13T18:21:33+00:00,none,minimal,stripped,idle,7,64,27,1718,0
2026-05-13T18:21:33+00:00,none,minimal,stripped,idle,7,64,28,1820,0
2026-05-13T18:21:33+00:00,none,minimal,stripped,idle,7,64,29,1817,0
2026-05-13T18:21:33+00:00,none,minimal,stripped,idle,7,64,30,1723,0
2026-05-13T18:21:34+00:00,none,minimal,stripped,idle,7,64,31,1722,0
2026-05-13T18:21:34+00:00,none,minimal,stripped,idle,7,64,32,1818,0
2026-05-13T18:21:34+00:00,none,minimal,stripped,idle,7,64,33,1729,0
2026-05-13T18:21:34+00:00,none,minimal,stripped,idle,7,64,34,1822,0
2026-05-13T18:21:34+00:00,none,minimal,stripped,idle,7,64,35,1822,0
2026-05-13T18:21:34+00:00,none,minimal,stripped,idle,7,64,36,1825,0
2026-05-13T18:21:34+00:00,none,minimal,stripped,idle,7,64,37,1821,0
2026-05-13T18:21:34+00:00,none,minimal,stripped,idle,7,64,38,1819,0
2026-05-13T18:21:34+00:00,none,minimal,stripped,idle,7,64,39,1820,0
2026-05-13T18:21:34+00:00,none,minimal,stripped,idle,7,64,40,1723,0
2026-05-13T18:21:34+00:00,none,minimal,stripped,idle,7,64,41,1737,0
2026-05-13T18:21:34+00:00,none,minimal,stripped,idle,7,64,42,1833,0
2026-05-13T18:21:34+00:00,none,minimal,stripped,idle,7,64,43,1725,0
2026-05-13T18:21:34+00:00,none,minimal,stripped,idle,7,64,44,1828,0
2026-05-13T18:21:34+00:00,none,minimal,stripped,idle,7,64,45,1733,0
2026-05-13T18:21:34+00:00,none,minimal,stripped,idle,7,64,46,1932,0
2026-05-13T18:21:34+00:00,none,minimal,stripped,idle,7,64,47,1829,0
2026-05-13T18:21:34+00:00,none,minimal,stripped,idle,7,64,48,1828,0
2026-05-13T18:21:34+00:00,none,minimal,stripped,idle,7,64,49,1932,0
2026-05-13T18:21:34+00:00,none,minimal,stripped,idle,7,64,50,1922,0
2026-05-13T18:21:34+00:00,none,minimal,stripped,idle,7,64,51,1828,0
2026-05-13T18:21:34+00:00,none,minimal,stripped,idle,7,64,52,1826,0
2026-05-13T18:21:34+00:00,none,minimal,stripped,idle,7,64,53,1824,0
2026-05-13T18:21:34+00:00,none,minimal,stripped,idle,7,64,54,1823,0
2026-05-13T18:21:34+00:00,none,minimal,stripped,idle,7,64,55,1823,0
2026-05-13T18:21:34+00:00,none,minimal,stripped,idle,7,64,56,1823,0
2026-05-13T18:21:34+00:00,none,minimal,stripped,idle,7,64,57,1822,0
2026-05-13T18:21:34+00:00,none,minimal,stripped,idle,7,64,58,1819,0
2026-05-13T18:21:34+00:00,none,minimal,stripped,idle,7,64,59,1820,0
2026-05-13T18:21:34+00:00,none,minimal,stripped,idle,7,64,60,1818,0
2026-05-13T18:21:34+00:00,none,minimal,stripped,idle,7,64,61,1818,0
2026-05-13T18:21:34+00:00,none,minimal,stripped,idle,7,64,62,1719,0
2026-05-13T18:21:34+00:00,none,minimal,stripped,idle,7,64,63,1722,0
2026-05-13T18:21:36+00:00,none,minimal,stripped,idle,8,64,0,1620,0
2026-05-13T18:21:36+00:00,none,minimal,stripped,idle,8,64,1,1619,0
2026-05-13T18:21:36+00:00,none,minimal,stripped,idle,8,64,2,1617,0
2026-05-13T18:21:36+00:00,none,minimal,stripped,idle,8,64,3,1716,0
2026-05-13T18:21:36+00:00,none,minimal,stripped,idle,8,64,4,1621,0
2026-05-13T18:21:36+00:00,none,minimal,stripped,idle,8,64,5,1618,0
2026-05-13T18:21:36+00:00,none,minimal,stripped,idle,8,64,6,1618,0
2026-05-13T18:21:36+00:00,none,minimal,stripped,idle,8,64,7,1620,0
2026-05-13T18:21:36+00:00,none,minimal,stripped,idle,8,64,8,1717,0
2026-05-13T18:21:36+00:00,none,minimal,stripped,idle,8,64,9,1718,0
2026-05-13T18:21:36+00:00,none,minimal,stripped,idle,8,64,10,1718,0
2026-05-13T18:21:36+00:00,none,minimal,stripped,idle,8,64,11,1717,0
2026-05-13T18:21:36+00:00,none,minimal,stripped,idle,8,64,12,1722,0
2026-05-13T18:21:36+00:00,none,minimal,stripped,idle,8,64,13,1718,0
2026-05-13T18:21:36+00:00,none,minimal,stripped,idle,8,64,14,1717,0
2026-05-13T18:21:36+00:00,none,minimal,stripped,idle,8,64,15,1722,0
2026-05-13T18:21:36+00:00,none,minimal,stripped,idle,8,64,16,1718,0
2026-05-13T18:21:36+00:00,none,minimal,stripped,idle,8,64,17,1719,0
2026-05-13T18:21:36+00:00,none,minimal,stripped,idle,8,64,18,1624,0
2026-05-13T18:21:36+00:00,none,minimal,stripped,idle,8,64,19,1627,0
2026-05-13T18:21:36+00:00,none,minimal,stripped,idle,8,64,20,1617,0
2026-05-13T18:21:36+00:00,none,minimal,stripped,idle,8,64,21,1655,0
2026-05-13T18:21:36+00:00,none,minimal,stripped,idle,8,64,22,1719,0
2026-05-13T18:21:36+00:00,none,minimal,stripped,idle,8,64,23,1720,0
2026-05-13T18:21:36+00:00,none,minimal,stripped,idle,8,64,24,1722,0
2026-05-13T18:21:36+00:00,none,minimal,stripped,idle,8,64,25,1719,0
2026-05-13T18:21:36+00:00,none,minimal,stripped,idle,8,64,26,1719,0
2026-05-13T18:21:36+00:00,none,minimal,stripped,idle,8,64,27,1720,0
2026-05-13T18:21:36+00:00,none,minimal,stripped,idle,8,64,28,1831,0
2026-05-13T18:21:36+00:00,none,minimal,stripped,idle,8,64,29,1724,0
2026-05-13T18:21:36+00:00,none,minimal,stripped,idle,8,64,30,1719,0
2026-05-13T18:21:36+00:00,none,minimal,stripped,idle,8,64,31,1719,0
2026-05-13T18:21:36+00:00,none,minimal,stripped,idle,8,64,32,1820,0
2026-05-13T18:21:36+00:00,none,minimal,stripped,idle,8,64,33,1824,0
2026-05-13T18:21:36+00:00,none,minimal,stripped,idle,8,64,34,1719,0
2026-05-13T18:21:36+00:00,none,minimal,stripped,idle,8,64,35,1818,0
2026-05-13T18:21:36+00:00,none,minimal,stripped,idle,8,64,36,1821,0
2026-05-13T18:21:36+00:00,none,minimal,stripped,idle,8,64,37,1829,0
2026-05-13T18:21:36+00:00,none,minimal,stripped,idle,8,64,38,1823,0
2026-05-13T18:21:36+00:00,none,minimal,stripped,idle,8,64,39,1721,0
2026-05-13T18:21:36+00:00,none,minimal,stripped,idle,8,64,40,1722,0
2026-05-13T18:21:36+00:00,none,minimal,stripped,idle,8,64,41,1727,0
2026-05-13T18:21:36+00:00,none,minimal,stripped,idle,8,64,42,1828,0
2026-05-13T18:21:36+00:00,none,minimal,stripped,idle,8,64,43,1724,0
2026-05-13T18:21:37+00:00,none,minimal,stripped,idle,8,64,44,1825,0
2026-05-13T18:21:37+00:00,none,minimal,stripped,idle,8,64,45,1827,0
2026-05-13T18:21:37+00:00,none,minimal,stripped,idle,8,64,46,1727,0
2026-05-13T18:21:37+00:00,none,minimal,stripped,idle,8,64,47,1831,0
2026-05-13T18:21:37+00:00,none,minimal,stripped,idle,8,64,48,1828,0
2026-05-13T18:21:37+00:00,none,minimal,stripped,idle,8,64,49,1825,0
2026-05-13T18:21:37+00:00,none,minimal,stripped,idle,8,64,50,1822,0
2026-05-13T18:21:37+00:00,none,minimal,stripped,idle,8,64,51,1931,0
2026-05-13T18:21:37+00:00,none,minimal,stripped,idle,8,64,52,1822,0
2026-05-13T18:21:37+00:00,none,minimal,stripped,idle,8,64,53,1824,0
2026-05-13T18:21:37+00:00,none,minimal,stripped,idle,8,64,54,1823,0
2026-05-13T18:21:37+00:00,none,minimal,stripped,idle,8,64,55,1820,0
2026-05-13T18:21:37+00:00,none,minimal,stripped,idle,8,64,56,1920,0
2026-05-13T18:21:37+00:00,none,minimal,stripped,idle,8,64,57,1820,0
2026-05-13T18:21:37+00:00,none,minimal,stripped,idle,8,64,58,1825,0
2026-05-13T18:21:37+00:00,none,minimal,stripped,idle,8,64,59,1822,0
2026-05-13T18:21:37+00:00,none,minimal,stripped,idle,8,64,60,1824,0
2026-05-13T18:21:37+00:00,none,minimal,stripped,idle,8,64,61,1728,0
2026-05-13T18:21:37+00:00,none,minimal,stripped,idle,8,64,62,1732,0
2026-05-13T18:21:37+00:00,none,minimal,stripped,idle,8,64,63,1827,0
2026-05-13T18:21:39+00:00,none,minimal,stripped,idle,9,64,0,1619,0
2026-05-13T18:21:39+00:00,none,minimal,stripped,idle,9,64,1,1627,0
2026-05-13T18:21:39+00:00,none,minimal,stripped,idle,9,64,2,1616,0
2026-05-13T18:21:39+00:00,none,minimal,stripped,idle,9,64,3,1722,0
2026-05-13T18:21:39+00:00,none,minimal,stripped,idle,9,64,4,1619,0
2026-05-13T18:21:39+00:00,none,minimal,stripped,idle,9,64,5,1720,0
2026-05-13T18:21:39+00:00,none,minimal,stripped,idle,9,64,6,1720,0
2026-05-13T18:21:39+00:00,none,minimal,stripped,idle,9,64,7,1726,0
2026-05-13T18:21:39+00:00,none,minimal,stripped,idle,9,64,8,1622,0
2026-05-13T18:21:39+00:00,none,minimal,stripped,idle,9,64,9,1718,0
2026-05-13T18:21:39+00:00,none,minimal,stripped,idle,9,64,10,1716,0
2026-05-13T18:21:39+00:00,none,minimal,stripped,idle,9,64,11,1718,0
2026-05-13T18:21:39+00:00,none,minimal,stripped,idle,9,64,12,1718,0
2026-05-13T18:21:39+00:00,none,minimal,stripped,idle,9,64,13,1819,0
2026-05-13T18:21:39+00:00,none,minimal,stripped,idle,9,64,14,1717,0
2026-05-13T18:21:39+00:00,none,minimal,stripped,idle,9,64,15,1718,0
2026-05-13T18:21:39+00:00,none,minimal,stripped,idle,9,64,16,1721,0
2026-05-13T18:21:39+00:00,none,minimal,stripped,idle,9,64,17,1719,0
2026-05-13T18:21:39+00:00,none,minimal,stripped,idle,9,64,18,1718,0
2026-05-13T18:21:39+00:00,none,minimal,stripped,idle,9,64,19,1819,0
2026-05-13T18:21:39+00:00,none,minimal,stripped,idle,9,64,20,1718,0
2026-05-13T18:21:39+00:00,none,minimal,stripped,idle,9,64,21,1818,0
2026-05-13T18:21:39+00:00,none,minimal,stripped,idle,9,64,22,1728,0
2026-05-13T18:21:39+00:00,none,minimal,stripped,idle,9,64,23,1818,0
2026-05-13T18:21:39+00:00,none,minimal,stripped,idle,9,64,24,1820,0
2026-05-13T18:21:39+00:00,none,minimal,stripped,idle,9,64,25,1820,0
2026-05-13T18:21:39+00:00,none,minimal,stripped,idle,9,64,26,1817,0
2026-05-13T18:21:39+00:00,none,minimal,stripped,idle,9,64,27,1819,0
2026-05-13T18:21:39+00:00,none,minimal,stripped,idle,9,64,28,1723,0
2026-05-13T18:21:39+00:00,none,minimal,stripped,idle,9,64,29,1819,0
2026-05-13T18:21:39+00:00,none,minimal,stripped,idle,9,64,30,1819,0
2026-05-13T18:21:39+00:00,none,minimal,stripped,idle,9,64,31,1819,0
2026-05-13T18:21:39+00:00,none,minimal,stripped,idle,9,64,32,1820,0
2026-05-13T18:21:39+00:00,none,minimal,stripped,idle,9,64,33,1820,0
2026-05-13T18:21:39+00:00,none,minimal,stripped,idle,9,64,34,1820,0
2026-05-13T18:21:39+00:00,none,minimal,stripped,idle,9,64,35,1818,0
2026-05-13T18:21:39+00:00,none,minimal,stripped,idle,9,64,36,1718,0
2026-05-13T18:21:39+00:00,none,minimal,stripped,idle,9,64,37,1820,0
2026-05-13T18:21:39+00:00,none,minimal,stripped,idle,9,64,38,1722,0
2026-05-13T18:21:39+00:00,none,minimal,stripped,idle,9,64,39,1821,0
2026-05-13T18:21:39+00:00,none,minimal,stripped,idle,9,64,40,1722,0
2026-05-13T18:21:39+00:00,none,minimal,stripped,idle,9,64,41,1825,0
2026-05-13T18:21:39+00:00,none,minimal,stripped,idle,9,64,42,1824,0
2026-05-13T18:21:39+00:00,none,minimal,stripped,idle,9,64,43,1730,0
2026-05-13T18:21:39+00:00,none,minimal,stripped,idle,9,64,44,1823,0
2026-05-13T18:21:39+00:00,none,minimal,stripped,idle,9,64,45,1731,0
2026-05-13T18:21:39+00:00,none,minimal,stripped,idle,9,64,46,1820,0
2026-05-13T18:21:39+00:00,none,minimal,stripped,idle,9,64,47,1929,0
2026-05-13T18:21:39+00:00,none,minimal,stripped,idle,9,64,48,1730,0
2026-05-13T18:21:39+00:00,none,minimal,stripped,idle,9,64,49,1726,0
2026-05-13T18:21:39+00:00,none,minimal,stripped,idle,9,64,50,1937,0
2026-05-13T18:21:39+00:00,none,minimal,stripped,idle,9,64,51,1837,0
2026-05-13T18:21:39+00:00,none,minimal,stripped,idle,9,64,52,1825,0
2026-05-13T18:21:39+00:00,none,minimal,stripped,idle,9,64,53,1824,0
2026-05-13T18:21:39+00:00,none,minimal,stripped,idle,9,64,54,1833,0
2026-05-13T18:21:39+00:00,none,minimal,stripped,idle,9,64,55,1821,0
2026-05-13T18:21:39+00:00,none,minimal,stripped,idle,9,64,56,1828,0
2026-05-13T18:21:39+00:00,none,minimal,stripped,idle,9,64,57,1828,0
2026-05-13T18:21:39+00:00,none,minimal,stripped,idle,9,64,58,1824,0
2026-05-13T18:21:39+00:00,none,minimal,stripped,idle,9,64,59,1829,0
2026-05-13T18:21:40+00:00,none,minimal,stripped,idle,9,64,60,1723,0
2026-05-13T18:21:40+00:00,none,minimal,stripped,idle,9,64,61,1835,0
2026-05-13T18:21:40+00:00,none,minimal,stripped,idle,9,64,62,1822,0
2026-05-13T18:21:40+00:00,none,minimal,stripped,idle,9,64,63,1823,0
2026-05-13T18:21:42+00:00,none,minimal,stripped,idle,10,64,0,1618,0
2026-05-13T18:21:42+00:00,none,minimal,stripped,idle,10,64,1,1618,0
2026-05-13T18:21:42+00:00,none,minimal,stripped,idle,10,64,2,1617,0
2026-05-13T18:21:42+00:00,none,minimal,stripped,idle,10,64,3,1718,0
2026-05-13T18:21:42+00:00,none,minimal,stripped,idle,10,64,4,1621,0
2026-05-13T18:21:42+00:00,none,minimal,stripped,idle,10,64,5,1617,0
2026-05-13T18:21:42+00:00,none,minimal,stripped,idle,10,64,6,1620,0
2026-05-13T18:21:42+00:00,none,minimal,stripped,idle,10,64,7,1717,0
2026-05-13T18:21:42+00:00,none,minimal,stripped,idle,10,64,8,1721,0
2026-05-13T18:21:42+00:00,none,minimal,stripped,idle,10,64,9,1718,0
2026-05-13T18:21:42+00:00,none,minimal,stripped,idle,10,64,10,1717,0
2026-05-13T18:21:42+00:00,none,minimal,stripped,idle,10,64,11,1618,0
2026-05-13T18:21:42+00:00,none,minimal,stripped,idle,10,64,12,1717,0
2026-05-13T18:21:42+00:00,none,minimal,stripped,idle,10,64,13,1717,0
2026-05-13T18:21:42+00:00,none,minimal,stripped,idle,10,64,14,1618,0
2026-05-13T18:21:42+00:00,none,minimal,stripped,idle,10,64,15,1716,0
2026-05-13T18:21:42+00:00,none,minimal,stripped,idle,10,64,16,1719,0
2026-05-13T18:21:42+00:00,none,minimal,stripped,idle,10,64,17,1718,0
2026-05-13T18:21:42+00:00,none,minimal,stripped,idle,10,64,18,1717,0
2026-05-13T18:21:42+00:00,none,minimal,stripped,idle,10,64,19,1620,0
2026-05-13T18:21:42+00:00,none,minimal,stripped,idle,10,64,20,1619,0
2026-05-13T18:21:42+00:00,none,minimal,stripped,idle,10,64,21,1720,0
2026-05-13T18:21:42+00:00,none,minimal,stripped,idle,10,64,22,1720,0
2026-05-13T18:21:42+00:00,none,minimal,stripped,idle,10,64,23,1825,0
2026-05-13T18:21:42+00:00,none,minimal,stripped,idle,10,64,24,1820,0
2026-05-13T18:21:42+00:00,none,minimal,stripped,idle,10,64,25,1920,0
2026-05-13T18:21:42+00:00,none,minimal,stripped,idle,10,64,26,421,1
2026-05-13T18:21:42+00:00,none,minimal,stripped,idle,10,64,27,1920,0
2026-05-13T18:21:42+00:00,none,minimal,stripped,idle,10,64,28,1721,0
2026-05-13T18:21:42+00:00,none,minimal,stripped,idle,10,64,29,1720,0
2026-05-13T18:21:42+00:00,none,minimal,stripped,idle,10,64,30,1722,0
2026-05-13T18:21:42+00:00,none,minimal,stripped,idle,10,64,31,1718,0
2026-05-13T18:21:42+00:00,none,minimal,stripped,idle,10,64,32,1920,0
2026-05-13T18:21:42+00:00,none,minimal,stripped,idle,10,64,33,1721,0
2026-05-13T18:21:42+00:00,none,minimal,stripped,idle,10,64,34,1820,0
2026-05-13T18:21:42+00:00,none,minimal,stripped,idle,10,64,35,1821,0
2026-05-13T18:21:42+00:00,none,minimal,stripped,idle,10,64,36,1920,0
2026-05-13T18:21:42+00:00,none,minimal,stripped,idle,10,64,37,1718,0
2026-05-13T18:21:42+00:00,none,minimal,stripped,idle,10,64,38,1618,0
2026-05-13T18:21:42+00:00,none,minimal,stripped,idle,10,64,39,1825,0
2026-05-13T18:21:42+00:00,none,minimal,stripped,idle,10,64,40,1821,0
2026-05-13T18:21:42+00:00,none,minimal,stripped,idle,10,64,41,1825,0
2026-05-13T18:21:42+00:00,none,minimal,stripped,idle,10,64,42,1724,0
2026-05-13T18:21:42+00:00,none,minimal,stripped,idle,10,64,43,1824,0
2026-05-13T18:21:42+00:00,none,minimal,stripped,idle,10,64,44,1734,0
2026-05-13T18:21:42+00:00,none,minimal,stripped,idle,10,64,45,1820,0
2026-05-13T18:21:42+00:00,none,minimal,stripped,idle,10,64,46,1827,0
2026-05-13T18:21:42+00:00,none,minimal,stripped,idle,10,64,47,1841,0
2026-05-13T18:21:42+00:00,none,minimal,stripped,idle,10,64,48,1829,0
2026-05-13T18:21:42+00:00,none,minimal,stripped,idle,10,64,49,1828,0
2026-05-13T18:21:42+00:00,none,minimal,stripped,idle,10,64,50,1831,0
2026-05-13T18:21:42+00:00,none,minimal,stripped,idle,10,64,51,1830,0
2026-05-13T18:21:42+00:00,none,minimal,stripped,idle,10,64,52,1823,0
2026-05-13T18:21:42+00:00,none,minimal,stripped,idle,10,64,53,1830,0
2026-05-13T18:21:42+00:00,none,minimal,stripped,idle,10,64,54,1722,0
2026-05-13T18:21:42+00:00,none,minimal,stripped,idle,10,64,55,1824,0
2026-05-13T18:21:42+00:00,none,minimal,stripped,idle,10,64,56,1827,0
2026-05-13T18:21:42+00:00,none,minimal,stripped,idle,10,64,57,1824,0
2026-05-13T18:21:42+00:00,none,minimal,stripped,idle,10,64,58,1827,0
2026-05-13T18:21:42+00:00,none,minimal,stripped,idle,10,64,59,1828,0
2026-05-13T18:21:42+00:00,none,minimal,stripped,idle,10,64,60,1822,0
2026-05-13T18:21:42+00:00,none,minimal,stripped,idle,10,64,61,1725,0
2026-05-13T18:21:42+00:00,none,minimal,stripped,idle,10,64,62,1728,0
2026-05-13T18:21:42+00:00,none,minimal,stripped,idle,10,64,63,1821,0
2026-05-13T18:21:45+00:00,none,minimal,stripped,idle,11,64,0,1719,0
2026-05-13T18:21:45+00:00,none,minimal,stripped,idle,11,64,1,1719,0
2026-05-13T18:21:45+00:00,none,minimal,stripped,idle,11,64,2,1716,0
2026-05-13T18:21:45+00:00,none,minimal,stripped,idle,11,64,3,1718,0
2026-05-13T18:21:45+00:00,none,minimal,stripped,idle,11,64,4,1717,0
2026-05-13T18:21:45+00:00,none,minimal,stripped,idle,11,64,5,1719,0
2026-05-13T18:21:45+00:00,none,minimal,stripped,idle,11,64,6,1717,0
2026-05-13T18:21:45+00:00,none,minimal,stripped,idle,11,64,7,1824,0
2026-05-13T18:21:45+00:00,none,minimal,stripped,idle,11,64,8,1718,0
2026-05-13T18:21:45+00:00,none,minimal,stripped,idle,11,64,9,1818,0
2026-05-13T18:21:45+00:00,none,minimal,stripped,idle,11,64,10,1717,0
2026-05-13T18:21:45+00:00,none,minimal,stripped,idle,11,64,11,1818,0
2026-05-13T18:21:45+00:00,none,minimal,stripped,idle,11,64,12,1719,0
2026-05-13T18:21:45+00:00,none,minimal,stripped,idle,11,64,13,1717,0
2026-05-13T18:21:45+00:00,none,minimal,stripped,idle,11,64,14,1818,0
2026-05-13T18:21:45+00:00,none,minimal,stripped,idle,11,64,15,1717,0
2026-05-13T18:21:45+00:00,none,minimal,stripped,idle,11,64,16,1819,0
2026-05-13T18:21:45+00:00,none,minimal,stripped,idle,11,64,17,1817,0
2026-05-13T18:21:45+00:00,none,minimal,stripped,idle,11,64,18,1820,0
2026-05-13T18:21:45+00:00,none,minimal,stripped,idle,11,64,19,1718,0
2026-05-13T18:21:45+00:00,none,minimal,stripped,idle,11,64,20,1817,0
2026-05-13T18:21:45+00:00,none,minimal,stripped,idle,11,64,21,1720,0
2026-05-13T18:21:45+00:00,none,minimal,stripped,idle,11,64,22,1820,0
2026-05-13T18:21:45+00:00,none,minimal,stripped,idle,11,64,23,1922,0
2026-05-13T18:21:45+00:00,none,minimal,stripped,idle,11,64,24,1820,0
2026-05-13T18:21:45+00:00,none,minimal,stripped,idle,11,64,25,1919,0
2026-05-13T18:21:45+00:00,none,minimal,stripped,idle,11,64,26,1919,0
2026-05-13T18:21:45+00:00,none,minimal,stripped,idle,11,64,27,1720,0
2026-05-13T18:21:45+00:00,none,minimal,stripped,idle,11,64,28,1718,0
2026-05-13T18:21:45+00:00,none,minimal,stripped,idle,11,64,29,1819,0
2026-05-13T18:21:45+00:00,none,minimal,stripped,idle,11,64,30,1819,0
2026-05-13T18:21:45+00:00,none,minimal,stripped,idle,11,64,31,1718,0
2026-05-13T18:21:45+00:00,none,minimal,stripped,idle,11,64,32,1821,0
2026-05-13T18:21:45+00:00,none,minimal,stripped,idle,11,64,33,1822,0
2026-05-13T18:21:45+00:00,none,minimal,stripped,idle,11,64,34,1823,0
2026-05-13T18:21:45+00:00,none,minimal,stripped,idle,11,64,35,1721,0
2026-05-13T18:21:45+00:00,none,minimal,stripped,idle,11,64,36,1819,0
2026-05-13T18:21:45+00:00,none,minimal,stripped,idle,11,64,37,1923,0
2026-05-13T18:21:45+00:00,none,minimal,stripped,idle,11,64,38,1821,0
2026-05-13T18:21:45+00:00,none,minimal,stripped,idle,11,64,39,1821,0
2026-05-13T18:21:45+00:00,none,minimal,stripped,idle,11,64,40,1822,0
2026-05-13T18:21:45+00:00,none,minimal,stripped,idle,11,64,41,1821,0
2026-05-13T18:21:45+00:00,none,minimal,stripped,idle,11,64,42,1823,0
2026-05-13T18:21:45+00:00,none,minimal,stripped,idle,11,64,43,1827,0
2026-05-13T18:21:45+00:00,none,minimal,stripped,idle,11,64,44,1828,0
2026-05-13T18:21:45+00:00,none,minimal,stripped,idle,11,64,45,1828,0
2026-05-13T18:21:45+00:00,none,minimal,stripped,idle,11,64,46,1931,0
2026-05-13T18:21:45+00:00,none,minimal,stripped,idle,11,64,47,1930,0
2026-05-13T18:21:45+00:00,none,minimal,stripped,idle,11,64,48,1935,0
2026-05-13T18:21:45+00:00,none,minimal,stripped,idle,11,64,49,1934,0
2026-05-13T18:21:45+00:00,none,minimal,stripped,idle,11,64,50,1839,0
2026-05-13T18:21:45+00:00,none,minimal,stripped,idle,11,64,51,1936,0
2026-05-13T18:21:45+00:00,none,minimal,stripped,idle,11,64,52,1833,0
2026-05-13T18:21:45+00:00,none,minimal,stripped,idle,11,64,53,1828,0
2026-05-13T18:21:45+00:00,none,minimal,stripped,idle,11,64,54,1829,0
2026-05-13T18:21:45+00:00,none,minimal,stripped,idle,11,64,55,1829,0
2026-05-13T18:21:45+00:00,none,minimal,stripped,idle,11,64,56,1826,0
2026-05-13T18:21:45+00:00,none,minimal,stripped,idle,11,64,57,1823,0
2026-05-13T18:21:45+00:00,none,minimal,stripped,idle,11,64,58,1725,0
2026-05-13T18:21:45+00:00,none,minimal,stripped,idle,11,64,59,1823,0
2026-05-13T18:21:45+00:00,none,minimal,stripped,idle,11,64,60,1819,0
2026-05-13T18:21:45+00:00,none,minimal,stripped,idle,11,64,61,1819,0
2026-05-13T18:21:45+00:00,none,minimal,stripped,idle,11,64,62,1824,0
2026-05-13T18:21:45+00:00,none,minimal,stripped,idle,11,64,63,1818,0
2026-05-13T18:21:48+00:00,none,minimal,stripped,idle,12,64,0,1619,0
2026-05-13T18:21:48+00:00,none,minimal,stripped,idle,12,64,1,1718,0
2026-05-13T18:21:48+00:00,none,minimal,stripped,idle,12,64,2,1722,0
2026-05-13T18:21:48+00:00,none,minimal,stripped,idle,12,64,3,1718,0
2026-05-13T18:21:48+00:00,none,minimal,stripped,idle,12,64,4,1718,0
2026-05-13T18:21:48+00:00,none,minimal,stripped,idle,12,64,5,1716,0
2026-05-13T18:21:48+00:00,none,minimal,stripped,idle,12,64,6,1716,0
2026-05-13T18:21:48+00:00,none,minimal,stripped,idle,12,64,7,1718,0
2026-05-13T18:21:48+00:00,none,minimal,stripped,idle,12,64,8,1717,0
2026-05-13T18:21:48+00:00,none,minimal,stripped,idle,12,64,9,1717,0
2026-05-13T18:21:48+00:00,none,minimal,stripped,idle,12,64,10,1718,0
2026-05-13T18:21:48+00:00,none,minimal,stripped,idle,12,64,11,1818,0
2026-05-13T18:21:48+00:00,none,minimal,stripped,idle,12,64,12,1819,0
2026-05-13T18:21:48+00:00,none,minimal,stripped,idle,12,64,13,1921,0
2026-05-13T18:21:48+00:00,none,minimal,stripped,idle,12,64,14,1718,0
2026-05-13T18:21:48+00:00,none,minimal,stripped,idle,12,64,15,1818,0
2026-05-13T18:21:48+00:00,none,minimal,stripped,idle,12,64,16,1817,0
2026-05-13T18:21:48+00:00,none,minimal,stripped,idle,12,64,17,1820,0
2026-05-13T18:21:48+00:00,none,minimal,stripped,idle,12,64,18,1818,0
2026-05-13T18:21:48+00:00,none,minimal,stripped,idle,12,64,19,1819,0
2026-05-13T18:21:48+00:00,none,minimal,stripped,idle,12,64,20,1820,0
2026-05-13T18:21:48+00:00,none,minimal,stripped,idle,12,64,21,1820,0
2026-05-13T18:21:48+00:00,none,minimal,stripped,idle,12,64,22,1821,0
2026-05-13T18:21:48+00:00,none,minimal,stripped,idle,12,64,23,1820,0
2026-05-13T18:21:48+00:00,none,minimal,stripped,idle,12,64,24,1820,0
2026-05-13T18:21:48+00:00,none,minimal,stripped,idle,12,64,25,1821,0
2026-05-13T18:21:48+00:00,none,minimal,stripped,idle,12,64,26,1820,0
2026-05-13T18:21:48+00:00,none,minimal,stripped,idle,12,64,27,1821,0
2026-05-13T18:21:48+00:00,none,minimal,stripped,idle,12,64,28,1827,0
2026-05-13T18:21:48+00:00,none,minimal,stripped,idle,12,64,29,1822,0
2026-05-13T18:21:48+00:00,none,minimal,stripped,idle,12,64,30,1818,0
2026-05-13T18:21:48+00:00,none,minimal,stripped,idle,12,64,31,1718,0
2026-05-13T18:21:48+00:00,none,minimal,stripped,idle,12,64,32,1822,0
2026-05-13T18:21:48+00:00,none,minimal,stripped,idle,12,64,33,1820,0
2026-05-13T18:21:48+00:00,none,minimal,stripped,idle,12,64,34,1922,0
2026-05-13T18:21:48+00:00,none,minimal,stripped,idle,12,64,35,1819,0
2026-05-13T18:21:48+00:00,none,minimal,stripped,idle,12,64,36,1822,0
2026-05-13T18:21:48+00:00,none,minimal,stripped,idle,12,64,37,1819,0
2026-05-13T18:21:48+00:00,none,minimal,stripped,idle,12,64,38,1819,0
2026-05-13T18:21:48+00:00,none,minimal,stripped,idle,12,64,39,1826,0
2026-05-13T18:21:48+00:00,none,minimal,stripped,idle,12,64,40,1820,0
2026-05-13T18:21:48+00:00,none,minimal,stripped,idle,12,64,41,1923,0
2026-05-13T18:21:48+00:00,none,minimal,stripped,idle,12,64,42,1820,0
2026-05-13T18:21:48+00:00,none,minimal,stripped,idle,12,64,43,1921,0
2026-05-13T18:21:48+00:00,none,minimal,stripped,idle,12,64,44,1830,0
2026-05-13T18:21:48+00:00,none,minimal,stripped,idle,12,64,45,1832,0
2026-05-13T18:21:48+00:00,none,minimal,stripped,idle,12,64,46,1933,0
2026-05-13T18:21:48+00:00,none,minimal,stripped,idle,12,64,47,1927,0
2026-05-13T18:21:48+00:00,none,minimal,stripped,idle,12,64,48,1923,0
2026-05-13T18:21:48+00:00,none,minimal,stripped,idle,12,64,49,1924,0
2026-05-13T18:21:48+00:00,none,minimal,stripped,idle,12,64,50,1923,0
2026-05-13T18:21:48+00:00,none,minimal,stripped,idle,12,64,51,1923,0
2026-05-13T18:21:48+00:00,none,minimal,stripped,idle,12,64,52,1922,0
2026-05-13T18:21:48+00:00,none,minimal,stripped,idle,12,64,53,1923,0
2026-05-13T18:21:48+00:00,none,minimal,stripped,idle,12,64,54,1826,0
2026-05-13T18:21:48+00:00,none,minimal,stripped,idle,12,64,55,1821,0
2026-05-13T18:21:48+00:00,none,minimal,stripped,idle,12,64,56,1928,0
2026-05-13T18:21:48+00:00,none,minimal,stripped,idle,12,64,57,1821,0
2026-05-13T18:21:48+00:00,none,minimal,stripped,idle,12,64,58,1821,0
2026-05-13T18:21:48+00:00,none,minimal,stripped,idle,12,64,59,1818,0
2026-05-13T18:21:48+00:00,none,minimal,stripped,idle,12,64,60,1821,0
2026-05-13T18:21:48+00:00,none,minimal,stripped,idle,12,64,61,1818,0
2026-05-13T18:21:48+00:00,none,minimal,stripped,idle,12,64,62,1818,0
2026-05-13T18:21:48+00:00,none,minimal,stripped,idle,12,64,63,1820,0
2026-05-13T18:21:51+00:00,none,minimal,stripped,idle,13,64,0,1620,0
2026-05-13T18:21:51+00:00,none,minimal,stripped,idle,13,64,1,1617,0
2026-05-13T18:21:51+00:00,none,minimal,stripped,idle,13,64,2,1718,0
2026-05-13T18:21:51+00:00,none,minimal,stripped,idle,13,64,3,1617,0
2026-05-13T18:21:51+00:00,none,minimal,stripped,idle,13,64,4,1720,0
2026-05-13T18:21:51+00:00,none,minimal,stripped,idle,13,64,5,1816,0
2026-05-13T18:21:51+00:00,none,minimal,stripped,idle,13,64,6,1618,0
2026-05-13T18:21:51+00:00,none,minimal,stripped,idle,13,64,7,1618,0
2026-05-13T18:21:51+00:00,none,minimal,stripped,idle,13,64,8,1717,0
2026-05-13T18:21:51+00:00,none,minimal,stripped,idle,13,64,9,1717,0
2026-05-13T18:21:51+00:00,none,minimal,stripped,idle,13,64,10,1718,0
2026-05-13T18:21:51+00:00,none,minimal,stripped,idle,13,64,11,1722,0
2026-05-13T18:21:51+00:00,none,minimal,stripped,idle,13,64,12,1723,0
2026-05-13T18:21:51+00:00,none,minimal,stripped,idle,13,64,13,1721,0
2026-05-13T18:21:51+00:00,none,minimal,stripped,idle,13,64,14,1716,0
2026-05-13T18:21:51+00:00,none,minimal,stripped,idle,13,64,15,1721,0
2026-05-13T18:21:51+00:00,none,minimal,stripped,idle,13,64,16,1718,0
2026-05-13T18:21:51+00:00,none,minimal,stripped,idle,13,64,17,1722,0
2026-05-13T18:21:51+00:00,none,minimal,stripped,idle,13,64,18,1717,0
2026-05-13T18:21:51+00:00,none,minimal,stripped,idle,13,64,19,1718,0
2026-05-13T18:21:51+00:00,none,minimal,stripped,idle,13,64,20,1733,0
2026-05-13T18:21:51+00:00,none,minimal,stripped,idle,13,64,21,1717,0
2026-05-13T18:21:51+00:00,none,minimal,stripped,idle,13,64,22,1718,0
2026-05-13T18:21:51+00:00,none,minimal,stripped,idle,13,64,23,1819,0
2026-05-13T18:21:51+00:00,none,minimal,stripped,idle,13,64,24,1818,0
2026-05-13T18:21:51+00:00,none,minimal,stripped,idle,13,64,25,1742,0
2026-05-13T18:21:51+00:00,none,minimal,stripped,idle,13,64,26,1818,0
2026-05-13T18:21:51+00:00,none,minimal,stripped,idle,13,64,27,1720,0
2026-05-13T18:21:51+00:00,none,minimal,stripped,idle,13,64,28,1717,0
2026-05-13T18:21:51+00:00,none,minimal,stripped,idle,13,64,29,1818,0
2026-05-13T18:21:51+00:00,none,minimal,stripped,idle,13,64,30,1822,0
2026-05-13T18:21:51+00:00,none,minimal,stripped,idle,13,64,31,1719,0
2026-05-13T18:21:51+00:00,none,minimal,stripped,idle,13,64,32,1822,0
2026-05-13T18:21:51+00:00,none,minimal,stripped,idle,13,64,33,1719,0
2026-05-13T18:21:51+00:00,none,minimal,stripped,idle,13,64,34,1718,0
2026-05-13T18:21:51+00:00,none,minimal,stripped,idle,13,64,35,1817,0
2026-05-13T18:21:51+00:00,none,minimal,stripped,idle,13,64,36,1822,0
2026-05-13T18:21:51+00:00,none,minimal,stripped,idle,13,64,37,1821,0
2026-05-13T18:21:51+00:00,none,minimal,stripped,idle,13,64,38,1721,0
2026-05-13T18:21:51+00:00,none,minimal,stripped,idle,13,64,39,1721,0
2026-05-13T18:21:51+00:00,none,minimal,stripped,idle,13,64,40,1721,0
2026-05-13T18:21:51+00:00,none,minimal,stripped,idle,13,64,41,1719,0
2026-05-13T18:21:51+00:00,none,minimal,stripped,idle,13,64,42,1819,0
2026-05-13T18:21:51+00:00,none,minimal,stripped,idle,13,64,43,1932,0
2026-05-13T18:21:51+00:00,none,minimal,stripped,idle,13,64,44,1926,0
2026-05-13T18:21:51+00:00,none,minimal,stripped,idle,13,64,45,1825,0
2026-05-13T18:21:51+00:00,none,minimal,stripped,idle,13,64,46,1935,0
2026-05-13T18:21:51+00:00,none,minimal,stripped,idle,13,64,47,1933,0
2026-05-13T18:21:51+00:00,none,minimal,stripped,idle,13,64,48,1825,0
2026-05-13T18:21:51+00:00,none,minimal,stripped,idle,13,64,49,1826,0
2026-05-13T18:21:51+00:00,none,minimal,stripped,idle,13,64,50,1830,0
2026-05-13T18:21:51+00:00,none,minimal,stripped,idle,13,64,51,1822,0
2026-05-13T18:21:51+00:00,none,minimal,stripped,idle,13,64,52,1925,0
2026-05-13T18:21:51+00:00,none,minimal,stripped,idle,13,64,53,1819,0
2026-05-13T18:21:51+00:00,none,minimal,stripped,idle,13,64,54,1827,0
2026-05-13T18:21:51+00:00,none,minimal,stripped,idle,13,64,55,1821,0
2026-05-13T18:21:51+00:00,none,minimal,stripped,idle,13,64,56,1822,0
2026-05-13T18:21:51+00:00,none,minimal,stripped,idle,13,64,57,1924,0
2026-05-13T18:21:51+00:00,none,minimal,stripped,idle,13,64,58,1725,0
2026-05-13T18:21:51+00:00,none,minimal,stripped,idle,13,64,59,1724,0
2026-05-13T18:21:51+00:00,none,minimal,stripped,idle,13,64,60,1821,0
2026-05-13T18:21:51+00:00,none,minimal,stripped,idle,13,64,61,1821,0
2026-05-13T18:21:51+00:00,none,minimal,stripped,idle,13,64,62,1820,0
2026-05-13T18:21:51+00:00,none,minimal,stripped,idle,13,64,63,1819,0
2026-05-13T18:21:54+00:00,none,minimal,stripped,idle,14,64,0,1618,0
2026-05-13T18:21:54+00:00,none,minimal,stripped,idle,14,64,1,1619,0
2026-05-13T18:21:54+00:00,none,minimal,stripped,idle,14,64,2,1618,0
2026-05-13T18:21:54+00:00,none,minimal,stripped,idle,14,64,3,1617,0
2026-05-13T18:21:54+00:00,none,minimal,stripped,idle,14,64,4,1736,0
2026-05-13T18:21:54+00:00,none,minimal,stripped,idle,14,64,5,1716,0
2026-05-13T18:21:54+00:00,none,minimal,stripped,idle,14,64,6,1619,0
2026-05-13T18:21:54+00:00,none,minimal,stripped,idle,14,64,7,1717,0
2026-05-13T18:21:54+00:00,none,minimal,stripped,idle,14,64,8,1716,0
2026-05-13T18:21:54+00:00,none,minimal,stripped,idle,14,64,9,1723,0
2026-05-13T18:21:54+00:00,none,minimal,stripped,idle,14,64,10,1719,0
2026-05-13T18:21:54+00:00,none,minimal,stripped,idle,14,64,11,1718,0
2026-05-13T18:21:54+00:00,none,minimal,stripped,idle,14,64,12,1721,0
2026-05-13T18:21:54+00:00,none,minimal,stripped,idle,14,64,13,1719,0
2026-05-13T18:21:54+00:00,none,minimal,stripped,idle,14,64,14,1618,0
2026-05-13T18:21:54+00:00,none,minimal,stripped,idle,14,64,15,1719,0
2026-05-13T18:21:54+00:00,none,minimal,stripped,idle,14,64,16,1719,0
2026-05-13T18:21:54+00:00,none,minimal,stripped,idle,14,64,17,1718,0
2026-05-13T18:21:54+00:00,none,minimal,stripped,idle,14,64,18,1719,0
2026-05-13T18:21:54+00:00,none,minimal,stripped,idle,14,64,19,1727,0
2026-05-13T18:21:54+00:00,none,minimal,stripped,idle,14,64,20,1718,0
2026-05-13T18:21:54+00:00,none,minimal,stripped,idle,14,64,21,1720,0
2026-05-13T18:21:54+00:00,none,minimal,stripped,idle,14,64,22,1719,0
2026-05-13T18:21:54+00:00,none,minimal,stripped,idle,14,64,23,1824,0
2026-05-13T18:21:54+00:00,none,minimal,stripped,idle,14,64,24,1819,0
2026-05-13T18:21:54+00:00,none,minimal,stripped,idle,14,64,25,1819,0
2026-05-13T18:21:54+00:00,none,minimal,stripped,idle,14,64,26,1819,0
2026-05-13T18:21:54+00:00,none,minimal,stripped,idle,14,64,27,1817,0
2026-05-13T18:21:54+00:00,none,minimal,stripped,idle,14,64,28,1817,0
2026-05-13T18:21:54+00:00,none,minimal,stripped,idle,14,64,29,1819,0
2026-05-13T18:21:54+00:00,none,minimal,stripped,idle,14,64,30,1818,0
2026-05-13T18:21:54+00:00,none,minimal,stripped,idle,14,64,31,1719,0
2026-05-13T18:21:54+00:00,none,minimal,stripped,idle,14,64,32,1819,0
2026-05-13T18:21:54+00:00,none,minimal,stripped,idle,14,64,33,1821,0
2026-05-13T18:21:54+00:00,none,minimal,stripped,idle,14,64,34,1818,0
2026-05-13T18:21:54+00:00,none,minimal,stripped,idle,14,64,35,1824,0
2026-05-13T18:21:54+00:00,none,minimal,stripped,idle,14,64,36,1721,0
2026-05-13T18:21:54+00:00,none,minimal,stripped,idle,14,64,37,1723,0
2026-05-13T18:21:54+00:00,none,minimal,stripped,idle,14,64,38,1721,0
2026-05-13T18:21:54+00:00,none,minimal,stripped,idle,14,64,39,1823,0
2026-05-13T18:21:54+00:00,none,minimal,stripped,idle,14,64,40,1731,0
2026-05-13T18:21:54+00:00,none,minimal,stripped,idle,14,64,41,1731,0
2026-05-13T18:21:54+00:00,none,minimal,stripped,idle,14,64,42,1725,0
2026-05-13T18:21:54+00:00,none,minimal,stripped,idle,14,64,43,1726,0
2026-05-13T18:21:54+00:00,none,minimal,stripped,idle,14,64,44,1726,0
2026-05-13T18:21:54+00:00,none,minimal,stripped,idle,14,64,45,1930,0
2026-05-13T18:21:54+00:00,none,minimal,stripped,idle,14,64,46,1931,0
2026-05-13T18:21:54+00:00,none,minimal,stripped,idle,14,64,47,1834,0
2026-05-13T18:21:54+00:00,none,minimal,stripped,idle,14,64,48,1825,0
2026-05-13T18:21:54+00:00,none,minimal,stripped,idle,14,64,49,1829,0
2026-05-13T18:21:54+00:00,none,minimal,stripped,idle,14,64,50,1830,0
2026-05-13T18:21:54+00:00,none,minimal,stripped,idle,14,64,51,1831,0
2026-05-13T18:21:54+00:00,none,minimal,stripped,idle,14,64,52,1826,0
2026-05-13T18:21:54+00:00,none,minimal,stripped,idle,14,64,53,1823,0
2026-05-13T18:21:54+00:00,none,minimal,stripped,idle,14,64,54,1825,0
2026-05-13T18:21:54+00:00,none,minimal,stripped,idle,14,64,55,1827,0
2026-05-13T18:21:54+00:00,none,minimal,stripped,idle,14,64,56,1824,0
2026-05-13T18:21:54+00:00,none,minimal,stripped,idle,14,64,57,1727,0
2026-05-13T18:21:54+00:00,none,minimal,stripped,idle,14,64,58,1824,0
2026-05-13T18:21:54+00:00,none,minimal,stripped,idle,14,64,59,1822,0
2026-05-13T18:21:54+00:00,none,minimal,stripped,idle,14,64,60,1827,0
2026-05-13T18:21:54+00:00,none,minimal,stripped,idle,14,64,61,1824,0
2026-05-13T18:21:54+00:00,none,minimal,stripped,idle,14,64,62,1824,0
2026-05-13T18:21:54+00:00,none,minimal,stripped,idle,14,64,63,1819,0
2026-05-13T18:21:56+00:00,none,minimal,stripped,idle,15,64,0,1620,0
2026-05-13T18:21:56+00:00,none,minimal,stripped,idle,15,64,1,1619,0
2026-05-13T18:21:56+00:00,none,minimal,stripped,idle,15,64,2,1620,0
2026-05-13T18:21:56+00:00,none,minimal,stripped,idle,15,64,3,1617,0
2026-05-13T18:21:56+00:00,none,minimal,stripped,idle,15,64,4,1617,0
2026-05-13T18:21:56+00:00,none,minimal,stripped,idle,15,64,5,1618,0
2026-05-13T18:21:56+00:00,none,minimal,stripped,idle,15,64,6,1624,0
2026-05-13T18:21:56+00:00,none,minimal,stripped,idle,15,64,7,1620,0
2026-05-13T18:21:56+00:00,none,minimal,stripped,idle,15,64,8,1716,0
2026-05-13T18:21:56+00:00,none,minimal,stripped,idle,15,64,9,1720,0
2026-05-13T18:21:56+00:00,none,minimal,stripped,idle,15,64,10,1721,0
2026-05-13T18:21:57+00:00,none,minimal,stripped,idle,15,64,11,1718,0
2026-05-13T18:21:57+00:00,none,minimal,stripped,idle,15,64,12,1618,0
2026-05-13T18:21:57+00:00,none,minimal,stripped,idle,15,64,13,1721,0
2026-05-13T18:21:57+00:00,none,minimal,stripped,idle,15,64,14,1620,0
2026-05-13T18:21:57+00:00,none,minimal,stripped,idle,15,64,15,1717,0
2026-05-13T18:21:57+00:00,none,minimal,stripped,idle,15,64,16,1617,0
2026-05-13T18:21:57+00:00,none,minimal,stripped,idle,15,64,17,1718,0
2026-05-13T18:21:57+00:00,none,minimal,stripped,idle,15,64,18,1728,0
2026-05-13T18:21:57+00:00,none,minimal,stripped,idle,15,64,19,1619,0
2026-05-13T18:21:57+00:00,none,minimal,stripped,idle,15,64,20,1718,0
2026-05-13T18:21:57+00:00,none,minimal,stripped,idle,15,64,21,1819,0
2026-05-13T18:21:57+00:00,none,minimal,stripped,idle,15,64,22,1619,0
2026-05-13T18:21:57+00:00,none,minimal,stripped,idle,15,64,23,1718,0
2026-05-13T18:21:57+00:00,none,minimal,stripped,idle,15,64,24,1729,0
2026-05-13T18:21:57+00:00,none,minimal,stripped,idle,15,64,25,1920,0
2026-05-13T18:21:57+00:00,none,minimal,stripped,idle,15,64,26,1723,0
2026-05-13T18:21:57+00:00,none,minimal,stripped,idle,15,64,27,1818,0
2026-05-13T18:21:57+00:00,none,minimal,stripped,idle,15,64,28,1721,0
2026-05-13T18:21:57+00:00,none,minimal,stripped,idle,15,64,29,1821,0
2026-05-13T18:21:57+00:00,none,minimal,stripped,idle,15,64,30,1830,0
2026-05-13T18:21:57+00:00,none,minimal,stripped,idle,15,64,31,1822,0
2026-05-13T18:21:57+00:00,none,minimal,stripped,idle,15,64,32,1721,0
2026-05-13T18:21:57+00:00,none,minimal,stripped,idle,15,64,33,1821,0
2026-05-13T18:21:57+00:00,none,minimal,stripped,idle,15,64,34,1726,0
2026-05-13T18:21:57+00:00,none,minimal,stripped,idle,15,64,35,1720,0
2026-05-13T18:21:57+00:00,none,minimal,stripped,idle,15,64,36,1818,0
2026-05-13T18:21:57+00:00,none,minimal,stripped,idle,15,64,37,1723,0
2026-05-13T18:21:57+00:00,none,minimal,stripped,idle,15,64,38,1727,0
2026-05-13T18:21:57+00:00,none,minimal,stripped,idle,15,64,39,1730,0
2026-05-13T18:21:57+00:00,none,minimal,stripped,idle,15,64,40,1719,0
2026-05-13T18:21:57+00:00,none,minimal,stripped,idle,15,64,41,1829,0
2026-05-13T18:21:57+00:00,none,minimal,stripped,idle,15,64,42,1733,0
2026-05-13T18:21:57+00:00,none,minimal,stripped,idle,15,64,43,1727,0
2026-05-13T18:21:57+00:00,none,minimal,stripped,idle,15,64,44,1822,0
2026-05-13T18:21:57+00:00,none,minimal,stripped,idle,15,64,45,1840,0
2026-05-13T18:21:57+00:00,none,minimal,stripped,idle,15,64,46,1835,0
2026-05-13T18:21:57+00:00,none,minimal,stripped,idle,15,64,47,1832,0
2026-05-13T18:21:57+00:00,none,minimal,stripped,idle,15,64,48,1829,0
2026-05-13T18:21:57+00:00,none,minimal,stripped,idle,15,64,49,1830,0
2026-05-13T18:21:57+00:00,none,minimal,stripped,idle,15,64,50,1824,0
2026-05-13T18:21:57+00:00,none,minimal,stripped,idle,15,64,51,1819,0
2026-05-13T18:21:57+00:00,none,minimal,stripped,idle,15,64,52,1829,0
2026-05-13T18:21:57+00:00,none,minimal,stripped,idle,15,64,53,1821,0
2026-05-13T18:21:57+00:00,none,minimal,stripped,idle,15,64,54,1826,0
2026-05-13T18:21:57+00:00,none,minimal,stripped,idle,15,64,55,1821,0
2026-05-13T18:21:57+00:00,none,minimal,stripped,idle,15,64,56,1722,0
2026-05-13T18:21:57+00:00,none,minimal,stripped,idle,15,64,57,1729,0
2026-05-13T18:21:57+00:00,none,minimal,stripped,idle,15,64,58,1825,0
2026-05-13T18:21:57+00:00,none,minimal,stripped,idle,15,64,59,1824,0
2026-05-13T18:21:57+00:00,none,minimal,stripped,idle,15,64,60,1722,0
2026-05-13T18:21:57+00:00,none,minimal,stripped,idle,15,64,61,1720,0
2026-05-13T18:21:57+00:00,none,minimal,stripped,idle,15,64,62,1729,0
2026-05-13T18:21:57+00:00,none,minimal,stripped,idle,15,64,63,1720,0
2026-05-13T18:21:59+00:00,none,minimal,stripped,idle,16,64,0,1717,0
2026-05-13T18:21:59+00:00,none,minimal,stripped,idle,16,64,1,1817,0
2026-05-13T18:21:59+00:00,none,minimal,stripped,idle,16,64,2,1720,0
2026-05-13T18:21:59+00:00,none,minimal,stripped,idle,16,64,3,1718,0
2026-05-13T18:21:59+00:00,none,minimal,stripped,idle,16,64,4,1717,0
2026-05-13T18:21:59+00:00,none,minimal,stripped,idle,16,64,5,1718,0
2026-05-13T18:21:59+00:00,none,minimal,stripped,idle,16,64,6,1817,0
2026-05-13T18:21:59+00:00,none,minimal,stripped,idle,16,64,7,1819,0
2026-05-13T18:21:59+00:00,none,minimal,stripped,idle,16,64,8,1818,0
2026-05-13T18:21:59+00:00,none,minimal,stripped,idle,16,64,9,1817,0
2026-05-13T18:21:59+00:00,none,minimal,stripped,idle,16,64,10,1817,0
2026-05-13T18:21:59+00:00,none,minimal,stripped,idle,16,64,11,1821,0
2026-05-13T18:21:59+00:00,none,minimal,stripped,idle,16,64,12,1718,0
2026-05-13T18:21:59+00:00,none,minimal,stripped,idle,16,64,13,1822,0
2026-05-13T18:22:00+00:00,none,minimal,stripped,idle,16,64,14,1820,0
2026-05-13T18:22:00+00:00,none,minimal,stripped,idle,16,64,15,1818,0
2026-05-13T18:22:00+00:00,none,minimal,stripped,idle,16,64,16,1818,0
2026-05-13T18:22:00+00:00,none,minimal,stripped,idle,16,64,17,1918,0
2026-05-13T18:22:00+00:00,none,minimal,stripped,idle,16,64,18,1719,0
2026-05-13T18:22:00+00:00,none,minimal,stripped,idle,16,64,19,1824,0
2026-05-13T18:22:00+00:00,none,minimal,stripped,idle,16,64,20,1820,0
2026-05-13T18:22:00+00:00,none,minimal,stripped,idle,16,64,21,1819,0
2026-05-13T18:22:00+00:00,none,minimal,stripped,idle,16,64,22,1919,0
2026-05-13T18:22:00+00:00,none,minimal,stripped,idle,16,64,23,1818,0
2026-05-13T18:22:00+00:00,none,minimal,stripped,idle,16,64,24,1819,0
2026-05-13T18:22:00+00:00,none,minimal,stripped,idle,16,64,25,1819,0
2026-05-13T18:22:00+00:00,none,minimal,stripped,idle,16,64,26,1821,0
2026-05-13T18:22:00+00:00,none,minimal,stripped,idle,16,64,27,1826,0
2026-05-13T18:22:00+00:00,none,minimal,stripped,idle,16,64,28,1919,0
2026-05-13T18:22:00+00:00,none,minimal,stripped,idle,16,64,29,1819,0
2026-05-13T18:22:00+00:00,none,minimal,stripped,idle,16,64,30,1918,0
2026-05-13T18:22:00+00:00,none,minimal,stripped,idle,16,64,31,1919,0
2026-05-13T18:22:00+00:00,none,minimal,stripped,idle,16,64,32,1819,0
2026-05-13T18:22:00+00:00,none,minimal,stripped,idle,16,64,33,1919,0
2026-05-13T18:22:00+00:00,none,minimal,stripped,idle,16,64,34,1823,0
2026-05-13T18:22:00+00:00,none,minimal,stripped,idle,16,64,35,1919,0
2026-05-13T18:22:00+00:00,none,minimal,stripped,idle,16,64,36,1922,0
2026-05-13T18:22:00+00:00,none,minimal,stripped,idle,16,64,37,1826,0
2026-05-13T18:22:00+00:00,none,minimal,stripped,idle,16,64,38,1824,0
2026-05-13T18:22:00+00:00,none,minimal,stripped,idle,16,64,39,1822,0
2026-05-13T18:22:00+00:00,none,minimal,stripped,idle,16,64,40,1919,0
2026-05-13T18:22:00+00:00,none,minimal,stripped,idle,16,64,41,1823,0
2026-05-13T18:22:00+00:00,none,minimal,stripped,idle,16,64,42,1823,0
2026-05-13T18:22:00+00:00,none,minimal,stripped,idle,16,64,43,1825,0
2026-05-13T18:22:00+00:00,none,minimal,stripped,idle,16,64,44,1822,0
2026-05-13T18:22:00+00:00,none,minimal,stripped,idle,16,64,45,1825,0
2026-05-13T18:22:00+00:00,none,minimal,stripped,idle,16,64,46,1956,0
2026-05-13T18:22:00+00:00,none,minimal,stripped,idle,16,64,47,2028,0
2026-05-13T18:22:00+00:00,none,minimal,stripped,idle,16,64,48,1933,0
2026-05-13T18:22:00+00:00,none,minimal,stripped,idle,16,64,49,1924,0
2026-05-13T18:22:00+00:00,none,minimal,stripped,idle,16,64,50,1923,0
2026-05-13T18:22:00+00:00,none,minimal,stripped,idle,16,64,51,1921,0
2026-05-13T18:22:00+00:00,none,minimal,stripped,idle,16,64,52,1922,0
2026-05-13T18:22:00+00:00,none,minimal,stripped,idle,16,64,53,1924,0
2026-05-13T18:22:00+00:00,none,minimal,stripped,idle,16,64,54,1925,0
2026-05-13T18:22:00+00:00,none,minimal,stripped,idle,16,64,55,1925,0
2026-05-13T18:22:00+00:00,none,minimal,stripped,idle,16,64,56,1924,0
2026-05-13T18:22:00+00:00,none,minimal,stripped,idle,16,64,57,1934,0
2026-05-13T18:22:00+00:00,none,minimal,stripped,idle,16,64,58,1942,0
2026-05-13T18:22:00+00:00,none,minimal,stripped,idle,16,64,59,1930,0
2026-05-13T18:22:00+00:00,none,minimal,stripped,idle,16,64,60,1926,0
2026-05-13T18:22:00+00:00,none,minimal,stripped,idle,16,64,61,1824,0
2026-05-13T18:22:00+00:00,none,minimal,stripped,idle,16,64,62,1830,0
2026-05-13T18:22:00+00:00,none,minimal,stripped,idle,16,64,63,1822,0
2026-05-13T18:22:02+00:00,none,minimal,stripped,idle,17,64,0,1620,0
2026-05-13T18:22:02+00:00,none,minimal,stripped,idle,17,64,1,1616,0
2026-05-13T18:22:02+00:00,none,minimal,stripped,idle,17,64,2,1617,0
2026-05-13T18:22:02+00:00,none,minimal,stripped,idle,17,64,3,1617,0
2026-05-13T18:22:02+00:00,none,minimal,stripped,idle,17,64,4,1618,0
2026-05-13T18:22:02+00:00,none,minimal,stripped,idle,17,64,5,1616,0
2026-05-13T18:22:02+00:00,none,minimal,stripped,idle,17,64,6,1617,0
2026-05-13T18:22:02+00:00,none,minimal,stripped,idle,17,64,7,1621,0
2026-05-13T18:22:02+00:00,none,minimal,stripped,idle,17,64,8,1618,0
2026-05-13T18:22:02+00:00,none,minimal,stripped,idle,17,64,9,1716,0
2026-05-13T18:22:02+00:00,none,minimal,stripped,idle,17,64,10,1618,0
2026-05-13T18:22:02+00:00,none,minimal,stripped,idle,17,64,11,1720,0
2026-05-13T18:22:02+00:00,none,minimal,stripped,idle,17,64,12,1618,0
2026-05-13T18:22:02+00:00,none,minimal,stripped,idle,17,64,13,1618,0
2026-05-13T18:22:02+00:00,none,minimal,stripped,idle,17,64,14,1720,0
2026-05-13T18:22:02+00:00,none,minimal,stripped,idle,17,64,15,1618,0
2026-05-13T18:22:02+00:00,none,minimal,stripped,idle,17,64,16,1617,0
2026-05-13T18:22:02+00:00,none,minimal,stripped,idle,17,64,17,1719,0
2026-05-13T18:22:02+00:00,none,minimal,stripped,idle,17,64,18,1617,0
2026-05-13T18:22:02+00:00,none,minimal,stripped,idle,17,64,19,1822,0
2026-05-13T18:22:02+00:00,none,minimal,stripped,idle,17,64,20,1718,0
2026-05-13T18:22:02+00:00,none,minimal,stripped,idle,17,64,21,1717,0
2026-05-13T18:22:02+00:00,none,minimal,stripped,idle,17,64,22,1820,0
2026-05-13T18:22:02+00:00,none,minimal,stripped,idle,17,64,23,1818,0
2026-05-13T18:22:02+00:00,none,minimal,stripped,idle,17,64,24,1720,0
2026-05-13T18:22:02+00:00,none,minimal,stripped,idle,17,64,25,1620,0
2026-05-13T18:22:02+00:00,none,minimal,stripped,idle,17,64,26,1722,0
2026-05-13T18:22:02+00:00,none,minimal,stripped,idle,17,64,27,1817,0
2026-05-13T18:22:02+00:00,none,minimal,stripped,idle,17,64,28,1718,0
2026-05-13T18:22:02+00:00,none,minimal,stripped,idle,17,64,29,1719,0
2026-05-13T18:22:02+00:00,none,minimal,stripped,idle,17,64,30,1723,0
2026-05-13T18:22:02+00:00,none,minimal,stripped,idle,17,64,31,1720,0
2026-05-13T18:22:03+00:00,none,minimal,stripped,idle,17,64,32,1721,0
2026-05-13T18:22:03+00:00,none,minimal,stripped,idle,17,64,33,1820,0
2026-05-13T18:22:03+00:00,none,minimal,stripped,idle,17,64,34,1821,0
2026-05-13T18:22:03+00:00,none,minimal,stripped,idle,17,64,35,1820,0
2026-05-13T18:22:03+00:00,none,minimal,stripped,idle,17,64,36,1819,0
2026-05-13T18:22:03+00:00,none,minimal,stripped,idle,17,64,37,1720,0
2026-05-13T18:22:03+00:00,none,minimal,stripped,idle,17,64,38,1725,0
2026-05-13T18:22:03+00:00,none,minimal,stripped,idle,17,64,39,1721,0
2026-05-13T18:22:03+00:00,none,minimal,stripped,idle,17,64,40,1720,0
2026-05-13T18:22:03+00:00,none,minimal,stripped,idle,17,64,41,1722,0
2026-05-13T18:22:03+00:00,none,minimal,stripped,idle,17,64,42,1822,0
2026-05-13T18:22:03+00:00,none,minimal,stripped,idle,17,64,43,1825,0
2026-05-13T18:22:03+00:00,none,minimal,stripped,idle,17,64,44,1827,0
2026-05-13T18:22:03+00:00,none,minimal,stripped,idle,17,64,45,1724,0
2026-05-13T18:22:03+00:00,none,minimal,stripped,idle,17,64,46,1925,0
2026-05-13T18:22:03+00:00,none,minimal,stripped,idle,17,64,47,1837,0
2026-05-13T18:22:03+00:00,none,minimal,stripped,idle,17,64,48,1827,0
2026-05-13T18:22:03+00:00,none,minimal,stripped,idle,17,64,49,1835,0
2026-05-13T18:22:03+00:00,none,minimal,stripped,idle,17,64,50,1831,0
2026-05-13T18:22:03+00:00,none,minimal,stripped,idle,17,64,51,1829,0
2026-05-13T18:22:03+00:00,none,minimal,stripped,idle,17,64,52,1828,0
2026-05-13T18:22:03+00:00,none,minimal,stripped,idle,17,64,53,1721,0
2026-05-13T18:22:03+00:00,none,minimal,stripped,idle,17,64,54,1821,0
2026-05-13T18:22:03+00:00,none,minimal,stripped,idle,17,64,55,1823,0
2026-05-13T18:22:03+00:00,none,minimal,stripped,idle,17,64,56,1823,0
2026-05-13T18:22:03+00:00,none,minimal,stripped,idle,17,64,57,1824,0
2026-05-13T18:22:03+00:00,none,minimal,stripped,idle,17,64,58,1822,0
2026-05-13T18:22:03+00:00,none,minimal,stripped,idle,17,64,59,1821,0
2026-05-13T18:22:03+00:00,none,minimal,stripped,idle,17,64,60,1821,0
2026-05-13T18:22:03+00:00,none,minimal,stripped,idle,17,64,61,1828,0
2026-05-13T18:22:03+00:00,none,minimal,stripped,idle,17,64,62,1827,0
2026-05-13T18:22:03+00:00,none,minimal,stripped,idle,17,64,63,1831,0
2026-05-13T18:22:05+00:00,none,minimal,stripped,idle,18,64,0,1719,0
2026-05-13T18:22:05+00:00,none,minimal,stripped,idle,18,64,1,1718,0
2026-05-13T18:22:05+00:00,none,minimal,stripped,idle,18,64,2,1820,0
2026-05-13T18:22:05+00:00,none,minimal,stripped,idle,18,64,3,1718,0
2026-05-13T18:22:05+00:00,none,minimal,stripped,idle,18,64,4,1717,0
2026-05-13T18:22:05+00:00,none,minimal,stripped,idle,18,64,5,1717,0
2026-05-13T18:22:05+00:00,none,minimal,stripped,idle,18,64,6,1718,0
2026-05-13T18:22:05+00:00,none,minimal,stripped,idle,18,64,7,1720,0
2026-05-13T18:22:05+00:00,none,minimal,stripped,idle,18,64,8,1717,0
2026-05-13T18:22:05+00:00,none,minimal,stripped,idle,18,64,9,1818,0
2026-05-13T18:22:05+00:00,none,minimal,stripped,idle,18,64,10,1816,0
2026-05-13T18:22:05+00:00,none,minimal,stripped,idle,18,64,11,1820,0
2026-05-13T18:22:05+00:00,none,minimal,stripped,idle,18,64,12,1820,0
2026-05-13T18:22:05+00:00,none,minimal,stripped,idle,18,64,13,1819,0
2026-05-13T18:22:05+00:00,none,minimal,stripped,idle,18,64,14,1817,0
2026-05-13T18:22:05+00:00,none,minimal,stripped,idle,18,64,15,1718,0
2026-05-13T18:22:05+00:00,none,minimal,stripped,idle,18,64,16,1818,0
2026-05-13T18:22:05+00:00,none,minimal,stripped,idle,18,64,17,1719,0
2026-05-13T18:22:05+00:00,none,minimal,stripped,idle,18,64,18,1822,0
2026-05-13T18:22:05+00:00,none,minimal,stripped,idle,18,64,19,1820,0
2026-05-13T18:22:05+00:00,none,minimal,stripped,idle,18,64,20,1737,0
2026-05-13T18:22:05+00:00,none,minimal,stripped,idle,18,64,21,1817,0
2026-05-13T18:22:05+00:00,none,minimal,stripped,idle,18,64,22,1719,0
2026-05-13T18:22:05+00:00,none,minimal,stripped,idle,18,64,23,1819,0
2026-05-13T18:22:05+00:00,none,minimal,stripped,idle,18,64,24,1719,0
2026-05-13T18:22:05+00:00,none,minimal,stripped,idle,18,64,25,1723,0
2026-05-13T18:22:05+00:00,none,minimal,stripped,idle,18,64,26,1719,0
2026-05-13T18:22:05+00:00,none,minimal,stripped,idle,18,64,27,1719,0
2026-05-13T18:22:05+00:00,none,minimal,stripped,idle,18,64,28,1721,0
2026-05-13T18:22:05+00:00,none,minimal,stripped,idle,18,64,29,1823,0
2026-05-13T18:22:05+00:00,none,minimal,stripped,idle,18,64,30,1921,0
2026-05-13T18:22:05+00:00,none,minimal,stripped,idle,18,64,31,1821,0
2026-05-13T18:22:05+00:00,none,minimal,stripped,idle,18,64,32,1725,0
2026-05-13T18:22:05+00:00,none,minimal,stripped,idle,18,64,33,1822,0
2026-05-13T18:22:05+00:00,none,minimal,stripped,idle,18,64,34,1821,0
2026-05-13T18:22:05+00:00,none,minimal,stripped,idle,18,64,35,1921,0
2026-05-13T18:22:05+00:00,none,minimal,stripped,idle,18,64,36,1819,0
2026-05-13T18:22:05+00:00,none,minimal,stripped,idle,18,64,37,1820,0
2026-05-13T18:22:05+00:00,none,minimal,stripped,idle,18,64,38,1721,0
2026-05-13T18:22:05+00:00,none,minimal,stripped,idle,18,64,39,1819,0
2026-05-13T18:22:05+00:00,none,minimal,stripped,idle,18,64,40,1821,0
2026-05-13T18:22:05+00:00,none,minimal,stripped,idle,18,64,41,1919,0
2026-05-13T18:22:05+00:00,none,minimal,stripped,idle,18,64,42,1827,0
2026-05-13T18:22:05+00:00,none,minimal,stripped,idle,18,64,43,1830,0
2026-05-13T18:22:05+00:00,none,minimal,stripped,idle,18,64,44,1822,0
2026-05-13T18:22:05+00:00,none,minimal,stripped,idle,18,64,45,1837,0
2026-05-13T18:22:05+00:00,none,minimal,stripped,idle,18,64,46,1825,0
2026-05-13T18:22:06+00:00,none,minimal,stripped,idle,18,64,47,1830,0
2026-05-13T18:22:06+00:00,none,minimal,stripped,idle,18,64,48,1841,0
2026-05-13T18:22:06+00:00,none,minimal,stripped,idle,18,64,49,1840,0
2026-05-13T18:22:06+00:00,none,minimal,stripped,idle,18,64,50,1938,0
2026-05-13T18:22:06+00:00,none,minimal,stripped,idle,18,64,51,1837,0
2026-05-13T18:22:06+00:00,none,minimal,stripped,idle,18,64,52,1929,0
2026-05-13T18:22:06+00:00,none,minimal,stripped,idle,18,64,53,1831,0
2026-05-13T18:22:06+00:00,none,minimal,stripped,idle,18,64,54,1825,0
2026-05-13T18:22:06+00:00,none,minimal,stripped,idle,18,64,55,1829,0
2026-05-13T18:22:06+00:00,none,minimal,stripped,idle,18,64,56,1824,0
2026-05-13T18:22:06+00:00,none,minimal,stripped,idle,18,64,57,1827,0
2026-05-13T18:22:06+00:00,none,minimal,stripped,idle,18,64,58,1819,0
2026-05-13T18:22:06+00:00,none,minimal,stripped,idle,18,64,59,1819,0
2026-05-13T18:22:06+00:00,none,minimal,stripped,idle,18,64,60,1821,0
2026-05-13T18:22:06+00:00,none,minimal,stripped,idle,18,64,61,1826,0
2026-05-13T18:22:06+00:00,none,minimal,stripped,idle,18,64,62,1823,0
2026-05-13T18:22:06+00:00,none,minimal,stripped,idle,18,64,63,1817,0
2026-05-13T18:22:08+00:00,none,minimal,stripped,idle,19,64,0,1618,0
2026-05-13T18:22:08+00:00,none,minimal,stripped,idle,19,64,1,1617,0
2026-05-13T18:22:08+00:00,none,minimal,stripped,idle,19,64,2,1620,0
2026-05-13T18:22:08+00:00,none,minimal,stripped,idle,19,64,3,1618,0
2026-05-13T18:22:08+00:00,none,minimal,stripped,idle,19,64,4,1718,0
2026-05-13T18:22:08+00:00,none,minimal,stripped,idle,19,64,5,1619,0
2026-05-13T18:22:08+00:00,none,minimal,stripped,idle,19,64,6,1616,0
2026-05-13T18:22:08+00:00,none,minimal,stripped,idle,19,64,7,1718,0
2026-05-13T18:22:08+00:00,none,minimal,stripped,idle,19,64,8,1716,0
2026-05-13T18:22:08+00:00,none,minimal,stripped,idle,19,64,9,1622,0
2026-05-13T18:22:08+00:00,none,minimal,stripped,idle,19,64,10,1719,0
2026-05-13T18:22:08+00:00,none,minimal,stripped,idle,19,64,11,1624,0
2026-05-13T18:22:08+00:00,none,minimal,stripped,idle,19,64,12,1645,0
2026-05-13T18:22:08+00:00,none,minimal,stripped,idle,19,64,13,1628,0
2026-05-13T18:22:08+00:00,none,minimal,stripped,idle,19,64,14,1716,0
2026-05-13T18:22:08+00:00,none,minimal,stripped,idle,19,64,15,1718,0
2026-05-13T18:22:08+00:00,none,minimal,stripped,idle,19,64,16,1718,0
2026-05-13T18:22:08+00:00,none,minimal,stripped,idle,19,64,17,1721,0
2026-05-13T18:22:08+00:00,none,minimal,stripped,idle,19,64,18,1722,0
2026-05-13T18:22:08+00:00,none,minimal,stripped,idle,19,64,19,1719,0
2026-05-13T18:22:08+00:00,none,minimal,stripped,idle,19,64,20,1632,0
2026-05-13T18:22:08+00:00,none,minimal,stripped,idle,19,64,21,1717,0
2026-05-13T18:22:08+00:00,none,minimal,stripped,idle,19,64,22,1717,0
2026-05-13T18:22:08+00:00,none,minimal,stripped,idle,19,64,23,1718,0
2026-05-13T18:22:08+00:00,none,minimal,stripped,idle,19,64,24,1722,0
2026-05-13T18:22:08+00:00,none,minimal,stripped,idle,19,64,25,1718,0
2026-05-13T18:22:08+00:00,none,minimal,stripped,idle,19,64,26,1719,0
2026-05-13T18:22:08+00:00,none,minimal,stripped,idle,19,64,27,1818,0
2026-05-13T18:22:08+00:00,none,minimal,stripped,idle,19,64,28,1719,0
2026-05-13T18:22:08+00:00,none,minimal,stripped,idle,19,64,29,1821,0
2026-05-13T18:22:08+00:00,none,minimal,stripped,idle,19,64,30,1719,0
2026-05-13T18:22:08+00:00,none,minimal,stripped,idle,19,64,31,1733,0
2026-05-13T18:22:08+00:00,none,minimal,stripped,idle,19,64,32,1818,0
2026-05-13T18:22:08+00:00,none,minimal,stripped,idle,19,64,33,1725,0
2026-05-13T18:22:08+00:00,none,minimal,stripped,idle,19,64,34,1823,0
2026-05-13T18:22:08+00:00,none,minimal,stripped,idle,19,64,35,1818,0
2026-05-13T18:22:08+00:00,none,minimal,stripped,idle,19,64,36,1819,0
2026-05-13T18:22:08+00:00,none,minimal,stripped,idle,19,64,37,1822,0
2026-05-13T18:22:08+00:00,none,minimal,stripped,idle,19,64,38,1719,0
2026-05-13T18:22:08+00:00,none,minimal,stripped,idle,19,64,39,1822,0
2026-05-13T18:22:08+00:00,none,minimal,stripped,idle,19,64,40,1821,0
2026-05-13T18:22:08+00:00,none,minimal,stripped,idle,19,64,41,1822,0
2026-05-13T18:22:08+00:00,none,minimal,stripped,idle,19,64,42,1824,0
2026-05-13T18:22:09+00:00,none,minimal,stripped,idle,19,64,43,1735,0
2026-05-13T18:22:09+00:00,none,minimal,stripped,idle,19,64,44,1822,0
2026-05-13T18:22:09+00:00,none,minimal,stripped,idle,19,64,45,1826,0
2026-05-13T18:22:09+00:00,none,minimal,stripped,idle,19,64,46,2028,0
2026-05-13T18:22:09+00:00,none,minimal,stripped,idle,19,64,47,1824,0
2026-05-13T18:22:09+00:00,none,minimal,stripped,idle,19,64,48,2028,0
2026-05-13T18:22:09+00:00,none,minimal,stripped,idle,19,64,49,1923,0
2026-05-13T18:22:09+00:00,none,minimal,stripped,idle,19,64,50,2031,0
2026-05-13T18:22:09+00:00,none,minimal,stripped,idle,19,64,51,2029,0
2026-05-13T18:22:09+00:00,none,minimal,stripped,idle,19,64,52,2032,0
2026-05-13T18:22:09+00:00,none,minimal,stripped,idle,19,64,53,2025,0
2026-05-13T18:22:09+00:00,none,minimal,stripped,idle,19,64,54,2025,0
2026-05-13T18:22:09+00:00,none,minimal,stripped,idle,19,64,55,2023,0
2026-05-13T18:22:09+00:00,none,minimal,stripped,idle,19,64,56,2026,0
2026-05-13T18:22:09+00:00,none,minimal,stripped,idle,19,64,57,1824,0
2026-05-13T18:22:09+00:00,none,minimal,stripped,idle,19,64,58,1921,0
2026-05-13T18:22:09+00:00,none,minimal,stripped,idle,19,64,59,1927,0
2026-05-13T18:22:09+00:00,none,minimal,stripped,idle,19,64,60,1929,0
2026-05-13T18:22:09+00:00,none,minimal,stripped,idle,19,64,61,1823,0
2026-05-13T18:22:09+00:00,none,minimal,stripped,idle,19,64,62,1923,0
2026-05-13T18:22:09+00:00,none,minimal,stripped,idle,19,64,63,1924,0
2026-05-13T18:22:11+00:00,none,minimal,stripped,idle,20,64,0,1748,0
2026-05-13T18:22:11+00:00,none,minimal,stripped,idle,20,64,1,1717,0
2026-05-13T18:22:11+00:00,none,minimal,stripped,idle,20,64,2,1628,0
2026-05-13T18:22:11+00:00,none,minimal,stripped,idle,20,64,3,1718,0
2026-05-13T18:22:11+00:00,none,minimal,stripped,idle,20,64,4,1717,0
2026-05-13T18:22:11+00:00,none,minimal,stripped,idle,20,64,5,1716,0
2026-05-13T18:22:11+00:00,none,minimal,stripped,idle,20,64,6,1718,0
2026-05-13T18:22:11+00:00,none,minimal,stripped,idle,20,64,7,1817,0
2026-05-13T18:22:11+00:00,none,minimal,stripped,idle,20,64,8,1717,0
2026-05-13T18:22:11+00:00,none,minimal,stripped,idle,20,64,9,1718,0
2026-05-13T18:22:11+00:00,none,minimal,stripped,idle,20,64,10,1720,0
2026-05-13T18:22:11+00:00,none,minimal,stripped,idle,20,64,11,1720,0
2026-05-13T18:22:11+00:00,none,minimal,stripped,idle,20,64,12,1818,0
2026-05-13T18:22:11+00:00,none,minimal,stripped,idle,20,64,13,1725,0
2026-05-13T18:22:11+00:00,none,minimal,stripped,idle,20,64,14,1818,0
2026-05-13T18:22:11+00:00,none,minimal,stripped,idle,20,64,15,1719,0
2026-05-13T18:22:11+00:00,none,minimal,stripped,idle,20,64,16,1819,0
2026-05-13T18:22:11+00:00,none,minimal,stripped,idle,20,64,17,1820,0
2026-05-13T18:22:11+00:00,none,minimal,stripped,idle,20,64,18,1818,0
2026-05-13T18:22:11+00:00,none,minimal,stripped,idle,20,64,19,1719,0
2026-05-13T18:22:11+00:00,none,minimal,stripped,idle,20,64,20,1619,0
2026-05-13T18:22:11+00:00,none,minimal,stripped,idle,20,64,21,1817,0
2026-05-13T18:22:11+00:00,none,minimal,stripped,idle,20,64,22,1727,0
2026-05-13T18:22:11+00:00,none,minimal,stripped,idle,20,64,23,1618,0
2026-05-13T18:22:11+00:00,none,minimal,stripped,idle,20,64,24,1719,0
2026-05-13T18:22:11+00:00,none,minimal,stripped,idle,20,64,25,1820,0
2026-05-13T18:22:11+00:00,none,minimal,stripped,idle,20,64,26,1752,0
2026-05-13T18:22:11+00:00,none,minimal,stripped,idle,20,64,27,1720,0
2026-05-13T18:22:11+00:00,none,minimal,stripped,idle,20,64,28,1719,0
2026-05-13T18:22:11+00:00,none,minimal,stripped,idle,20,64,29,1918,0
2026-05-13T18:22:11+00:00,none,minimal,stripped,idle,20,64,30,1721,0
2026-05-13T18:22:11+00:00,none,minimal,stripped,idle,20,64,31,1819,0
2026-05-13T18:22:11+00:00,none,minimal,stripped,idle,20,64,32,1821,0
2026-05-13T18:22:11+00:00,none,minimal,stripped,idle,20,64,33,1816,0
2026-05-13T18:22:11+00:00,none,minimal,stripped,idle,20,64,34,1821,0
2026-05-13T18:22:11+00:00,none,minimal,stripped,idle,20,64,35,1819,0
2026-05-13T18:22:11+00:00,none,minimal,stripped,idle,20,64,36,1719,0
2026-05-13T18:22:11+00:00,none,minimal,stripped,idle,20,64,37,1820,0
2026-05-13T18:22:11+00:00,none,minimal,stripped,idle,20,64,38,1723,0
2026-05-13T18:22:11+00:00,none,minimal,stripped,idle,20,64,39,1818,0
2026-05-13T18:22:11+00:00,none,minimal,stripped,idle,20,64,40,1723,0
2026-05-13T18:22:11+00:00,none,minimal,stripped,idle,20,64,41,1829,0
2026-05-13T18:22:11+00:00,none,minimal,stripped,idle,20,64,42,1823,0
2026-05-13T18:22:11+00:00,none,minimal,stripped,idle,20,64,43,1669,0
2026-05-13T18:22:11+00:00,none,minimal,stripped,idle,20,64,44,1825,0
2026-05-13T18:22:11+00:00,none,minimal,stripped,idle,20,64,45,1826,0
2026-05-13T18:22:11+00:00,none,minimal,stripped,idle,20,64,46,1830,0
2026-05-13T18:22:11+00:00,none,minimal,stripped,idle,20,64,47,1946,0
2026-05-13T18:22:11+00:00,none,minimal,stripped,idle,20,64,48,1947,0
2026-05-13T18:22:11+00:00,none,minimal,stripped,idle,20,64,49,1835,0
2026-05-13T18:22:11+00:00,none,minimal,stripped,idle,20,64,50,1831,0
2026-05-13T18:22:11+00:00,none,minimal,stripped,idle,20,64,51,1824,0
2026-05-13T18:22:11+00:00,none,minimal,stripped,idle,20,64,52,1851,0
2026-05-13T18:22:11+00:00,none,minimal,stripped,idle,20,64,53,1824,0
2026-05-13T18:22:11+00:00,none,minimal,stripped,idle,20,64,54,1836,0
2026-05-13T18:22:12+00:00,none,minimal,stripped,idle,20,64,55,1723,0
2026-05-13T18:22:12+00:00,none,minimal,stripped,idle,20,64,56,1823,0
2026-05-13T18:22:12+00:00,none,minimal,stripped,idle,20,64,57,1822,0
2026-05-13T18:22:12+00:00,none,minimal,stripped,idle,20,64,58,1823,0
2026-05-13T18:22:12+00:00,none,minimal,stripped,idle,20,64,59,1824,0
2026-05-13T18:22:12+00:00,none,minimal,stripped,idle,20,64,60,1821,0
2026-05-13T18:22:12+00:00,none,minimal,stripped,idle,20,64,61,1724,0
2026-05-13T18:22:12+00:00,none,minimal,stripped,idle,20,64,62,1726,0
2026-05-13T18:22:12+00:00,none,minimal,stripped,idle,20,64,63,1825,0
2026-05-13T18:22:14+00:00,none,minimal,stripped,idle,21,64,0,1618,0
2026-05-13T18:22:14+00:00,none,minimal,stripped,idle,21,64,1,1621,0
2026-05-13T18:22:14+00:00,none,minimal,stripped,idle,21,64,2,1719,0
2026-05-13T18:22:14+00:00,none,minimal,stripped,idle,21,64,3,1618,0
2026-05-13T18:22:14+00:00,none,minimal,stripped,idle,21,64,4,1615,0
2026-05-13T18:22:14+00:00,none,minimal,stripped,idle,21,64,5,1719,0
2026-05-13T18:22:14+00:00,none,minimal,stripped,idle,21,64,6,1719,0
2026-05-13T18:22:14+00:00,none,minimal,stripped,idle,21,64,7,1617,0
2026-05-13T18:22:14+00:00,none,minimal,stripped,idle,21,64,8,1618,0
2026-05-13T18:22:14+00:00,none,minimal,stripped,idle,21,64,9,1617,0
2026-05-13T18:22:14+00:00,none,minimal,stripped,idle,21,64,10,1717,0
2026-05-13T18:22:14+00:00,none,minimal,stripped,idle,21,64,11,1818,0
2026-05-13T18:22:14+00:00,none,minimal,stripped,idle,21,64,12,1820,0
2026-05-13T18:22:14+00:00,none,minimal,stripped,idle,21,64,13,1728,0
2026-05-13T18:22:14+00:00,none,minimal,stripped,idle,21,64,14,1618,0
2026-05-13T18:22:14+00:00,none,minimal,stripped,idle,21,64,15,1720,0
2026-05-13T18:22:14+00:00,none,minimal,stripped,idle,21,64,16,1719,0
2026-05-13T18:22:14+00:00,none,minimal,stripped,idle,21,64,17,1717,0
2026-05-13T18:22:14+00:00,none,minimal,stripped,idle,21,64,18,1819,0
2026-05-13T18:22:14+00:00,none,minimal,stripped,idle,21,64,19,1719,0
2026-05-13T18:22:14+00:00,none,minimal,stripped,idle,21,64,20,1820,0
2026-05-13T18:22:14+00:00,none,minimal,stripped,idle,21,64,21,1818,0
2026-05-13T18:22:14+00:00,none,minimal,stripped,idle,21,64,22,1821,0
2026-05-13T18:22:14+00:00,none,minimal,stripped,idle,21,64,23,1720,0
2026-05-13T18:22:14+00:00,none,minimal,stripped,idle,21,64,24,1727,0
2026-05-13T18:22:14+00:00,none,minimal,stripped,idle,21,64,25,1920,0
2026-05-13T18:22:14+00:00,none,minimal,stripped,idle,21,64,26,1819,0
2026-05-13T18:22:14+00:00,none,minimal,stripped,idle,21,64,27,1820,0
2026-05-13T18:22:14+00:00,none,minimal,stripped,idle,21,64,28,1821,0
2026-05-13T18:22:14+00:00,none,minimal,stripped,idle,21,64,29,1821,0
2026-05-13T18:22:14+00:00,none,minimal,stripped,idle,21,64,30,1823,0
2026-05-13T18:22:14+00:00,none,minimal,stripped,idle,21,64,31,1823,0
2026-05-13T18:22:14+00:00,none,minimal,stripped,idle,21,64,32,1825,0
2026-05-13T18:22:14+00:00,none,minimal,stripped,idle,21,64,33,1734,0
2026-05-13T18:22:14+00:00,none,minimal,stripped,idle,21,64,34,1821,0
2026-05-13T18:22:14+00:00,none,minimal,stripped,idle,21,64,35,1818,0
2026-05-13T18:22:14+00:00,none,minimal,stripped,idle,21,64,36,1721,0
2026-05-13T18:22:14+00:00,none,minimal,stripped,idle,21,64,37,1721,0
2026-05-13T18:22:14+00:00,none,minimal,stripped,idle,21,64,38,1817,0
2026-05-13T18:22:14+00:00,none,minimal,stripped,idle,21,64,39,1720,0
2026-05-13T18:22:14+00:00,none,minimal,stripped,idle,21,64,40,1724,0
2026-05-13T18:22:14+00:00,none,minimal,stripped,idle,21,64,41,1822,0
2026-05-13T18:22:14+00:00,none,minimal,stripped,idle,21,64,42,1822,0
2026-05-13T18:22:14+00:00,none,minimal,stripped,idle,21,64,43,1725,0
2026-05-13T18:22:14+00:00,none,minimal,stripped,idle,21,64,44,1828,0
2026-05-13T18:22:14+00:00,none,minimal,stripped,idle,21,64,45,1821,0
2026-05-13T18:22:14+00:00,none,minimal,stripped,idle,21,64,46,1826,0
2026-05-13T18:22:14+00:00,none,minimal,stripped,idle,21,64,47,1832,0
2026-05-13T18:22:14+00:00,none,minimal,stripped,idle,21,64,48,1827,0
2026-05-13T18:22:14+00:00,none,minimal,stripped,idle,21,64,49,1827,0
2026-05-13T18:22:14+00:00,none,minimal,stripped,idle,21,64,50,1825,0
2026-05-13T18:22:14+00:00,none,minimal,stripped,idle,21,64,51,1821,0
2026-05-13T18:22:14+00:00,none,minimal,stripped,idle,21,64,52,1821,0
2026-05-13T18:22:14+00:00,none,minimal,stripped,idle,21,64,53,1820,0
2026-05-13T18:22:14+00:00,none,minimal,stripped,idle,21,64,54,1842,0
2026-05-13T18:22:14+00:00,none,minimal,stripped,idle,21,64,55,1822,0
2026-05-13T18:22:14+00:00,none,minimal,stripped,idle,21,64,56,1826,0
2026-05-13T18:22:14+00:00,none,minimal,stripped,idle,21,64,57,1823,0
2026-05-13T18:22:14+00:00,none,minimal,stripped,idle,21,64,58,1821,0
2026-05-13T18:22:14+00:00,none,minimal,stripped,idle,21,64,59,1736,0
2026-05-13T18:22:14+00:00,none,minimal,stripped,idle,21,64,60,1824,0
2026-05-13T18:22:14+00:00,none,minimal,stripped,idle,21,64,61,1832,0
2026-05-13T18:22:14+00:00,none,minimal,stripped,idle,21,64,62,1821,0
2026-05-13T18:22:14+00:00,none,minimal,stripped,idle,21,64,63,1728,0
2026-05-13T18:22:17+00:00,none,minimal,stripped,idle,22,64,0,1718,0
2026-05-13T18:22:17+00:00,none,minimal,stripped,idle,22,64,1,1716,0
2026-05-13T18:22:17+00:00,none,minimal,stripped,idle,22,64,2,1715,0
2026-05-13T18:22:17+00:00,none,minimal,stripped,idle,22,64,3,1717,0
2026-05-13T18:22:17+00:00,none,minimal,stripped,idle,22,64,4,1718,0
2026-05-13T18:22:17+00:00,none,minimal,stripped,idle,22,64,5,1716,0
2026-05-13T18:22:17+00:00,none,minimal,stripped,idle,22,64,6,1719,0
2026-05-13T18:22:17+00:00,none,minimal,stripped,idle,22,64,7,1719,0
2026-05-13T18:22:17+00:00,none,minimal,stripped,idle,22,64,8,1722,0
2026-05-13T18:22:17+00:00,none,minimal,stripped,idle,22,64,9,1718,0
2026-05-13T18:22:17+00:00,none,minimal,stripped,idle,22,64,10,1721,0
2026-05-13T18:22:17+00:00,none,minimal,stripped,idle,22,64,11,1718,0
2026-05-13T18:22:17+00:00,none,minimal,stripped,idle,22,64,12,1720,0
2026-05-13T18:22:17+00:00,none,minimal,stripped,idle,22,64,13,1822,0
2026-05-13T18:22:17+00:00,none,minimal,stripped,idle,22,64,14,1818,0
2026-05-13T18:22:17+00:00,none,minimal,stripped,idle,22,64,15,1717,0
2026-05-13T18:22:17+00:00,none,minimal,stripped,idle,22,64,16,1718,0
2026-05-13T18:22:17+00:00,none,minimal,stripped,idle,22,64,17,1720,0
2026-05-13T18:22:17+00:00,none,minimal,stripped,idle,22,64,18,1818,0
2026-05-13T18:22:17+00:00,none,minimal,stripped,idle,22,64,19,1818,0
2026-05-13T18:22:17+00:00,none,minimal,stripped,idle,22,64,20,1818,0
2026-05-13T18:22:17+00:00,none,minimal,stripped,idle,22,64,21,1820,0
2026-05-13T18:22:17+00:00,none,minimal,stripped,idle,22,64,22,1817,0
2026-05-13T18:22:17+00:00,none,minimal,stripped,idle,22,64,23,1819,0
2026-05-13T18:22:17+00:00,none,minimal,stripped,idle,22,64,24,1818,0
2026-05-13T18:22:17+00:00,none,minimal,stripped,idle,22,64,25,1918,0
2026-05-13T18:22:17+00:00,none,minimal,stripped,idle,22,64,26,1820,0
2026-05-13T18:22:17+00:00,none,minimal,stripped,idle,22,64,27,1717,0
2026-05-13T18:22:17+00:00,none,minimal,stripped,idle,22,64,28,1819,0
2026-05-13T18:22:17+00:00,none,minimal,stripped,idle,22,64,29,1829,0
2026-05-13T18:22:17+00:00,none,minimal,stripped,idle,22,64,30,1821,0
2026-05-13T18:22:17+00:00,none,minimal,stripped,idle,22,64,31,1818,0
2026-05-13T18:22:17+00:00,none,minimal,stripped,idle,22,64,32,1819,0
2026-05-13T18:22:17+00:00,none,minimal,stripped,idle,22,64,33,1721,0
2026-05-13T18:22:17+00:00,none,minimal,stripped,idle,22,64,34,1721,0
2026-05-13T18:22:17+00:00,none,minimal,stripped,idle,22,64,35,1821,0
2026-05-13T18:22:17+00:00,none,minimal,stripped,idle,22,64,36,1920,0
2026-05-13T18:22:17+00:00,none,minimal,stripped,idle,22,64,37,1822,0
2026-05-13T18:22:17+00:00,none,minimal,stripped,idle,22,64,38,1824,0
2026-05-13T18:22:17+00:00,none,minimal,stripped,idle,22,64,39,1821,0
2026-05-13T18:22:17+00:00,none,minimal,stripped,idle,22,64,40,1820,0
2026-05-13T18:22:17+00:00,none,minimal,stripped,idle,22,64,41,1828,0
2026-05-13T18:22:17+00:00,none,minimal,stripped,idle,22,64,42,1729,0
2026-05-13T18:22:17+00:00,none,minimal,stripped,idle,22,64,43,1830,0
2026-05-13T18:22:17+00:00,none,minimal,stripped,idle,22,64,44,1823,0
2026-05-13T18:22:17+00:00,none,minimal,stripped,idle,22,64,45,1837,0
2026-05-13T18:22:17+00:00,none,minimal,stripped,idle,22,64,46,1833,0
2026-05-13T18:22:17+00:00,none,minimal,stripped,idle,22,64,47,1930,0
2026-05-13T18:22:17+00:00,none,minimal,stripped,idle,22,64,48,1931,0
2026-05-13T18:22:17+00:00,none,minimal,stripped,idle,22,64,49,1929,0
2026-05-13T18:22:17+00:00,none,minimal,stripped,idle,22,64,50,1925,0
2026-05-13T18:22:17+00:00,none,minimal,stripped,idle,22,64,51,1923,0
2026-05-13T18:22:17+00:00,none,minimal,stripped,idle,22,64,52,1920,0
2026-05-13T18:22:17+00:00,none,minimal,stripped,idle,22,64,53,1822,0
2026-05-13T18:22:17+00:00,none,minimal,stripped,idle,22,64,54,1821,0
2026-05-13T18:22:17+00:00,none,minimal,stripped,idle,22,64,55,1919,0
2026-05-13T18:22:17+00:00,none,minimal,stripped,idle,22,64,56,1839,0
2026-05-13T18:22:17+00:00,none,minimal,stripped,idle,22,64,57,1823,0
2026-05-13T18:22:17+00:00,none,minimal,stripped,idle,22,64,58,1828,0
2026-05-13T18:22:17+00:00,none,minimal,stripped,idle,22,64,59,1826,0
2026-05-13T18:22:17+00:00,none,minimal,stripped,idle,22,64,60,1829,0
2026-05-13T18:22:17+00:00,none,minimal,stripped,idle,22,64,61,1823,0
2026-05-13T18:22:17+00:00,none,minimal,stripped,idle,22,64,62,1826,0
2026-05-13T18:22:17+00:00,none,minimal,stripped,idle,22,64,63,1826,0
2026-05-13T18:22:26+00:00,outbound,minimal,stripped,idle,3,1,0,2316,0
2026-05-13T18:22:29+00:00,outbound,minimal,stripped,idle,4,1,0,2318,0
2026-05-13T18:22:31+00:00,outbound,minimal,stripped,idle,5,1,0,2316,0
2026-05-13T18:22:34+00:00,outbound,minimal,stripped,idle,6,1,0,2216,0
2026-05-13T18:22:36+00:00,outbound,minimal,stripped,idle,7,1,0,2317,0
2026-05-13T18:22:39+00:00,outbound,minimal,stripped,idle,8,1,0,2317,0
2026-05-13T18:22:41+00:00,outbound,minimal,stripped,idle,9,1,0,2317,0
2026-05-13T18:22:44+00:00,outbound,minimal,stripped,idle,10,1,0,2317,0
2026-05-13T18:22:46+00:00,outbound,minimal,stripped,idle,11,1,0,2319,0
2026-05-13T18:22:49+00:00,outbound,minimal,stripped,idle,12,1,0,2316,0
2026-05-13T18:22:52+00:00,outbound,minimal,stripped,idle,13,1,0,2316,0
2026-05-13T18:22:54+00:00,outbound,minimal,stripped,idle,14,1,0,2318,0
2026-05-13T18:22:57+00:00,outbound,minimal,stripped,idle,15,1,0,2317,0
2026-05-13T18:22:59+00:00,outbound,minimal,stripped,idle,16,1,0,2317,0
2026-05-13T18:23:02+00:00,outbound,minimal,stripped,idle,17,1,0,2316,0
2026-05-13T18:23:04+00:00,outbound,minimal,stripped,idle,18,1,0,2317,0
2026-05-13T18:23:07+00:00,outbound,minimal,stripped,idle,19,1,0,2316,0
2026-05-13T18:23:09+00:00,outbound,minimal,stripped,idle,20,1,0,2316,0
2026-05-13T18:23:12+00:00,outbound,minimal,stripped,idle,21,1,0,2315,0
2026-05-13T18:23:15+00:00,outbound,minimal,stripped,idle,22,1,0,2316,0
2026-05-13T18:23:24+00:00,outbound,minimal,stripped,idle,3,2,0,2717,0
2026-05-13T18:23:24+00:00,outbound,minimal,stripped,idle,3,2,1,2716,0
2026-05-13T18:23:27+00:00,outbound,minimal,stripped,idle,4,2,0,2816,0
2026-05-13T18:23:27+00:00,outbound,minimal,stripped,idle,4,2,1,2817,0
2026-05-13T18:23:30+00:00,outbound,minimal,stripped,idle,5,2,0,2717,0
2026-05-13T18:23:30+00:00,outbound,minimal,stripped,idle,5,2,1,2818,0
2026-05-13T18:23:33+00:00,outbound,minimal,stripped,idle,6,2,0,2818,0
2026-05-13T18:23:33+00:00,outbound,minimal,stripped,idle,6,2,1,2819,0
2026-05-13T18:23:36+00:00,outbound,minimal,stripped,idle,7,2,0,2817,0
2026-05-13T18:23:36+00:00,outbound,minimal,stripped,idle,7,2,1,2717,0
2026-05-13T18:23:39+00:00,outbound,minimal,stripped,idle,8,2,0,2817,0
2026-05-13T18:23:39+00:00,outbound,minimal,stripped,idle,8,2,1,2716,0
2026-05-13T18:23:42+00:00,outbound,minimal,stripped,idle,9,2,0,2717,0
2026-05-13T18:23:42+00:00,outbound,minimal,stripped,idle,9,2,1,2718,0
2026-05-13T18:23:45+00:00,outbound,minimal,stripped,idle,10,2,0,2618,0
2026-05-13T18:23:45+00:00,outbound,minimal,stripped,idle,10,2,1,2716,0
2026-05-13T18:23:48+00:00,outbound,minimal,stripped,idle,11,2,0,2817,0
2026-05-13T18:23:48+00:00,outbound,minimal,stripped,idle,11,2,1,2717,0
2026-05-13T18:23:51+00:00,outbound,minimal,stripped,idle,12,2,0,2818,0
2026-05-13T18:23:51+00:00,outbound,minimal,stripped,idle,12,2,1,2817,0
2026-05-13T18:23:54+00:00,outbound,minimal,stripped,idle,13,2,0,2817,0
2026-05-13T18:23:54+00:00,outbound,minimal,stripped,idle,13,2,1,2818,0
2026-05-13T18:23:57+00:00,outbound,minimal,stripped,idle,14,2,0,2817,0
2026-05-13T18:23:57+00:00,outbound,minimal,stripped,idle,14,2,1,2719,0
2026-05-13T18:24:00+00:00,outbound,minimal,stripped,idle,15,2,0,2818,0
2026-05-13T18:24:00+00:00,outbound,minimal,stripped,idle,15,2,1,2917,0
2026-05-13T18:24:03+00:00,outbound,minimal,stripped,idle,16,2,0,2817,0
2026-05-13T18:24:03+00:00,outbound,minimal,stripped,idle,16,2,1,2716,0
2026-05-13T18:24:07+00:00,outbound,minimal,stripped,idle,17,2,0,2817,0
2026-05-13T18:24:07+00:00,outbound,minimal,stripped,idle,17,2,1,2916,0
2026-05-13T18:24:10+00:00,outbound,minimal,stripped,idle,18,2,0,2917,0
2026-05-13T18:24:10+00:00,outbound,minimal,stripped,idle,18,2,1,2817,0
2026-05-13T18:24:13+00:00,outbound,minimal,stripped,idle,19,2,0,2819,0
2026-05-13T18:24:13+00:00,outbound,minimal,stripped,idle,19,2,1,2716,0
2026-05-13T18:24:16+00:00,outbound,minimal,stripped,idle,20,2,0,2817,0
2026-05-13T18:24:16+00:00,outbound,minimal,stripped,idle,20,2,1,2917,0
2026-05-13T18:24:19+00:00,outbound,minimal,stripped,idle,21,2,0,2718,0
2026-05-13T18:24:19+00:00,outbound,minimal,stripped,idle,21,2,1,2618,0
2026-05-13T18:24:22+00:00,outbound,minimal,stripped,idle,22,2,0,2716,0
2026-05-13T18:24:22+00:00,outbound,minimal,stripped,idle,22,2,1,2717,0
2026-05-13T18:24:34+00:00,outbound,minimal,stripped,idle,3,4,0,3619,0
2026-05-13T18:24:34+00:00,outbound,minimal,stripped,idle,3,4,1,3317,0
2026-05-13T18:24:34+00:00,outbound,minimal,stripped,idle,3,4,2,3517,0
2026-05-13T18:24:34+00:00,outbound,minimal,stripped,idle,3,4,3,3517,0
2026-05-13T18:24:37+00:00,outbound,minimal,stripped,idle,4,4,0,3417,0
2026-05-13T18:24:37+00:00,outbound,minimal,stripped,idle,4,4,1,3419,0
2026-05-13T18:24:37+00:00,outbound,minimal,stripped,idle,4,4,2,3417,0
2026-05-13T18:24:37+00:00,outbound,minimal,stripped,idle,4,4,3,3417,0
2026-05-13T18:24:41+00:00,outbound,minimal,stripped,idle,5,4,0,3518,0
2026-05-13T18:24:41+00:00,outbound,minimal,stripped,idle,5,4,1,3316,0
2026-05-13T18:24:41+00:00,outbound,minimal,stripped,idle,5,4,2,3317,0
2026-05-13T18:24:41+00:00,outbound,minimal,stripped,idle,5,4,3,3416,0
2026-05-13T18:24:45+00:00,outbound,minimal,stripped,idle,6,4,0,3617,0
2026-05-13T18:24:45+00:00,outbound,minimal,stripped,idle,6,4,1,3618,0
2026-05-13T18:24:45+00:00,outbound,minimal,stripped,idle,6,4,2,3517,0
2026-05-13T18:24:45+00:00,outbound,minimal,stripped,idle,6,4,3,3517,0
2026-05-13T18:24:49+00:00,outbound,minimal,stripped,idle,7,4,0,3219,0
2026-05-13T18:24:49+00:00,outbound,minimal,stripped,idle,7,4,1,3618,0
2026-05-13T18:24:49+00:00,outbound,minimal,stripped,idle,7,4,2,3517,0
2026-05-13T18:24:49+00:00,outbound,minimal,stripped,idle,7,4,3,3417,0
2026-05-13T18:24:53+00:00,outbound,minimal,stripped,idle,8,4,0,3517,0
2026-05-13T18:24:53+00:00,outbound,minimal,stripped,idle,8,4,1,3518,0
2026-05-13T18:24:53+00:00,outbound,minimal,stripped,idle,8,4,2,3618,0
2026-05-13T18:24:53+00:00,outbound,minimal,stripped,idle,8,4,3,3517,0
2026-05-13T18:24:57+00:00,outbound,minimal,stripped,idle,9,4,0,3319,0
2026-05-13T18:24:57+00:00,outbound,minimal,stripped,idle,9,4,1,3618,0
2026-05-13T18:24:57+00:00,outbound,minimal,stripped,idle,9,4,2,3618,0
2026-05-13T18:24:57+00:00,outbound,minimal,stripped,idle,9,4,3,3516,0
2026-05-13T18:25:01+00:00,outbound,minimal,stripped,idle,10,4,0,3618,0
2026-05-13T18:25:01+00:00,outbound,minimal,stripped,idle,10,4,1,3417,0
2026-05-13T18:25:01+00:00,outbound,minimal,stripped,idle,10,4,2,3517,0
2026-05-13T18:25:01+00:00,outbound,minimal,stripped,idle,10,4,3,3517,0
2026-05-13T18:25:04+00:00,outbound,minimal,stripped,idle,11,4,0,3417,0
2026-05-13T18:25:04+00:00,outbound,minimal,stripped,idle,11,4,1,3417,0
2026-05-13T18:25:04+00:00,outbound,minimal,stripped,idle,11,4,2,3516,0
2026-05-13T18:25:04+00:00,outbound,minimal,stripped,idle,11,4,3,3516,0
2026-05-13T18:25:08+00:00,outbound,minimal,stripped,idle,12,4,0,3517,0
2026-05-13T18:25:08+00:00,outbound,minimal,stripped,idle,12,4,1,3617,0
2026-05-13T18:25:08+00:00,outbound,minimal,stripped,idle,12,4,2,3617,0
2026-05-13T18:25:08+00:00,outbound,minimal,stripped,idle,12,4,3,3716,0
2026-05-13T18:25:12+00:00,outbound,minimal,stripped,idle,13,4,0,3619,0
2026-05-13T18:25:12+00:00,outbound,minimal,stripped,idle,13,4,1,3517,0
2026-05-13T18:25:12+00:00,outbound,minimal,stripped,idle,13,4,2,3517,0
2026-05-13T18:25:12+00:00,outbound,minimal,stripped,idle,13,4,3,3618,0
2026-05-13T18:25:16+00:00,outbound,minimal,stripped,idle,14,4,0,3618,0
2026-05-13T18:25:16+00:00,outbound,minimal,stripped,idle,14,4,1,3419,0
2026-05-13T18:25:16+00:00,outbound,minimal,stripped,idle,14,4,2,3516,0
2026-05-13T18:25:16+00:00,outbound,minimal,stripped,idle,14,4,3,3517,0
2026-05-13T18:25:20+00:00,outbound,minimal,stripped,idle,15,4,0,3517,0
2026-05-13T18:25:20+00:00,outbound,minimal,stripped,idle,15,4,1,3516,0
2026-05-13T18:25:20+00:00,outbound,minimal,stripped,idle,15,4,2,3516,0
2026-05-13T18:25:20+00:00,outbound,minimal,stripped,idle,15,4,3,3618,0
2026-05-13T18:25:24+00:00,outbound,minimal,stripped,idle,16,4,0,3516,0
2026-05-13T18:25:24+00:00,outbound,minimal,stripped,idle,16,4,1,3617,0
2026-05-13T18:25:24+00:00,outbound,minimal,stripped,idle,16,4,2,3517,0
2026-05-13T18:25:24+00:00,outbound,minimal,stripped,idle,16,4,3,3517,0
2026-05-13T18:25:28+00:00,outbound,minimal,stripped,idle,17,4,0,3417,0
2026-05-13T18:25:28+00:00,outbound,minimal,stripped,idle,17,4,1,3617,0
2026-05-13T18:25:28+00:00,outbound,minimal,stripped,idle,17,4,2,3718,0
2026-05-13T18:25:28+00:00,outbound,minimal,stripped,idle,17,4,3,3617,0
2026-05-13T18:25:32+00:00,outbound,minimal,stripped,idle,18,4,0,3520,0
2026-05-13T18:25:32+00:00,outbound,minimal,stripped,idle,18,4,1,3617,0
2026-05-13T18:25:32+00:00,outbound,minimal,stripped,idle,18,4,2,3416,0
2026-05-13T18:25:32+00:00,outbound,minimal,stripped,idle,18,4,3,3515,0
2026-05-13T18:25:36+00:00,outbound,minimal,stripped,idle,19,4,0,3516,0
2026-05-13T18:25:36+00:00,outbound,minimal,stripped,idle,19,4,1,3517,0
2026-05-13T18:25:36+00:00,outbound,minimal,stripped,idle,19,4,2,3718,0
2026-05-13T18:25:36+00:00,outbound,minimal,stripped,idle,19,4,3,3616,0
2026-05-13T18:25:40+00:00,outbound,minimal,stripped,idle,20,4,0,3317,0
2026-05-13T18:25:40+00:00,outbound,minimal,stripped,idle,20,4,1,3518,0
2026-05-13T18:25:40+00:00,outbound,minimal,stripped,idle,20,4,2,3418,0
2026-05-13T18:25:40+00:00,outbound,minimal,stripped,idle,20,4,3,3416,0
2026-05-13T18:25:44+00:00,outbound,minimal,stripped,idle,21,4,0,3620,0
2026-05-13T18:25:44+00:00,outbound,minimal,stripped,idle,21,4,1,3519,0
2026-05-13T18:25:44+00:00,outbound,minimal,stripped,idle,21,4,2,3518,0
2026-05-13T18:25:44+00:00,outbound,minimal,stripped,idle,21,4,3,3618,0
2026-05-13T18:25:47+00:00,outbound,minimal,stripped,idle,22,4,0,3417,0
2026-05-13T18:25:47+00:00,outbound,minimal,stripped,idle,22,4,1,3518,0
2026-05-13T18:25:47+00:00,outbound,minimal,stripped,idle,22,4,2,3517,0
2026-05-13T18:25:47+00:00,outbound,minimal,stripped,idle,22,4,3,3417,0
2026-05-13T18:26:04+00:00,outbound,minimal,stripped,idle,3,8,0,4618,0
2026-05-13T18:26:04+00:00,outbound,minimal,stripped,idle,3,8,1,4618,0
2026-05-13T18:26:04+00:00,outbound,minimal,stripped,idle,3,8,2,5018,0
2026-05-13T18:26:04+00:00,outbound,minimal,stripped,idle,3,8,3,5117,0
2026-05-13T18:26:04+00:00,outbound,minimal,stripped,idle,3,8,4,4818,0
2026-05-13T18:26:04+00:00,outbound,minimal,stripped,idle,3,8,5,5017,0
2026-05-13T18:26:04+00:00,outbound,minimal,stripped,idle,3,8,6,5016,0
2026-05-13T18:26:04+00:00,outbound,minimal,stripped,idle,3,8,7,5017,0
2026-05-13T18:26:09+00:00,outbound,minimal,stripped,idle,4,8,0,4218,0
2026-05-13T18:26:09+00:00,outbound,minimal,stripped,idle,4,8,1,4318,0
2026-05-13T18:26:09+00:00,outbound,minimal,stripped,idle,4,8,2,314,1
2026-05-13T18:26:09+00:00,outbound,minimal,stripped,idle,4,8,3,4317,0
2026-05-13T18:26:09+00:00,outbound,minimal,stripped,idle,4,8,4,4516,0
2026-05-13T18:26:09+00:00,outbound,minimal,stripped,idle,4,8,5,4218,0
2026-05-13T18:26:09+00:00,outbound,minimal,stripped,idle,4,8,6,4417,0
2026-05-13T18:26:09+00:00,outbound,minimal,stripped,idle,4,8,7,4417,0
2026-05-13T18:26:14+00:00,outbound,minimal,stripped,idle,5,8,0,5120,0
2026-05-13T18:26:14+00:00,outbound,minimal,stripped,idle,5,8,1,4717,0
2026-05-13T18:26:14+00:00,outbound,minimal,stripped,idle,5,8,2,5118,0
2026-05-13T18:26:14+00:00,outbound,minimal,stripped,idle,5,8,3,5018,0
2026-05-13T18:26:14+00:00,outbound,minimal,stripped,idle,5,8,4,4819,0
2026-05-13T18:26:14+00:00,outbound,minimal,stripped,idle,5,8,5,5018,0
2026-05-13T18:26:14+00:00,outbound,minimal,stripped,idle,5,8,6,5018,0
2026-05-13T18:26:14+00:00,outbound,minimal,stripped,idle,5,8,7,5117,0
2026-05-13T18:26:19+00:00,outbound,minimal,stripped,idle,6,8,0,4817,0
2026-05-13T18:26:19+00:00,outbound,minimal,stripped,idle,6,8,1,4918,0
2026-05-13T18:26:19+00:00,outbound,minimal,stripped,idle,6,8,2,5017,0
2026-05-13T18:26:19+00:00,outbound,minimal,stripped,idle,6,8,3,5019,0
2026-05-13T18:26:19+00:00,outbound,minimal,stripped,idle,6,8,4,4918,0
2026-05-13T18:26:19+00:00,outbound,minimal,stripped,idle,6,8,5,5018,0
2026-05-13T18:26:19+00:00,outbound,minimal,stripped,idle,6,8,6,5117,0
2026-05-13T18:26:19+00:00,outbound,minimal,stripped,idle,6,8,7,5017,0
2026-05-13T18:26:25+00:00,outbound,minimal,stripped,idle,7,8,0,4918,0
2026-05-13T18:26:25+00:00,outbound,minimal,stripped,idle,7,8,1,4918,0
2026-05-13T18:26:25+00:00,outbound,minimal,stripped,idle,7,8,2,4818,0
2026-05-13T18:26:25+00:00,outbound,minimal,stripped,idle,7,8,3,5017,0
2026-05-13T18:26:25+00:00,outbound,minimal,stripped,idle,7,8,4,4917,0
2026-05-13T18:26:25+00:00,outbound,minimal,stripped,idle,7,8,5,5218,0
2026-05-13T18:26:25+00:00,outbound,minimal,stripped,idle,7,8,6,5118,0
2026-05-13T18:26:25+00:00,outbound,minimal,stripped,idle,7,8,7,5118,0
2026-05-13T18:26:30+00:00,outbound,minimal,stripped,idle,8,8,0,4520,0
2026-05-13T18:26:30+00:00,outbound,minimal,stripped,idle,8,8,1,4516,0
2026-05-13T18:26:30+00:00,outbound,minimal,stripped,idle,8,8,2,4819,0
2026-05-13T18:26:30+00:00,outbound,minimal,stripped,idle,8,8,3,4717,0
2026-05-13T18:26:30+00:00,outbound,minimal,stripped,idle,8,8,4,5018,0
2026-05-13T18:26:30+00:00,outbound,minimal,stripped,idle,8,8,5,4817,0
2026-05-13T18:26:30+00:00,outbound,minimal,stripped,idle,8,8,6,4917,0
2026-05-13T18:26:30+00:00,outbound,minimal,stripped,idle,8,8,7,4917,0
2026-05-13T18:26:36+00:00,outbound,minimal,stripped,idle,9,8,0,4618,0
2026-05-13T18:26:36+00:00,outbound,minimal,stripped,idle,9,8,1,4717,0
2026-05-13T18:26:36+00:00,outbound,minimal,stripped,idle,9,8,2,5119,0
2026-05-13T18:26:36+00:00,outbound,minimal,stripped,idle,9,8,3,5017,0
2026-05-13T18:26:36+00:00,outbound,minimal,stripped,idle,9,8,4,4917,0
2026-05-13T18:26:36+00:00,outbound,minimal,stripped,idle,9,8,5,5017,0
2026-05-13T18:26:36+00:00,outbound,minimal,stripped,idle,9,8,6,4917,0
2026-05-13T18:26:36+00:00,outbound,minimal,stripped,idle,9,8,7,4817,0
2026-05-13T18:26:41+00:00,outbound,minimal,stripped,idle,10,8,0,5018,0
2026-05-13T18:26:41+00:00,outbound,minimal,stripped,idle,10,8,1,5219,0
2026-05-13T18:26:41+00:00,outbound,minimal,stripped,idle,10,8,2,5217,0
2026-05-13T18:26:41+00:00,outbound,minimal,stripped,idle,10,8,3,4916,0
2026-05-13T18:26:41+00:00,outbound,minimal,stripped,idle,10,8,4,4817,0
2026-05-13T18:26:41+00:00,outbound,minimal,stripped,idle,10,8,5,4718,0
2026-05-13T18:26:41+00:00,outbound,minimal,stripped,idle,10,8,6,5117,0
2026-05-13T18:26:41+00:00,outbound,minimal,stripped,idle,10,8,7,5118,0
2026-05-13T18:26:46+00:00,outbound,minimal,stripped,idle,11,8,0,4318,0
2026-05-13T18:26:46+00:00,outbound,minimal,stripped,idle,11,8,1,4518,0
2026-05-13T18:26:46+00:00,outbound,minimal,stripped,idle,11,8,2,4419,0
2026-05-13T18:26:46+00:00,outbound,minimal,stripped,idle,11,8,3,315,1
2026-05-13T18:26:46+00:00,outbound,minimal,stripped,idle,11,8,4,4619,0
2026-05-13T18:26:46+00:00,outbound,minimal,stripped,idle,11,8,5,4617,0
2026-05-13T18:26:46+00:00,outbound,minimal,stripped,idle,11,8,6,4619,0
2026-05-13T18:26:46+00:00,outbound,minimal,stripped,idle,11,8,7,4717,0
2026-05-13T18:26:52+00:00,outbound,minimal,stripped,idle,12,8,0,4717,0
2026-05-13T18:26:52+00:00,outbound,minimal,stripped,idle,12,8,1,4817,0
2026-05-13T18:26:52+00:00,outbound,minimal,stripped,idle,12,8,2,4718,0
2026-05-13T18:26:52+00:00,outbound,minimal,stripped,idle,12,8,3,4819,0
2026-05-13T18:26:52+00:00,outbound,minimal,stripped,idle,12,8,4,4518,0
2026-05-13T18:26:52+00:00,outbound,minimal,stripped,idle,12,8,5,4616,0
2026-05-13T18:26:52+00:00,outbound,minimal,stripped,idle,12,8,6,4817,0
2026-05-13T18:26:52+00:00,outbound,minimal,stripped,idle,12,8,7,4919,0
2026-05-13T18:26:57+00:00,outbound,minimal,stripped,idle,13,8,0,4619,0
2026-05-13T18:26:57+00:00,outbound,minimal,stripped,idle,13,8,1,5018,0
2026-05-13T18:26:57+00:00,outbound,minimal,stripped,idle,13,8,2,4518,0
2026-05-13T18:26:57+00:00,outbound,minimal,stripped,idle,13,8,3,5018,0
2026-05-13T18:26:57+00:00,outbound,minimal,stripped,idle,13,8,4,4819,0
2026-05-13T18:26:57+00:00,outbound,minimal,stripped,idle,13,8,5,5118,0
2026-05-13T18:26:57+00:00,outbound,minimal,stripped,idle,13,8,6,4917,0
2026-05-13T18:26:57+00:00,outbound,minimal,stripped,idle,13,8,7,4917,0
2026-05-13T18:27:02+00:00,outbound,minimal,stripped,idle,14,8,0,4320,0
2026-05-13T18:27:02+00:00,outbound,minimal,stripped,idle,14,8,1,4619,0
2026-05-13T18:27:02+00:00,outbound,minimal,stripped,idle,14,8,2,4918,0
2026-05-13T18:27:02+00:00,outbound,minimal,stripped,idle,14,8,3,4918,0
2026-05-13T18:27:02+00:00,outbound,minimal,stripped,idle,14,8,4,4919,0
2026-05-13T18:27:02+00:00,outbound,minimal,stripped,idle,14,8,5,5017,0
2026-05-13T18:27:02+00:00,outbound,minimal,stripped,idle,14,8,6,4820,0
2026-05-13T18:27:02+00:00,outbound,minimal,stripped,idle,14,8,7,5018,0
2026-05-13T18:27:08+00:00,outbound,minimal,stripped,idle,15,8,0,4919,0
2026-05-13T18:27:08+00:00,outbound,minimal,stripped,idle,15,8,1,4920,0
2026-05-13T18:27:08+00:00,outbound,minimal,stripped,idle,15,8,2,4919,0
2026-05-13T18:27:08+00:00,outbound,minimal,stripped,idle,15,8,3,4618,0
2026-05-13T18:27:08+00:00,outbound,minimal,stripped,idle,15,8,4,4717,0
2026-05-13T18:27:08+00:00,outbound,minimal,stripped,idle,15,8,5,4917,0
2026-05-13T18:27:08+00:00,outbound,minimal,stripped,idle,15,8,6,5017,0
2026-05-13T18:27:08+00:00,outbound,minimal,stripped,idle,15,8,7,5017,0
2026-05-13T18:27:13+00:00,outbound,minimal,stripped,idle,16,8,0,4619,0
2026-05-13T18:27:13+00:00,outbound,minimal,stripped,idle,16,8,1,4920,0
2026-05-13T18:27:13+00:00,outbound,minimal,stripped,idle,16,8,2,5018,0
2026-05-13T18:27:13+00:00,outbound,minimal,stripped,idle,16,8,3,5117,0
2026-05-13T18:27:13+00:00,outbound,minimal,stripped,idle,16,8,4,5017,0
2026-05-13T18:27:13+00:00,outbound,minimal,stripped,idle,16,8,5,5118,0
2026-05-13T18:27:13+00:00,outbound,minimal,stripped,idle,16,8,6,5218,0
2026-05-13T18:27:13+00:00,outbound,minimal,stripped,idle,16,8,7,4918,0
2026-05-13T18:27:19+00:00,outbound,minimal,stripped,idle,17,8,0,4719,0
2026-05-13T18:27:19+00:00,outbound,minimal,stripped,idle,17,8,1,4919,0
2026-05-13T18:27:19+00:00,outbound,minimal,stripped,idle,17,8,2,5219,0
2026-05-13T18:27:19+00:00,outbound,minimal,stripped,idle,17,8,3,4818,0
2026-05-13T18:27:19+00:00,outbound,minimal,stripped,idle,17,8,4,5119,0
2026-05-13T18:27:19+00:00,outbound,minimal,stripped,idle,17,8,5,5018,0
2026-05-13T18:27:19+00:00,outbound,minimal,stripped,idle,17,8,6,5017,0
2026-05-13T18:27:19+00:00,outbound,minimal,stripped,idle,17,8,7,5117,0
2026-05-13T18:27:24+00:00,outbound,minimal,stripped,idle,18,8,0,4622,0
2026-05-13T18:27:24+00:00,outbound,minimal,stripped,idle,18,8,1,5018,0
2026-05-13T18:27:24+00:00,outbound,minimal,stripped,idle,18,8,2,4917,0
2026-05-13T18:27:24+00:00,outbound,minimal,stripped,idle,18,8,3,4717,0
2026-05-13T18:27:24+00:00,outbound,minimal,stripped,idle,18,8,4,5019,0
2026-05-13T18:27:24+00:00,outbound,minimal,stripped,idle,18,8,5,5018,0
2026-05-13T18:27:24+00:00,outbound,minimal,stripped,idle,18,8,6,4917,0
2026-05-13T18:27:24+00:00,outbound,minimal,stripped,idle,18,8,7,5119,0
2026-05-13T18:27:30+00:00,outbound,minimal,stripped,idle,19,8,0,4818,0
2026-05-13T18:27:30+00:00,outbound,minimal,stripped,idle,19,8,1,4818,0
2026-05-13T18:27:30+00:00,outbound,minimal,stripped,idle,19,8,2,5017,0
2026-05-13T18:27:30+00:00,outbound,minimal,stripped,idle,19,8,3,5118,0
2026-05-13T18:27:30+00:00,outbound,minimal,stripped,idle,19,8,4,5018,0
2026-05-13T18:27:30+00:00,outbound,minimal,stripped,idle,19,8,5,5117,0
2026-05-13T18:27:30+00:00,outbound,minimal,stripped,idle,19,8,6,5218,0
2026-05-13T18:27:30+00:00,outbound,minimal,stripped,idle,19,8,7,5019,0
2026-05-13T18:27:35+00:00,outbound,minimal,stripped,idle,20,8,0,4722,0
2026-05-13T18:27:35+00:00,outbound,minimal,stripped,idle,20,8,1,5119,0
2026-05-13T18:27:35+00:00,outbound,minimal,stripped,idle,20,8,2,5118,0
2026-05-13T18:27:35+00:00,outbound,minimal,stripped,idle,20,8,3,4918,0
2026-05-13T18:27:35+00:00,outbound,minimal,stripped,idle,20,8,4,5120,0
2026-05-13T18:27:35+00:00,outbound,minimal,stripped,idle,20,8,5,5219,0
2026-05-13T18:27:35+00:00,outbound,minimal,stripped,idle,20,8,6,5317,0
2026-05-13T18:27:35+00:00,outbound,minimal,stripped,idle,20,8,7,5217,0
2026-05-13T18:27:41+00:00,outbound,minimal,stripped,idle,21,8,0,4918,0
2026-05-13T18:27:41+00:00,outbound,minimal,stripped,idle,21,8,1,4619,0
2026-05-13T18:27:41+00:00,outbound,minimal,stripped,idle,21,8,2,4817,0
2026-05-13T18:27:41+00:00,outbound,minimal,stripped,idle,21,8,3,5017,0
2026-05-13T18:27:41+00:00,outbound,minimal,stripped,idle,21,8,4,4817,0
2026-05-13T18:27:41+00:00,outbound,minimal,stripped,idle,21,8,5,4817,0
2026-05-13T18:27:41+00:00,outbound,minimal,stripped,idle,21,8,6,4817,0
2026-05-13T18:27:41+00:00,outbound,minimal,stripped,idle,21,8,7,4916,0
2026-05-13T18:27:46+00:00,outbound,minimal,stripped,idle,22,8,0,4717,0
2026-05-13T18:27:46+00:00,outbound,minimal,stripped,idle,22,8,1,4818,0
2026-05-13T18:27:46+00:00,outbound,minimal,stripped,idle,22,8,2,4717,0
2026-05-13T18:27:46+00:00,outbound,minimal,stripped,idle,22,8,3,4917,0
2026-05-13T18:27:46+00:00,outbound,minimal,stripped,idle,22,8,4,4818,0
2026-05-13T18:27:46+00:00,outbound,minimal,stripped,idle,22,8,5,5118,0
2026-05-13T18:27:46+00:00,outbound,minimal,stripped,idle,22,8,6,5018,0
2026-05-13T18:27:46+00:00,outbound,minimal,stripped,idle,22,8,7,5118,0
2026-05-13T18:28:10+00:00,outbound,minimal,stripped,idle,3,16,0,5821,0
2026-05-13T18:28:10+00:00,outbound,minimal,stripped,idle,3,16,1,6420,0
2026-05-13T18:28:10+00:00,outbound,minimal,stripped,idle,3,16,2,314,1
2026-05-13T18:28:10+00:00,outbound,minimal,stripped,idle,3,16,3,6920,0
2026-05-13T18:28:10+00:00,outbound,minimal,stripped,idle,3,16,4,6620,0
2026-05-13T18:28:10+00:00,outbound,minimal,stripped,idle,3,16,5,6518,0
2026-05-13T18:28:11+00:00,outbound,minimal,stripped,idle,3,16,6,7020,0
2026-05-13T18:28:11+00:00,outbound,minimal,stripped,idle,3,16,7,7120,0
2026-05-13T18:28:11+00:00,outbound,minimal,stripped,idle,3,16,8,6918,0
2026-05-13T18:28:11+00:00,outbound,minimal,stripped,idle,3,16,9,6618,0
2026-05-13T18:28:11+00:00,outbound,minimal,stripped,idle,3,16,10,7220,0
2026-05-13T18:28:11+00:00,outbound,minimal,stripped,idle,3,16,11,7120,0
2026-05-13T18:28:11+00:00,outbound,minimal,stripped,idle,3,16,12,616,1
2026-05-13T18:28:11+00:00,outbound,minimal,stripped,idle,3,16,13,7219,0
2026-05-13T18:28:11+00:00,outbound,minimal,stripped,idle,3,16,14,7119,0
2026-05-13T18:28:11+00:00,outbound,minimal,stripped,idle,3,16,15,7320,0
2026-05-13T18:28:19+00:00,outbound,minimal,stripped,idle,4,16,0,7323,0
2026-05-13T18:28:19+00:00,outbound,minimal,stripped,idle,4,16,1,6520,0
2026-05-13T18:28:19+00:00,outbound,minimal,stripped,idle,4,16,2,7721,0
2026-05-13T18:28:19+00:00,outbound,minimal,stripped,idle,4,16,3,7421,0
2026-05-13T18:28:19+00:00,outbound,minimal,stripped,idle,4,16,4,7121,0
2026-05-13T18:28:19+00:00,outbound,minimal,stripped,idle,4,16,5,8120,0
2026-05-13T18:28:19+00:00,outbound,minimal,stripped,idle,4,16,6,8120,0
2026-05-13T18:28:19+00:00,outbound,minimal,stripped,idle,4,16,7,7520,0
2026-05-13T18:28:19+00:00,outbound,minimal,stripped,idle,4,16,8,7921,0
2026-05-13T18:28:19+00:00,outbound,minimal,stripped,idle,4,16,9,7921,0
2026-05-13T18:28:19+00:00,outbound,minimal,stripped,idle,4,16,10,7821,0
2026-05-13T18:28:19+00:00,outbound,minimal,stripped,idle,4,16,11,8020,0
2026-05-13T18:28:19+00:00,outbound,minimal,stripped,idle,4,16,12,7319,0
2026-05-13T18:28:19+00:00,outbound,minimal,stripped,idle,4,16,13,7921,0
2026-05-13T18:28:19+00:00,outbound,minimal,stripped,idle,4,16,14,8122,0
2026-05-13T18:28:19+00:00,outbound,minimal,stripped,idle,4,16,15,8121,0
2026-05-13T18:28:28+00:00,outbound,minimal,stripped,idle,5,16,0,6520,0
2026-05-13T18:28:28+00:00,outbound,minimal,stripped,idle,5,16,1,6820,0
2026-05-13T18:28:28+00:00,outbound,minimal,stripped,idle,5,16,2,7122,0
2026-05-13T18:28:28+00:00,outbound,minimal,stripped,idle,5,16,3,6918,0
2026-05-13T18:28:28+00:00,outbound,minimal,stripped,idle,5,16,4,7421,0
2026-05-13T18:28:28+00:00,outbound,minimal,stripped,idle,5,16,5,7819,0
2026-05-13T18:28:28+00:00,outbound,minimal,stripped,idle,5,16,6,7920,0
2026-05-13T18:28:28+00:00,outbound,minimal,stripped,idle,5,16,7,7723,0
2026-05-13T18:28:28+00:00,outbound,minimal,stripped,idle,5,16,8,7721,0
2026-05-13T18:28:28+00:00,outbound,minimal,stripped,idle,5,16,9,7621,0
2026-05-13T18:28:28+00:00,outbound,minimal,stripped,idle,5,16,10,7919,0
2026-05-13T18:28:28+00:00,outbound,minimal,stripped,idle,5,16,11,7921,0
2026-05-13T18:28:28+00:00,outbound,minimal,stripped,idle,5,16,12,7620,0
2026-05-13T18:28:28+00:00,outbound,minimal,stripped,idle,5,16,13,8020,0
2026-05-13T18:28:28+00:00,outbound,minimal,stripped,idle,5,16,14,8121,0
2026-05-13T18:28:28+00:00,outbound,minimal,stripped,idle,5,16,15,7718,0
2026-05-13T18:28:36+00:00,outbound,minimal,stripped,idle,6,16,0,7121,0
2026-05-13T18:28:36+00:00,outbound,minimal,stripped,idle,6,16,1,6218,0
2026-05-13T18:28:36+00:00,outbound,minimal,stripped,idle,6,16,2,7520,0
2026-05-13T18:28:36+00:00,outbound,minimal,stripped,idle,6,16,3,7019,0
2026-05-13T18:28:36+00:00,outbound,minimal,stripped,idle,6,16,4,7822,0
2026-05-13T18:28:36+00:00,outbound,minimal,stripped,idle,6,16,5,414,1
2026-05-13T18:28:36+00:00,outbound,minimal,stripped,idle,6,16,6,7519,0
2026-05-13T18:28:36+00:00,outbound,minimal,stripped,idle,6,16,7,7419,0
2026-05-13T18:28:36+00:00,outbound,minimal,stripped,idle,6,16,8,7421,0
2026-05-13T18:28:36+00:00,outbound,minimal,stripped,idle,6,16,9,7221,0
2026-05-13T18:28:36+00:00,outbound,minimal,stripped,idle,6,16,10,7720,0
2026-05-13T18:28:36+00:00,outbound,minimal,stripped,idle,6,16,11,7519,0
2026-05-13T18:28:36+00:00,outbound,minimal,stripped,idle,6,16,12,7720,0
2026-05-13T18:28:36+00:00,outbound,minimal,stripped,idle,6,16,13,7320,0
2026-05-13T18:28:36+00:00,outbound,minimal,stripped,idle,6,16,14,7621,0
2026-05-13T18:28:36+00:00,outbound,minimal,stripped,idle,6,16,15,7620,0
2026-05-13T18:28:45+00:00,outbound,minimal,stripped,idle,7,16,0,6719,0
2026-05-13T18:28:45+00:00,outbound,minimal,stripped,idle,7,16,1,7720,0
2026-05-13T18:28:45+00:00,outbound,minimal,stripped,idle,7,16,2,7620,0
2026-05-13T18:28:45+00:00,outbound,minimal,stripped,idle,7,16,3,6919,0
2026-05-13T18:28:45+00:00,outbound,minimal,stripped,idle,7,16,4,7821,0
2026-05-13T18:28:45+00:00,outbound,minimal,stripped,idle,7,16,5,8121,0
2026-05-13T18:28:45+00:00,outbound,minimal,stripped,idle,7,16,6,7520,0
2026-05-13T18:28:45+00:00,outbound,minimal,stripped,idle,7,16,7,8421,0
2026-05-13T18:28:45+00:00,outbound,minimal,stripped,idle,7,16,8,8320,0
2026-05-13T18:28:45+00:00,outbound,minimal,stripped,idle,7,16,9,7820,0
2026-05-13T18:28:45+00:00,outbound,minimal,stripped,idle,7,16,10,8120,0
2026-05-13T18:28:45+00:00,outbound,minimal,stripped,idle,7,16,11,8320,0
2026-05-13T18:28:45+00:00,outbound,minimal,stripped,idle,7,16,12,8320,0
2026-05-13T18:28:45+00:00,outbound,minimal,stripped,idle,7,16,13,8121,0
2026-05-13T18:28:45+00:00,outbound,minimal,stripped,idle,7,16,14,8221,0
2026-05-13T18:28:45+00:00,outbound,minimal,stripped,idle,7,16,15,8319,0
2026-05-13T18:28:53+00:00,outbound,minimal,stripped,idle,8,16,0,7121,0
2026-05-13T18:28:53+00:00,outbound,minimal,stripped,idle,8,16,1,6620,0
2026-05-13T18:28:53+00:00,outbound,minimal,stripped,idle,8,16,2,7220,0
2026-05-13T18:28:53+00:00,outbound,minimal,stripped,idle,8,16,3,7820,0
2026-05-13T18:28:53+00:00,outbound,minimal,stripped,idle,8,16,4,7219,0
2026-05-13T18:28:53+00:00,outbound,minimal,stripped,idle,8,16,5,8122,0
2026-05-13T18:28:53+00:00,outbound,minimal,stripped,idle,8,16,6,7718,0
2026-05-13T18:28:53+00:00,outbound,minimal,stripped,idle,8,16,7,8119,0
2026-05-13T18:28:53+00:00,outbound,minimal,stripped,idle,8,16,8,7420,0
2026-05-13T18:28:53+00:00,outbound,minimal,stripped,idle,8,16,9,7821,0
2026-05-13T18:28:53+00:00,outbound,minimal,stripped,idle,8,16,10,8020,0
2026-05-13T18:28:53+00:00,outbound,minimal,stripped,idle,8,16,11,7921,0
2026-05-13T18:28:53+00:00,outbound,minimal,stripped,idle,8,16,12,8221,0
2026-05-13T18:28:53+00:00,outbound,minimal,stripped,idle,8,16,13,8021,0
2026-05-13T18:28:53+00:00,outbound,minimal,stripped,idle,8,16,14,8320,0
2026-05-13T18:28:53+00:00,outbound,minimal,stripped,idle,8,16,15,8220,0
2026-05-13T18:29:01+00:00,outbound,minimal,stripped,idle,9,16,0,6421,0
2026-05-13T18:29:01+00:00,outbound,minimal,stripped,idle,9,16,1,6619,0
2026-05-13T18:29:01+00:00,outbound,minimal,stripped,idle,9,16,2,7119,0
2026-05-13T18:29:01+00:00,outbound,minimal,stripped,idle,9,16,3,6920,0
2026-05-13T18:29:01+00:00,outbound,minimal,stripped,idle,9,16,4,7419,0
2026-05-13T18:29:01+00:00,outbound,minimal,stripped,idle,9,16,5,6720,0
2026-05-13T18:29:01+00:00,outbound,minimal,stripped,idle,9,16,6,7120,0
2026-05-13T18:29:01+00:00,outbound,minimal,stripped,idle,9,16,7,415,1
2026-05-13T18:29:01+00:00,outbound,minimal,stripped,idle,9,16,8,7020,0
2026-05-13T18:29:01+00:00,outbound,minimal,stripped,idle,9,16,9,7320,0
2026-05-13T18:29:01+00:00,outbound,minimal,stripped,idle,9,16,10,7319,0
2026-05-13T18:29:01+00:00,outbound,minimal,stripped,idle,9,16,11,515,1
2026-05-13T18:29:01+00:00,outbound,minimal,stripped,idle,9,16,12,7219,0
2026-05-13T18:29:01+00:00,outbound,minimal,stripped,idle,9,16,13,7321,0
2026-05-13T18:29:01+00:00,outbound,minimal,stripped,idle,9,16,14,7019,0
2026-05-13T18:29:01+00:00,outbound,minimal,stripped,idle,9,16,15,7219,0
2026-05-13T18:29:09+00:00,outbound,minimal,stripped,idle,10,16,0,6721,0
2026-05-13T18:29:09+00:00,outbound,minimal,stripped,idle,10,16,1,7520,0
2026-05-13T18:29:09+00:00,outbound,minimal,stripped,idle,10,16,2,6420,0
2026-05-13T18:29:09+00:00,outbound,minimal,stripped,idle,10,16,3,6921,0
2026-05-13T18:29:09+00:00,outbound,minimal,stripped,idle,10,16,4,7520,0
2026-05-13T18:29:09+00:00,outbound,minimal,stripped,idle,10,16,5,7419,0
2026-05-13T18:29:09+00:00,outbound,minimal,stripped,idle,10,16,6,7619,0
2026-05-13T18:29:09+00:00,outbound,minimal,stripped,idle,10,16,7,7519,0
2026-05-13T18:29:09+00:00,outbound,minimal,stripped,idle,10,16,8,7219,0
2026-05-13T18:29:09+00:00,outbound,minimal,stripped,idle,10,16,9,7720,0
2026-05-13T18:29:09+00:00,outbound,minimal,stripped,idle,10,16,10,7619,0
2026-05-13T18:29:09+00:00,outbound,minimal,stripped,idle,10,16,11,7821,0
2026-05-13T18:29:09+00:00,outbound,minimal,stripped,idle,10,16,12,514,1
2026-05-13T18:29:09+00:00,outbound,minimal,stripped,idle,10,16,13,7519,0
2026-05-13T18:29:09+00:00,outbound,minimal,stripped,idle,10,16,14,7618,0
2026-05-13T18:29:09+00:00,outbound,minimal,stripped,idle,10,16,15,7719,0
2026-05-13T18:29:18+00:00,outbound,minimal,stripped,idle,11,16,0,6620,0
2026-05-13T18:29:18+00:00,outbound,minimal,stripped,idle,11,16,1,7721,0
2026-05-13T18:29:18+00:00,outbound,minimal,stripped,idle,11,16,2,7020,0
2026-05-13T18:29:18+00:00,outbound,minimal,stripped,idle,11,16,3,7220,0
2026-05-13T18:29:18+00:00,outbound,minimal,stripped,idle,11,16,4,7922,0
2026-05-13T18:29:18+00:00,outbound,minimal,stripped,idle,11,16,5,7620,0
2026-05-13T18:29:18+00:00,outbound,minimal,stripped,idle,11,16,6,7921,0
2026-05-13T18:29:18+00:00,outbound,minimal,stripped,idle,11,16,7,7820,0
2026-05-13T18:29:18+00:00,outbound,minimal,stripped,idle,11,16,8,8021,0
2026-05-13T18:29:18+00:00,outbound,minimal,stripped,idle,11,16,9,8321,0
2026-05-13T18:29:18+00:00,outbound,minimal,stripped,idle,11,16,10,8120,0
2026-05-13T18:29:18+00:00,outbound,minimal,stripped,idle,11,16,11,7919,0
2026-05-13T18:29:18+00:00,outbound,minimal,stripped,idle,11,16,12,7720,0
2026-05-13T18:29:18+00:00,outbound,minimal,stripped,idle,11,16,13,8219,0
2026-05-13T18:29:18+00:00,outbound,minimal,stripped,idle,11,16,14,8119,0
2026-05-13T18:29:18+00:00,outbound,minimal,stripped,idle,11,16,15,8019,0
2026-05-13T18:29:26+00:00,outbound,minimal,stripped,idle,12,16,0,7018,0
2026-05-13T18:29:26+00:00,outbound,minimal,stripped,idle,12,16,1,6419,0
2026-05-13T18:29:26+00:00,outbound,minimal,stripped,idle,12,16,2,7522,0
2026-05-13T18:29:26+00:00,outbound,minimal,stripped,idle,12,16,3,6818,0
2026-05-13T18:29:26+00:00,outbound,minimal,stripped,idle,12,16,4,7720,0
2026-05-13T18:29:26+00:00,outbound,minimal,stripped,idle,12,16,5,7320,0
2026-05-13T18:29:26+00:00,outbound,minimal,stripped,idle,12,16,6,7420,0
2026-05-13T18:29:26+00:00,outbound,minimal,stripped,idle,12,16,7,7721,0
2026-05-13T18:29:26+00:00,outbound,minimal,stripped,idle,12,16,8,7820,0
2026-05-13T18:29:26+00:00,outbound,minimal,stripped,idle,12,16,9,7724,0
2026-05-13T18:29:26+00:00,outbound,minimal,stripped,idle,12,16,10,516,1
2026-05-13T18:29:26+00:00,outbound,minimal,stripped,idle,12,16,11,7520,0
2026-05-13T18:29:26+00:00,outbound,minimal,stripped,idle,12,16,12,7921,0
2026-05-13T18:29:26+00:00,outbound,minimal,stripped,idle,12,16,13,7520,0
2026-05-13T18:29:26+00:00,outbound,minimal,stripped,idle,12,16,14,7819,0
2026-05-13T18:29:26+00:00,outbound,minimal,stripped,idle,12,16,15,7722,0
2026-05-13T18:29:35+00:00,outbound,minimal,stripped,idle,13,16,0,7219,0
2026-05-13T18:29:35+00:00,outbound,minimal,stripped,idle,13,16,1,6518,0
2026-05-13T18:29:35+00:00,outbound,minimal,stripped,idle,13,16,2,7421,0
2026-05-13T18:29:35+00:00,outbound,minimal,stripped,idle,13,16,3,7019,0
2026-05-13T18:29:35+00:00,outbound,minimal,stripped,idle,13,16,4,617,1
2026-05-13T18:29:35+00:00,outbound,minimal,stripped,idle,13,16,5,7721,0
2026-05-13T18:29:35+00:00,outbound,minimal,stripped,idle,13,16,6,7320,0
2026-05-13T18:29:35+00:00,outbound,minimal,stripped,idle,13,16,7,7820,0
2026-05-13T18:29:35+00:00,outbound,minimal,stripped,idle,13,16,8,7623,0
2026-05-13T18:29:35+00:00,outbound,minimal,stripped,idle,13,16,9,7519,0
2026-05-13T18:29:35+00:00,outbound,minimal,stripped,idle,13,16,10,7920,0
2026-05-13T18:29:35+00:00,outbound,minimal,stripped,idle,13,16,11,7720,0
2026-05-13T18:29:35+00:00,outbound,minimal,stripped,idle,13,16,12,8020,0
2026-05-13T18:29:35+00:00,outbound,minimal,stripped,idle,13,16,13,8120,0
2026-05-13T18:29:35+00:00,outbound,minimal,stripped,idle,13,16,14,7921,0
2026-05-13T18:29:35+00:00,outbound,minimal,stripped,idle,13,16,15,7920,0
2026-05-13T18:29:44+00:00,outbound,minimal,stripped,idle,14,16,0,6920,0
2026-05-13T18:29:44+00:00,outbound,minimal,stripped,idle,14,16,1,7120,0
2026-05-13T18:29:44+00:00,outbound,minimal,stripped,idle,14,16,2,7220,0
2026-05-13T18:29:44+00:00,outbound,minimal,stripped,idle,14,16,3,7620,0
2026-05-13T18:29:44+00:00,outbound,minimal,stripped,idle,14,16,4,7720,0
2026-05-13T18:29:44+00:00,outbound,minimal,stripped,idle,14,16,5,7919,0
2026-05-13T18:29:44+00:00,outbound,minimal,stripped,idle,14,16,6,8120,0
2026-05-13T18:29:44+00:00,outbound,minimal,stripped,idle,14,16,7,7820,0
2026-05-13T18:29:44+00:00,outbound,minimal,stripped,idle,14,16,8,8221,0
2026-05-13T18:29:44+00:00,outbound,minimal,stripped,idle,14,16,9,8122,0
2026-05-13T18:29:44+00:00,outbound,minimal,stripped,idle,14,16,10,8020,0
2026-05-13T18:29:44+00:00,outbound,minimal,stripped,idle,14,16,11,8222,0
2026-05-13T18:29:44+00:00,outbound,minimal,stripped,idle,14,16,12,8221,0
2026-05-13T18:29:44+00:00,outbound,minimal,stripped,idle,14,16,13,8221,0
2026-05-13T18:29:44+00:00,outbound,minimal,stripped,idle,14,16,14,8220,0
2026-05-13T18:29:44+00:00,outbound,minimal,stripped,idle,14,16,15,7919,0
2026-05-13T18:29:52+00:00,outbound,minimal,stripped,idle,15,16,0,6819,0
2026-05-13T18:29:52+00:00,outbound,minimal,stripped,idle,15,16,1,7019,0
2026-05-13T18:29:52+00:00,outbound,minimal,stripped,idle,15,16,2,7520,0
2026-05-13T18:29:52+00:00,outbound,minimal,stripped,idle,15,16,3,7819,0
2026-05-13T18:29:52+00:00,outbound,minimal,stripped,idle,15,16,4,7019,0
2026-05-13T18:29:52+00:00,outbound,minimal,stripped,idle,15,16,5,8020,0
2026-05-13T18:29:52+00:00,outbound,minimal,stripped,idle,15,16,6,8121,0
2026-05-13T18:29:52+00:00,outbound,minimal,stripped,idle,15,16,7,7421,0
2026-05-13T18:29:52+00:00,outbound,minimal,stripped,idle,15,16,8,7819,0
2026-05-13T18:29:52+00:00,outbound,minimal,stripped,idle,15,16,9,7920,0
2026-05-13T18:29:52+00:00,outbound,minimal,stripped,idle,15,16,10,7920,0
2026-05-13T18:29:52+00:00,outbound,minimal,stripped,idle,15,16,11,8119,0
2026-05-13T18:29:52+00:00,outbound,minimal,stripped,idle,15,16,12,8121,0
2026-05-13T18:29:52+00:00,outbound,minimal,stripped,idle,15,16,13,7920,0
2026-05-13T18:29:52+00:00,outbound,minimal,stripped,idle,15,16,14,8119,0
2026-05-13T18:29:52+00:00,outbound,minimal,stripped,idle,15,16,15,7719,0
2026-05-13T18:30:00+00:00,outbound,minimal,stripped,idle,16,16,0,6222,0
2026-05-13T18:30:00+00:00,outbound,minimal,stripped,idle,16,16,1,6419,0
2026-05-13T18:30:00+00:00,outbound,minimal,stripped,idle,16,16,2,6824,0
2026-05-13T18:30:00+00:00,outbound,minimal,stripped,idle,16,16,3,7519,0
2026-05-13T18:30:00+00:00,outbound,minimal,stripped,idle,16,16,4,7020,0
2026-05-13T18:30:00+00:00,outbound,minimal,stripped,idle,16,16,5,7720,0
2026-05-13T18:30:00+00:00,outbound,minimal,stripped,idle,16,16,6,7219,0
2026-05-13T18:30:00+00:00,outbound,minimal,stripped,idle,16,16,7,7520,0
2026-05-13T18:30:00+00:00,outbound,minimal,stripped,idle,16,16,8,7620,0
2026-05-13T18:30:00+00:00,outbound,minimal,stripped,idle,16,16,9,415,1
2026-05-13T18:30:00+00:00,outbound,minimal,stripped,idle,16,16,10,7722,0
2026-05-13T18:30:00+00:00,outbound,minimal,stripped,idle,16,16,11,7720,0
2026-05-13T18:30:00+00:00,outbound,minimal,stripped,idle,16,16,12,7320,0
2026-05-13T18:30:00+00:00,outbound,minimal,stripped,idle,16,16,13,7720,0
2026-05-13T18:30:00+00:00,outbound,minimal,stripped,idle,16,16,14,7420,0
2026-05-13T18:30:00+00:00,outbound,minimal,stripped,idle,16,16,15,7519,0
2026-05-13T18:30:09+00:00,outbound,minimal,stripped,idle,17,16,0,6720,0
2026-05-13T18:30:09+00:00,outbound,minimal,stripped,idle,17,16,1,7821,0
2026-05-13T18:30:09+00:00,outbound,minimal,stripped,idle,17,16,2,7121,0
2026-05-13T18:30:09+00:00,outbound,minimal,stripped,idle,17,16,3,7620,0
2026-05-13T18:30:09+00:00,outbound,minimal,stripped,idle,17,16,4,7520,0
2026-05-13T18:30:09+00:00,outbound,minimal,stripped,idle,17,16,5,7020,0
2026-05-13T18:30:09+00:00,outbound,minimal,stripped,idle,17,16,6,7519,0
2026-05-13T18:30:09+00:00,outbound,minimal,stripped,idle,17,16,7,7620,0
2026-05-13T18:30:09+00:00,outbound,minimal,stripped,idle,17,16,8,8220,0
2026-05-13T18:30:09+00:00,outbound,minimal,stripped,idle,17,16,9,8122,0
2026-05-13T18:30:09+00:00,outbound,minimal,stripped,idle,17,16,10,7820,0
2026-05-13T18:30:09+00:00,outbound,minimal,stripped,idle,17,16,11,7820,0
2026-05-13T18:30:09+00:00,outbound,minimal,stripped,idle,17,16,12,8120,0
2026-05-13T18:30:09+00:00,outbound,minimal,stripped,idle,17,16,13,8220,0
2026-05-13T18:30:09+00:00,outbound,minimal,stripped,idle,17,16,14,8220,0
2026-05-13T18:30:09+00:00,outbound,minimal,stripped,idle,17,16,15,8320,0
2026-05-13T18:30:18+00:00,outbound,minimal,stripped,idle,18,16,0,7121,0
2026-05-13T18:30:18+00:00,outbound,minimal,stripped,idle,18,16,1,7221,0
2026-05-13T18:30:18+00:00,outbound,minimal,stripped,idle,18,16,2,6819,0
2026-05-13T18:30:18+00:00,outbound,minimal,stripped,idle,18,16,3,8120,0
2026-05-13T18:30:18+00:00,outbound,minimal,stripped,idle,18,16,4,8220,0
2026-05-13T18:30:18+00:00,outbound,minimal,stripped,idle,18,16,5,8219,0
2026-05-13T18:30:18+00:00,outbound,minimal,stripped,idle,18,16,6,7819,0
2026-05-13T18:30:18+00:00,outbound,minimal,stripped,idle,18,16,7,7420,0
2026-05-13T18:30:18+00:00,outbound,minimal,stripped,idle,18,16,8,8021,0
2026-05-13T18:30:18+00:00,outbound,minimal,stripped,idle,18,16,9,8220,0
2026-05-13T18:30:18+00:00,outbound,minimal,stripped,idle,18,16,10,8021,0
2026-05-13T18:30:18+00:00,outbound,minimal,stripped,idle,18,16,11,8120,0
2026-05-13T18:30:18+00:00,outbound,minimal,stripped,idle,18,16,12,8120,0
2026-05-13T18:30:18+00:00,outbound,minimal,stripped,idle,18,16,13,8320,0
2026-05-13T18:30:18+00:00,outbound,minimal,stripped,idle,18,16,14,8121,0
2026-05-13T18:30:18+00:00,outbound,minimal,stripped,idle,18,16,15,7719,0
2026-05-13T18:30:26+00:00,outbound,minimal,stripped,idle,19,16,0,6920,0
2026-05-13T18:30:26+00:00,outbound,minimal,stripped,idle,19,16,1,7122,0
2026-05-13T18:30:26+00:00,outbound,minimal,stripped,idle,19,16,2,6818,0
2026-05-13T18:30:26+00:00,outbound,minimal,stripped,idle,19,16,3,7919,0
2026-05-13T18:30:26+00:00,outbound,minimal,stripped,idle,19,16,4,7520,0
2026-05-13T18:30:26+00:00,outbound,minimal,stripped,idle,19,16,5,7620,0
2026-05-13T18:30:26+00:00,outbound,minimal,stripped,idle,19,16,6,7619,0
2026-05-13T18:30:26+00:00,outbound,minimal,stripped,idle,19,16,7,7219,0
2026-05-13T18:30:26+00:00,outbound,minimal,stripped,idle,19,16,8,7819,0
2026-05-13T18:30:26+00:00,outbound,minimal,stripped,idle,19,16,9,7820,0
2026-05-13T18:30:26+00:00,outbound,minimal,stripped,idle,19,16,10,515,1
2026-05-13T18:30:26+00:00,outbound,minimal,stripped,idle,19,16,11,7519,0
2026-05-13T18:30:26+00:00,outbound,minimal,stripped,idle,19,16,12,7919,0
2026-05-13T18:30:26+00:00,outbound,minimal,stripped,idle,19,16,13,7820,0
2026-05-13T18:30:26+00:00,outbound,minimal,stripped,idle,19,16,14,7619,0
2026-05-13T18:30:26+00:00,outbound,minimal,stripped,idle,19,16,15,7720,0
2026-05-13T18:30:34+00:00,outbound,minimal,stripped,idle,20,16,0,7021,0
2026-05-13T18:30:34+00:00,outbound,minimal,stripped,idle,20,16,1,6720,0
2026-05-13T18:30:34+00:00,outbound,minimal,stripped,idle,20,16,2,7220,0
2026-05-13T18:30:34+00:00,outbound,minimal,stripped,idle,20,16,3,7320,0
2026-05-13T18:30:34+00:00,outbound,minimal,stripped,idle,20,16,4,6820,0
2026-05-13T18:30:34+00:00,outbound,minimal,stripped,idle,20,16,5,7821,0
2026-05-13T18:30:34+00:00,outbound,minimal,stripped,idle,20,16,6,7520,0
2026-05-13T18:30:34+00:00,outbound,minimal,stripped,idle,20,16,7,7720,0
2026-05-13T18:30:34+00:00,outbound,minimal,stripped,idle,20,16,8,7819,0
2026-05-13T18:30:34+00:00,outbound,minimal,stripped,idle,20,16,9,7720,0
2026-05-13T18:30:34+00:00,outbound,minimal,stripped,idle,20,16,10,7819,0
2026-05-13T18:30:34+00:00,outbound,minimal,stripped,idle,20,16,11,7821,0
2026-05-13T18:30:34+00:00,outbound,minimal,stripped,idle,20,16,12,7719,0
2026-05-13T18:30:34+00:00,outbound,minimal,stripped,idle,20,16,13,615,1
2026-05-13T18:30:34+00:00,outbound,minimal,stripped,idle,20,16,14,7920,0
2026-05-13T18:30:34+00:00,outbound,minimal,stripped,idle,20,16,15,7521,0
2026-05-13T18:30:43+00:00,outbound,minimal,stripped,idle,21,16,0,6719,0
2026-05-13T18:30:43+00:00,outbound,minimal,stripped,idle,21,16,1,7018,0
2026-05-13T18:30:43+00:00,outbound,minimal,stripped,idle,21,16,2,8120,0
2026-05-13T18:30:43+00:00,outbound,minimal,stripped,idle,21,16,3,7119,0
2026-05-13T18:30:43+00:00,outbound,minimal,stripped,idle,21,16,4,7821,0
2026-05-13T18:30:43+00:00,outbound,minimal,stripped,idle,21,16,5,7820,0
2026-05-13T18:30:43+00:00,outbound,minimal,stripped,idle,21,16,6,7922,0
2026-05-13T18:30:43+00:00,outbound,minimal,stripped,idle,21,16,7,7919,0
2026-05-13T18:30:43+00:00,outbound,minimal,stripped,idle,21,16,8,8421,0
2026-05-13T18:30:43+00:00,outbound,minimal,stripped,idle,21,16,9,8322,0
2026-05-13T18:30:43+00:00,outbound,minimal,stripped,idle,21,16,10,8320,0
2026-05-13T18:30:43+00:00,outbound,minimal,stripped,idle,21,16,11,8120,0
2026-05-13T18:30:43+00:00,outbound,minimal,stripped,idle,21,16,12,8520,0
2026-05-13T18:30:43+00:00,outbound,minimal,stripped,idle,21,16,13,8220,0
2026-05-13T18:30:43+00:00,outbound,minimal,stripped,idle,21,16,14,8320,0
2026-05-13T18:30:43+00:00,outbound,minimal,stripped,idle,21,16,15,8420,0
2026-05-13T18:30:52+00:00,outbound,minimal,stripped,idle,22,16,0,6825,0
2026-05-13T18:30:52+00:00,outbound,minimal,stripped,idle,22,16,1,6723,0
2026-05-13T18:30:52+00:00,outbound,minimal,stripped,idle,22,16,2,7524,0
2026-05-13T18:30:52+00:00,outbound,minimal,stripped,idle,22,16,3,7322,0
2026-05-13T18:30:52+00:00,outbound,minimal,stripped,idle,22,16,4,7119,0
2026-05-13T18:30:52+00:00,outbound,minimal,stripped,idle,22,16,5,7220,0
2026-05-13T18:30:52+00:00,outbound,minimal,stripped,idle,22,16,6,7920,0
2026-05-13T18:30:52+00:00,outbound,minimal,stripped,idle,22,16,7,7821,0
2026-05-13T18:30:52+00:00,outbound,minimal,stripped,idle,22,16,8,7719,0
2026-05-13T18:30:52+00:00,outbound,minimal,stripped,idle,22,16,9,7521,0
2026-05-13T18:30:52+00:00,outbound,minimal,stripped,idle,22,16,10,7620,0
2026-05-13T18:30:52+00:00,outbound,minimal,stripped,idle,22,16,11,616,1
2026-05-13T18:30:52+00:00,outbound,minimal,stripped,idle,22,16,12,7721,0
2026-05-13T18:30:52+00:00,outbound,minimal,stripped,idle,22,16,13,7819,0
2026-05-13T18:30:52+00:00,outbound,minimal,stripped,idle,22,16,14,7920,0
2026-05-13T18:30:52+00:00,outbound,minimal,stripped,idle,22,16,15,7719,0
2026-05-13T18:31:35+00:00,outbound,minimal,stripped,idle,3,32,0,9124,0
2026-05-13T18:31:35+00:00,outbound,minimal,stripped,idle,3,32,1,11423,0
2026-05-13T18:31:35+00:00,outbound,minimal,stripped,idle,3,32,2,12025,0
2026-05-13T18:31:35+00:00,outbound,minimal,stripped,idle,3,32,3,10322,0
2026-05-13T18:31:35+00:00,outbound,minimal,stripped,idle,3,32,4,10622,0
2026-05-13T18:31:35+00:00,outbound,minimal,stripped,idle,3,32,5,10525,0
2026-05-13T18:31:35+00:00,outbound,minimal,stripped,idle,3,32,6,12622,0
2026-05-13T18:31:35+00:00,outbound,minimal,stripped,idle,3,32,7,10923,0
2026-05-13T18:31:35+00:00,outbound,minimal,stripped,idle,3,32,8,12724,0
2026-05-13T18:31:35+00:00,outbound,minimal,stripped,idle,3,32,9,12323,0
2026-05-13T18:31:35+00:00,outbound,minimal,stripped,idle,3,32,10,11823,0
2026-05-13T18:31:35+00:00,outbound,minimal,stripped,idle,3,32,11,12224,0
2026-05-13T18:31:35+00:00,outbound,minimal,stripped,idle,3,32,12,616,1
2026-05-13T18:31:35+00:00,outbound,minimal,stripped,idle,3,32,13,13825,0
2026-05-13T18:31:35+00:00,outbound,minimal,stripped,idle,3,32,14,11225,0
2026-05-13T18:31:35+00:00,outbound,minimal,stripped,idle,3,32,15,14026,0
2026-05-13T18:31:35+00:00,outbound,minimal,stripped,idle,3,32,16,616,1
2026-05-13T18:31:35+00:00,outbound,minimal,stripped,idle,3,32,17,11723,0
2026-05-13T18:31:35+00:00,outbound,minimal,stripped,idle,3,32,18,13827,0
2026-05-13T18:31:35+00:00,outbound,minimal,stripped,idle,3,32,19,10924,0
2026-05-13T18:31:35+00:00,outbound,minimal,stripped,idle,3,32,20,13425,0
2026-05-13T18:31:35+00:00,outbound,minimal,stripped,idle,3,32,21,11824,0
2026-05-13T18:31:35+00:00,outbound,minimal,stripped,idle,3,32,22,13826,0
2026-05-13T18:31:35+00:00,outbound,minimal,stripped,idle,3,32,23,12024,0
2026-05-13T18:31:35+00:00,outbound,minimal,stripped,idle,3,32,24,13030,0
2026-05-13T18:31:35+00:00,outbound,minimal,stripped,idle,3,32,25,13825,0
2026-05-13T18:31:35+00:00,outbound,minimal,stripped,idle,3,32,26,11926,0
2026-05-13T18:31:35+00:00,outbound,minimal,stripped,idle,3,32,27,13225,0
2026-05-13T18:31:35+00:00,outbound,minimal,stripped,idle,3,32,28,12323,0
2026-05-13T18:31:35+00:00,outbound,minimal,stripped,idle,3,32,29,13927,0
2026-05-13T18:31:35+00:00,outbound,minimal,stripped,idle,3,32,30,13225,0
2026-05-13T18:31:35+00:00,outbound,minimal,stripped,idle,3,32,31,13625,0
2026-05-13T18:31:50+00:00,outbound,minimal,stripped,idle,4,32,0,10424,0
2026-05-13T18:31:50+00:00,outbound,minimal,stripped,idle,4,32,1,10725,0
2026-05-13T18:31:50+00:00,outbound,minimal,stripped,idle,4,32,2,9424,0
2026-05-13T18:31:50+00:00,outbound,minimal,stripped,idle,4,32,3,9424,0
2026-05-13T18:31:50+00:00,outbound,minimal,stripped,idle,4,32,4,11124,0
2026-05-13T18:31:50+00:00,outbound,minimal,stripped,idle,4,32,5,13626,0
2026-05-13T18:31:50+00:00,outbound,minimal,stripped,idle,4,32,6,13425,0
2026-05-13T18:31:50+00:00,outbound,minimal,stripped,idle,4,32,7,11324,0
2026-05-13T18:31:50+00:00,outbound,minimal,stripped,idle,4,32,8,12824,0
2026-05-13T18:31:50+00:00,outbound,minimal,stripped,idle,4,32,9,13225,0
2026-05-13T18:31:51+00:00,outbound,minimal,stripped,idle,4,32,10,11724,0
2026-05-13T18:31:51+00:00,outbound,minimal,stripped,idle,4,32,11,13225,0
2026-05-13T18:31:51+00:00,outbound,minimal,stripped,idle,4,32,12,11824,0
2026-05-13T18:31:51+00:00,outbound,minimal,stripped,idle,4,32,13,12725,0
2026-05-13T18:31:51+00:00,outbound,minimal,stripped,idle,4,32,14,13528,0
2026-05-13T18:31:51+00:00,outbound,minimal,stripped,idle,4,32,15,14425,0
2026-05-13T18:31:51+00:00,outbound,minimal,stripped,idle,4,32,16,14326,0
2026-05-13T18:31:51+00:00,outbound,minimal,stripped,idle,4,32,17,14725,0
2026-05-13T18:31:51+00:00,outbound,minimal,stripped,idle,4,32,18,12225,0
2026-05-13T18:31:51+00:00,outbound,minimal,stripped,idle,4,32,19,14425,0
2026-05-13T18:31:51+00:00,outbound,minimal,stripped,idle,4,32,20,14127,0
2026-05-13T18:31:51+00:00,outbound,minimal,stripped,idle,4,32,21,14426,0
2026-05-13T18:31:51+00:00,outbound,minimal,stripped,idle,4,32,22,14125,0
2026-05-13T18:31:51+00:00,outbound,minimal,stripped,idle,4,32,23,14626,0
2026-05-13T18:31:51+00:00,outbound,minimal,stripped,idle,4,32,24,12325,0
2026-05-13T18:31:51+00:00,outbound,minimal,stripped,idle,4,32,25,14428,0
2026-05-13T18:31:51+00:00,outbound,minimal,stripped,idle,4,32,26,13826,0
2026-05-13T18:31:51+00:00,outbound,minimal,stripped,idle,4,32,27,14124,0
2026-05-13T18:31:51+00:00,outbound,minimal,stripped,idle,4,32,28,14225,0
2026-05-13T18:31:51+00:00,outbound,minimal,stripped,idle,4,32,29,13826,0
2026-05-13T18:31:51+00:00,outbound,minimal,stripped,idle,4,32,30,11926,0
2026-05-13T18:31:51+00:00,outbound,minimal,stripped,idle,4,32,31,14728,0
2026-05-13T18:32:05+00:00,outbound,minimal,stripped,idle,5,32,0,9727,0
2026-05-13T18:32:05+00:00,outbound,minimal,stripped,idle,5,32,1,8822,0
2026-05-13T18:32:05+00:00,outbound,minimal,stripped,idle,5,32,2,11025,0
2026-05-13T18:32:05+00:00,outbound,minimal,stripped,idle,5,32,3,13123,0
2026-05-13T18:32:05+00:00,outbound,minimal,stripped,idle,5,32,4,13722,0
2026-05-13T18:32:05+00:00,outbound,minimal,stripped,idle,5,32,5,10624,0
2026-05-13T18:32:05+00:00,outbound,minimal,stripped,idle,5,32,6,13025,0
2026-05-13T18:32:05+00:00,outbound,minimal,stripped,idle,5,32,7,9323,0
2026-05-13T18:32:05+00:00,outbound,minimal,stripped,idle,5,32,8,9921,0
2026-05-13T18:32:05+00:00,outbound,minimal,stripped,idle,5,32,9,515,1
2026-05-13T18:32:05+00:00,outbound,minimal,stripped,idle,5,32,10,13524,0
2026-05-13T18:32:05+00:00,outbound,minimal,stripped,idle,5,32,11,11224,0
2026-05-13T18:32:05+00:00,outbound,minimal,stripped,idle,5,32,12,12423,0
2026-05-13T18:32:05+00:00,outbound,minimal,stripped,idle,5,32,13,11922,0
2026-05-13T18:32:05+00:00,outbound,minimal,stripped,idle,5,32,14,12523,0
2026-05-13T18:32:05+00:00,outbound,minimal,stripped,idle,5,32,15,13225,0
2026-05-13T18:32:05+00:00,outbound,minimal,stripped,idle,5,32,16,12722,0
2026-05-13T18:32:05+00:00,outbound,minimal,stripped,idle,5,32,17,12224,0
2026-05-13T18:32:05+00:00,outbound,minimal,stripped,idle,5,32,18,13923,0
2026-05-13T18:32:05+00:00,outbound,minimal,stripped,idle,5,32,19,11825,0
2026-05-13T18:32:05+00:00,outbound,minimal,stripped,idle,5,32,20,13425,0
2026-05-13T18:32:05+00:00,outbound,minimal,stripped,idle,5,32,21,817,1
2026-05-13T18:32:05+00:00,outbound,minimal,stripped,idle,5,32,22,13225,0
2026-05-13T18:32:05+00:00,outbound,minimal,stripped,idle,5,32,23,10024,0
2026-05-13T18:32:05+00:00,outbound,minimal,stripped,idle,5,32,24,13627,0
2026-05-13T18:32:05+00:00,outbound,minimal,stripped,idle,5,32,25,13725,0
2026-05-13T18:32:05+00:00,outbound,minimal,stripped,idle,5,32,26,13826,0
2026-05-13T18:32:05+00:00,outbound,minimal,stripped,idle,5,32,27,13226,0
2026-05-13T18:32:05+00:00,outbound,minimal,stripped,idle,5,32,28,14028,0
2026-05-13T18:32:05+00:00,outbound,minimal,stripped,idle,5,32,29,13525,0
2026-05-13T18:32:05+00:00,outbound,minimal,stripped,idle,5,32,30,11424,0
2026-05-13T18:32:05+00:00,outbound,minimal,stripped,idle,5,32,31,12024,0
2026-05-13T18:32:20+00:00,outbound,minimal,stripped,idle,6,32,0,11123,0
2026-05-13T18:32:20+00:00,outbound,minimal,stripped,idle,6,32,1,11824,0
2026-05-13T18:32:20+00:00,outbound,minimal,stripped,idle,6,32,2,10221,0
2026-05-13T18:32:20+00:00,outbound,minimal,stripped,idle,6,32,3,9121,0
2026-05-13T18:32:20+00:00,outbound,minimal,stripped,idle,6,32,4,10422,0
2026-05-13T18:32:20+00:00,outbound,minimal,stripped,idle,6,32,5,11723,0
2026-05-13T18:32:20+00:00,outbound,minimal,stripped,idle,6,32,6,10923,0
2026-05-13T18:32:20+00:00,outbound,minimal,stripped,idle,6,32,7,11724,0
2026-05-13T18:32:20+00:00,outbound,minimal,stripped,idle,6,32,8,12423,0
2026-05-13T18:32:20+00:00,outbound,minimal,stripped,idle,6,32,9,10422,0
2026-05-13T18:32:20+00:00,outbound,minimal,stripped,idle,6,32,10,13025,0
2026-05-13T18:32:20+00:00,outbound,minimal,stripped,idle,6,32,11,13424,0
2026-05-13T18:32:20+00:00,outbound,minimal,stripped,idle,6,32,12,11622,0
2026-05-13T18:32:20+00:00,outbound,minimal,stripped,idle,6,32,13,12323,0
2026-05-13T18:32:20+00:00,outbound,minimal,stripped,idle,6,32,14,13325,0
2026-05-13T18:32:20+00:00,outbound,minimal,stripped,idle,6,32,15,616,1
2026-05-13T18:32:20+00:00,outbound,minimal,stripped,idle,6,32,16,12423,0
2026-05-13T18:32:20+00:00,outbound,minimal,stripped,idle,6,32,17,13728,0
2026-05-13T18:32:20+00:00,outbound,minimal,stripped,idle,6,32,18,13226,0
2026-05-13T18:32:20+00:00,outbound,minimal,stripped,idle,6,32,19,13825,0
2026-05-13T18:32:20+00:00,outbound,minimal,stripped,idle,6,32,20,13625,0
2026-05-13T18:32:20+00:00,outbound,minimal,stripped,idle,6,32,21,13524,0
2026-05-13T18:32:20+00:00,outbound,minimal,stripped,idle,6,32,22,12224,0
2026-05-13T18:32:20+00:00,outbound,minimal,stripped,idle,6,32,23,13825,0
2026-05-13T18:32:20+00:00,outbound,minimal,stripped,idle,6,32,24,13926,0
2026-05-13T18:32:20+00:00,outbound,minimal,stripped,idle,6,32,25,13326,0
2026-05-13T18:32:20+00:00,outbound,minimal,stripped,idle,6,32,26,13426,0
2026-05-13T18:32:20+00:00,outbound,minimal,stripped,idle,6,32,27,11925,0
2026-05-13T18:32:20+00:00,outbound,minimal,stripped,idle,6,32,28,13227,0
2026-05-13T18:32:20+00:00,outbound,minimal,stripped,idle,6,32,29,12425,0
2026-05-13T18:32:20+00:00,outbound,minimal,stripped,idle,6,32,30,11725,0
2026-05-13T18:32:20+00:00,outbound,minimal,stripped,idle,6,32,31,1218,1
2026-05-13T18:32:35+00:00,outbound,minimal,stripped,idle,7,32,0,9924,0
2026-05-13T18:32:35+00:00,outbound,minimal,stripped,idle,7,32,1,8922,0
2026-05-13T18:32:35+00:00,outbound,minimal,stripped,idle,7,32,2,10023,0
2026-05-13T18:32:35+00:00,outbound,minimal,stripped,idle,7,32,3,9822,0
2026-05-13T18:32:35+00:00,outbound,minimal,stripped,idle,7,32,4,10422,0
2026-05-13T18:32:35+00:00,outbound,minimal,stripped,idle,7,32,5,13424,0
2026-05-13T18:32:35+00:00,outbound,minimal,stripped,idle,7,32,6,11024,0
2026-05-13T18:32:35+00:00,outbound,minimal,stripped,idle,7,32,7,14025,0
2026-05-13T18:32:35+00:00,outbound,minimal,stripped,idle,7,32,8,11423,0
2026-05-13T18:32:35+00:00,outbound,minimal,stripped,idle,7,32,9,12024,0
2026-05-13T18:32:35+00:00,outbound,minimal,stripped,idle,7,32,10,12724,0
2026-05-13T18:32:35+00:00,outbound,minimal,stripped,idle,7,32,11,14626,0
2026-05-13T18:32:35+00:00,outbound,minimal,stripped,idle,7,32,12,12924,0
2026-05-13T18:32:35+00:00,outbound,minimal,stripped,idle,7,32,13,11822,0
2026-05-13T18:32:35+00:00,outbound,minimal,stripped,idle,7,32,14,12325,0
2026-05-13T18:32:35+00:00,outbound,minimal,stripped,idle,7,32,15,13626,0
2026-05-13T18:32:35+00:00,outbound,minimal,stripped,idle,7,32,16,11523,0
2026-05-13T18:32:35+00:00,outbound,minimal,stripped,idle,7,32,17,14024,0
2026-05-13T18:32:35+00:00,outbound,minimal,stripped,idle,7,32,18,11923,0
2026-05-13T18:32:35+00:00,outbound,minimal,stripped,idle,7,32,19,13925,0
2026-05-13T18:32:35+00:00,outbound,minimal,stripped,idle,7,32,20,14425,0
2026-05-13T18:32:35+00:00,outbound,minimal,stripped,idle,7,32,21,14526,0
2026-05-13T18:32:35+00:00,outbound,minimal,stripped,idle,7,32,22,12926,0
2026-05-13T18:32:35+00:00,outbound,minimal,stripped,idle,7,32,23,14725,0
2026-05-13T18:32:35+00:00,outbound,minimal,stripped,idle,7,32,24,14626,0
2026-05-13T18:32:35+00:00,outbound,minimal,stripped,idle,7,32,25,12525,0
2026-05-13T18:32:35+00:00,outbound,minimal,stripped,idle,7,32,26,13627,0
2026-05-13T18:32:35+00:00,outbound,minimal,stripped,idle,7,32,27,14126,0
2026-05-13T18:32:35+00:00,outbound,minimal,stripped,idle,7,32,28,13726,0
2026-05-13T18:32:35+00:00,outbound,minimal,stripped,idle,7,32,29,14027,0
2026-05-13T18:32:35+00:00,outbound,minimal,stripped,idle,7,32,30,14324,0
2026-05-13T18:32:35+00:00,outbound,minimal,stripped,idle,7,32,31,13527,0
2026-05-13T18:32:49+00:00,outbound,minimal,stripped,idle,8,32,0,11126,0
2026-05-13T18:32:49+00:00,outbound,minimal,stripped,idle,8,32,1,10423,0
2026-05-13T18:32:49+00:00,outbound,minimal,stripped,idle,8,32,2,10129,0
2026-05-13T18:32:49+00:00,outbound,minimal,stripped,idle,8,32,3,12624,0
2026-05-13T18:32:49+00:00,outbound,minimal,stripped,idle,8,32,4,9823,0
2026-05-13T18:32:49+00:00,outbound,minimal,stripped,idle,8,32,5,416,1
2026-05-13T18:32:49+00:00,outbound,minimal,stripped,idle,8,32,6,11021,0
2026-05-13T18:32:49+00:00,outbound,minimal,stripped,idle,8,32,7,10622,0
2026-05-13T18:32:49+00:00,outbound,minimal,stripped,idle,8,32,8,10423,0
2026-05-13T18:32:49+00:00,outbound,minimal,stripped,idle,8,32,9,11723,0
2026-05-13T18:32:49+00:00,outbound,minimal,stripped,idle,8,32,10,11326,0
2026-05-13T18:32:49+00:00,outbound,minimal,stripped,idle,8,32,11,12023,0
2026-05-13T18:32:49+00:00,outbound,minimal,stripped,idle,8,32,12,12824,0
2026-05-13T18:32:49+00:00,outbound,minimal,stripped,idle,8,32,13,13825,0
2026-05-13T18:32:49+00:00,outbound,minimal,stripped,idle,8,32,14,12626,0
2026-05-13T18:32:49+00:00,outbound,minimal,stripped,idle,8,32,15,12224,0
2026-05-13T18:32:49+00:00,outbound,minimal,stripped,idle,8,32,16,12224,0
2026-05-13T18:32:49+00:00,outbound,minimal,stripped,idle,8,32,17,13925,0
2026-05-13T18:32:50+00:00,outbound,minimal,stripped,idle,8,32,18,715,1
2026-05-13T18:32:50+00:00,outbound,minimal,stripped,idle,8,32,19,11524,0
2026-05-13T18:32:50+00:00,outbound,minimal,stripped,idle,8,32,20,13425,0
2026-05-13T18:32:50+00:00,outbound,minimal,stripped,idle,8,32,21,13227,0
2026-05-13T18:32:50+00:00,outbound,minimal,stripped,idle,8,32,22,12323,0
2026-05-13T18:32:50+00:00,outbound,minimal,stripped,idle,8,32,23,13326,0
2026-05-13T18:32:50+00:00,outbound,minimal,stripped,idle,8,32,24,13124,0
2026-05-13T18:32:50+00:00,outbound,minimal,stripped,idle,8,32,25,9321,0
2026-05-13T18:32:50+00:00,outbound,minimal,stripped,idle,8,32,26,12926,0
2026-05-13T18:32:50+00:00,outbound,minimal,stripped,idle,8,32,27,13125,0
2026-05-13T18:32:50+00:00,outbound,minimal,stripped,idle,8,32,28,11628,0
2026-05-13T18:32:50+00:00,outbound,minimal,stripped,idle,8,32,29,13725,0
2026-05-13T18:32:50+00:00,outbound,minimal,stripped,idle,8,32,30,13623,0
2026-05-13T18:32:50+00:00,outbound,minimal,stripped,idle,8,32,31,13525,0
2026-05-13T18:33:03+00:00,outbound,minimal,stripped,idle,9,32,0,8021,0
2026-05-13T18:33:03+00:00,outbound,minimal,stripped,idle,9,32,1,8820,0
2026-05-13T18:33:03+00:00,outbound,minimal,stripped,idle,9,32,2,9822,0
2026-05-13T18:33:03+00:00,outbound,minimal,stripped,idle,9,32,3,11723,0
2026-05-13T18:33:03+00:00,outbound,minimal,stripped,idle,9,32,4,9922,0
2026-05-13T18:33:03+00:00,outbound,minimal,stripped,idle,9,32,5,12424,0
2026-05-13T18:33:03+00:00,outbound,minimal,stripped,idle,9,32,6,10223,0
2026-05-13T18:33:03+00:00,outbound,minimal,stripped,idle,9,32,7,9521,0
2026-05-13T18:33:03+00:00,outbound,minimal,stripped,idle,9,32,8,10723,0
2026-05-13T18:33:03+00:00,outbound,minimal,stripped,idle,9,32,9,10322,0
2026-05-13T18:33:03+00:00,outbound,minimal,stripped,idle,9,32,10,12127,0
2026-05-13T18:33:03+00:00,outbound,minimal,stripped,idle,9,32,11,12323,0
2026-05-13T18:33:03+00:00,outbound,minimal,stripped,idle,9,32,12,11424,0
2026-05-13T18:33:03+00:00,outbound,minimal,stripped,idle,9,32,13,11123,0
2026-05-13T18:33:03+00:00,outbound,minimal,stripped,idle,9,32,14,12923,0
2026-05-13T18:33:03+00:00,outbound,minimal,stripped,idle,9,32,15,11922,0
2026-05-13T18:33:03+00:00,outbound,minimal,stripped,idle,9,32,16,715,1
2026-05-13T18:33:03+00:00,outbound,minimal,stripped,idle,9,32,17,11423,0
2026-05-13T18:33:03+00:00,outbound,minimal,stripped,idle,9,32,18,12828,0
2026-05-13T18:33:03+00:00,outbound,minimal,stripped,idle,9,32,19,11623,0
2026-05-13T18:33:03+00:00,outbound,minimal,stripped,idle,9,32,20,12924,0
2026-05-13T18:33:03+00:00,outbound,minimal,stripped,idle,9,32,21,13124,0
2026-05-13T18:33:03+00:00,outbound,minimal,stripped,idle,9,32,22,12824,0
2026-05-13T18:33:03+00:00,outbound,minimal,stripped,idle,9,32,23,916,1
2026-05-13T18:33:03+00:00,outbound,minimal,stripped,idle,9,32,24,12724,0
2026-05-13T18:33:03+00:00,outbound,minimal,stripped,idle,9,32,25,12724,0
2026-05-13T18:33:03+00:00,outbound,minimal,stripped,idle,9,32,26,1016,1
2026-05-13T18:33:03+00:00,outbound,minimal,stripped,idle,9,32,27,13225,0
2026-05-13T18:33:03+00:00,outbound,minimal,stripped,idle,9,32,28,11827,0
2026-05-13T18:33:03+00:00,outbound,minimal,stripped,idle,9,32,29,1016,1
2026-05-13T18:33:03+00:00,outbound,minimal,stripped,idle,9,32,30,13027,0
2026-05-13T18:33:03+00:00,outbound,minimal,stripped,idle,9,32,31,12824,0
2026-05-13T18:33:17+00:00,outbound,minimal,stripped,idle,10,32,0,9625,0
2026-05-13T18:33:17+00:00,outbound,minimal,stripped,idle,10,32,1,8120,0
2026-05-13T18:33:17+00:00,outbound,minimal,stripped,idle,10,32,2,8522,0
2026-05-13T18:33:17+00:00,outbound,minimal,stripped,idle,10,32,3,9922,0
2026-05-13T18:33:17+00:00,outbound,minimal,stripped,idle,10,32,4,11723,0
2026-05-13T18:33:17+00:00,outbound,minimal,stripped,idle,10,32,5,9922,0
2026-05-13T18:33:17+00:00,outbound,minimal,stripped,idle,10,32,6,10323,0
2026-05-13T18:33:17+00:00,outbound,minimal,stripped,idle,10,32,7,12724,0
2026-05-13T18:33:17+00:00,outbound,minimal,stripped,idle,10,32,8,11725,0
2026-05-13T18:33:17+00:00,outbound,minimal,stripped,idle,10,32,9,13025,0
2026-05-13T18:33:17+00:00,outbound,minimal,stripped,idle,10,32,10,11422,0
2026-05-13T18:33:17+00:00,outbound,minimal,stripped,idle,10,32,11,12424,0
2026-05-13T18:33:17+00:00,outbound,minimal,stripped,idle,10,32,12,11322,0
2026-05-13T18:33:17+00:00,outbound,minimal,stripped,idle,10,32,13,716,1
2026-05-13T18:33:17+00:00,outbound,minimal,stripped,idle,10,32,14,12824,0
2026-05-13T18:33:17+00:00,outbound,minimal,stripped,idle,10,32,15,11825,0
2026-05-13T18:33:17+00:00,outbound,minimal,stripped,idle,10,32,16,915,1
2026-05-13T18:33:17+00:00,outbound,minimal,stripped,idle,10,32,17,12424,0
2026-05-13T18:33:17+00:00,outbound,minimal,stripped,idle,10,32,18,13125,0
2026-05-13T18:33:17+00:00,outbound,minimal,stripped,idle,10,32,19,12425,0
2026-05-13T18:33:17+00:00,outbound,minimal,stripped,idle,10,32,20,13124,0
2026-05-13T18:33:17+00:00,outbound,minimal,stripped,idle,10,32,21,11022,0
2026-05-13T18:33:17+00:00,outbound,minimal,stripped,idle,10,32,22,12524,0
2026-05-13T18:33:17+00:00,outbound,minimal,stripped,idle,10,32,23,13124,0
2026-05-13T18:33:17+00:00,outbound,minimal,stripped,idle,10,32,24,12024,0
2026-05-13T18:33:17+00:00,outbound,minimal,stripped,idle,10,32,25,13024,0
2026-05-13T18:33:17+00:00,outbound,minimal,stripped,idle,10,32,26,917,1
2026-05-13T18:33:17+00:00,outbound,minimal,stripped,idle,10,32,27,11922,0
2026-05-13T18:33:17+00:00,outbound,minimal,stripped,idle,10,32,28,1016,1
2026-05-13T18:33:17+00:00,outbound,minimal,stripped,idle,10,32,29,11925,0
2026-05-13T18:33:17+00:00,outbound,minimal,stripped,idle,10,32,30,12325,0
2026-05-13T18:33:17+00:00,outbound,minimal,stripped,idle,10,32,31,12924,0
2026-05-13T18:33:30+00:00,outbound,minimal,stripped,idle,11,32,0,8523,0
2026-05-13T18:33:30+00:00,outbound,minimal,stripped,idle,11,32,1,9922,0
2026-05-13T18:33:30+00:00,outbound,minimal,stripped,idle,11,32,2,8720,0
2026-05-13T18:33:30+00:00,outbound,minimal,stripped,idle,11,32,3,8921,0
2026-05-13T18:33:30+00:00,outbound,minimal,stripped,idle,11,32,4,8720,0
2026-05-13T18:33:30+00:00,outbound,minimal,stripped,idle,11,32,5,10424,0
2026-05-13T18:33:30+00:00,outbound,minimal,stripped,idle,11,32,6,9421,0
2026-05-13T18:33:30+00:00,outbound,minimal,stripped,idle,11,32,7,11123,0
2026-05-13T18:33:30+00:00,outbound,minimal,stripped,idle,11,32,8,12323,0
2026-05-13T18:33:30+00:00,outbound,minimal,stripped,idle,11,32,9,515,1
2026-05-13T18:33:30+00:00,outbound,minimal,stripped,idle,11,32,10,11422,0
2026-05-13T18:33:30+00:00,outbound,minimal,stripped,idle,11,32,11,12323,0
2026-05-13T18:33:30+00:00,outbound,minimal,stripped,idle,11,32,12,12624,0
2026-05-13T18:33:30+00:00,outbound,minimal,stripped,idle,11,32,13,10823,0
2026-05-13T18:33:30+00:00,outbound,minimal,stripped,idle,11,32,14,10222,0
2026-05-13T18:33:30+00:00,outbound,minimal,stripped,idle,11,32,15,1616,1
2026-05-13T18:33:30+00:00,outbound,minimal,stripped,idle,11,32,16,12724,0
2026-05-13T18:33:30+00:00,outbound,minimal,stripped,idle,11,32,17,11222,0
2026-05-13T18:33:30+00:00,outbound,minimal,stripped,idle,11,32,18,10622,0
2026-05-13T18:33:30+00:00,outbound,minimal,stripped,idle,11,32,19,11823,0
2026-05-13T18:33:30+00:00,outbound,minimal,stripped,idle,11,32,20,10923,0
2026-05-13T18:33:30+00:00,outbound,minimal,stripped,idle,11,32,21,12624,0
2026-05-13T18:33:30+00:00,outbound,minimal,stripped,idle,11,32,22,12424,0
2026-05-13T18:33:30+00:00,outbound,minimal,stripped,idle,11,32,23,11924,0
2026-05-13T18:33:30+00:00,outbound,minimal,stripped,idle,11,32,24,12625,0
2026-05-13T18:33:30+00:00,outbound,minimal,stripped,idle,11,32,25,12424,0
2026-05-13T18:33:30+00:00,outbound,minimal,stripped,idle,11,32,26,12825,0
2026-05-13T18:33:30+00:00,outbound,minimal,stripped,idle,11,32,27,12526,0
2026-05-13T18:33:30+00:00,outbound,minimal,stripped,idle,11,32,28,1016,1
2026-05-13T18:33:31+00:00,outbound,minimal,stripped,idle,11,32,29,1018,1
2026-05-13T18:33:31+00:00,outbound,minimal,stripped,idle,11,32,30,1019,1
2026-05-13T18:33:31+00:00,outbound,minimal,stripped,idle,11,32,31,12325,0
2026-05-13T18:33:45+00:00,outbound,minimal,stripped,idle,12,32,0,8722,0
2026-05-13T18:33:45+00:00,outbound,minimal,stripped,idle,12,32,1,8820,0
2026-05-13T18:33:45+00:00,outbound,minimal,stripped,idle,12,32,2,8821,0
2026-05-13T18:33:45+00:00,outbound,minimal,stripped,idle,12,32,3,10724,0
2026-05-13T18:33:45+00:00,outbound,minimal,stripped,idle,12,32,4,10823,0
2026-05-13T18:33:45+00:00,outbound,minimal,stripped,idle,12,32,5,11224,0
2026-05-13T18:33:45+00:00,outbound,minimal,stripped,idle,12,32,6,11222,0
2026-05-13T18:33:45+00:00,outbound,minimal,stripped,idle,12,32,7,10422,0
2026-05-13T18:33:45+00:00,outbound,minimal,stripped,idle,12,32,8,12723,0
2026-05-13T18:33:45+00:00,outbound,minimal,stripped,idle,12,32,9,11925,0
2026-05-13T18:33:45+00:00,outbound,minimal,stripped,idle,12,32,10,13125,0
2026-05-13T18:33:45+00:00,outbound,minimal,stripped,idle,12,32,11,615,1
2026-05-13T18:33:45+00:00,outbound,minimal,stripped,idle,12,32,12,12325,0
2026-05-13T18:33:45+00:00,outbound,minimal,stripped,idle,12,32,13,12924,0
2026-05-13T18:33:45+00:00,outbound,minimal,stripped,idle,12,32,14,12623,0
2026-05-13T18:33:45+00:00,outbound,minimal,stripped,idle,12,32,15,13324,0
2026-05-13T18:33:45+00:00,outbound,minimal,stripped,idle,12,32,16,11324,0
2026-05-13T18:33:45+00:00,outbound,minimal,stripped,idle,12,32,17,13526,0
2026-05-13T18:33:45+00:00,outbound,minimal,stripped,idle,12,32,18,12725,0
2026-05-13T18:33:45+00:00,outbound,minimal,stripped,idle,12,32,19,11922,0
2026-05-13T18:33:45+00:00,outbound,minimal,stripped,idle,12,32,20,13426,0
2026-05-13T18:33:45+00:00,outbound,minimal,stripped,idle,12,32,21,13625,0
2026-05-13T18:33:45+00:00,outbound,minimal,stripped,idle,12,32,22,1016,1
2026-05-13T18:33:45+00:00,outbound,minimal,stripped,idle,12,32,23,13725,0
2026-05-13T18:33:45+00:00,outbound,minimal,stripped,idle,12,32,24,12924,0
2026-05-13T18:33:45+00:00,outbound,minimal,stripped,idle,12,32,25,11923,0
2026-05-13T18:33:45+00:00,outbound,minimal,stripped,idle,12,32,26,13726,0
2026-05-13T18:33:45+00:00,outbound,minimal,stripped,idle,12,32,27,12924,0
2026-05-13T18:33:45+00:00,outbound,minimal,stripped,idle,12,32,28,13425,0
2026-05-13T18:33:45+00:00,outbound,minimal,stripped,idle,12,32,29,13125,0
2026-05-13T18:33:45+00:00,outbound,minimal,stripped,idle,12,32,30,13826,0
2026-05-13T18:33:45+00:00,outbound,minimal,stripped,idle,12,32,31,12527,0
2026-05-13T18:34:00+00:00,outbound,minimal,stripped,idle,13,32,0,11326,0
2026-05-13T18:34:00+00:00,outbound,minimal,stripped,idle,13,32,1,9323,0
2026-05-13T18:34:00+00:00,outbound,minimal,stripped,idle,13,32,2,8720,0
2026-05-13T18:34:00+00:00,outbound,minimal,stripped,idle,13,32,3,14524,0
2026-05-13T18:34:00+00:00,outbound,minimal,stripped,idle,13,32,4,11323,0
2026-05-13T18:34:00+00:00,outbound,minimal,stripped,idle,13,32,5,12023,0
2026-05-13T18:34:00+00:00,outbound,minimal,stripped,idle,13,32,6,10922,0
2026-05-13T18:34:00+00:00,outbound,minimal,stripped,idle,13,32,7,13625,0
2026-05-13T18:34:00+00:00,outbound,minimal,stripped,idle,13,32,8,12724,0
2026-05-13T18:34:00+00:00,outbound,minimal,stripped,idle,13,32,9,12425,0
2026-05-13T18:34:00+00:00,outbound,minimal,stripped,idle,13,32,10,13224,0
2026-05-13T18:34:00+00:00,outbound,minimal,stripped,idle,13,32,11,14827,0
2026-05-13T18:34:00+00:00,outbound,minimal,stripped,idle,13,32,12,11124,0
2026-05-13T18:34:00+00:00,outbound,minimal,stripped,idle,13,32,13,13926,0
2026-05-13T18:34:00+00:00,outbound,minimal,stripped,idle,13,32,14,12422,0
2026-05-13T18:34:00+00:00,outbound,minimal,stripped,idle,13,32,15,13726,0
2026-05-13T18:34:00+00:00,outbound,minimal,stripped,idle,13,32,16,12023,0
2026-05-13T18:34:00+00:00,outbound,minimal,stripped,idle,13,32,17,14627,0
2026-05-13T18:34:00+00:00,outbound,minimal,stripped,idle,13,32,18,14926,0
2026-05-13T18:34:00+00:00,outbound,minimal,stripped,idle,13,32,19,14126,0
2026-05-13T18:34:00+00:00,outbound,minimal,stripped,idle,13,32,20,13527,0
2026-05-13T18:34:00+00:00,outbound,minimal,stripped,idle,13,32,21,12925,0
2026-05-13T18:34:00+00:00,outbound,minimal,stripped,idle,13,32,22,14626,0
2026-05-13T18:34:00+00:00,outbound,minimal,stripped,idle,13,32,23,14127,0
2026-05-13T18:34:00+00:00,outbound,minimal,stripped,idle,13,32,24,13925,0
2026-05-13T18:34:00+00:00,outbound,minimal,stripped,idle,13,32,25,13525,0
2026-05-13T18:34:00+00:00,outbound,minimal,stripped,idle,13,32,26,14025,0
2026-05-13T18:34:00+00:00,outbound,minimal,stripped,idle,13,32,27,14226,0
2026-05-13T18:34:00+00:00,outbound,minimal,stripped,idle,13,32,28,14528,0
2026-05-13T18:34:00+00:00,outbound,minimal,stripped,idle,13,32,29,14525,0
2026-05-13T18:34:00+00:00,outbound,minimal,stripped,idle,13,32,30,13926,0
2026-05-13T18:34:00+00:00,outbound,minimal,stripped,idle,13,32,31,14725,0
2026-05-13T18:34:14+00:00,outbound,minimal,stripped,idle,14,32,0,8321,0
2026-05-13T18:34:14+00:00,outbound,minimal,stripped,idle,14,32,1,9921,0
2026-05-13T18:34:14+00:00,outbound,minimal,stripped,idle,14,32,2,9522,0
2026-05-13T18:34:14+00:00,outbound,minimal,stripped,idle,14,32,3,11223,0
2026-05-13T18:34:14+00:00,outbound,minimal,stripped,idle,14,32,4,11125,0
2026-05-13T18:34:14+00:00,outbound,minimal,stripped,idle,14,32,5,10722,0
2026-05-13T18:34:14+00:00,outbound,minimal,stripped,idle,14,32,6,10922,0
2026-05-13T18:34:14+00:00,outbound,minimal,stripped,idle,14,32,7,8520,0
2026-05-13T18:34:14+00:00,outbound,minimal,stripped,idle,14,32,8,10623,0
2026-05-13T18:34:14+00:00,outbound,minimal,stripped,idle,14,32,9,13226,0
2026-05-13T18:34:14+00:00,outbound,minimal,stripped,idle,14,32,10,13025,0
2026-05-13T18:34:14+00:00,outbound,minimal,stripped,idle,14,32,11,12224,0
2026-05-13T18:34:14+00:00,outbound,minimal,stripped,idle,14,32,12,11624,0
2026-05-13T18:34:14+00:00,outbound,minimal,stripped,idle,14,32,13,616,1
2026-05-13T18:34:14+00:00,outbound,minimal,stripped,idle,14,32,14,13324,0
2026-05-13T18:34:14+00:00,outbound,minimal,stripped,idle,14,32,15,12523,0
2026-05-13T18:34:14+00:00,outbound,minimal,stripped,idle,14,32,16,13527,0
2026-05-13T18:34:14+00:00,outbound,minimal,stripped,idle,14,32,17,13224,0
2026-05-13T18:34:14+00:00,outbound,minimal,stripped,idle,14,32,18,13124,0
2026-05-13T18:34:14+00:00,outbound,minimal,stripped,idle,14,32,19,13025,0
2026-05-13T18:34:14+00:00,outbound,minimal,stripped,idle,14,32,20,12825,0
2026-05-13T18:34:14+00:00,outbound,minimal,stripped,idle,14,32,21,11223,0
2026-05-13T18:34:14+00:00,outbound,minimal,stripped,idle,14,32,22,816,1
2026-05-13T18:34:14+00:00,outbound,minimal,stripped,idle,14,32,23,12826,0
2026-05-13T18:34:14+00:00,outbound,minimal,stripped,idle,14,32,24,12625,0
2026-05-13T18:34:14+00:00,outbound,minimal,stripped,idle,14,32,25,12825,0
2026-05-13T18:34:14+00:00,outbound,minimal,stripped,idle,14,32,26,12425,0
2026-05-13T18:34:15+00:00,outbound,minimal,stripped,idle,14,32,27,13324,0
2026-05-13T18:34:15+00:00,outbound,minimal,stripped,idle,14,32,28,13126,0
2026-05-13T18:34:15+00:00,outbound,minimal,stripped,idle,14,32,29,12725,0
2026-05-13T18:34:15+00:00,outbound,minimal,stripped,idle,14,32,30,914,1
2026-05-13T18:34:15+00:00,outbound,minimal,stripped,idle,14,32,31,11924,0
2026-05-13T18:34:28+00:00,outbound,minimal,stripped,idle,15,32,0,9624,0
2026-05-13T18:34:28+00:00,outbound,minimal,stripped,idle,15,32,1,9822,0
2026-05-13T18:34:28+00:00,outbound,minimal,stripped,idle,15,32,2,8622,0
2026-05-13T18:34:28+00:00,outbound,minimal,stripped,idle,15,32,3,10323,0
2026-05-13T18:34:28+00:00,outbound,minimal,stripped,idle,15,32,4,12125,0
2026-05-13T18:34:28+00:00,outbound,minimal,stripped,idle,15,32,5,10223,0
2026-05-13T18:34:28+00:00,outbound,minimal,stripped,idle,15,32,6,10122,0
2026-05-13T18:34:28+00:00,outbound,minimal,stripped,idle,15,32,7,11423,0
2026-05-13T18:34:28+00:00,outbound,minimal,stripped,idle,15,32,8,12123,0
2026-05-13T18:34:28+00:00,outbound,minimal,stripped,idle,15,32,9,10724,0
2026-05-13T18:34:28+00:00,outbound,minimal,stripped,idle,15,32,10,11923,0
2026-05-13T18:34:28+00:00,outbound,minimal,stripped,idle,15,32,11,11724,0
2026-05-13T18:34:28+00:00,outbound,minimal,stripped,idle,15,32,12,12325,0
2026-05-13T18:34:28+00:00,outbound,minimal,stripped,idle,15,32,13,12824,0
2026-05-13T18:34:28+00:00,outbound,minimal,stripped,idle,15,32,14,12624,0
2026-05-13T18:34:28+00:00,outbound,minimal,stripped,idle,15,32,15,10223,0
2026-05-13T18:34:28+00:00,outbound,minimal,stripped,idle,15,32,16,11524,0
2026-05-13T18:34:28+00:00,outbound,minimal,stripped,idle,15,32,17,12724,0
2026-05-13T18:34:28+00:00,outbound,minimal,stripped,idle,15,32,18,11523,0
2026-05-13T18:34:28+00:00,outbound,minimal,stripped,idle,15,32,19,12725,0
2026-05-13T18:34:28+00:00,outbound,minimal,stripped,idle,15,32,20,819,1
2026-05-13T18:34:28+00:00,outbound,minimal,stripped,idle,15,32,21,11923,0
2026-05-13T18:34:28+00:00,outbound,minimal,stripped,idle,15,32,22,10923,0
2026-05-13T18:34:28+00:00,outbound,minimal,stripped,idle,15,32,23,817,1
2026-05-13T18:34:28+00:00,outbound,minimal,stripped,idle,15,32,24,12625,0
2026-05-13T18:34:28+00:00,outbound,minimal,stripped,idle,15,32,25,917,1
2026-05-13T18:34:28+00:00,outbound,minimal,stripped,idle,15,32,26,10524,0
2026-05-13T18:34:28+00:00,outbound,minimal,stripped,idle,15,32,27,12125,0
2026-05-13T18:34:28+00:00,outbound,minimal,stripped,idle,15,32,28,12926,0
2026-05-13T18:34:28+00:00,outbound,minimal,stripped,idle,15,32,29,919,1
2026-05-13T18:34:28+00:00,outbound,minimal,stripped,idle,15,32,30,11324,0
2026-05-13T18:34:28+00:00,outbound,minimal,stripped,idle,15,32,31,11724,0
2026-05-13T18:34:42+00:00,outbound,minimal,stripped,idle,16,32,0,9823,0
2026-05-13T18:34:42+00:00,outbound,minimal,stripped,idle,16,32,1,10522,0
2026-05-13T18:34:42+00:00,outbound,minimal,stripped,idle,16,32,2,9426,0
2026-05-13T18:34:42+00:00,outbound,minimal,stripped,idle,16,32,3,9723,0
2026-05-13T18:34:42+00:00,outbound,minimal,stripped,idle,16,32,4,9422,0
2026-05-13T18:34:42+00:00,outbound,minimal,stripped,idle,16,32,5,11123,0
2026-05-13T18:34:42+00:00,outbound,minimal,stripped,idle,16,32,6,11725,0
2026-05-13T18:34:42+00:00,outbound,minimal,stripped,idle,16,32,7,10723,0
2026-05-13T18:34:42+00:00,outbound,minimal,stripped,idle,16,32,8,12124,0
2026-05-13T18:34:42+00:00,outbound,minimal,stripped,idle,16,32,9,13224,0
2026-05-13T18:34:42+00:00,outbound,minimal,stripped,idle,16,32,10,13824,0
2026-05-13T18:34:42+00:00,outbound,minimal,stripped,idle,16,32,11,13824,0
2026-05-13T18:34:42+00:00,outbound,minimal,stripped,idle,16,32,12,11925,0
2026-05-13T18:34:42+00:00,outbound,minimal,stripped,idle,16,32,13,11423,0
2026-05-13T18:34:42+00:00,outbound,minimal,stripped,idle,16,32,14,10724,0
2026-05-13T18:34:42+00:00,outbound,minimal,stripped,idle,16,32,15,13525,0
2026-05-13T18:34:42+00:00,outbound,minimal,stripped,idle,16,32,16,13324,0
2026-05-13T18:34:42+00:00,outbound,minimal,stripped,idle,16,32,17,13425,0
2026-05-13T18:34:42+00:00,outbound,minimal,stripped,idle,16,32,18,13826,0
2026-05-13T18:34:42+00:00,outbound,minimal,stripped,idle,16,32,19,12025,0
2026-05-13T18:34:42+00:00,outbound,minimal,stripped,idle,16,32,20,12524,0
2026-05-13T18:34:42+00:00,outbound,minimal,stripped,idle,16,32,21,12325,0
2026-05-13T18:34:43+00:00,outbound,minimal,stripped,idle,16,32,22,13123,0
2026-05-13T18:34:43+00:00,outbound,minimal,stripped,idle,16,32,23,13226,0
2026-05-13T18:34:43+00:00,outbound,minimal,stripped,idle,16,32,24,13927,0
2026-05-13T18:34:43+00:00,outbound,minimal,stripped,idle,16,32,25,917,1
2026-05-13T18:34:43+00:00,outbound,minimal,stripped,idle,16,32,26,13625,0
2026-05-13T18:34:43+00:00,outbound,minimal,stripped,idle,16,32,27,11723,0
2026-05-13T18:34:43+00:00,outbound,minimal,stripped,idle,16,32,28,13026,0
2026-05-13T18:34:43+00:00,outbound,minimal,stripped,idle,16,32,29,13325,0
2026-05-13T18:34:43+00:00,outbound,minimal,stripped,idle,16,32,30,12123,0
2026-05-13T18:34:43+00:00,outbound,minimal,stripped,idle,16,32,31,1016,1
2026-05-13T18:34:57+00:00,outbound,minimal,stripped,idle,17,32,0,9822,0
2026-05-13T18:34:57+00:00,outbound,minimal,stripped,idle,17,32,1,8621,0
2026-05-13T18:34:57+00:00,outbound,minimal,stripped,idle,17,32,2,10722,0
2026-05-13T18:34:57+00:00,outbound,minimal,stripped,idle,17,32,3,11924,0
2026-05-13T18:34:57+00:00,outbound,minimal,stripped,idle,17,32,4,9521,0
2026-05-13T18:34:57+00:00,outbound,minimal,stripped,idle,17,32,5,14025,0
2026-05-13T18:34:57+00:00,outbound,minimal,stripped,idle,17,32,6,11926,0
2026-05-13T18:34:57+00:00,outbound,minimal,stripped,idle,17,32,7,13427,0
2026-05-13T18:34:57+00:00,outbound,minimal,stripped,idle,17,32,8,10222,0
2026-05-13T18:34:57+00:00,outbound,minimal,stripped,idle,17,32,9,12225,0
2026-05-13T18:34:57+00:00,outbound,minimal,stripped,idle,17,32,10,12025,0
2026-05-13T18:34:57+00:00,outbound,minimal,stripped,idle,17,32,11,14125,0
2026-05-13T18:34:57+00:00,outbound,minimal,stripped,idle,17,32,12,14226,0
2026-05-13T18:34:57+00:00,outbound,minimal,stripped,idle,17,32,13,12625,0
2026-05-13T18:34:57+00:00,outbound,minimal,stripped,idle,17,32,14,10722,0
2026-05-13T18:34:57+00:00,outbound,minimal,stripped,idle,17,32,15,12423,0
2026-05-13T18:34:57+00:00,outbound,minimal,stripped,idle,17,32,16,14225,0
2026-05-13T18:34:57+00:00,outbound,minimal,stripped,idle,17,32,17,13526,0
2026-05-13T18:34:57+00:00,outbound,minimal,stripped,idle,17,32,18,13024,0
2026-05-13T18:34:57+00:00,outbound,minimal,stripped,idle,17,32,19,11523,0
2026-05-13T18:34:57+00:00,outbound,minimal,stripped,idle,17,32,20,13026,0
2026-05-13T18:34:57+00:00,outbound,minimal,stripped,idle,17,32,21,14024,0
2026-05-13T18:34:57+00:00,outbound,minimal,stripped,idle,17,32,22,12726,0
2026-05-13T18:34:57+00:00,outbound,minimal,stripped,idle,17,32,23,13626,0
2026-05-13T18:34:57+00:00,outbound,minimal,stripped,idle,17,32,24,818,1
2026-05-13T18:34:57+00:00,outbound,minimal,stripped,idle,17,32,25,12929,0
2026-05-13T18:34:57+00:00,outbound,minimal,stripped,idle,17,32,26,12624,0
2026-05-13T18:34:57+00:00,outbound,minimal,stripped,idle,17,32,27,13826,0
2026-05-13T18:34:57+00:00,outbound,minimal,stripped,idle,17,32,28,13726,0
2026-05-13T18:34:57+00:00,outbound,minimal,stripped,idle,17,32,29,14026,0
2026-05-13T18:34:57+00:00,outbound,minimal,stripped,idle,17,32,30,11722,0
2026-05-13T18:34:57+00:00,outbound,minimal,stripped,idle,17,32,31,14226,0
2026-05-13T18:35:11+00:00,outbound,minimal,stripped,idle,18,32,0,10322,0
2026-05-13T18:35:11+00:00,outbound,minimal,stripped,idle,18,32,1,10222,0
2026-05-13T18:35:11+00:00,outbound,minimal,stripped,idle,18,32,2,9822,0
2026-05-13T18:35:11+00:00,outbound,minimal,stripped,idle,18,32,3,8920,0
2026-05-13T18:35:11+00:00,outbound,minimal,stripped,idle,18,32,4,415,1
2026-05-13T18:35:11+00:00,outbound,minimal,stripped,idle,18,32,5,10823,0
2026-05-13T18:35:11+00:00,outbound,minimal,stripped,idle,18,32,6,12424,0
2026-05-13T18:35:11+00:00,outbound,minimal,stripped,idle,18,32,7,11223,0
2026-05-13T18:35:11+00:00,outbound,minimal,stripped,idle,18,32,8,13126,0
2026-05-13T18:35:11+00:00,outbound,minimal,stripped,idle,18,32,9,13424,0
2026-05-13T18:35:11+00:00,outbound,minimal,stripped,idle,18,32,10,11022,0
2026-05-13T18:35:11+00:00,outbound,minimal,stripped,idle,18,32,11,13525,0
2026-05-13T18:35:11+00:00,outbound,minimal,stripped,idle,18,32,12,12126,0
2026-05-13T18:35:11+00:00,outbound,minimal,stripped,idle,18,32,13,11125,0
2026-05-13T18:35:11+00:00,outbound,minimal,stripped,idle,18,32,14,615,1
2026-05-13T18:35:11+00:00,outbound,minimal,stripped,idle,18,32,15,13526,0
2026-05-13T18:35:11+00:00,outbound,minimal,stripped,idle,18,32,16,11124,0
2026-05-13T18:35:11+00:00,outbound,minimal,stripped,idle,18,32,17,11923,0
2026-05-13T18:35:11+00:00,outbound,minimal,stripped,idle,18,32,18,615,1
2026-05-13T18:35:11+00:00,outbound,minimal,stripped,idle,18,32,19,13127,0
2026-05-13T18:35:11+00:00,outbound,minimal,stripped,idle,18,32,20,13125,0
2026-05-13T18:35:11+00:00,outbound,minimal,stripped,idle,18,32,21,12924,0
2026-05-13T18:35:11+00:00,outbound,minimal,stripped,idle,18,32,22,11824,0
2026-05-13T18:35:11+00:00,outbound,minimal,stripped,idle,18,32,23,13325,0
2026-05-13T18:35:11+00:00,outbound,minimal,stripped,idle,18,32,24,11424,0
2026-05-13T18:35:11+00:00,outbound,minimal,stripped,idle,18,32,25,11625,0
2026-05-13T18:35:11+00:00,outbound,minimal,stripped,idle,18,32,26,13424,0
2026-05-13T18:35:11+00:00,outbound,minimal,stripped,idle,18,32,27,12424,0
2026-05-13T18:35:11+00:00,outbound,minimal,stripped,idle,18,32,28,11123,0
2026-05-13T18:35:11+00:00,outbound,minimal,stripped,idle,18,32,29,13225,0
2026-05-13T18:35:11+00:00,outbound,minimal,stripped,idle,18,32,30,12425,0
2026-05-13T18:35:11+00:00,outbound,minimal,stripped,idle,18,32,31,12023,0
2026-05-13T18:35:25+00:00,outbound,minimal,stripped,idle,19,32,0,8420,0
2026-05-13T18:35:25+00:00,outbound,minimal,stripped,idle,19,32,1,9921,0
2026-05-13T18:35:25+00:00,outbound,minimal,stripped,idle,19,32,2,10823,0
2026-05-13T18:35:25+00:00,outbound,minimal,stripped,idle,19,32,3,10521,0
2026-05-13T18:35:25+00:00,outbound,minimal,stripped,idle,19,32,4,11824,0
2026-05-13T18:35:25+00:00,outbound,minimal,stripped,idle,19,32,5,8921,0
2026-05-13T18:35:25+00:00,outbound,minimal,stripped,idle,19,32,6,9625,0
2026-05-13T18:35:25+00:00,outbound,minimal,stripped,idle,19,32,7,10422,0
2026-05-13T18:35:25+00:00,outbound,minimal,stripped,idle,19,32,8,415,1
2026-05-13T18:35:25+00:00,outbound,minimal,stripped,idle,19,32,9,12422,0
2026-05-13T18:35:25+00:00,outbound,minimal,stripped,idle,19,32,10,11125,0
2026-05-13T18:35:25+00:00,outbound,minimal,stripped,idle,19,32,11,11922,0
2026-05-13T18:35:25+00:00,outbound,minimal,stripped,idle,19,32,12,10321,0
2026-05-13T18:35:25+00:00,outbound,minimal,stripped,idle,19,32,13,9723,0
2026-05-13T18:35:25+00:00,outbound,minimal,stripped,idle,19,32,14,12124,0
2026-05-13T18:35:25+00:00,outbound,minimal,stripped,idle,19,32,15,1617,1
2026-05-13T18:35:25+00:00,outbound,minimal,stripped,idle,19,32,16,11523,0
2026-05-13T18:35:25+00:00,outbound,minimal,stripped,idle,19,32,17,12025,0
2026-05-13T18:35:25+00:00,outbound,minimal,stripped,idle,19,32,18,12424,0
2026-05-13T18:35:25+00:00,outbound,minimal,stripped,idle,19,32,19,12724,0
2026-05-13T18:35:25+00:00,outbound,minimal,stripped,idle,19,32,20,12924,0
2026-05-13T18:35:25+00:00,outbound,minimal,stripped,idle,19,32,21,716,1
2026-05-13T18:35:25+00:00,outbound,minimal,stripped,idle,19,32,22,12324,0
2026-05-13T18:35:25+00:00,outbound,minimal,stripped,idle,19,32,23,10123,0
2026-05-13T18:35:25+00:00,outbound,minimal,stripped,idle,19,32,24,12525,0
2026-05-13T18:35:25+00:00,outbound,minimal,stripped,idle,19,32,25,11824,0
2026-05-13T18:35:25+00:00,outbound,minimal,stripped,idle,19,32,26,12726,0
2026-05-13T18:35:25+00:00,outbound,minimal,stripped,idle,19,32,27,12124,0
2026-05-13T18:35:25+00:00,outbound,minimal,stripped,idle,19,32,28,12323,0
2026-05-13T18:35:25+00:00,outbound,minimal,stripped,idle,19,32,29,12525,0
2026-05-13T18:35:25+00:00,outbound,minimal,stripped,idle,19,32,30,12524,0
2026-05-13T18:35:25+00:00,outbound,minimal,stripped,idle,19,32,31,1016,1
2026-05-13T18:35:40+00:00,outbound,minimal,stripped,idle,20,32,0,9124,0
2026-05-13T18:35:40+00:00,outbound,minimal,stripped,idle,20,32,1,10224,0
2026-05-13T18:35:40+00:00,outbound,minimal,stripped,idle,20,32,2,10823,0
2026-05-13T18:35:40+00:00,outbound,minimal,stripped,idle,20,32,3,11524,0
2026-05-13T18:35:40+00:00,outbound,minimal,stripped,idle,20,32,4,13124,0
2026-05-13T18:35:40+00:00,outbound,minimal,stripped,idle,20,32,5,10723,0
2026-05-13T18:35:40+00:00,outbound,minimal,stripped,idle,20,32,6,13024,0
2026-05-13T18:35:40+00:00,outbound,minimal,stripped,idle,20,32,7,9724,0
2026-05-13T18:35:40+00:00,outbound,minimal,stripped,idle,20,32,8,12925,0
2026-05-13T18:35:40+00:00,outbound,minimal,stripped,idle,20,32,9,12526,0
2026-05-13T18:35:40+00:00,outbound,minimal,stripped,idle,20,32,10,14126,0
2026-05-13T18:35:40+00:00,outbound,minimal,stripped,idle,20,32,11,11524,0
2026-05-13T18:35:40+00:00,outbound,minimal,stripped,idle,20,32,12,11023,0
2026-05-13T18:35:40+00:00,outbound,minimal,stripped,idle,20,32,13,12624,0
2026-05-13T18:35:40+00:00,outbound,minimal,stripped,idle,20,32,14,13026,0
2026-05-13T18:35:40+00:00,outbound,minimal,stripped,idle,20,32,15,14126,0
2026-05-13T18:35:40+00:00,outbound,minimal,stripped,idle,20,32,16,14125,0
2026-05-13T18:35:40+00:00,outbound,minimal,stripped,idle,20,32,17,13526,0
2026-05-13T18:35:40+00:00,outbound,minimal,stripped,idle,20,32,18,14327,0
2026-05-13T18:35:40+00:00,outbound,minimal,stripped,idle,20,32,19,13725,0
2026-05-13T18:35:40+00:00,outbound,minimal,stripped,idle,20,32,20,12626,0
2026-05-13T18:35:40+00:00,outbound,minimal,stripped,idle,20,32,21,13424,0
2026-05-13T18:35:40+00:00,outbound,minimal,stripped,idle,20,32,22,13825,0
2026-05-13T18:35:40+00:00,outbound,minimal,stripped,idle,20,32,23,14225,0
2026-05-13T18:35:40+00:00,outbound,minimal,stripped,idle,20,32,24,13925,0
2026-05-13T18:35:40+00:00,outbound,minimal,stripped,idle,20,32,25,14025,0
2026-05-13T18:35:40+00:00,outbound,minimal,stripped,idle,20,32,26,13925,0
2026-05-13T18:35:40+00:00,outbound,minimal,stripped,idle,20,32,27,13827,0
2026-05-13T18:35:40+00:00,outbound,minimal,stripped,idle,20,32,28,13026,0
2026-05-13T18:35:40+00:00,outbound,minimal,stripped,idle,20,32,29,13325,0
2026-05-13T18:35:40+00:00,outbound,minimal,stripped,idle,20,32,30,14025,0
2026-05-13T18:35:40+00:00,outbound,minimal,stripped,idle,20,32,31,1016,1
2026-05-13T18:35:54+00:00,outbound,minimal,stripped,idle,21,32,0,11024,0
2026-05-13T18:35:54+00:00,outbound,minimal,stripped,idle,21,32,1,9623,0
2026-05-13T18:35:54+00:00,outbound,minimal,stripped,idle,21,32,2,10624,0
2026-05-13T18:35:54+00:00,outbound,minimal,stripped,idle,21,32,3,10321,0
2026-05-13T18:35:54+00:00,outbound,minimal,stripped,idle,21,32,4,10423,0
2026-05-13T18:35:54+00:00,outbound,minimal,stripped,idle,21,32,5,11824,0
2026-05-13T18:35:54+00:00,outbound,minimal,stripped,idle,21,32,6,12323,0
2026-05-13T18:35:54+00:00,outbound,minimal,stripped,idle,21,32,7,13223,0
2026-05-13T18:35:54+00:00,outbound,minimal,stripped,idle,21,32,8,13424,0
2026-05-13T18:35:54+00:00,outbound,minimal,stripped,idle,21,32,9,12125,0
2026-05-13T18:35:54+00:00,outbound,minimal,stripped,idle,21,32,10,11224,0
2026-05-13T18:35:54+00:00,outbound,minimal,stripped,idle,21,32,11,13224,0
2026-05-13T18:35:54+00:00,outbound,minimal,stripped,idle,21,32,12,616,1
2026-05-13T18:35:54+00:00,outbound,minimal,stripped,idle,21,32,13,12524,0
2026-05-13T18:35:54+00:00,outbound,minimal,stripped,idle,21,32,14,12724,0
2026-05-13T18:35:54+00:00,outbound,minimal,stripped,idle,21,32,15,13224,0
2026-05-13T18:35:54+00:00,outbound,minimal,stripped,idle,21,32,16,13927,0
2026-05-13T18:35:54+00:00,outbound,minimal,stripped,idle,21,32,17,12525,0
2026-05-13T18:35:54+00:00,outbound,minimal,stripped,idle,21,32,18,13123,0
2026-05-13T18:35:54+00:00,outbound,minimal,stripped,idle,21,32,19,11224,0
2026-05-13T18:35:54+00:00,outbound,minimal,stripped,idle,21,32,20,13624,0
2026-05-13T18:35:54+00:00,outbound,minimal,stripped,idle,21,32,21,13325,0
2026-05-13T18:35:54+00:00,outbound,minimal,stripped,idle,21,32,22,12928,0
2026-05-13T18:35:54+00:00,outbound,minimal,stripped,idle,21,32,23,816,1
2026-05-13T18:35:54+00:00,outbound,minimal,stripped,idle,21,32,24,13223,0
2026-05-13T18:35:54+00:00,outbound,minimal,stripped,idle,21,32,25,13825,0
2026-05-13T18:35:54+00:00,outbound,minimal,stripped,idle,21,32,26,13826,0
2026-05-13T18:35:54+00:00,outbound,minimal,stripped,idle,21,32,27,10825,0
2026-05-13T18:35:54+00:00,outbound,minimal,stripped,idle,21,32,28,11424,0
2026-05-13T18:35:54+00:00,outbound,minimal,stripped,idle,21,32,29,13726,0
2026-05-13T18:35:54+00:00,outbound,minimal,stripped,idle,21,32,30,13528,0
2026-05-13T18:35:54+00:00,outbound,minimal,stripped,idle,21,32,31,12324,0
2026-05-13T18:36:08+00:00,outbound,minimal,stripped,idle,22,32,0,8922,0
2026-05-13T18:36:08+00:00,outbound,minimal,stripped,idle,22,32,1,10122,0
2026-05-13T18:36:08+00:00,outbound,minimal,stripped,idle,22,32,2,9724,0
2026-05-13T18:36:08+00:00,outbound,minimal,stripped,idle,22,32,3,12724,0
2026-05-13T18:36:08+00:00,outbound,minimal,stripped,idle,22,32,4,10723,0
2026-05-13T18:36:08+00:00,outbound,minimal,stripped,idle,22,32,5,10822,0
2026-05-13T18:36:08+00:00,outbound,minimal,stripped,idle,22,32,6,11925,0
2026-05-13T18:36:08+00:00,outbound,minimal,stripped,idle,22,32,7,12723,0
2026-05-13T18:36:08+00:00,outbound,minimal,stripped,idle,22,32,8,12325,0
2026-05-13T18:36:08+00:00,outbound,minimal,stripped,idle,22,32,9,12324,0
2026-05-13T18:36:08+00:00,outbound,minimal,stripped,idle,22,32,10,13124,0
2026-05-13T18:36:08+00:00,outbound,minimal,stripped,idle,22,32,11,12824,0
2026-05-13T18:36:08+00:00,outbound,minimal,stripped,idle,22,32,12,12423,0
2026-05-13T18:36:08+00:00,outbound,minimal,stripped,idle,22,32,13,615,1
2026-05-13T18:36:08+00:00,outbound,minimal,stripped,idle,22,32,14,12423,0
2026-05-13T18:36:08+00:00,outbound,minimal,stripped,idle,22,32,15,12525,0
2026-05-13T18:36:08+00:00,outbound,minimal,stripped,idle,22,32,16,11124,0
2026-05-13T18:36:08+00:00,outbound,minimal,stripped,idle,22,32,17,13325,0
2026-05-13T18:36:08+00:00,outbound,minimal,stripped,idle,22,32,18,13327,0
2026-05-13T18:36:08+00:00,outbound,minimal,stripped,idle,22,32,19,12824,0
2026-05-13T18:36:08+00:00,outbound,minimal,stripped,idle,22,32,20,12425,0
2026-05-13T18:36:08+00:00,outbound,minimal,stripped,idle,22,32,21,12925,0
2026-05-13T18:36:08+00:00,outbound,minimal,stripped,idle,22,32,22,917,1
2026-05-13T18:36:08+00:00,outbound,minimal,stripped,idle,22,32,23,13026,0
2026-05-13T18:36:08+00:00,outbound,minimal,stripped,idle,22,32,24,915,1
2026-05-13T18:36:08+00:00,outbound,minimal,stripped,idle,22,32,25,12224,0
2026-05-13T18:36:08+00:00,outbound,minimal,stripped,idle,22,32,26,11022,0
2026-05-13T18:36:08+00:00,outbound,minimal,stripped,idle,22,32,27,3019,1
2026-05-13T18:36:08+00:00,outbound,minimal,stripped,idle,22,32,28,12027,0
2026-05-13T18:36:08+00:00,outbound,minimal,stripped,idle,22,32,29,13125,0
2026-05-13T18:36:08+00:00,outbound,minimal,stripped,idle,22,32,30,11223,0
2026-05-13T18:36:08+00:00,outbound,minimal,stripped,idle,22,32,31,13428,0
