timestamp,kind,kernel_kind,load,attempt,vm_id,firecracker_pid,interval_s,event,count,enabled,running
2026-05-13T23:18:20+00:00,minimal,stock,idle,3,vm-2267946-1778714298650,2267951,0.100121375,dTLB-load-misses,10747,100131253,100.00
2026-05-13T23:18:20+00:00,minimal,stock,idle,3,vm-2267946-1778714298650,2267951,0.100121375,iTLB-load-misses,6,100121304,100.00
2026-05-13T23:18:20+00:00,minimal,stock,idle,3,vm-2267946-1778714298650,2267951,0.100121375,cache-misses,20912,100110484,100.00
2026-05-13T23:18:20+00:00,minimal,stock,idle,3,vm-2267946-1778714298650,2267951,0.200317121,dTLB-load-misses,8731,100158404,100.00
2026-05-13T23:18:20+00:00,minimal,stock,idle,3,vm-2267946-1778714298650,2267951,0.200317121,iTLB-load-misses,251,100159596,100.00
2026-05-13T23:18:20+00:00,minimal,stock,idle,3,vm-2267946-1778714298650,2267951,0.200317121,cache-misses,35994,100160558,100.00
2026-05-13T23:18:20+00:00,minimal,stock,idle,3,vm-2267946-1778714298650,2267951,0.300508588,dTLB-load-misses,4058,38825125,100.00
2026-05-13T23:18:20+00:00,minimal,stock,idle,3,vm-2267946-1778714298650,2267951,0.300508588,iTLB-load-misses,298,38815988,100.00
2026-05-13T23:18:20+00:00,minimal,stock,idle,3,vm-2267946-1778714298650,2267951,0.300508588,cache-misses,21879,38807492,100.00
2026-05-13T23:18:20+00:00,minimal,stock,idle,3,vm-2267946-1778714298650,2267951,0.400693383,dTLB-load-misses,2826,52992453,100.00
2026-05-13T23:18:20+00:00,minimal,stock,idle,3,vm-2267946-1778714298650,2267951,0.400693383,iTLB-load-misses,414,53000799,100.00
2026-05-13T23:18:20+00:00,minimal,stock,idle,3,vm-2267946-1778714298650,2267951,0.400693383,cache-misses,29656,53009045,100.00
2026-05-13T23:18:20+00:00,minimal,stock,idle,3,vm-2267946-1778714298650,2267951,0.500885271,dTLB-load-misses,488,5523608,100.00
2026-05-13T23:18:20+00:00,minimal,stock,idle,3,vm-2267946-1778714298650,2267951,0.500885271,iTLB-load-misses,56,5515262,100.00
2026-05-13T23:18:20+00:00,minimal,stock,idle,3,vm-2267946-1778714298650,2267951,0.500885271,cache-misses,4080,5507016,100.00
2026-05-13T23:18:20+00:00,minimal,stock,idle,3,vm-2267946-1778714298650,2267951,0.601071029,dTLB-load-misses,,0,100.00
2026-05-13T23:18:20+00:00,minimal,stock,idle,3,vm-2267946-1778714298650,2267951,0.601071029,iTLB-load-misses,,0,100.00
2026-05-13T23:18:20+00:00,minimal,stock,idle,3,vm-2267946-1778714298650,2267951,0.601071029,cache-misses,,0,100.00
2026-05-13T23:18:20+00:00,minimal,stock,idle,3,vm-2267946-1778714298650,2267951,0.701247939,dTLB-load-misses,0,38603,100.00
2026-05-13T23:18:20+00:00,minimal,stock,idle,3,vm-2267946-1778714298650,2267951,0.701247939,iTLB-load-misses,0,38603,100.00
2026-05-13T23:18:20+00:00,minimal,stock,idle,3,vm-2267946-1778714298650,2267951,0.701247939,cache-misses,0,38603,100.00
2026-05-13T23:18:20+00:00,minimal,stock,idle,3,vm-2267946-1778714298650,2267951,0.801418768,dTLB-load-misses,,0,100.00
2026-05-13T23:18:20+00:00,minimal,stock,idle,3,vm-2267946-1778714298650,2267951,0.801418768,iTLB-load-misses,,0,100.00
2026-05-13T23:18:20+00:00,minimal,stock,idle,3,vm-2267946-1778714298650,2267951,0.801418768,cache-misses,,0,100.00
2026-05-13T23:18:20+00:00,minimal,stock,idle,3,vm-2267946-1778714298650,2267951,0.901571673,dTLB-load-misses,785,15988730,100.00
2026-05-13T23:18:20+00:00,minimal,stock,idle,3,vm-2267946-1778714298650,2267951,0.901571673,iTLB-load-misses,147,15996695,100.00
2026-05-13T23:18:20+00:00,minimal,stock,idle,3,vm-2267946-1778714298650,2267951,0.901571673,cache-misses,9539,16004720,100.00
2026-05-13T23:18:20+00:00,minimal,stock,idle,3,vm-2267946-1778714298650,2267951,1.001748463,dTLB-load-misses,7751,90135779,100.00
2026-05-13T23:18:20+00:00,minimal,stock,idle,3,vm-2267946-1778714298650,2267951,1.001748463,iTLB-load-misses,1689,90135388,100.00
2026-05-13T23:18:20+00:00,minimal,stock,idle,3,vm-2267946-1778714298650,2267951,1.001748463,cache-misses,178497,90135298,100.00
2026-05-13T23:18:20+00:00,minimal,stock,idle,3,vm-2267946-1778714298650,2267951,1.101876761,dTLB-load-misses,2618,24375186,100.00
2026-05-13T23:18:20+00:00,minimal,stock,idle,3,vm-2267946-1778714298650,2267951,1.101876761,iTLB-load-misses,400,24367612,100.00
2026-05-13T23:18:20+00:00,minimal,stock,idle,3,vm-2267946-1778714298650,2267951,1.101876761,cache-misses,18430,24359677,100.00
2026-05-13T23:18:20+00:00,minimal,stock,idle,3,vm-2267946-1778714298650,2267951,1.202033974,dTLB-load-misses,,0,100.00
2026-05-13T23:18:20+00:00,minimal,stock,idle,3,vm-2267946-1778714298650,2267951,1.202033974,iTLB-load-misses,,0,100.00
2026-05-13T23:18:20+00:00,minimal,stock,idle,3,vm-2267946-1778714298650,2267951,1.202033974,cache-misses,,0,100.00
2026-05-13T23:18:20+00:00,minimal,stock,idle,3,vm-2267946-1778714298650,2267951,1.302184304,dTLB-load-misses,,0,100.00
2026-05-13T23:18:20+00:00,minimal,stock,idle,3,vm-2267946-1778714298650,2267951,1.302184304,iTLB-load-misses,,0,100.00
2026-05-13T23:18:20+00:00,minimal,stock,idle,3,vm-2267946-1778714298650,2267951,1.302184304,cache-misses,,0,100.00
2026-05-13T23:18:20+00:00,minimal,stock,idle,3,vm-2267946-1778714298650,2267951,1.402339953,dTLB-load-misses,,0,100.00
2026-05-13T23:18:20+00:00,minimal,stock,idle,3,vm-2267946-1778714298650,2267951,1.402339953,iTLB-load-misses,,0,100.00
2026-05-13T23:18:20+00:00,minimal,stock,idle,3,vm-2267946-1778714298650,2267951,1.402339953,cache-misses,,0,100.00
2026-05-13T23:18:20+00:00,minimal,stock,idle,3,vm-2267946-1778714298650,2267951,1.502501354,dTLB-load-misses,,0,100.00
2026-05-13T23:18:20+00:00,minimal,stock,idle,3,vm-2267946-1778714298650,2267951,1.502501354,iTLB-load-misses,,0,100.00
2026-05-13T23:18:20+00:00,minimal,stock,idle,3,vm-2267946-1778714298650,2267951,1.502501354,cache-misses,,0,100.00
2026-05-13T23:18:20+00:00,minimal,stock,idle,3,vm-2267946-1778714298650,2267951,1.602647757,dTLB-load-misses,,0,100.00
2026-05-13T23:18:20+00:00,minimal,stock,idle,3,vm-2267946-1778714298650,2267951,1.602647757,iTLB-load-misses,,0,100.00
2026-05-13T23:18:20+00:00,minimal,stock,idle,3,vm-2267946-1778714298650,2267951,1.602647757,cache-misses,,0,100.00
2026-05-13T23:18:20+00:00,minimal,stock,idle,3,vm-2267946-1778714298650,2267951,1.702788710,dTLB-load-misses,,0,100.00
2026-05-13T23:18:20+00:00,minimal,stock,idle,3,vm-2267946-1778714298650,2267951,1.702788710,iTLB-load-misses,,0,100.00
2026-05-13T23:18:20+00:00,minimal,stock,idle,3,vm-2267946-1778714298650,2267951,1.702788710,cache-misses,,0,100.00
2026-05-13T23:18:20+00:00,minimal,stock,idle,3,vm-2267946-1778714298650,2267951,1.802928059,dTLB-load-misses,,0,100.00
2026-05-13T23:18:20+00:00,minimal,stock,idle,3,vm-2267946-1778714298650,2267951,1.802928059,iTLB-load-misses,,0,100.00
2026-05-13T23:18:20+00:00,minimal,stock,idle,3,vm-2267946-1778714298650,2267951,1.802928059,cache-misses,,0,100.00
2026-05-13T23:18:20+00:00,minimal,stock,idle,3,vm-2267946-1778714298650,2267951,1.903070835,dTLB-load-misses,,0,100.00
2026-05-13T23:18:20+00:00,minimal,stock,idle,3,vm-2267946-1778714298650,2267951,1.903070835,iTLB-load-misses,,0,100.00
2026-05-13T23:18:20+00:00,minimal,stock,idle,3,vm-2267946-1778714298650,2267951,1.903070835,cache-misses,,0,100.00
2026-05-13T23:18:20+00:00,minimal,stock,idle,3,vm-2267946-1778714298650,2267951,2.003224210,dTLB-load-misses,,0,100.00
2026-05-13T23:18:20+00:00,minimal,stock,idle,3,vm-2267946-1778714298650,2267951,2.003224210,iTLB-load-misses,,0,100.00
2026-05-13T23:18:20+00:00,minimal,stock,idle,3,vm-2267946-1778714298650,2267951,2.003224210,cache-misses,,0,100.00
2026-05-13T23:18:20+00:00,minimal,stock,idle,3,vm-2267946-1778714298650,2267951,2.003552570,dTLB-load-misses,,0,100.00
2026-05-13T23:18:20+00:00,minimal,stock,idle,3,vm-2267946-1778714298650,2267951,2.003552570,iTLB-load-misses,,0,100.00
2026-05-13T23:18:20+00:00,minimal,stock,idle,3,vm-2267946-1778714298650,2267951,2.003552570,cache-misses,,0,100.00
2026-05-13T23:18:22+00:00,minimal,stock,idle,4,vm-2268090-1778714300908,2268095,0.100115214,dTLB-load-misses,11594,100429611,100.00
2026-05-13T23:18:22+00:00,minimal,stock,idle,4,vm-2268090-1778714300908,2268095,0.100115214,iTLB-load-misses,391,100421566,100.00
2026-05-13T23:18:22+00:00,minimal,stock,idle,4,vm-2268090-1778714300908,2268095,0.100115214,cache-misses,73147,100413751,100.00
2026-05-13T23:18:22+00:00,minimal,stock,idle,4,vm-2268090-1778714300908,2268095,0.200290320,dTLB-load-misses,9458,100165356,100.00
2026-05-13T23:18:22+00:00,minimal,stock,idle,4,vm-2268090-1778714300908,2268095,0.200290320,iTLB-load-misses,124,100166759,100.00
2026-05-13T23:18:22+00:00,minimal,stock,idle,4,vm-2268090-1778714300908,2268095,0.200290320,cache-misses,62816,100167751,100.00
2026-05-13T23:18:22+00:00,minimal,stock,idle,4,vm-2268090-1778714300908,2268095,0.300451711,dTLB-load-misses,10321,83091269,100.00
2026-05-13T23:18:22+00:00,minimal,stock,idle,4,vm-2268090-1778714300908,2268095,0.300451711,iTLB-load-misses,358,83084596,100.00
2026-05-13T23:18:22+00:00,minimal,stock,idle,4,vm-2268090-1778714300908,2268095,0.300451711,cache-misses,73818,83079286,100.00
2026-05-13T23:18:22+00:00,minimal,stock,idle,4,vm-2268090-1778714300908,2268095,0.400610377,dTLB-load-misses,839,15001092,100.00
2026-05-13T23:18:22+00:00,minimal,stock,idle,4,vm-2268090-1778714300908,2268095,0.400610377,iTLB-load-misses,136,15001092,100.00
2026-05-13T23:18:22+00:00,minimal,stock,idle,4,vm-2268090-1778714300908,2268095,0.400610377,cache-misses,10946,15001092,100.00
2026-05-13T23:18:22+00:00,minimal,stock,idle,4,vm-2268090-1778714300908,2268095,0.500757821,dTLB-load-misses,2867,45726780,100.00
2026-05-13T23:18:22+00:00,minimal,stock,idle,4,vm-2268090-1778714300908,2268095,0.500757821,iTLB-load-misses,283,45726780,100.00
2026-05-13T23:18:22+00:00,minimal,stock,idle,4,vm-2268090-1778714300908,2268095,0.500757821,cache-misses,31053,45726780,100.00
2026-05-13T23:18:22+00:00,minimal,stock,idle,4,vm-2268090-1778714300908,2268095,0.600899947,dTLB-load-misses,,0,100.00
2026-05-13T23:18:22+00:00,minimal,stock,idle,4,vm-2268090-1778714300908,2268095,0.600899947,iTLB-load-misses,,0,100.00
2026-05-13T23:18:22+00:00,minimal,stock,idle,4,vm-2268090-1778714300908,2268095,0.600899947,cache-misses,,0,100.00
2026-05-13T23:18:22+00:00,minimal,stock,idle,4,vm-2268090-1778714300908,2268095,0.701043323,dTLB-load-misses,,0,100.00
2026-05-13T23:18:22+00:00,minimal,stock,idle,4,vm-2268090-1778714300908,2268095,0.701043323,iTLB-load-misses,,0,100.00
2026-05-13T23:18:22+00:00,minimal,stock,idle,4,vm-2268090-1778714300908,2268095,0.701043323,cache-misses,,0,100.00
2026-05-13T23:18:22+00:00,minimal,stock,idle,4,vm-2268090-1778714300908,2268095,0.801178205,dTLB-load-misses,0,50955,100.00
2026-05-13T23:18:22+00:00,minimal,stock,idle,4,vm-2268090-1778714300908,2268095,0.801178205,iTLB-load-misses,0,50955,100.00
2026-05-13T23:18:22+00:00,minimal,stock,idle,4,vm-2268090-1778714300908,2268095,0.801178205,cache-misses,0,50955,100.00
2026-05-13T23:18:22+00:00,minimal,stock,idle,4,vm-2268090-1778714300908,2268095,0.901319757,dTLB-load-misses,,0,100.00
2026-05-13T23:18:22+00:00,minimal,stock,idle,4,vm-2268090-1778714300908,2268095,0.901319757,iTLB-load-misses,,0,100.00
2026-05-13T23:18:22+00:00,minimal,stock,idle,4,vm-2268090-1778714300908,2268095,0.901319757,cache-misses,,0,100.00
2026-05-13T23:18:22+00:00,minimal,stock,idle,4,vm-2268090-1778714300908,2268095,1.001454748,dTLB-load-misses,5766,71195470,100.00
2026-05-13T23:18:22+00:00,minimal,stock,idle,4,vm-2268090-1778714300908,2268095,1.001454748,iTLB-load-misses,1067,71200610,100.00
2026-05-13T23:18:22+00:00,minimal,stock,idle,4,vm-2268090-1778714300908,2268095,1.001454748,cache-misses,108528,71205098,100.00
2026-05-13T23:18:22+00:00,minimal,stock,idle,4,vm-2268090-1778714300908,2268095,1.101593666,dTLB-load-misses,7372,53254582,100.00
2026-05-13T23:18:22+00:00,minimal,stock,idle,4,vm-2268090-1778714300908,2268095,1.101593666,iTLB-load-misses,1453,53254882,100.00
2026-05-13T23:18:22+00:00,minimal,stock,idle,4,vm-2268090-1778714300908,2268095,1.101593666,cache-misses,131456,53255624,100.00
2026-05-13T23:18:22+00:00,minimal,stock,idle,4,vm-2268090-1778714300908,2268095,1.201746541,dTLB-load-misses,73,2664477,100.00
2026-05-13T23:18:22+00:00,minimal,stock,idle,4,vm-2268090-1778714300908,2268095,1.201746541,iTLB-load-misses,52,2659037,100.00
2026-05-13T23:18:22+00:00,minimal,stock,idle,4,vm-2268090-1778714300908,2268095,1.201746541,cache-misses,1212,2653807,100.00
2026-05-13T23:18:22+00:00,minimal,stock,idle,4,vm-2268090-1778714300908,2268095,1.301895499,dTLB-load-misses,,0,100.00
2026-05-13T23:18:22+00:00,minimal,stock,idle,4,vm-2268090-1778714300908,2268095,1.301895499,iTLB-load-misses,,0,100.00
2026-05-13T23:18:22+00:00,minimal,stock,idle,4,vm-2268090-1778714300908,2268095,1.301895499,cache-misses,,0,100.00
2026-05-13T23:18:22+00:00,minimal,stock,idle,4,vm-2268090-1778714300908,2268095,1.402050297,dTLB-load-misses,,0,100.00
2026-05-13T23:18:22+00:00,minimal,stock,idle,4,vm-2268090-1778714300908,2268095,1.402050297,iTLB-load-misses,,0,100.00
2026-05-13T23:18:22+00:00,minimal,stock,idle,4,vm-2268090-1778714300908,2268095,1.402050297,cache-misses,,0,100.00
2026-05-13T23:18:22+00:00,minimal,stock,idle,4,vm-2268090-1778714300908,2268095,1.502202501,dTLB-load-misses,,0,100.00
2026-05-13T23:18:22+00:00,minimal,stock,idle,4,vm-2268090-1778714300908,2268095,1.502202501,iTLB-load-misses,,0,100.00
2026-05-13T23:18:22+00:00,minimal,stock,idle,4,vm-2268090-1778714300908,2268095,1.502202501,cache-misses,,0,100.00
2026-05-13T23:18:22+00:00,minimal,stock,idle,4,vm-2268090-1778714300908,2268095,1.602290402,dTLB-load-misses,,0,100.00
2026-05-13T23:18:22+00:00,minimal,stock,idle,4,vm-2268090-1778714300908,2268095,1.602290402,iTLB-load-misses,,0,100.00
2026-05-13T23:18:22+00:00,minimal,stock,idle,4,vm-2268090-1778714300908,2268095,1.602290402,cache-misses,,0,100.00
2026-05-13T23:18:22+00:00,minimal,stock,idle,4,vm-2268090-1778714300908,2268095,1.702418039,dTLB-load-misses,,0,100.00
2026-05-13T23:18:22+00:00,minimal,stock,idle,4,vm-2268090-1778714300908,2268095,1.702418039,iTLB-load-misses,,0,100.00
2026-05-13T23:18:22+00:00,minimal,stock,idle,4,vm-2268090-1778714300908,2268095,1.702418039,cache-misses,,0,100.00
2026-05-13T23:18:22+00:00,minimal,stock,idle,4,vm-2268090-1778714300908,2268095,1.802555205,dTLB-load-misses,,0,100.00
2026-05-13T23:18:22+00:00,minimal,stock,idle,4,vm-2268090-1778714300908,2268095,1.802555205,iTLB-load-misses,,0,100.00
2026-05-13T23:18:22+00:00,minimal,stock,idle,4,vm-2268090-1778714300908,2268095,1.802555205,cache-misses,,0,100.00
2026-05-13T23:18:22+00:00,minimal,stock,idle,4,vm-2268090-1778714300908,2268095,1.902697289,dTLB-load-misses,,0,100.00
2026-05-13T23:18:22+00:00,minimal,stock,idle,4,vm-2268090-1778714300908,2268095,1.902697289,iTLB-load-misses,,0,100.00
2026-05-13T23:18:22+00:00,minimal,stock,idle,4,vm-2268090-1778714300908,2268095,1.902697289,cache-misses,,0,100.00
2026-05-13T23:18:22+00:00,minimal,stock,idle,4,vm-2268090-1778714300908,2268095,2.002849042,dTLB-load-misses,,0,100.00
2026-05-13T23:18:22+00:00,minimal,stock,idle,4,vm-2268090-1778714300908,2268095,2.002849042,iTLB-load-misses,,0,100.00
2026-05-13T23:18:22+00:00,minimal,stock,idle,4,vm-2268090-1778714300908,2268095,2.002849042,cache-misses,,0,100.00
2026-05-13T23:18:22+00:00,minimal,stock,idle,4,vm-2268090-1778714300908,2268095,2.003220102,dTLB-load-misses,,0,100.00
2026-05-13T23:18:22+00:00,minimal,stock,idle,4,vm-2268090-1778714300908,2268095,2.003220102,iTLB-load-misses,,0,100.00
2026-05-13T23:18:22+00:00,minimal,stock,idle,4,vm-2268090-1778714300908,2268095,2.003220102,cache-misses,,0,100.00
2026-05-13T23:18:25+00:00,minimal,stock,idle,5,vm-2268291-1778714303110,2268304,0.100124090,dTLB-load-misses,9049,95164928,100.00
2026-05-13T23:18:25+00:00,minimal,stock,idle,5,vm-2268291-1778714303110,2268304,0.100124090,iTLB-load-misses,767,95172131,100.00
2026-05-13T23:18:25+00:00,minimal,stock,idle,5,vm-2268291-1778714303110,2268304,0.100124090,cache-misses,84673,95178493,100.00
2026-05-13T23:18:25+00:00,minimal,stock,idle,5,vm-2268291-1778714303110,2268304,0.200318623,dTLB-load-misses,8432,100052225,100.00
2026-05-13T23:18:25+00:00,minimal,stock,idle,5,vm-2268291-1778714303110,2268304,0.200318623,iTLB-load-misses,77,100051254,100.00
2026-05-13T23:18:25+00:00,minimal,stock,idle,5,vm-2268291-1778714303110,2268304,0.200318623,cache-misses,62391,100049571,100.00
2026-05-13T23:18:25+00:00,minimal,stock,idle,5,vm-2268291-1778714303110,2268304,0.300474945,dTLB-load-misses,9035,90115419,100.00
2026-05-13T23:18:25+00:00,minimal,stock,idle,5,vm-2268291-1778714303110,2268304,0.300474945,iTLB-load-misses,328,90109187,100.00
2026-05-13T23:18:25+00:00,minimal,stock,idle,5,vm-2268291-1778714303110,2268304,0.300474945,cache-misses,81200,90104508,100.00
2026-05-13T23:18:25+00:00,minimal,stock,idle,5,vm-2268291-1778714303110,2268304,0.400623301,dTLB-load-misses,730,15286820,100.00
2026-05-13T23:18:25+00:00,minimal,stock,idle,5,vm-2268291-1778714303110,2268304,0.400623301,iTLB-load-misses,134,15286820,100.00
2026-05-13T23:18:25+00:00,minimal,stock,idle,5,vm-2268291-1778714303110,2268304,0.400623301,cache-misses,11365,15286820,100.00
2026-05-13T23:18:25+00:00,minimal,stock,idle,5,vm-2268291-1778714303110,2268304,0.500773582,dTLB-load-misses,2441,44562277,100.00
2026-05-13T23:18:25+00:00,minimal,stock,idle,5,vm-2268291-1778714303110,2268304,0.500773582,iTLB-load-misses,270,44562277,100.00
2026-05-13T23:18:25+00:00,minimal,stock,idle,5,vm-2268291-1778714303110,2268304,0.500773582,cache-misses,34070,44562277,100.00
2026-05-13T23:18:25+00:00,minimal,stock,idle,5,vm-2268291-1778714303110,2268304,0.600921567,dTLB-load-misses,,0,100.00
2026-05-13T23:18:25+00:00,minimal,stock,idle,5,vm-2268291-1778714303110,2268304,0.600921567,iTLB-load-misses,,0,100.00
2026-05-13T23:18:25+00:00,minimal,stock,idle,5,vm-2268291-1778714303110,2268304,0.600921567,cache-misses,,0,100.00
2026-05-13T23:18:25+00:00,minimal,stock,idle,5,vm-2268291-1778714303110,2268304,0.701068370,dTLB-load-misses,,0,100.00
2026-05-13T23:18:25+00:00,minimal,stock,idle,5,vm-2268291-1778714303110,2268304,0.701068370,iTLB-load-misses,,0,100.00
2026-05-13T23:18:25+00:00,minimal,stock,idle,5,vm-2268291-1778714303110,2268304,0.701068370,cache-misses,,0,100.00
2026-05-13T23:18:25+00:00,minimal,stock,idle,5,vm-2268291-1778714303110,2268304,0.801211286,dTLB-load-misses,0,43251,100.00
2026-05-13T23:18:25+00:00,minimal,stock,idle,5,vm-2268291-1778714303110,2268304,0.801211286,iTLB-load-misses,0,43251,100.00
2026-05-13T23:18:25+00:00,minimal,stock,idle,5,vm-2268291-1778714303110,2268304,0.801211286,cache-misses,0,43251,100.00
2026-05-13T23:18:25+00:00,minimal,stock,idle,5,vm-2268291-1778714303110,2268304,0.901359802,dTLB-load-misses,,0,100.00
2026-05-13T23:18:25+00:00,minimal,stock,idle,5,vm-2268291-1778714303110,2268304,0.901359802,iTLB-load-misses,,0,100.00
2026-05-13T23:18:25+00:00,minimal,stock,idle,5,vm-2268291-1778714303110,2268304,0.901359802,cache-misses,,0,100.00
2026-05-13T23:18:25+00:00,minimal,stock,idle,5,vm-2268291-1778714303110,2268304,1.001543154,dTLB-load-misses,6925,58460370,100.00
2026-05-13T23:18:25+00:00,minimal,stock,idle,5,vm-2268291-1778714303110,2268304,1.001543154,iTLB-load-misses,805,58466752,100.00
2026-05-13T23:18:25+00:00,minimal,stock,idle,5,vm-2268291-1778714303110,2268304,1.001543154,cache-misses,155448,58471872,100.00
2026-05-13T23:18:25+00:00,minimal,stock,idle,5,vm-2268291-1778714303110,2268304,1.101708643,dTLB-load-misses,4302,37729433,100.00
2026-05-13T23:18:25+00:00,minimal,stock,idle,5,vm-2268291-1778714303110,2268304,1.101708643,iTLB-load-misses,1174,37723051,100.00
2026-05-13T23:18:25+00:00,minimal,stock,idle,5,vm-2268291-1778714303110,2268304,1.101708643,cache-misses,96300,37717931,100.00
2026-05-13T23:18:25+00:00,minimal,stock,idle,5,vm-2268291-1778714303110,2268304,1.201859253,dTLB-load-misses,54,201146,100.00
2026-05-13T23:18:25+00:00,minimal,stock,idle,5,vm-2268291-1778714303110,2268304,1.201859253,iTLB-load-misses,31,201146,100.00
2026-05-13T23:18:25+00:00,minimal,stock,idle,5,vm-2268291-1778714303110,2268304,1.201859253,cache-misses,783,201146,100.00
2026-05-13T23:18:25+00:00,minimal,stock,idle,5,vm-2268291-1778714303110,2268304,1.302009142,dTLB-load-misses,,0,100.00
2026-05-13T23:18:25+00:00,minimal,stock,idle,5,vm-2268291-1778714303110,2268304,1.302009142,iTLB-load-misses,,0,100.00
2026-05-13T23:18:25+00:00,minimal,stock,idle,5,vm-2268291-1778714303110,2268304,1.302009142,cache-misses,,0,100.00
2026-05-13T23:18:25+00:00,minimal,stock,idle,5,vm-2268291-1778714303110,2268304,1.402150545,dTLB-load-misses,,0,100.00
2026-05-13T23:18:25+00:00,minimal,stock,idle,5,vm-2268291-1778714303110,2268304,1.402150545,iTLB-load-misses,,0,100.00
2026-05-13T23:18:25+00:00,minimal,stock,idle,5,vm-2268291-1778714303110,2268304,1.402150545,cache-misses,,0,100.00
2026-05-13T23:18:25+00:00,minimal,stock,idle,5,vm-2268291-1778714303110,2268304,1.502289704,dTLB-load-misses,,0,100.00
2026-05-13T23:18:25+00:00,minimal,stock,idle,5,vm-2268291-1778714303110,2268304,1.502289704,iTLB-load-misses,,0,100.00
2026-05-13T23:18:25+00:00,minimal,stock,idle,5,vm-2268291-1778714303110,2268304,1.502289704,cache-misses,,0,100.00
2026-05-13T23:18:25+00:00,minimal,stock,idle,5,vm-2268291-1778714303110,2268304,1.602429796,dTLB-load-misses,,0,100.00
2026-05-13T23:18:25+00:00,minimal,stock,idle,5,vm-2268291-1778714303110,2268304,1.602429796,iTLB-load-misses,,0,100.00
2026-05-13T23:18:25+00:00,minimal,stock,idle,5,vm-2268291-1778714303110,2268304,1.602429796,cache-misses,,0,100.00
2026-05-13T23:18:25+00:00,minimal,stock,idle,5,vm-2268291-1778714303110,2268304,1.702569375,dTLB-load-misses,,0,100.00
2026-05-13T23:18:25+00:00,minimal,stock,idle,5,vm-2268291-1778714303110,2268304,1.702569375,iTLB-load-misses,,0,100.00
2026-05-13T23:18:25+00:00,minimal,stock,idle,5,vm-2268291-1778714303110,2268304,1.702569375,cache-misses,,0,100.00
2026-05-13T23:18:25+00:00,minimal,stock,idle,5,vm-2268291-1778714303110,2268304,1.802711139,dTLB-load-misses,,0,100.00
2026-05-13T23:18:25+00:00,minimal,stock,idle,5,vm-2268291-1778714303110,2268304,1.802711139,iTLB-load-misses,,0,100.00
2026-05-13T23:18:25+00:00,minimal,stock,idle,5,vm-2268291-1778714303110,2268304,1.802711139,cache-misses,,0,100.00
2026-05-13T23:18:25+00:00,minimal,stock,idle,5,vm-2268291-1778714303110,2268304,1.902846180,dTLB-load-misses,,0,100.00
2026-05-13T23:18:25+00:00,minimal,stock,idle,5,vm-2268291-1778714303110,2268304,1.902846180,iTLB-load-misses,,0,100.00
2026-05-13T23:18:25+00:00,minimal,stock,idle,5,vm-2268291-1778714303110,2268304,1.902846180,cache-misses,,0,100.00
2026-05-13T23:18:25+00:00,minimal,stock,idle,5,vm-2268291-1778714303110,2268304,2.002989226,dTLB-load-misses,,0,100.00
2026-05-13T23:18:25+00:00,minimal,stock,idle,5,vm-2268291-1778714303110,2268304,2.002989226,iTLB-load-misses,,0,100.00
2026-05-13T23:18:25+00:00,minimal,stock,idle,5,vm-2268291-1778714303110,2268304,2.002989226,cache-misses,,0,100.00
2026-05-13T23:18:25+00:00,minimal,stock,idle,5,vm-2268291-1778714303110,2268304,2.004343671,dTLB-load-misses,,0,100.00
2026-05-13T23:18:25+00:00,minimal,stock,idle,5,vm-2268291-1778714303110,2268304,2.004343671,iTLB-load-misses,,0,100.00
2026-05-13T23:18:25+00:00,minimal,stock,idle,5,vm-2268291-1778714303110,2268304,2.004343671,cache-misses,,0,100.00
2026-05-13T23:18:27+00:00,minimal,stock,idle,6,vm-2268437-1778714305294,2268442,0.100122487,dTLB-load-misses,8218,94527181,100.00
2026-05-13T23:18:27+00:00,minimal,stock,idle,6,vm-2268437-1778714305294,2268442,0.100122487,iTLB-load-misses,785,94534294,100.00
2026-05-13T23:18:27+00:00,minimal,stock,idle,6,vm-2268437-1778714305294,2268442,0.100122487,cache-misses,80148,94539764,100.00
2026-05-13T23:18:27+00:00,minimal,stock,idle,6,vm-2268437-1778714305294,2268442,0.200303806,dTLB-load-misses,8592,99827213,100.00
2026-05-13T23:18:27+00:00,minimal,stock,idle,6,vm-2268437-1778714305294,2268442,0.200303806,iTLB-load-misses,88,99824127,100.00
2026-05-13T23:18:27+00:00,minimal,stock,idle,6,vm-2268437-1778714305294,2268442,0.200303806,cache-misses,60590,99822605,100.00
2026-05-13T23:18:27+00:00,minimal,stock,idle,6,vm-2268437-1778714305294,2268442,0.300441792,dTLB-load-misses,8831,97225091,100.00
2026-05-13T23:18:27+00:00,minimal,stock,idle,6,vm-2268437-1778714305294,2268442,0.300441792,iTLB-load-misses,354,97221064,100.00
2026-05-13T23:18:27+00:00,minimal,stock,idle,6,vm-2268437-1778714305294,2268442,0.300441792,cache-misses,74217,97217116,100.00
2026-05-13T23:18:27+00:00,minimal,stock,idle,6,vm-2268437-1778714305294,2268442,0.400586682,dTLB-load-misses,361,11415037,100.00
2026-05-13T23:18:27+00:00,minimal,stock,idle,6,vm-2268437-1778714305294,2268442,0.400586682,iTLB-load-misses,49,11415037,100.00
2026-05-13T23:18:27+00:00,minimal,stock,idle,6,vm-2268437-1778714305294,2268442,0.400586682,cache-misses,6030,11415037,100.00
2026-05-13T23:18:27+00:00,minimal,stock,idle,6,vm-2268437-1778714305294,2268442,0.500728787,dTLB-load-misses,2644,50171105,100.00
2026-05-13T23:18:27+00:00,minimal,stock,idle,6,vm-2268437-1778714305294,2268442,0.500728787,iTLB-load-misses,254,50171105,100.00
2026-05-13T23:18:27+00:00,minimal,stock,idle,6,vm-2268437-1778714305294,2268442,0.500728787,cache-misses,36848,50171105,100.00
2026-05-13T23:18:27+00:00,minimal,stock,idle,6,vm-2268437-1778714305294,2268442,0.600870270,dTLB-load-misses,,0,100.00
2026-05-13T23:18:27+00:00,minimal,stock,idle,6,vm-2268437-1778714305294,2268442,0.600870270,iTLB-load-misses,,0,100.00
2026-05-13T23:18:27+00:00,minimal,stock,idle,6,vm-2268437-1778714305294,2268442,0.600870270,cache-misses,,0,100.00
2026-05-13T23:18:27+00:00,minimal,stock,idle,6,vm-2268437-1778714305294,2268442,0.701011492,dTLB-load-misses,,0,100.00
2026-05-13T23:18:27+00:00,minimal,stock,idle,6,vm-2268437-1778714305294,2268442,0.701011492,iTLB-load-misses,,0,100.00
2026-05-13T23:18:27+00:00,minimal,stock,idle,6,vm-2268437-1778714305294,2268442,0.701011492,cache-misses,,0,100.00
2026-05-13T23:18:27+00:00,minimal,stock,idle,6,vm-2268437-1778714305294,2268442,0.801149218,dTLB-load-misses,0,50775,100.00
2026-05-13T23:18:27+00:00,minimal,stock,idle,6,vm-2268437-1778714305294,2268442,0.801149218,iTLB-load-misses,0,50775,100.00
2026-05-13T23:18:27+00:00,minimal,stock,idle,6,vm-2268437-1778714305294,2268442,0.801149218,cache-misses,0,50775,100.00
2026-05-13T23:18:27+00:00,minimal,stock,idle,6,vm-2268437-1778714305294,2268442,0.901306320,dTLB-load-misses,,0,100.00
2026-05-13T23:18:27+00:00,minimal,stock,idle,6,vm-2268437-1778714305294,2268442,0.901306320,iTLB-load-misses,,0,100.00
2026-05-13T23:18:27+00:00,minimal,stock,idle,6,vm-2268437-1778714305294,2268442,0.901306320,cache-misses,,0,100.00
2026-05-13T23:18:27+00:00,minimal,stock,idle,6,vm-2268437-1778714305294,2268442,1.001464134,dTLB-load-misses,3163,55696036,100.00
2026-05-13T23:18:27+00:00,minimal,stock,idle,6,vm-2268437-1778714305294,2268442,1.001464134,iTLB-load-misses,394,55701777,100.00
2026-05-13T23:18:27+00:00,minimal,stock,idle,6,vm-2268437-1778714305294,2268442,1.001464134,cache-misses,63172,55707327,100.00
2026-05-13T23:18:27+00:00,minimal,stock,idle,6,vm-2268437-1778714305294,2268442,1.101618522,dTLB-load-misses,5447,53269826,100.00
2026-05-13T23:18:27+00:00,minimal,stock,idle,6,vm-2268437-1778714305294,2268442,1.101618522,iTLB-load-misses,1113,53269956,100.00
2026-05-13T23:18:27+00:00,minimal,stock,idle,6,vm-2268437-1778714305294,2268442,1.101618522,cache-misses,137731,53269906,100.00
2026-05-13T23:18:27+00:00,minimal,stock,idle,6,vm-2268437-1778714305294,2268442,1.201771687,dTLB-load-misses,2026,19570789,100.00
2026-05-13T23:18:27+00:00,minimal,stock,idle,6,vm-2268437-1778714305294,2268442,1.201771687,iTLB-load-misses,205,19564918,100.00
2026-05-13T23:18:27+00:00,minimal,stock,idle,6,vm-2268437-1778714305294,2268442,1.201771687,cache-misses,16546,19559418,100.00
2026-05-13T23:18:27+00:00,minimal,stock,idle,6,vm-2268437-1778714305294,2268442,1.301914693,dTLB-load-misses,,0,100.00
2026-05-13T23:18:27+00:00,minimal,stock,idle,6,vm-2268437-1778714305294,2268442,1.301914693,iTLB-load-misses,,0,100.00
2026-05-13T23:18:27+00:00,minimal,stock,idle,6,vm-2268437-1778714305294,2268442,1.301914693,cache-misses,,0,100.00
2026-05-13T23:18:27+00:00,minimal,stock,idle,6,vm-2268437-1778714305294,2268442,1.402076444,dTLB-load-misses,,0,100.00
2026-05-13T23:18:27+00:00,minimal,stock,idle,6,vm-2268437-1778714305294,2268442,1.402076444,iTLB-load-misses,,0,100.00
2026-05-13T23:18:27+00:00,minimal,stock,idle,6,vm-2268437-1778714305294,2268442,1.402076444,cache-misses,,0,100.00
2026-05-13T23:18:27+00:00,minimal,stock,idle,6,vm-2268437-1778714305294,2268442,1.502220863,dTLB-load-misses,,0,100.00
2026-05-13T23:18:27+00:00,minimal,stock,idle,6,vm-2268437-1778714305294,2268442,1.502220863,iTLB-load-misses,,0,100.00
2026-05-13T23:18:27+00:00,minimal,stock,idle,6,vm-2268437-1778714305294,2268442,1.502220863,cache-misses,,0,100.00
2026-05-13T23:18:27+00:00,minimal,stock,idle,6,vm-2268437-1778714305294,2268442,1.602361584,dTLB-load-misses,,0,100.00
2026-05-13T23:18:27+00:00,minimal,stock,idle,6,vm-2268437-1778714305294,2268442,1.602361584,iTLB-load-misses,,0,100.00
2026-05-13T23:18:27+00:00,minimal,stock,idle,6,vm-2268437-1778714305294,2268442,1.602361584,cache-misses,,0,100.00
2026-05-13T23:18:27+00:00,minimal,stock,idle,6,vm-2268437-1778714305294,2268442,1.702498911,dTLB-load-misses,,0,100.00
2026-05-13T23:18:27+00:00,minimal,stock,idle,6,vm-2268437-1778714305294,2268442,1.702498911,iTLB-load-misses,,0,100.00
2026-05-13T23:18:27+00:00,minimal,stock,idle,6,vm-2268437-1778714305294,2268442,1.702498911,cache-misses,,0,100.00
2026-05-13T23:18:27+00:00,minimal,stock,idle,6,vm-2268437-1778714305294,2268442,1.802635525,dTLB-load-misses,,0,100.00
2026-05-13T23:18:27+00:00,minimal,stock,idle,6,vm-2268437-1778714305294,2268442,1.802635525,iTLB-load-misses,,0,100.00
2026-05-13T23:18:27+00:00,minimal,stock,idle,6,vm-2268437-1778714305294,2268442,1.802635525,cache-misses,,0,100.00
2026-05-13T23:18:27+00:00,minimal,stock,idle,6,vm-2268437-1778714305294,2268442,1.902736863,dTLB-load-misses,,0,100.00
2026-05-13T23:18:27+00:00,minimal,stock,idle,6,vm-2268437-1778714305294,2268442,1.902736863,iTLB-load-misses,,0,100.00
2026-05-13T23:18:27+00:00,minimal,stock,idle,6,vm-2268437-1778714305294,2268442,1.902736863,cache-misses,,0,100.00
2026-05-13T23:18:27+00:00,minimal,stock,idle,6,vm-2268437-1778714305294,2268442,2.002895478,dTLB-load-misses,,0,100.00
2026-05-13T23:18:27+00:00,minimal,stock,idle,6,vm-2268437-1778714305294,2268442,2.002895478,iTLB-load-misses,,0,100.00
2026-05-13T23:18:27+00:00,minimal,stock,idle,6,vm-2268437-1778714305294,2268442,2.002895478,cache-misses,,0,100.00
2026-05-13T23:18:27+00:00,minimal,stock,idle,6,vm-2268437-1778714305294,2268442,2.003636967,dTLB-load-misses,,0,100.00
2026-05-13T23:18:27+00:00,minimal,stock,idle,6,vm-2268437-1778714305294,2268442,2.003636967,iTLB-load-misses,,0,100.00
2026-05-13T23:18:27+00:00,minimal,stock,idle,6,vm-2268437-1778714305294,2268442,2.003636967,cache-misses,,0,100.00
2026-05-13T23:18:29+00:00,minimal,stock,idle,7,vm-2268573-1778714307484,2268578,0.100121635,dTLB-load-misses,10392,100412747,100.00
2026-05-13T23:18:29+00:00,minimal,stock,idle,7,vm-2268573-1778714307484,2268578,0.100121635,iTLB-load-misses,400,100408279,100.00
2026-05-13T23:18:29+00:00,minimal,stock,idle,7,vm-2268573-1778714307484,2268578,0.100121635,cache-misses,85425,100405193,100.00
2026-05-13T23:18:29+00:00,minimal,stock,idle,7,vm-2268573-1778714307484,2268578,0.200312502,dTLB-load-misses,7640,100115081,100.00
2026-05-13T23:18:29+00:00,minimal,stock,idle,7,vm-2268573-1778714307484,2268578,0.200312502,iTLB-load-misses,172,100114439,100.00
2026-05-13T23:18:29+00:00,minimal,stock,idle,7,vm-2268573-1778714307484,2268578,0.200312502,cache-misses,69031,100113177,100.00
2026-05-13T23:18:29+00:00,minimal,stock,idle,7,vm-2268573-1778714307484,2268578,0.300462411,dTLB-load-misses,8802,82484900,100.00
2026-05-13T23:18:29+00:00,minimal,stock,idle,7,vm-2268573-1778714307484,2268578,0.300462411,iTLB-load-misses,433,82479150,100.00
2026-05-13T23:18:29+00:00,minimal,stock,idle,7,vm-2268573-1778714307484,2268578,0.300462411,cache-misses,96439,82474541,100.00
2026-05-13T23:18:29+00:00,minimal,stock,idle,7,vm-2268573-1778714307484,2268578,0.400607240,dTLB-load-misses,718,15208180,100.00
2026-05-13T23:18:29+00:00,minimal,stock,idle,7,vm-2268573-1778714307484,2268578,0.400607240,iTLB-load-misses,186,15208180,100.00
2026-05-13T23:18:29+00:00,minimal,stock,idle,7,vm-2268573-1778714307484,2268578,0.400607240,cache-misses,13227,15208180,100.00
2026-05-13T23:18:29+00:00,minimal,stock,idle,7,vm-2268573-1778714307484,2268578,0.500749254,dTLB-load-misses,2514,43847897,100.00
2026-05-13T23:18:29+00:00,minimal,stock,idle,7,vm-2268573-1778714307484,2268578,0.500749254,iTLB-load-misses,301,43847897,100.00
2026-05-13T23:18:29+00:00,minimal,stock,idle,7,vm-2268573-1778714307484,2268578,0.500749254,cache-misses,35623,43847897,100.00
2026-05-13T23:18:29+00:00,minimal,stock,idle,7,vm-2268573-1778714307484,2268578,0.600895276,dTLB-load-misses,,0,100.00
2026-05-13T23:18:29+00:00,minimal,stock,idle,7,vm-2268573-1778714307484,2268578,0.600895276,iTLB-load-misses,,0,100.00
2026-05-13T23:18:29+00:00,minimal,stock,idle,7,vm-2268573-1778714307484,2268578,0.600895276,cache-misses,,0,100.00
2026-05-13T23:18:29+00:00,minimal,stock,idle,7,vm-2268573-1778714307484,2268578,0.701057087,dTLB-load-misses,,0,100.00
2026-05-13T23:18:29+00:00,minimal,stock,idle,7,vm-2268573-1778714307484,2268578,0.701057087,iTLB-load-misses,,0,100.00
2026-05-13T23:18:29+00:00,minimal,stock,idle,7,vm-2268573-1778714307484,2268578,0.701057087,cache-misses,,0,100.00
2026-05-13T23:18:29+00:00,minimal,stock,idle,7,vm-2268573-1778714307484,2268578,0.801190817,dTLB-load-misses,0,92734,100.00
2026-05-13T23:18:29+00:00,minimal,stock,idle,7,vm-2268573-1778714307484,2268578,0.801190817,iTLB-load-misses,0,92734,100.00
2026-05-13T23:18:29+00:00,minimal,stock,idle,7,vm-2268573-1778714307484,2268578,0.801190817,cache-misses,0,92734,100.00
2026-05-13T23:18:29+00:00,minimal,stock,idle,7,vm-2268573-1778714307484,2268578,0.901336007,dTLB-load-misses,,0,100.00
2026-05-13T23:18:29+00:00,minimal,stock,idle,7,vm-2268573-1778714307484,2268578,0.901336007,iTLB-load-misses,,0,100.00
2026-05-13T23:18:29+00:00,minimal,stock,idle,7,vm-2268573-1778714307484,2268578,0.901336007,cache-misses,,0,100.00
2026-05-13T23:18:29+00:00,minimal,stock,idle,7,vm-2268573-1778714307484,2268578,1.001477941,dTLB-load-misses,4707,71765166,100.00
2026-05-13T23:18:29+00:00,minimal,stock,idle,7,vm-2268573-1778714307484,2268578,1.001477941,iTLB-load-misses,743,71771659,100.00
2026-05-13T23:18:29+00:00,minimal,stock,idle,7,vm-2268573-1778714307484,2268578,1.001477941,cache-misses,112653,71777449,100.00
2026-05-13T23:18:29+00:00,minimal,stock,idle,7,vm-2268573-1778714307484,2268578,1.101635555,dTLB-load-misses,6331,53402063,100.00
2026-05-13T23:18:29+00:00,minimal,stock,idle,7,vm-2268573-1778714307484,2268578,1.101635555,iTLB-load-misses,1332,53402413,100.00
2026-05-13T23:18:29+00:00,minimal,stock,idle,7,vm-2268573-1778714307484,2268578,1.101635555,cache-misses,153321,53402865,100.00
2026-05-13T23:18:29+00:00,minimal,stock,idle,7,vm-2268573-1778714307484,2268578,1.201791606,dTLB-load-misses,58,1762137,100.00
2026-05-13T23:18:29+00:00,minimal,stock,idle,7,vm-2268573-1778714307484,2268578,1.201791606,iTLB-load-misses,42,1755294,100.00
2026-05-13T23:18:29+00:00,minimal,stock,idle,7,vm-2268573-1778714307484,2268578,1.201791606,cache-misses,764,1749052,100.00
2026-05-13T23:18:29+00:00,minimal,stock,idle,7,vm-2268573-1778714307484,2268578,1.301939872,dTLB-load-misses,,0,100.00
2026-05-13T23:18:29+00:00,minimal,stock,idle,7,vm-2268573-1778714307484,2268578,1.301939872,iTLB-load-misses,,0,100.00
2026-05-13T23:18:29+00:00,minimal,stock,idle,7,vm-2268573-1778714307484,2268578,1.301939872,cache-misses,,0,100.00
2026-05-13T23:18:29+00:00,minimal,stock,idle,7,vm-2268573-1778714307484,2268578,1.402089841,dTLB-load-misses,,0,100.00
2026-05-13T23:18:29+00:00,minimal,stock,idle,7,vm-2268573-1778714307484,2268578,1.402089841,iTLB-load-misses,,0,100.00
2026-05-13T23:18:29+00:00,minimal,stock,idle,7,vm-2268573-1778714307484,2268578,1.402089841,cache-misses,,0,100.00
2026-05-13T23:18:29+00:00,minimal,stock,idle,7,vm-2268573-1778714307484,2268578,1.502228419,dTLB-load-misses,,0,100.00
2026-05-13T23:18:29+00:00,minimal,stock,idle,7,vm-2268573-1778714307484,2268578,1.502228419,iTLB-load-misses,,0,100.00
2026-05-13T23:18:29+00:00,minimal,stock,idle,7,vm-2268573-1778714307484,2268578,1.502228419,cache-misses,,0,100.00
2026-05-13T23:18:29+00:00,minimal,stock,idle,7,vm-2268573-1778714307484,2268578,1.602364472,dTLB-load-misses,,0,100.00
2026-05-13T23:18:29+00:00,minimal,stock,idle,7,vm-2268573-1778714307484,2268578,1.602364472,iTLB-load-misses,,0,100.00
2026-05-13T23:18:29+00:00,minimal,stock,idle,7,vm-2268573-1778714307484,2268578,1.602364472,cache-misses,,0,100.00
2026-05-13T23:18:29+00:00,minimal,stock,idle,7,vm-2268573-1778714307484,2268578,1.702516635,dTLB-load-misses,,0,100.00
2026-05-13T23:18:29+00:00,minimal,stock,idle,7,vm-2268573-1778714307484,2268578,1.702516635,iTLB-load-misses,,0,100.00
2026-05-13T23:18:29+00:00,minimal,stock,idle,7,vm-2268573-1778714307484,2268578,1.702516635,cache-misses,,0,100.00
2026-05-13T23:18:29+00:00,minimal,stock,idle,7,vm-2268573-1778714307484,2268578,1.802680470,dTLB-load-misses,,0,100.00
2026-05-13T23:18:29+00:00,minimal,stock,idle,7,vm-2268573-1778714307484,2268578,1.802680470,iTLB-load-misses,,0,100.00
2026-05-13T23:18:29+00:00,minimal,stock,idle,7,vm-2268573-1778714307484,2268578,1.802680470,cache-misses,,0,100.00
2026-05-13T23:18:29+00:00,minimal,stock,idle,7,vm-2268573-1778714307484,2268578,1.902818798,dTLB-load-misses,,0,100.00
2026-05-13T23:18:29+00:00,minimal,stock,idle,7,vm-2268573-1778714307484,2268578,1.902818798,iTLB-load-misses,,0,100.00
2026-05-13T23:18:29+00:00,minimal,stock,idle,7,vm-2268573-1778714307484,2268578,1.902818798,cache-misses,,0,100.00
2026-05-13T23:18:29+00:00,minimal,stock,idle,7,vm-2268573-1778714307484,2268578,2.002959200,dTLB-load-misses,,0,100.00
2026-05-13T23:18:29+00:00,minimal,stock,idle,7,vm-2268573-1778714307484,2268578,2.002959200,iTLB-load-misses,,0,100.00
2026-05-13T23:18:29+00:00,minimal,stock,idle,7,vm-2268573-1778714307484,2268578,2.002959200,cache-misses,,0,100.00
2026-05-13T23:18:29+00:00,minimal,stock,idle,7,vm-2268573-1778714307484,2268578,2.003401564,dTLB-load-misses,,0,100.00
2026-05-13T23:18:29+00:00,minimal,stock,idle,7,vm-2268573-1778714307484,2268578,2.003401564,iTLB-load-misses,,0,100.00
2026-05-13T23:18:29+00:00,minimal,stock,idle,7,vm-2268573-1778714307484,2268578,2.003401564,cache-misses,,0,100.00
2026-05-13T23:18:31+00:00,minimal,stock,idle,8,vm-2268705-1778714309675,2268712,0.100124561,dTLB-load-misses,8368,91651450,100.00
2026-05-13T23:18:31+00:00,minimal,stock,idle,8,vm-2268705-1778714309675,2268712,0.100124561,iTLB-load-misses,874,91657982,100.00
2026-05-13T23:18:31+00:00,minimal,stock,idle,8,vm-2268705-1778714309675,2268712,0.100124561,cache-misses,131211,91663542,100.00
2026-05-13T23:18:31+00:00,minimal,stock,idle,8,vm-2268705-1778714309675,2268712,0.200316820,dTLB-load-misses,9526,100156820,100.00
2026-05-13T23:18:31+00:00,minimal,stock,idle,8,vm-2268705-1778714309675,2268712,0.200316820,iTLB-load-misses,83,100155728,100.00
2026-05-13T23:18:31+00:00,minimal,stock,idle,8,vm-2268705-1778714309675,2268712,0.200316820,cache-misses,126980,100155899,100.00
2026-05-13T23:18:31+00:00,minimal,stock,idle,8,vm-2268705-1778714309675,2268712,0.300444427,dTLB-load-misses,9575,97394731,100.00
2026-05-13T23:18:31+00:00,minimal,stock,idle,8,vm-2268705-1778714309675,2268712,0.300444427,iTLB-load-misses,417,97389291,100.00
2026-05-13T23:18:31+00:00,minimal,stock,idle,8,vm-2268705-1778714309675,2268712,0.300444427,cache-misses,150779,97383560,100.00
2026-05-13T23:18:31+00:00,minimal,stock,idle,8,vm-2268705-1778714309675,2268712,0.400617089,dTLB-load-misses,405,11469829,100.00
2026-05-13T23:18:31+00:00,minimal,stock,idle,8,vm-2268705-1778714309675,2268712,0.400617089,iTLB-load-misses,95,11469829,100.00
2026-05-13T23:18:31+00:00,minimal,stock,idle,8,vm-2268705-1778714309675,2268712,0.400617089,cache-misses,9005,11469829,100.00
2026-05-13T23:18:31+00:00,minimal,stock,idle,8,vm-2268705-1778714309675,2268712,0.500779862,dTLB-load-misses,3189,50259009,100.00
2026-05-13T23:18:31+00:00,minimal,stock,idle,8,vm-2268705-1778714309675,2268712,0.500779862,iTLB-load-misses,341,50259009,100.00
2026-05-13T23:18:31+00:00,minimal,stock,idle,8,vm-2268705-1778714309675,2268712,0.500779862,cache-misses,63889,50259009,100.00
2026-05-13T23:18:31+00:00,minimal,stock,idle,8,vm-2268705-1778714309675,2268712,0.600934410,dTLB-load-misses,,0,100.00
2026-05-13T23:18:31+00:00,minimal,stock,idle,8,vm-2268705-1778714309675,2268712,0.600934410,iTLB-load-misses,,0,100.00
2026-05-13T23:18:31+00:00,minimal,stock,idle,8,vm-2268705-1778714309675,2268712,0.600934410,cache-misses,,0,100.00
2026-05-13T23:18:31+00:00,minimal,stock,idle,8,vm-2268705-1778714309675,2268712,0.701088977,dTLB-load-misses,,0,100.00
2026-05-13T23:18:31+00:00,minimal,stock,idle,8,vm-2268705-1778714309675,2268712,0.701088977,iTLB-load-misses,,0,100.00
2026-05-13T23:18:31+00:00,minimal,stock,idle,8,vm-2268705-1778714309675,2268712,0.701088977,cache-misses,,0,100.00
2026-05-13T23:18:31+00:00,minimal,stock,idle,8,vm-2268705-1778714309675,2268712,0.801225632,dTLB-load-misses,0,34806,100.00
2026-05-13T23:18:31+00:00,minimal,stock,idle,8,vm-2268705-1778714309675,2268712,0.801225632,iTLB-load-misses,0,34806,100.00
2026-05-13T23:18:31+00:00,minimal,stock,idle,8,vm-2268705-1778714309675,2268712,0.801225632,cache-misses,0,34806,100.00
2026-05-13T23:18:31+00:00,minimal,stock,idle,8,vm-2268705-1778714309675,2268712,0.901393195,dTLB-load-misses,,0,100.00
2026-05-13T23:18:31+00:00,minimal,stock,idle,8,vm-2268705-1778714309675,2268712,0.901393195,iTLB-load-misses,,0,100.00
2026-05-13T23:18:31+00:00,minimal,stock,idle,8,vm-2268705-1778714309675,2268712,0.901393195,cache-misses,,0,100.00
2026-05-13T23:18:31+00:00,minimal,stock,idle,8,vm-2268705-1778714309675,2268712,1.001585183,dTLB-load-misses,3428,54386472,100.00
2026-05-13T23:18:31+00:00,minimal,stock,idle,8,vm-2268705-1778714309675,2268712,1.001585183,iTLB-load-misses,545,54386472,100.00
2026-05-13T23:18:31+00:00,minimal,stock,idle,8,vm-2268705-1778714309675,2268712,1.001585183,cache-misses,94456,54393666,100.00
2026-05-13T23:18:31+00:00,minimal,stock,idle,8,vm-2268705-1778714309675,2268712,1.101765921,dTLB-load-misses,5887,53309879,100.00
2026-05-13T23:18:31+00:00,minimal,stock,idle,8,vm-2268705-1778714309675,2268712,1.101765921,iTLB-load-misses,1400,53316221,100.00
2026-05-13T23:18:31+00:00,minimal,stock,idle,8,vm-2268705-1778714309675,2268712,1.101765921,cache-misses,193967,53314117,100.00
2026-05-13T23:18:31+00:00,minimal,stock,idle,8,vm-2268705-1778714309675,2268712,1.201942510,dTLB-load-misses,2308,19349386,100.00
2026-05-13T23:18:31+00:00,minimal,stock,idle,8,vm-2268705-1778714309675,2268712,1.201942510,iTLB-load-misses,239,19343044,100.00
2026-05-13T23:18:31+00:00,minimal,stock,idle,8,vm-2268705-1778714309675,2268712,1.201942510,cache-misses,34520,19337954,100.00
2026-05-13T23:18:31+00:00,minimal,stock,idle,8,vm-2268705-1778714309675,2268712,1.302092058,dTLB-load-misses,,0,100.00
2026-05-13T23:18:31+00:00,minimal,stock,idle,8,vm-2268705-1778714309675,2268712,1.302092058,iTLB-load-misses,,0,100.00
2026-05-13T23:18:31+00:00,minimal,stock,idle,8,vm-2268705-1778714309675,2268712,1.302092058,cache-misses,,0,100.00
2026-05-13T23:18:31+00:00,minimal,stock,idle,8,vm-2268705-1778714309675,2268712,1.402235525,dTLB-load-misses,,0,100.00
2026-05-13T23:18:31+00:00,minimal,stock,idle,8,vm-2268705-1778714309675,2268712,1.402235525,iTLB-load-misses,,0,100.00
2026-05-13T23:18:31+00:00,minimal,stock,idle,8,vm-2268705-1778714309675,2268712,1.402235525,cache-misses,,0,100.00
2026-05-13T23:18:31+00:00,minimal,stock,idle,8,vm-2268705-1778714309675,2268712,1.502392619,dTLB-load-misses,,0,100.00
2026-05-13T23:18:31+00:00,minimal,stock,idle,8,vm-2268705-1778714309675,2268712,1.502392619,iTLB-load-misses,,0,100.00
2026-05-13T23:18:31+00:00,minimal,stock,idle,8,vm-2268705-1778714309675,2268712,1.502392619,cache-misses,,0,100.00
2026-05-13T23:18:31+00:00,minimal,stock,idle,8,vm-2268705-1778714309675,2268712,1.602554640,dTLB-load-misses,,0,100.00
2026-05-13T23:18:31+00:00,minimal,stock,idle,8,vm-2268705-1778714309675,2268712,1.602554640,iTLB-load-misses,,0,100.00
2026-05-13T23:18:31+00:00,minimal,stock,idle,8,vm-2268705-1778714309675,2268712,1.602554640,cache-misses,,0,100.00
2026-05-13T23:18:31+00:00,minimal,stock,idle,8,vm-2268705-1778714309675,2268712,1.702709338,dTLB-load-misses,,0,100.00
2026-05-13T23:18:31+00:00,minimal,stock,idle,8,vm-2268705-1778714309675,2268712,1.702709338,iTLB-load-misses,,0,100.00
2026-05-13T23:18:31+00:00,minimal,stock,idle,8,vm-2268705-1778714309675,2268712,1.702709338,cache-misses,,0,100.00
2026-05-13T23:18:31+00:00,minimal,stock,idle,8,vm-2268705-1778714309675,2268712,1.802869968,dTLB-load-misses,,0,100.00
2026-05-13T23:18:31+00:00,minimal,stock,idle,8,vm-2268705-1778714309675,2268712,1.802869968,iTLB-load-misses,,0,100.00
2026-05-13T23:18:31+00:00,minimal,stock,idle,8,vm-2268705-1778714309675,2268712,1.802869968,cache-misses,,0,100.00
2026-05-13T23:18:31+00:00,minimal,stock,idle,8,vm-2268705-1778714309675,2268712,1.903031629,dTLB-load-misses,,0,100.00
2026-05-13T23:18:31+00:00,minimal,stock,idle,8,vm-2268705-1778714309675,2268712,1.903031629,iTLB-load-misses,,0,100.00
2026-05-13T23:18:31+00:00,minimal,stock,idle,8,vm-2268705-1778714309675,2268712,1.903031629,cache-misses,,0,100.00
2026-05-13T23:18:31+00:00,minimal,stock,idle,8,vm-2268705-1778714309675,2268712,2.003195054,dTLB-load-misses,,0,100.00
2026-05-13T23:18:31+00:00,minimal,stock,idle,8,vm-2268705-1778714309675,2268712,2.003195054,iTLB-load-misses,,0,100.00
2026-05-13T23:18:31+00:00,minimal,stock,idle,8,vm-2268705-1778714309675,2268712,2.003195054,cache-misses,,0,100.00
2026-05-13T23:18:31+00:00,minimal,stock,idle,8,vm-2268705-1778714309675,2268712,2.003704876,dTLB-load-misses,,0,100.00
2026-05-13T23:18:31+00:00,minimal,stock,idle,8,vm-2268705-1778714309675,2268712,2.003704876,iTLB-load-misses,,0,100.00
2026-05-13T23:18:31+00:00,minimal,stock,idle,8,vm-2268705-1778714309675,2268712,2.003704876,cache-misses,,0,100.00
2026-05-13T23:18:33+00:00,minimal,stock,idle,9,vm-2268835-1778714311872,2268840,0.100119262,dTLB-load-misses,9237,100150358,100.00
2026-05-13T23:18:33+00:00,minimal,stock,idle,9,vm-2268835-1778714311872,2268840,0.100119262,iTLB-load-misses,411,100144146,100.00
2026-05-13T23:18:33+00:00,minimal,stock,idle,9,vm-2268835-1778714311872,2268840,0.100119262,cache-misses,47910,100137153,100.00
2026-05-13T23:18:33+00:00,minimal,stock,idle,9,vm-2268835-1778714311872,2268840,0.200303325,dTLB-load-misses,8495,100094593,100.00
2026-05-13T23:18:33+00:00,minimal,stock,idle,9,vm-2268835-1778714311872,2268840,0.200303325,iTLB-load-misses,101,100094132,100.00
2026-05-13T23:18:33+00:00,minimal,stock,idle,9,vm-2268835-1778714311872,2268840,0.200303325,cache-misses,38600,100094213,100.00
2026-05-13T23:18:33+00:00,minimal,stock,idle,9,vm-2268835-1778714311872,2268840,0.300460328,dTLB-load-misses,9126,88100371,100.00
2026-05-13T23:18:33+00:00,minimal,stock,idle,9,vm-2268835-1778714311872,2268840,0.300460328,iTLB-load-misses,407,88094180,100.00
2026-05-13T23:18:33+00:00,minimal,stock,idle,9,vm-2268835-1778714311872,2268840,0.300460328,cache-misses,54307,88089100,100.00
2026-05-13T23:18:33+00:00,minimal,stock,idle,9,vm-2268835-1778714311872,2268840,0.400628381,dTLB-load-misses,743,15080422,100.00
2026-05-13T23:18:33+00:00,minimal,stock,idle,9,vm-2268835-1778714311872,2268840,0.400628381,iTLB-load-misses,151,15080422,100.00
2026-05-13T23:18:33+00:00,minimal,stock,idle,9,vm-2268835-1778714311872,2268840,0.400628381,cache-misses,9309,15080422,100.00
2026-05-13T23:18:33+00:00,minimal,stock,idle,9,vm-2268835-1778714311872,2268840,0.500817204,dTLB-load-misses,2605,44218634,100.00
2026-05-13T23:18:33+00:00,minimal,stock,idle,9,vm-2268835-1778714311872,2268840,0.500817204,iTLB-load-misses,285,44218634,100.00
2026-05-13T23:18:33+00:00,minimal,stock,idle,9,vm-2268835-1778714311872,2268840,0.500817204,cache-misses,26697,44218634,100.00
2026-05-13T23:18:33+00:00,minimal,stock,idle,9,vm-2268835-1778714311872,2268840,0.600959379,dTLB-load-misses,,0,100.00
2026-05-13T23:18:33+00:00,minimal,stock,idle,9,vm-2268835-1778714311872,2268840,0.600959379,iTLB-load-misses,,0,100.00
2026-05-13T23:18:33+00:00,minimal,stock,idle,9,vm-2268835-1778714311872,2268840,0.600959379,cache-misses,,0,100.00
2026-05-13T23:18:33+00:00,minimal,stock,idle,9,vm-2268835-1778714311872,2268840,0.701103327,dTLB-load-misses,,0,100.00
2026-05-13T23:18:33+00:00,minimal,stock,idle,9,vm-2268835-1778714311872,2268840,0.701103327,iTLB-load-misses,,0,100.00
2026-05-13T23:18:33+00:00,minimal,stock,idle,9,vm-2268835-1778714311872,2268840,0.701103327,cache-misses,,0,100.00
2026-05-13T23:18:33+00:00,minimal,stock,idle,9,vm-2268835-1778714311872,2268840,0.801242687,dTLB-load-misses,0,54322,100.00
2026-05-13T23:18:33+00:00,minimal,stock,idle,9,vm-2268835-1778714311872,2268840,0.801242687,iTLB-load-misses,0,54322,100.00
2026-05-13T23:18:33+00:00,minimal,stock,idle,9,vm-2268835-1778714311872,2268840,0.801242687,cache-misses,0,54322,100.00
2026-05-13T23:18:33+00:00,minimal,stock,idle,9,vm-2268835-1778714311872,2268840,0.901381916,dTLB-load-misses,,0,100.00
2026-05-13T23:18:33+00:00,minimal,stock,idle,9,vm-2268835-1778714311872,2268840,0.901381916,iTLB-load-misses,,0,100.00
2026-05-13T23:18:33+00:00,minimal,stock,idle,9,vm-2268835-1778714311872,2268840,0.901381916,cache-misses,,0,100.00
2026-05-13T23:18:33+00:00,minimal,stock,idle,9,vm-2268835-1778714311872,2268840,1.001518180,dTLB-load-misses,4262,61746288,100.00
2026-05-13T23:18:33+00:00,minimal,stock,idle,9,vm-2268835-1778714311872,2268840,1.001518180,iTLB-load-misses,939,61752981,100.00
2026-05-13T23:18:33+00:00,minimal,stock,idle,9,vm-2268835-1778714311872,2268840,1.001518180,cache-misses,83683,61758972,100.00
2026-05-13T23:18:33+00:00,minimal,stock,idle,9,vm-2268835-1778714311872,2268840,1.101674250,dTLB-load-misses,6180,53370431,100.00
2026-05-13T23:18:33+00:00,minimal,stock,idle,9,vm-2268835-1778714311872,2268840,1.101674250,iTLB-load-misses,1360,53370221,100.00
2026-05-13T23:18:33+00:00,minimal,stock,idle,9,vm-2268835-1778714311872,2268840,1.101674250,cache-misses,139161,53369760,100.00
2026-05-13T23:18:33+00:00,minimal,stock,idle,9,vm-2268835-1778714311872,2268840,1.201831704,dTLB-load-misses,1677,15361556,100.00
2026-05-13T23:18:33+00:00,minimal,stock,idle,9,vm-2268835-1778714311872,2268840,1.201831704,iTLB-load-misses,221,15355073,100.00
2026-05-13T23:18:33+00:00,minimal,stock,idle,9,vm-2268835-1778714311872,2268840,1.201831704,cache-misses,10183,15349543,100.00
2026-05-13T23:18:33+00:00,minimal,stock,idle,9,vm-2268835-1778714311872,2268840,1.301983456,dTLB-load-misses,,0,100.00
2026-05-13T23:18:33+00:00,minimal,stock,idle,9,vm-2268835-1778714311872,2268840,1.301983456,iTLB-load-misses,,0,100.00
2026-05-13T23:18:33+00:00,minimal,stock,idle,9,vm-2268835-1778714311872,2268840,1.301983456,cache-misses,,0,100.00
2026-05-13T23:18:33+00:00,minimal,stock,idle,9,vm-2268835-1778714311872,2268840,1.402130420,dTLB-load-misses,,0,100.00
2026-05-13T23:18:33+00:00,minimal,stock,idle,9,vm-2268835-1778714311872,2268840,1.402130420,iTLB-load-misses,,0,100.00
2026-05-13T23:18:33+00:00,minimal,stock,idle,9,vm-2268835-1778714311872,2268840,1.402130420,cache-misses,,0,100.00
2026-05-13T23:18:33+00:00,minimal,stock,idle,9,vm-2268835-1778714311872,2268840,1.502266182,dTLB-load-misses,,0,100.00
2026-05-13T23:18:33+00:00,minimal,stock,idle,9,vm-2268835-1778714311872,2268840,1.502266182,iTLB-load-misses,,0,100.00
2026-05-13T23:18:33+00:00,minimal,stock,idle,9,vm-2268835-1778714311872,2268840,1.502266182,cache-misses,,0,100.00
2026-05-13T23:18:33+00:00,minimal,stock,idle,9,vm-2268835-1778714311872,2268840,1.602424768,dTLB-load-misses,,0,100.00
2026-05-13T23:18:33+00:00,minimal,stock,idle,9,vm-2268835-1778714311872,2268840,1.602424768,iTLB-load-misses,,0,100.00
2026-05-13T23:18:33+00:00,minimal,stock,idle,9,vm-2268835-1778714311872,2268840,1.602424768,cache-misses,,0,100.00
2026-05-13T23:18:33+00:00,minimal,stock,idle,9,vm-2268835-1778714311872,2268840,1.702584315,dTLB-load-misses,,0,100.00
2026-05-13T23:18:33+00:00,minimal,stock,idle,9,vm-2268835-1778714311872,2268840,1.702584315,iTLB-load-misses,,0,100.00
2026-05-13T23:18:33+00:00,minimal,stock,idle,9,vm-2268835-1778714311872,2268840,1.702584315,cache-misses,,0,100.00
2026-05-13T23:18:33+00:00,minimal,stock,idle,9,vm-2268835-1778714311872,2268840,1.802746047,dTLB-load-misses,,0,100.00
2026-05-13T23:18:33+00:00,minimal,stock,idle,9,vm-2268835-1778714311872,2268840,1.802746047,iTLB-load-misses,,0,100.00
2026-05-13T23:18:33+00:00,minimal,stock,idle,9,vm-2268835-1778714311872,2268840,1.802746047,cache-misses,,0,100.00
2026-05-13T23:18:33+00:00,minimal,stock,idle,9,vm-2268835-1778714311872,2268840,1.902905585,dTLB-load-misses,,0,100.00
2026-05-13T23:18:33+00:00,minimal,stock,idle,9,vm-2268835-1778714311872,2268840,1.902905585,iTLB-load-misses,,0,100.00
2026-05-13T23:18:33+00:00,minimal,stock,idle,9,vm-2268835-1778714311872,2268840,1.902905585,cache-misses,,0,100.00
2026-05-13T23:18:33+00:00,minimal,stock,idle,9,vm-2268835-1778714311872,2268840,2.003048402,dTLB-load-misses,,0,100.00
2026-05-13T23:18:33+00:00,minimal,stock,idle,9,vm-2268835-1778714311872,2268840,2.003048402,iTLB-load-misses,,0,100.00
2026-05-13T23:18:33+00:00,minimal,stock,idle,9,vm-2268835-1778714311872,2268840,2.003048402,cache-misses,,0,100.00
2026-05-13T23:18:33+00:00,minimal,stock,idle,9,vm-2268835-1778714311872,2268840,2.003692677,dTLB-load-misses,,0,100.00
2026-05-13T23:18:33+00:00,minimal,stock,idle,9,vm-2268835-1778714311872,2268840,2.003692677,iTLB-load-misses,,0,100.00
2026-05-13T23:18:33+00:00,minimal,stock,idle,9,vm-2268835-1778714311872,2268840,2.003692677,cache-misses,,0,100.00
2026-05-13T23:18:36+00:00,minimal,stock,idle,10,vm-2268992-1778714314066,2268997,0.100126776,dTLB-load-misses,10602,100155167,100.00
2026-05-13T23:18:36+00:00,minimal,stock,idle,10,vm-2268992-1778714314066,2268997,0.100126776,iTLB-load-misses,8,100146160,100.00
2026-05-13T23:18:36+00:00,minimal,stock,idle,10,vm-2268992-1778714314066,2268997,0.100126776,cache-misses,178439,100137805,100.00
2026-05-13T23:18:36+00:00,minimal,stock,idle,10,vm-2268992-1778714314066,2268997,0.200352858,dTLB-load-misses,6679,100148704,100.00
2026-05-13T23:18:36+00:00,minimal,stock,idle,10,vm-2268992-1778714314066,2268997,0.200352858,iTLB-load-misses,182,100151680,100.00
2026-05-13T23:18:36+00:00,minimal,stock,idle,10,vm-2268992-1778714314066,2268997,0.200352858,cache-misses,132546,100153904,100.00
2026-05-13T23:18:36+00:00,minimal,stock,idle,10,vm-2268992-1778714314066,2268997,0.300571387,dTLB-load-misses,5597,59070324,100.00
2026-05-13T23:18:36+00:00,minimal,stock,idle,10,vm-2268992-1778714314066,2268997,0.300571387,iTLB-load-misses,326,59059624,100.00
2026-05-13T23:18:36+00:00,minimal,stock,idle,10,vm-2268992-1778714314066,2268997,0.300571387,cache-misses,112365,59049625,100.00
2026-05-13T23:18:36+00:00,minimal,stock,idle,10,vm-2268992-1778714314066,2268997,0.400763025,dTLB-load-misses,1838,40673686,100.00
2026-05-13T23:18:36+00:00,minimal,stock,idle,10,vm-2268992-1778714314066,2268997,0.400763025,iTLB-load-misses,278,40683545,100.00
2026-05-13T23:18:36+00:00,minimal,stock,idle,10,vm-2268992-1778714314066,2268997,0.400763025,cache-misses,45433,40690808,100.00
2026-05-13T23:18:36+00:00,minimal,stock,idle,10,vm-2268992-1778714314066,2268997,0.500917283,dTLB-load-misses,1058,17638247,100.00
2026-05-13T23:18:36+00:00,minimal,stock,idle,10,vm-2268992-1778714314066,2268997,0.500917283,iTLB-load-misses,99,17628388,100.00
2026-05-13T23:18:36+00:00,minimal,stock,idle,10,vm-2268992-1778714314066,2268997,0.500917283,cache-misses,24882,17621125,100.00
2026-05-13T23:18:36+00:00,minimal,stock,idle,10,vm-2268992-1778714314066,2268997,0.601090446,dTLB-load-misses,,0,100.00
2026-05-13T23:18:36+00:00,minimal,stock,idle,10,vm-2268992-1778714314066,2268997,0.601090446,iTLB-load-misses,,0,100.00
2026-05-13T23:18:36+00:00,minimal,stock,idle,10,vm-2268992-1778714314066,2268997,0.601090446,cache-misses,,0,100.00
2026-05-13T23:18:36+00:00,minimal,stock,idle,10,vm-2268992-1778714314066,2268997,0.701256234,dTLB-load-misses,0,50424,100.00
2026-05-13T23:18:36+00:00,minimal,stock,idle,10,vm-2268992-1778714314066,2268997,0.701256234,iTLB-load-misses,0,50424,100.00
2026-05-13T23:18:36+00:00,minimal,stock,idle,10,vm-2268992-1778714314066,2268997,0.701256234,cache-misses,0,50424,100.00
2026-05-13T23:18:36+00:00,minimal,stock,idle,10,vm-2268992-1778714314066,2268997,0.801427394,dTLB-load-misses,,0,100.00
2026-05-13T23:18:36+00:00,minimal,stock,idle,10,vm-2268992-1778714314066,2268997,0.801427394,iTLB-load-misses,,0,100.00
2026-05-13T23:18:36+00:00,minimal,stock,idle,10,vm-2268992-1778714314066,2268997,0.801427394,cache-misses,,0,100.00
2026-05-13T23:18:36+00:00,minimal,stock,idle,10,vm-2268992-1778714314066,2268997,0.901584987,dTLB-load-misses,,0,100.00
2026-05-13T23:18:36+00:00,minimal,stock,idle,10,vm-2268992-1778714314066,2268997,0.901584987,iTLB-load-misses,,0,100.00
2026-05-13T23:18:36+00:00,minimal,stock,idle,10,vm-2268992-1778714314066,2268997,0.901584987,cache-misses,,0,100.00
2026-05-13T23:18:36+00:00,minimal,stock,idle,10,vm-2268992-1778714314066,2268997,1.001742931,dTLB-load-misses,7191,95676353,100.00
2026-05-13T23:18:36+00:00,minimal,stock,idle,10,vm-2268992-1778714314066,2268997,1.001742931,iTLB-load-misses,1160,95685290,100.00
2026-05-13T23:18:36+00:00,minimal,stock,idle,10,vm-2268992-1778714314066,2268997,1.001742931,cache-misses,242735,95693756,100.00
2026-05-13T23:18:36+00:00,minimal,stock,idle,10,vm-2268992-1778714314066,2268997,1.101911075,dTLB-load-misses,3216,31621714,100.00
2026-05-13T23:18:36+00:00,minimal,stock,idle,10,vm-2268992-1778714314066,2268997,1.101911075,iTLB-load-misses,987,31612777,100.00
2026-05-13T23:18:36+00:00,minimal,stock,idle,10,vm-2268992-1778714314066,2268997,1.101911075,cache-misses,93774,31604311,100.00
2026-05-13T23:18:36+00:00,minimal,stock,idle,10,vm-2268992-1778714314066,2268997,1.202067977,dTLB-load-misses,,0,100.00
2026-05-13T23:18:36+00:00,minimal,stock,idle,10,vm-2268992-1778714314066,2268997,1.202067977,iTLB-load-misses,,0,100.00
2026-05-13T23:18:36+00:00,minimal,stock,idle,10,vm-2268992-1778714314066,2268997,1.202067977,cache-misses,,0,100.00
2026-05-13T23:18:36+00:00,minimal,stock,idle,10,vm-2268992-1778714314066,2268997,1.302218978,dTLB-load-misses,,0,100.00
2026-05-13T23:18:36+00:00,minimal,stock,idle,10,vm-2268992-1778714314066,2268997,1.302218978,iTLB-load-misses,,0,100.00
2026-05-13T23:18:36+00:00,minimal,stock,idle,10,vm-2268992-1778714314066,2268997,1.302218978,cache-misses,,0,100.00
2026-05-13T23:18:36+00:00,minimal,stock,idle,10,vm-2268992-1778714314066,2268997,1.402364198,dTLB-load-misses,,0,100.00
2026-05-13T23:18:36+00:00,minimal,stock,idle,10,vm-2268992-1778714314066,2268997,1.402364198,iTLB-load-misses,,0,100.00
2026-05-13T23:18:36+00:00,minimal,stock,idle,10,vm-2268992-1778714314066,2268997,1.402364198,cache-misses,,0,100.00
2026-05-13T23:18:36+00:00,minimal,stock,idle,10,vm-2268992-1778714314066,2268997,1.502514128,dTLB-load-misses,,0,100.00
2026-05-13T23:18:36+00:00,minimal,stock,idle,10,vm-2268992-1778714314066,2268997,1.502514128,iTLB-load-misses,,0,100.00
2026-05-13T23:18:36+00:00,minimal,stock,idle,10,vm-2268992-1778714314066,2268997,1.502514128,cache-misses,,0,100.00
2026-05-13T23:18:36+00:00,minimal,stock,idle,10,vm-2268992-1778714314066,2268997,1.602661672,dTLB-load-misses,,0,100.00
2026-05-13T23:18:36+00:00,minimal,stock,idle,10,vm-2268992-1778714314066,2268997,1.602661672,iTLB-load-misses,,0,100.00
2026-05-13T23:18:36+00:00,minimal,stock,idle,10,vm-2268992-1778714314066,2268997,1.602661672,cache-misses,,0,100.00
2026-05-13T23:18:36+00:00,minimal,stock,idle,10,vm-2268992-1778714314066,2268997,1.702811121,dTLB-load-misses,,0,100.00
2026-05-13T23:18:36+00:00,minimal,stock,idle,10,vm-2268992-1778714314066,2268997,1.702811121,iTLB-load-misses,,0,100.00
2026-05-13T23:18:36+00:00,minimal,stock,idle,10,vm-2268992-1778714314066,2268997,1.702811121,cache-misses,,0,100.00
2026-05-13T23:18:36+00:00,minimal,stock,idle,10,vm-2268992-1778714314066,2268997,1.802959166,dTLB-load-misses,,0,100.00
2026-05-13T23:18:36+00:00,minimal,stock,idle,10,vm-2268992-1778714314066,2268997,1.802959166,iTLB-load-misses,,0,100.00
2026-05-13T23:18:36+00:00,minimal,stock,idle,10,vm-2268992-1778714314066,2268997,1.802959166,cache-misses,,0,100.00
2026-05-13T23:18:36+00:00,minimal,stock,idle,10,vm-2268992-1778714314066,2268997,1.903105068,dTLB-load-misses,,0,100.00
2026-05-13T23:18:36+00:00,minimal,stock,idle,10,vm-2268992-1778714314066,2268997,1.903105068,iTLB-load-misses,,0,100.00
2026-05-13T23:18:36+00:00,minimal,stock,idle,10,vm-2268992-1778714314066,2268997,1.903105068,cache-misses,,0,100.00
2026-05-13T23:18:36+00:00,minimal,stock,idle,10,vm-2268992-1778714314066,2268997,2.003099854,dTLB-load-misses,,0,100.00
2026-05-13T23:18:36+00:00,minimal,stock,idle,10,vm-2268992-1778714314066,2268997,2.003099854,iTLB-load-misses,,0,100.00
2026-05-13T23:18:36+00:00,minimal,stock,idle,10,vm-2268992-1778714314066,2268997,2.003099854,cache-misses,,0,100.00
2026-05-13T23:18:38+00:00,minimal,stock,idle,11,vm-2269165-1778714316291,2269170,0.100121616,dTLB-load-misses,7494,92723611,100.00
2026-05-13T23:18:38+00:00,minimal,stock,idle,11,vm-2269165-1778714316291,2269170,0.100121616,iTLB-load-misses,765,92730664,100.00
2026-05-13T23:18:38+00:00,minimal,stock,idle,11,vm-2269165-1778714316291,2269170,0.100121616,cache-misses,70512,92735894,100.00
2026-05-13T23:18:38+00:00,minimal,stock,idle,11,vm-2269165-1778714316291,2269170,0.200316460,dTLB-load-misses,8435,100120162,100.00
2026-05-13T23:18:38+00:00,minimal,stock,idle,11,vm-2269165-1778714316291,2269170,0.200316460,iTLB-load-misses,77,100118669,100.00
2026-05-13T23:18:38+00:00,minimal,stock,idle,11,vm-2269165-1778714316291,2269170,0.200316460,cache-misses,55378,100118529,100.00
2026-05-13T23:18:38+00:00,minimal,stock,idle,11,vm-2269165-1778714316291,2269170,0.300484373,dTLB-load-misses,8941,96874945,100.00
2026-05-13T23:18:38+00:00,minimal,stock,idle,11,vm-2269165-1778714316291,2269170,0.300484373,iTLB-load-misses,346,96869385,100.00
2026-05-13T23:18:38+00:00,minimal,stock,idle,11,vm-2269165-1778714316291,2269170,0.300484373,cache-misses,74898,96864295,100.00
2026-05-13T23:18:38+00:00,minimal,stock,idle,11,vm-2269165-1778714316291,2269170,0.400651374,dTLB-load-misses,402,11322394,100.00
2026-05-13T23:18:38+00:00,minimal,stock,idle,11,vm-2269165-1778714316291,2269170,0.400651374,iTLB-load-misses,87,11322394,100.00
2026-05-13T23:18:38+00:00,minimal,stock,idle,11,vm-2269165-1778714316291,2269170,0.400651374,cache-misses,5769,11322394,100.00
2026-05-13T23:18:38+00:00,minimal,stock,idle,11,vm-2269165-1778714316291,2269170,0.500819828,dTLB-load-misses,2666,50417699,100.00
2026-05-13T23:18:38+00:00,minimal,stock,idle,11,vm-2269165-1778714316291,2269170,0.500819828,iTLB-load-misses,263,50417699,100.00
2026-05-13T23:18:38+00:00,minimal,stock,idle,11,vm-2269165-1778714316291,2269170,0.500819828,cache-misses,36690,50417699,100.00
2026-05-13T23:18:38+00:00,minimal,stock,idle,11,vm-2269165-1778714316291,2269170,0.600986820,dTLB-load-misses,,0,100.00
2026-05-13T23:18:38+00:00,minimal,stock,idle,11,vm-2269165-1778714316291,2269170,0.600986820,iTLB-load-misses,,0,100.00
2026-05-13T23:18:38+00:00,minimal,stock,idle,11,vm-2269165-1778714316291,2269170,0.600986820,cache-misses,,0,100.00
2026-05-13T23:18:38+00:00,minimal,stock,idle,11,vm-2269165-1778714316291,2269170,0.701131599,dTLB-load-misses,,0,100.00
2026-05-13T23:18:38+00:00,minimal,stock,idle,11,vm-2269165-1778714316291,2269170,0.701131599,iTLB-load-misses,,0,100.00
2026-05-13T23:18:38+00:00,minimal,stock,idle,11,vm-2269165-1778714316291,2269170,0.701131599,cache-misses,,0,100.00
2026-05-13T23:18:38+00:00,minimal,stock,idle,11,vm-2269165-1778714316291,2269170,0.801277270,dTLB-load-misses,0,102232,100.00
2026-05-13T23:18:38+00:00,minimal,stock,idle,11,vm-2269165-1778714316291,2269170,0.801277270,iTLB-load-misses,0,102232,100.00
2026-05-13T23:18:38+00:00,minimal,stock,idle,11,vm-2269165-1778714316291,2269170,0.801277270,cache-misses,0,102232,100.00
2026-05-13T23:18:38+00:00,minimal,stock,idle,11,vm-2269165-1778714316291,2269170,0.901440164,dTLB-load-misses,,0,100.00
2026-05-13T23:18:38+00:00,minimal,stock,idle,11,vm-2269165-1778714316291,2269170,0.901440164,iTLB-load-misses,,0,100.00
2026-05-13T23:18:38+00:00,minimal,stock,idle,11,vm-2269165-1778714316291,2269170,0.901440164,cache-misses,,0,100.00
2026-05-13T23:18:38+00:00,minimal,stock,idle,11,vm-2269165-1778714316291,2269170,1.001578501,dTLB-load-misses,3731,54903035,100.00
2026-05-13T23:18:38+00:00,minimal,stock,idle,11,vm-2269165-1778714316291,2269170,1.001578501,iTLB-load-misses,918,54909096,100.00
2026-05-13T23:18:38+00:00,minimal,stock,idle,11,vm-2269165-1778714316291,2269170,1.001578501,cache-misses,83454,54909096,100.00
2026-05-13T23:18:38+00:00,minimal,stock,idle,11,vm-2269165-1778714316291,2269170,1.101735674,dTLB-load-misses,6694,55496702,100.00
2026-05-13T23:18:38+00:00,minimal,stock,idle,11,vm-2269165-1778714316291,2269170,1.101735674,iTLB-load-misses,1546,55497804,100.00
2026-05-13T23:18:38+00:00,minimal,stock,idle,11,vm-2269165-1778714316291,2269170,1.101735674,cache-misses,168545,55504637,100.00
2026-05-13T23:18:38+00:00,minimal,stock,idle,11,vm-2269165-1778714316291,2269170,1.201896173,dTLB-load-misses,1668,15578966,100.00
2026-05-13T23:18:38+00:00,minimal,stock,idle,11,vm-2269165-1778714316291,2269170,1.201896173,iTLB-load-misses,236,15571803,100.00
2026-05-13T23:18:38+00:00,minimal,stock,idle,11,vm-2269165-1778714316291,2269170,1.201896173,cache-misses,14268,15564970,100.00
2026-05-13T23:18:38+00:00,minimal,stock,idle,11,vm-2269165-1778714316291,2269170,1.302042815,dTLB-load-misses,,0,100.00
2026-05-13T23:18:38+00:00,minimal,stock,idle,11,vm-2269165-1778714316291,2269170,1.302042815,iTLB-load-misses,,0,100.00
2026-05-13T23:18:38+00:00,minimal,stock,idle,11,vm-2269165-1778714316291,2269170,1.302042815,cache-misses,,0,100.00
2026-05-13T23:18:38+00:00,minimal,stock,idle,11,vm-2269165-1778714316291,2269170,1.402201482,dTLB-load-misses,,0,100.00
2026-05-13T23:18:38+00:00,minimal,stock,idle,11,vm-2269165-1778714316291,2269170,1.402201482,iTLB-load-misses,,0,100.00
2026-05-13T23:18:38+00:00,minimal,stock,idle,11,vm-2269165-1778714316291,2269170,1.402201482,cache-misses,,0,100.00
2026-05-13T23:18:38+00:00,minimal,stock,idle,11,vm-2269165-1778714316291,2269170,1.502361921,dTLB-load-misses,,0,100.00
2026-05-13T23:18:38+00:00,minimal,stock,idle,11,vm-2269165-1778714316291,2269170,1.502361921,iTLB-load-misses,,0,100.00
2026-05-13T23:18:38+00:00,minimal,stock,idle,11,vm-2269165-1778714316291,2269170,1.502361921,cache-misses,,0,100.00
2026-05-13T23:18:38+00:00,minimal,stock,idle,11,vm-2269165-1778714316291,2269170,1.602524404,dTLB-load-misses,,0,100.00
2026-05-13T23:18:38+00:00,minimal,stock,idle,11,vm-2269165-1778714316291,2269170,1.602524404,iTLB-load-misses,,0,100.00
2026-05-13T23:18:38+00:00,minimal,stock,idle,11,vm-2269165-1778714316291,2269170,1.602524404,cache-misses,,0,100.00
2026-05-13T23:18:38+00:00,minimal,stock,idle,11,vm-2269165-1778714316291,2269170,1.702684162,dTLB-load-misses,,0,100.00
2026-05-13T23:18:38+00:00,minimal,stock,idle,11,vm-2269165-1778714316291,2269170,1.702684162,iTLB-load-misses,,0,100.00
2026-05-13T23:18:38+00:00,minimal,stock,idle,11,vm-2269165-1778714316291,2269170,1.702684162,cache-misses,,0,100.00
2026-05-13T23:18:38+00:00,minimal,stock,idle,11,vm-2269165-1778714316291,2269170,1.802819133,dTLB-load-misses,,0,100.00
2026-05-13T23:18:38+00:00,minimal,stock,idle,11,vm-2269165-1778714316291,2269170,1.802819133,iTLB-load-misses,,0,100.00
2026-05-13T23:18:38+00:00,minimal,stock,idle,11,vm-2269165-1778714316291,2269170,1.802819133,cache-misses,,0,100.00
2026-05-13T23:18:38+00:00,minimal,stock,idle,11,vm-2269165-1778714316291,2269170,1.902943684,dTLB-load-misses,,0,100.00
2026-05-13T23:18:38+00:00,minimal,stock,idle,11,vm-2269165-1778714316291,2269170,1.902943684,iTLB-load-misses,,0,100.00
2026-05-13T23:18:38+00:00,minimal,stock,idle,11,vm-2269165-1778714316291,2269170,1.902943684,cache-misses,,0,100.00
2026-05-13T23:18:38+00:00,minimal,stock,idle,11,vm-2269165-1778714316291,2269170,2.003082903,dTLB-load-misses,,0,100.00
2026-05-13T23:18:38+00:00,minimal,stock,idle,11,vm-2269165-1778714316291,2269170,2.003082903,iTLB-load-misses,,0,100.00
2026-05-13T23:18:38+00:00,minimal,stock,idle,11,vm-2269165-1778714316291,2269170,2.003082903,cache-misses,,0,100.00
2026-05-13T23:18:38+00:00,minimal,stock,idle,11,vm-2269165-1778714316291,2269170,2.003169116,dTLB-load-misses,,0,100.00
2026-05-13T23:18:38+00:00,minimal,stock,idle,11,vm-2269165-1778714316291,2269170,2.003169116,iTLB-load-misses,,0,100.00
2026-05-13T23:18:38+00:00,minimal,stock,idle,11,vm-2269165-1778714316291,2269170,2.003169116,cache-misses,,0,100.00
2026-05-13T23:18:40+00:00,minimal,stock,idle,12,vm-2269310-1778714318482,2269315,0.100128068,dTLB-load-misses,9813,100065099,100.00
2026-05-13T23:18:40+00:00,minimal,stock,idle,12,vm-2269310-1778714318482,2269315,0.100128068,iTLB-load-misses,16,100055660,100.00
2026-05-13T23:18:40+00:00,minimal,stock,idle,12,vm-2269310-1778714318482,2269315,0.100128068,cache-misses,180465,100048557,100.00
2026-05-13T23:18:40+00:00,minimal,stock,idle,12,vm-2269310-1778714318482,2269315,0.200344783,dTLB-load-misses,6861,100168592,100.00
2026-05-13T23:18:40+00:00,minimal,stock,idle,12,vm-2269310-1778714318482,2269315,0.200344783,iTLB-load-misses,142,100167781,100.00
2026-05-13T23:18:40+00:00,minimal,stock,idle,12,vm-2269310-1778714318482,2269315,0.200344783,cache-misses,117868,100167110,100.00
2026-05-13T23:18:40+00:00,minimal,stock,idle,12,vm-2269310-1778714318482,2269315,0.300509330,dTLB-load-misses,6017,65507204,100.00
2026-05-13T23:18:40+00:00,minimal,stock,idle,12,vm-2269310-1778714318482,2269315,0.300509330,iTLB-load-misses,299,65499640,100.00
2026-05-13T23:18:40+00:00,minimal,stock,idle,12,vm-2269310-1778714318482,2269315,0.300509330,cache-misses,106994,65492216,100.00
2026-05-13T23:18:40+00:00,minimal,stock,idle,12,vm-2269310-1778714318482,2269315,0.400666353,dTLB-load-misses,1387,30309427,100.00
2026-05-13T23:18:40+00:00,minimal,stock,idle,12,vm-2269310-1778714318482,2269315,0.400666353,iTLB-load-misses,178,30317933,100.00
2026-05-13T23:18:40+00:00,minimal,stock,idle,12,vm-2269310-1778714318482,2269315,0.400666353,cache-misses,30380,30325908,100.00
2026-05-13T23:18:40+00:00,minimal,stock,idle,12,vm-2269310-1778714318482,2269315,0.500828596,dTLB-load-misses,1607,27926177,100.00
2026-05-13T23:18:40+00:00,minimal,stock,idle,12,vm-2269310-1778714318482,2269315,0.500828596,iTLB-load-misses,215,27917671,100.00
2026-05-13T23:18:40+00:00,minimal,stock,idle,12,vm-2269310-1778714318482,2269315,0.500828596,cache-misses,33311,27909696,100.00
2026-05-13T23:18:40+00:00,minimal,stock,idle,12,vm-2269310-1778714318482,2269315,0.600989225,dTLB-load-misses,,0,100.00
2026-05-13T23:18:40+00:00,minimal,stock,idle,12,vm-2269310-1778714318482,2269315,0.600989225,iTLB-load-misses,,0,100.00
2026-05-13T23:18:40+00:00,minimal,stock,idle,12,vm-2269310-1778714318482,2269315,0.600989225,cache-misses,,0,100.00
2026-05-13T23:18:40+00:00,minimal,stock,idle,12,vm-2269310-1778714318482,2269315,0.701180733,dTLB-load-misses,0,77947,100.00
2026-05-13T23:18:40+00:00,minimal,stock,idle,12,vm-2269310-1778714318482,2269315,0.701180733,iTLB-load-misses,0,77947,100.00
2026-05-13T23:18:40+00:00,minimal,stock,idle,12,vm-2269310-1778714318482,2269315,0.701180733,cache-misses,0,77947,100.00
2026-05-13T23:18:40+00:00,minimal,stock,idle,12,vm-2269310-1778714318482,2269315,0.801361249,dTLB-load-misses,,0,100.00
2026-05-13T23:18:40+00:00,minimal,stock,idle,12,vm-2269310-1778714318482,2269315,0.801361249,iTLB-load-misses,,0,100.00
2026-05-13T23:18:40+00:00,minimal,stock,idle,12,vm-2269310-1778714318482,2269315,0.801361249,cache-misses,,0,100.00
2026-05-13T23:18:40+00:00,minimal,stock,idle,12,vm-2269310-1778714318482,2269315,0.901519585,dTLB-load-misses,,0,100.00
2026-05-13T23:18:40+00:00,minimal,stock,idle,12,vm-2269310-1778714318482,2269315,0.901519585,iTLB-load-misses,,0,100.00
2026-05-13T23:18:40+00:00,minimal,stock,idle,12,vm-2269310-1778714318482,2269315,0.901519585,cache-misses,,0,100.00
2026-05-13T23:18:40+00:00,minimal,stock,idle,12,vm-2269310-1778714318482,2269315,1.001682920,dTLB-load-misses,7773,74127255,100.00
2026-05-13T23:18:40+00:00,minimal,stock,idle,12,vm-2269310-1778714318482,2269315,1.001682920,iTLB-load-misses,1154,74127255,100.00
2026-05-13T23:18:40+00:00,minimal,stock,idle,12,vm-2269310-1778714318482,2269315,1.001682920,cache-misses,239759,74127255,100.00
2026-05-13T23:18:40+00:00,minimal,stock,idle,12,vm-2269310-1778714318482,2269315,1.101849501,dTLB-load-misses,2322,22699625,100.00
2026-05-13T23:18:40+00:00,minimal,stock,idle,12,vm-2269310-1778714318482,2269315,1.101849501,iTLB-load-misses,356,22699625,100.00
2026-05-13T23:18:40+00:00,minimal,stock,idle,12,vm-2269310-1778714318482,2269315,1.101849501,cache-misses,39613,22699625,100.00
2026-05-13T23:18:40+00:00,minimal,stock,idle,12,vm-2269310-1778714318482,2269315,1.202009488,dTLB-load-misses,,0,100.00
2026-05-13T23:18:40+00:00,minimal,stock,idle,12,vm-2269310-1778714318482,2269315,1.202009488,iTLB-load-misses,,0,100.00
2026-05-13T23:18:40+00:00,minimal,stock,idle,12,vm-2269310-1778714318482,2269315,1.202009488,cache-misses,,0,100.00
2026-05-13T23:18:40+00:00,minimal,stock,idle,12,vm-2269310-1778714318482,2269315,1.302159868,dTLB-load-misses,,0,100.00
2026-05-13T23:18:40+00:00,minimal,stock,idle,12,vm-2269310-1778714318482,2269315,1.302159868,iTLB-load-misses,,0,100.00
2026-05-13T23:18:40+00:00,minimal,stock,idle,12,vm-2269310-1778714318482,2269315,1.302159868,cache-misses,,0,100.00
2026-05-13T23:18:40+00:00,minimal,stock,idle,12,vm-2269310-1778714318482,2269315,1.402318704,dTLB-load-misses,,0,100.00
2026-05-13T23:18:40+00:00,minimal,stock,idle,12,vm-2269310-1778714318482,2269315,1.402318704,iTLB-load-misses,,0,100.00
2026-05-13T23:18:40+00:00,minimal,stock,idle,12,vm-2269310-1778714318482,2269315,1.402318704,cache-misses,,0,100.00
2026-05-13T23:18:40+00:00,minimal,stock,idle,12,vm-2269310-1778714318482,2269315,1.502468433,dTLB-load-misses,,0,100.00
2026-05-13T23:18:40+00:00,minimal,stock,idle,12,vm-2269310-1778714318482,2269315,1.502468433,iTLB-load-misses,,0,100.00
2026-05-13T23:18:40+00:00,minimal,stock,idle,12,vm-2269310-1778714318482,2269315,1.502468433,cache-misses,,0,100.00
2026-05-13T23:18:40+00:00,minimal,stock,idle,12,vm-2269310-1778714318482,2269315,1.602620196,dTLB-load-misses,,0,100.00
2026-05-13T23:18:40+00:00,minimal,stock,idle,12,vm-2269310-1778714318482,2269315,1.602620196,iTLB-load-misses,,0,100.00
2026-05-13T23:18:40+00:00,minimal,stock,idle,12,vm-2269310-1778714318482,2269315,1.602620196,cache-misses,,0,100.00
2026-05-13T23:18:40+00:00,minimal,stock,idle,12,vm-2269310-1778714318482,2269315,1.702794140,dTLB-load-misses,,0,100.00
2026-05-13T23:18:40+00:00,minimal,stock,idle,12,vm-2269310-1778714318482,2269315,1.702794140,iTLB-load-misses,,0,100.00
2026-05-13T23:18:40+00:00,minimal,stock,idle,12,vm-2269310-1778714318482,2269315,1.702794140,cache-misses,,0,100.00
2026-05-13T23:18:40+00:00,minimal,stock,idle,12,vm-2269310-1778714318482,2269315,1.802941734,dTLB-load-misses,,0,100.00
2026-05-13T23:18:40+00:00,minimal,stock,idle,12,vm-2269310-1778714318482,2269315,1.802941734,iTLB-load-misses,,0,100.00
2026-05-13T23:18:40+00:00,minimal,stock,idle,12,vm-2269310-1778714318482,2269315,1.802941734,cache-misses,,0,100.00
2026-05-13T23:18:40+00:00,minimal,stock,idle,12,vm-2269310-1778714318482,2269315,1.903091753,dTLB-load-misses,,0,100.00
2026-05-13T23:18:40+00:00,minimal,stock,idle,12,vm-2269310-1778714318482,2269315,1.903091753,iTLB-load-misses,,0,100.00
2026-05-13T23:18:40+00:00,minimal,stock,idle,12,vm-2269310-1778714318482,2269315,1.903091753,cache-misses,,0,100.00
2026-05-13T23:18:40+00:00,minimal,stock,idle,12,vm-2269310-1778714318482,2269315,2.003268984,dTLB-load-misses,,0,100.00
2026-05-13T23:18:40+00:00,minimal,stock,idle,12,vm-2269310-1778714318482,2269315,2.003268984,iTLB-load-misses,,0,100.00
2026-05-13T23:18:40+00:00,minimal,stock,idle,12,vm-2269310-1778714318482,2269315,2.003268984,cache-misses,,0,100.00
2026-05-13T23:18:40+00:00,minimal,stock,idle,12,vm-2269310-1778714318482,2269315,2.003722529,dTLB-load-misses,,0,100.00
2026-05-13T23:18:40+00:00,minimal,stock,idle,12,vm-2269310-1778714318482,2269315,2.003722529,iTLB-load-misses,,0,100.00
2026-05-13T23:18:40+00:00,minimal,stock,idle,12,vm-2269310-1778714318482,2269315,2.003722529,cache-misses,,0,100.00
2026-05-13T23:18:42+00:00,minimal,stock,idle,13,vm-2269445-1778714320699,2269450,0.100119773,dTLB-load-misses,8828,95790612,100.00
2026-05-13T23:18:42+00:00,minimal,stock,idle,13,vm-2269445-1778714320699,2269450,0.100119773,iTLB-load-misses,713,95797755,100.00
2026-05-13T23:18:42+00:00,minimal,stock,idle,13,vm-2269445-1778714320699,2269450,0.100119773,cache-misses,105281,95803496,100.00
2026-05-13T23:18:42+00:00,minimal,stock,idle,13,vm-2269445-1778714320699,2269450,0.200302283,dTLB-load-misses,9411,98626619,100.00
2026-05-13T23:18:42+00:00,minimal,stock,idle,13,vm-2269445-1778714320699,2269450,0.200302283,iTLB-load-misses,89,98624686,100.00
2026-05-13T23:18:42+00:00,minimal,stock,idle,13,vm-2269445-1778714320699,2269450,0.200302283,cache-misses,98432,98623804,100.00
2026-05-13T23:18:42+00:00,minimal,stock,idle,13,vm-2269445-1778714320699,2269450,0.300472711,dTLB-load-misses,9622,94404303,100.00
2026-05-13T23:18:42+00:00,minimal,stock,idle,13,vm-2269445-1778714320699,2269450,0.300472711,iTLB-load-misses,397,94405505,100.00
2026-05-13T23:18:42+00:00,minimal,stock,idle,13,vm-2269445-1778714320699,2269450,0.300472711,cache-misses,116076,94405856,100.00
2026-05-13T23:18:42+00:00,minimal,stock,idle,13,vm-2269445-1778714320699,2269450,0.400625496,dTLB-load-misses,698,15496111,100.00
2026-05-13T23:18:42+00:00,minimal,stock,idle,13,vm-2269445-1778714320699,2269450,0.400625496,iTLB-load-misses,112,15497463,100.00
2026-05-13T23:18:42+00:00,minimal,stock,idle,13,vm-2269445-1778714320699,2269450,0.400625496,cache-misses,11149,15498946,100.00
2026-05-13T23:18:42+00:00,minimal,stock,idle,13,vm-2269445-1778714320699,2269450,0.500790403,dTLB-load-misses,2679,44455295,100.00
2026-05-13T23:18:42+00:00,minimal,stock,idle,13,vm-2269445-1778714320699,2269450,0.500790403,iTLB-load-misses,319,44447531,100.00
2026-05-13T23:18:42+00:00,minimal,stock,idle,13,vm-2269445-1778714320699,2269450,0.500790403,cache-misses,42869,44440838,100.00
2026-05-13T23:18:42+00:00,minimal,stock,idle,13,vm-2269445-1778714320699,2269450,0.600955290,dTLB-load-misses,,0,100.00
2026-05-13T23:18:42+00:00,minimal,stock,idle,13,vm-2269445-1778714320699,2269450,0.600955290,iTLB-load-misses,,0,100.00
2026-05-13T23:18:42+00:00,minimal,stock,idle,13,vm-2269445-1778714320699,2269450,0.600955290,cache-misses,,0,100.00
2026-05-13T23:18:42+00:00,minimal,stock,idle,13,vm-2269445-1778714320699,2269450,0.701100882,dTLB-load-misses,,0,100.00
2026-05-13T23:18:42+00:00,minimal,stock,idle,13,vm-2269445-1778714320699,2269450,0.701100882,iTLB-load-misses,,0,100.00
2026-05-13T23:18:42+00:00,minimal,stock,idle,13,vm-2269445-1778714320699,2269450,0.701100882,cache-misses,,0,100.00
2026-05-13T23:18:42+00:00,minimal,stock,idle,13,vm-2269445-1778714320699,2269450,0.801261571,dTLB-load-misses,0,34916,100.00
2026-05-13T23:18:42+00:00,minimal,stock,idle,13,vm-2269445-1778714320699,2269450,0.801261571,iTLB-load-misses,0,34916,100.00
2026-05-13T23:18:42+00:00,minimal,stock,idle,13,vm-2269445-1778714320699,2269450,0.801261571,cache-misses,0,34916,100.00
2026-05-13T23:18:42+00:00,minimal,stock,idle,13,vm-2269445-1778714320699,2269450,0.901432740,dTLB-load-misses,,0,100.00
2026-05-13T23:18:42+00:00,minimal,stock,idle,13,vm-2269445-1778714320699,2269450,0.901432740,iTLB-load-misses,,0,100.00
2026-05-13T23:18:42+00:00,minimal,stock,idle,13,vm-2269445-1778714320699,2269450,0.901432740,cache-misses,,0,100.00
2026-05-13T23:18:42+00:00,minimal,stock,idle,13,vm-2269445-1778714320699,2269450,1.001585795,dTLB-load-misses,3311,58272384,100.00
2026-05-13T23:18:42+00:00,minimal,stock,idle,13,vm-2269445-1778714320699,2269450,1.001585795,iTLB-load-misses,485,58280139,100.00
2026-05-13T23:18:42+00:00,minimal,stock,idle,13,vm-2269445-1778714320699,2269450,1.001585795,cache-misses,85132,58287593,100.00
2026-05-13T23:18:42+00:00,minimal,stock,idle,13,vm-2269445-1778714320699,2269450,1.101760360,dTLB-load-misses,5818,53228482,100.00
2026-05-13T23:18:42+00:00,minimal,stock,idle,13,vm-2269445-1778714320699,2269450,1.101760360,iTLB-load-misses,1219,53227029,100.00
2026-05-13T23:18:42+00:00,minimal,stock,idle,13,vm-2269445-1778714320699,2269450,1.101760360,cache-misses,158949,53225917,100.00
2026-05-13T23:18:42+00:00,minimal,stock,idle,13,vm-2269445-1778714320699,2269450,1.201918675,dTLB-load-misses,1747,16053726,100.00
2026-05-13T23:18:42+00:00,minimal,stock,idle,13,vm-2269445-1778714320699,2269450,1.201918675,iTLB-load-misses,215,16047424,100.00
2026-05-13T23:18:42+00:00,minimal,stock,idle,13,vm-2269445-1778714320699,2269450,1.201918675,cache-misses,18995,16041082,100.00
2026-05-13T23:18:42+00:00,minimal,stock,idle,13,vm-2269445-1778714320699,2269450,1.302063264,dTLB-load-misses,,0,100.00
2026-05-13T23:18:42+00:00,minimal,stock,idle,13,vm-2269445-1778714320699,2269450,1.302063264,iTLB-load-misses,,0,100.00
2026-05-13T23:18:42+00:00,minimal,stock,idle,13,vm-2269445-1778714320699,2269450,1.302063264,cache-misses,,0,100.00
2026-05-13T23:18:42+00:00,minimal,stock,idle,13,vm-2269445-1778714320699,2269450,1.402230205,dTLB-load-misses,,0,100.00
2026-05-13T23:18:42+00:00,minimal,stock,idle,13,vm-2269445-1778714320699,2269450,1.402230205,iTLB-load-misses,,0,100.00
2026-05-13T23:18:42+00:00,minimal,stock,idle,13,vm-2269445-1778714320699,2269450,1.402230205,cache-misses,,0,100.00
2026-05-13T23:18:42+00:00,minimal,stock,idle,13,vm-2269445-1778714320699,2269450,1.502376558,dTLB-load-misses,,0,100.00
2026-05-13T23:18:42+00:00,minimal,stock,idle,13,vm-2269445-1778714320699,2269450,1.502376558,iTLB-load-misses,,0,100.00
2026-05-13T23:18:42+00:00,minimal,stock,idle,13,vm-2269445-1778714320699,2269450,1.502376558,cache-misses,,0,100.00
2026-05-13T23:18:42+00:00,minimal,stock,idle,13,vm-2269445-1778714320699,2269450,1.602513593,dTLB-load-misses,,0,100.00
2026-05-13T23:18:42+00:00,minimal,stock,idle,13,vm-2269445-1778714320699,2269450,1.602513593,iTLB-load-misses,,0,100.00
2026-05-13T23:18:42+00:00,minimal,stock,idle,13,vm-2269445-1778714320699,2269450,1.602513593,cache-misses,,0,100.00
2026-05-13T23:18:42+00:00,minimal,stock,idle,13,vm-2269445-1778714320699,2269450,1.702652341,dTLB-load-misses,,0,100.00
2026-05-13T23:18:42+00:00,minimal,stock,idle,13,vm-2269445-1778714320699,2269450,1.702652341,iTLB-load-misses,,0,100.00
2026-05-13T23:18:42+00:00,minimal,stock,idle,13,vm-2269445-1778714320699,2269450,1.702652341,cache-misses,,0,100.00
2026-05-13T23:18:42+00:00,minimal,stock,idle,13,vm-2269445-1778714320699,2269450,1.802789686,dTLB-load-misses,,0,100.00
2026-05-13T23:18:42+00:00,minimal,stock,idle,13,vm-2269445-1778714320699,2269450,1.802789686,iTLB-load-misses,,0,100.00
2026-05-13T23:18:42+00:00,minimal,stock,idle,13,vm-2269445-1778714320699,2269450,1.802789686,cache-misses,,0,100.00
2026-05-13T23:18:42+00:00,minimal,stock,idle,13,vm-2269445-1778714320699,2269450,1.902932201,dTLB-load-misses,,0,100.00
2026-05-13T23:18:42+00:00,minimal,stock,idle,13,vm-2269445-1778714320699,2269450,1.902932201,iTLB-load-misses,,0,100.00
2026-05-13T23:18:42+00:00,minimal,stock,idle,13,vm-2269445-1778714320699,2269450,1.902932201,cache-misses,,0,100.00
2026-05-13T23:18:42+00:00,minimal,stock,idle,13,vm-2269445-1778714320699,2269450,2.003030704,dTLB-load-misses,,0,100.00
2026-05-13T23:18:42+00:00,minimal,stock,idle,13,vm-2269445-1778714320699,2269450,2.003030704,iTLB-load-misses,,0,100.00
2026-05-13T23:18:42+00:00,minimal,stock,idle,13,vm-2269445-1778714320699,2269450,2.003030704,cache-misses,,0,100.00
2026-05-13T23:18:44+00:00,minimal,stock,idle,14,vm-2269598-1778714322889,2269604,0.100125573,dTLB-load-misses,10859,100170094,100.00
2026-05-13T23:18:44+00:00,minimal,stock,idle,14,vm-2269598-1778714322889,2269604,0.100125573,iTLB-load-misses,21,100162109,100.00
2026-05-13T23:18:44+00:00,minimal,stock,idle,14,vm-2269598-1778714322889,2269604,0.100125573,cache-misses,125529,100154936,100.00
2026-05-13T23:18:44+00:00,minimal,stock,idle,14,vm-2269598-1778714322889,2269604,0.200334604,dTLB-load-misses,7523,100204400,100.00
2026-05-13T23:18:44+00:00,minimal,stock,idle,14,vm-2269598-1778714322889,2269604,0.200334604,iTLB-load-misses,214,100203148,100.00
2026-05-13T23:18:44+00:00,minimal,stock,idle,14,vm-2269598-1778714322889,2269604,0.200334604,cache-misses,93835,100202526,100.00
2026-05-13T23:18:44+00:00,minimal,stock,idle,14,vm-2269598-1778714322889,2269604,0.300502426,dTLB-load-misses,6340,64138598,100.00
2026-05-13T23:18:44+00:00,minimal,stock,idle,14,vm-2269598-1778714322889,2269604,0.300502426,iTLB-load-misses,372,64131234,100.00
2026-05-13T23:18:44+00:00,minimal,stock,idle,14,vm-2269598-1778714322889,2269604,0.300502426,cache-misses,77377,64123550,100.00
2026-05-13T23:18:44+00:00,minimal,stock,idle,14,vm-2269598-1778714322889,2269604,0.400647927,dTLB-load-misses,1554,31596493,100.00
2026-05-13T23:18:44+00:00,minimal,stock,idle,14,vm-2269598-1778714322889,2269604,0.400647927,iTLB-load-misses,272,31604579,100.00
2026-05-13T23:18:44+00:00,minimal,stock,idle,14,vm-2269598-1778714322889,2269604,0.400647927,cache-misses,27363,31612093,100.00
2026-05-13T23:18:44+00:00,minimal,stock,idle,14,vm-2269598-1778714322889,2269604,0.500801974,dTLB-load-misses,1659,27233210,100.00
2026-05-13T23:18:44+00:00,minimal,stock,idle,14,vm-2269598-1778714322889,2269604,0.500801974,iTLB-load-misses,229,27225124,100.00
2026-05-13T23:18:44+00:00,minimal,stock,idle,14,vm-2269598-1778714322889,2269604,0.500801974,cache-misses,31500,27217610,100.00
2026-05-13T23:18:44+00:00,minimal,stock,idle,14,vm-2269598-1778714322889,2269604,0.600951342,dTLB-load-misses,,0,100.00
2026-05-13T23:18:44+00:00,minimal,stock,idle,14,vm-2269598-1778714322889,2269604,0.600951342,iTLB-load-misses,,0,100.00
2026-05-13T23:18:44+00:00,minimal,stock,idle,14,vm-2269598-1778714322889,2269604,0.600951342,cache-misses,,0,100.00
2026-05-13T23:18:44+00:00,minimal,stock,idle,14,vm-2269598-1778714322889,2269604,0.701099067,dTLB-load-misses,0,63389,100.00
2026-05-13T23:18:44+00:00,minimal,stock,idle,14,vm-2269598-1778714322889,2269604,0.701099067,iTLB-load-misses,0,63389,100.00
2026-05-13T23:18:44+00:00,minimal,stock,idle,14,vm-2269598-1778714322889,2269604,0.701099067,cache-misses,0,63389,100.00
2026-05-13T23:18:44+00:00,minimal,stock,idle,14,vm-2269598-1778714322889,2269604,0.801244237,dTLB-load-misses,,0,100.00
2026-05-13T23:18:44+00:00,minimal,stock,idle,14,vm-2269598-1778714322889,2269604,0.801244237,iTLB-load-misses,,0,100.00
2026-05-13T23:18:44+00:00,minimal,stock,idle,14,vm-2269598-1778714322889,2269604,0.801244237,cache-misses,,0,100.00
2026-05-13T23:18:44+00:00,minimal,stock,idle,14,vm-2269598-1778714322889,2269604,0.901388025,dTLB-load-misses,,0,100.00
2026-05-13T23:18:44+00:00,minimal,stock,idle,14,vm-2269598-1778714322889,2269604,0.901388025,iTLB-load-misses,,0,100.00
2026-05-13T23:18:44+00:00,minimal,stock,idle,14,vm-2269598-1778714322889,2269604,0.901388025,cache-misses,,0,100.00
2026-05-13T23:18:44+00:00,minimal,stock,idle,14,vm-2269598-1778714322889,2269604,1.001457453,dTLB-load-misses,7385,89904191,100.00
2026-05-13T23:18:44+00:00,minimal,stock,idle,14,vm-2269598-1778714322889,2269604,1.001457453,iTLB-load-misses,1607,89912867,100.00
2026-05-13T23:18:44+00:00,minimal,stock,idle,14,vm-2269598-1778714322889,2269604,1.001457453,cache-misses,182970,89921393,100.00
2026-05-13T23:18:44+00:00,minimal,stock,idle,14,vm-2269598-1778714322889,2269604,1.101633240,dTLB-load-misses,3622,34733043,100.00
2026-05-13T23:18:44+00:00,minimal,stock,idle,14,vm-2269598-1778714322889,2269604,1.101633240,iTLB-load-misses,1218,34724367,100.00
2026-05-13T23:18:44+00:00,minimal,stock,idle,14,vm-2269598-1778714322889,2269604,1.101633240,cache-misses,87080,34715841,100.00
2026-05-13T23:18:44+00:00,minimal,stock,idle,14,vm-2269598-1778714322889,2269604,1.201814058,dTLB-load-misses,84,7123158,100.00
2026-05-13T23:18:44+00:00,minimal,stock,idle,14,vm-2269598-1778714322889,2269604,1.201814058,iTLB-load-misses,44,7123158,100.00
2026-05-13T23:18:44+00:00,minimal,stock,idle,14,vm-2269598-1778714322889,2269604,1.201814058,cache-misses,999,7123158,100.00
2026-05-13T23:18:44+00:00,minimal,stock,idle,14,vm-2269598-1778714322889,2269604,1.301996839,dTLB-load-misses,,0,100.00
2026-05-13T23:18:44+00:00,minimal,stock,idle,14,vm-2269598-1778714322889,2269604,1.301996839,iTLB-load-misses,,0,100.00
2026-05-13T23:18:44+00:00,minimal,stock,idle,14,vm-2269598-1778714322889,2269604,1.301996839,cache-misses,,0,100.00
2026-05-13T23:18:44+00:00,minimal,stock,idle,14,vm-2269598-1778714322889,2269604,1.402143271,dTLB-load-misses,,0,100.00
2026-05-13T23:18:44+00:00,minimal,stock,idle,14,vm-2269598-1778714322889,2269604,1.402143271,iTLB-load-misses,,0,100.00
2026-05-13T23:18:44+00:00,minimal,stock,idle,14,vm-2269598-1778714322889,2269604,1.402143271,cache-misses,,0,100.00
2026-05-13T23:18:44+00:00,minimal,stock,idle,14,vm-2269598-1778714322889,2269604,1.502285155,dTLB-load-misses,,0,100.00
2026-05-13T23:18:44+00:00,minimal,stock,idle,14,vm-2269598-1778714322889,2269604,1.502285155,iTLB-load-misses,,0,100.00
2026-05-13T23:18:44+00:00,minimal,stock,idle,14,vm-2269598-1778714322889,2269604,1.502285155,cache-misses,,0,100.00
2026-05-13T23:18:44+00:00,minimal,stock,idle,14,vm-2269598-1778714322889,2269604,1.602472164,dTLB-load-misses,,0,100.00
2026-05-13T23:18:44+00:00,minimal,stock,idle,14,vm-2269598-1778714322889,2269604,1.602472164,iTLB-load-misses,,0,100.00
2026-05-13T23:18:44+00:00,minimal,stock,idle,14,vm-2269598-1778714322889,2269604,1.602472164,cache-misses,,0,100.00
2026-05-13T23:18:44+00:00,minimal,stock,idle,14,vm-2269598-1778714322889,2269604,1.702615701,dTLB-load-misses,,0,100.00
2026-05-13T23:18:44+00:00,minimal,stock,idle,14,vm-2269598-1778714322889,2269604,1.702615701,iTLB-load-misses,,0,100.00
2026-05-13T23:18:44+00:00,minimal,stock,idle,14,vm-2269598-1778714322889,2269604,1.702615701,cache-misses,,0,100.00
2026-05-13T23:18:44+00:00,minimal,stock,idle,14,vm-2269598-1778714322889,2269604,1.802758036,dTLB-load-misses,,0,100.00
2026-05-13T23:18:44+00:00,minimal,stock,idle,14,vm-2269598-1778714322889,2269604,1.802758036,iTLB-load-misses,,0,100.00
2026-05-13T23:18:44+00:00,minimal,stock,idle,14,vm-2269598-1778714322889,2269604,1.802758036,cache-misses,,0,100.00
2026-05-13T23:18:44+00:00,minimal,stock,idle,14,vm-2269598-1778714322889,2269604,1.902901593,dTLB-load-misses,,0,100.00
2026-05-13T23:18:44+00:00,minimal,stock,idle,14,vm-2269598-1778714322889,2269604,1.902901593,iTLB-load-misses,,0,100.00
2026-05-13T23:18:44+00:00,minimal,stock,idle,14,vm-2269598-1778714322889,2269604,1.902901593,cache-misses,,0,100.00
2026-05-13T23:18:44+00:00,minimal,stock,idle,14,vm-2269598-1778714322889,2269604,2.003045320,dTLB-load-misses,,0,100.00
2026-05-13T23:18:44+00:00,minimal,stock,idle,14,vm-2269598-1778714322889,2269604,2.003045320,iTLB-load-misses,,0,100.00
2026-05-13T23:18:44+00:00,minimal,stock,idle,14,vm-2269598-1778714322889,2269604,2.003045320,cache-misses,,0,100.00
2026-05-13T23:18:44+00:00,minimal,stock,idle,14,vm-2269598-1778714322889,2269604,2.003734310,dTLB-load-misses,,0,100.00
2026-05-13T23:18:44+00:00,minimal,stock,idle,14,vm-2269598-1778714322889,2269604,2.003734310,iTLB-load-misses,,0,100.00
2026-05-13T23:18:44+00:00,minimal,stock,idle,14,vm-2269598-1778714322889,2269604,2.003734310,cache-misses,,0,100.00
2026-05-13T23:18:47+00:00,minimal,stock,idle,15,vm-2269732-1778714325118,2269739,0.100122447,dTLB-load-misses,10015,100539828,100.00
2026-05-13T23:18:47+00:00,minimal,stock,idle,15,vm-2269732-1778714325118,2269739,0.100122447,iTLB-load-misses,356,100313504,100.00
2026-05-13T23:18:47+00:00,minimal,stock,idle,15,vm-2269732-1778714325118,2269739,0.100122447,cache-misses,62146,100308253,100.00
2026-05-13T23:18:47+00:00,minimal,stock,idle,15,vm-2269732-1778714325118,2269739,0.200318894,dTLB-load-misses,7662,100123008,100.00
2026-05-13T23:18:47+00:00,minimal,stock,idle,15,vm-2269732-1778714325118,2269739,0.200318894,iTLB-load-misses,119,100121294,100.00
2026-05-13T23:18:47+00:00,minimal,stock,idle,15,vm-2269732-1778714325118,2269739,0.200318894,cache-misses,38782,100122336,100.00
2026-05-13T23:18:47+00:00,minimal,stock,idle,15,vm-2269732-1778714325118,2269739,0.300476808,dTLB-load-misses,8331,79617672,100.00
2026-05-13T23:18:47+00:00,minimal,stock,idle,15,vm-2269732-1778714325118,2269739,0.300476808,iTLB-load-misses,366,79611721,100.00
2026-05-13T23:18:47+00:00,minimal,stock,idle,15,vm-2269732-1778714325118,2269739,0.300476808,cache-misses,53023,79605550,100.00
2026-05-13T23:18:47+00:00,minimal,stock,idle,15,vm-2269732-1778714325118,2269739,0.400630134,dTLB-load-misses,770,16505412,100.00
2026-05-13T23:18:47+00:00,minimal,stock,idle,15,vm-2269732-1778714325118,2269739,0.400630134,iTLB-load-misses,186,16512485,100.00
2026-05-13T23:18:47+00:00,minimal,stock,idle,15,vm-2269732-1778714325118,2269739,0.400630134,cache-misses,11470,16518616,100.00
2026-05-13T23:18:47+00:00,minimal,stock,idle,15,vm-2269732-1778714325118,2269739,0.500825419,dTLB-load-misses,2459,42637166,100.00
2026-05-13T23:18:47+00:00,minimal,stock,idle,15,vm-2269732-1778714325118,2269739,0.500825419,iTLB-load-misses,260,42630093,100.00
2026-05-13T23:18:47+00:00,minimal,stock,idle,15,vm-2269732-1778714325118,2269739,0.500825419,cache-misses,23970,42623962,100.00
2026-05-13T23:18:47+00:00,minimal,stock,idle,15,vm-2269732-1778714325118,2269739,0.600980187,dTLB-load-misses,,0,100.00
2026-05-13T23:18:47+00:00,minimal,stock,idle,15,vm-2269732-1778714325118,2269739,0.600980187,iTLB-load-misses,,0,100.00
2026-05-13T23:18:47+00:00,minimal,stock,idle,15,vm-2269732-1778714325118,2269739,0.600980187,cache-misses,,0,100.00
2026-05-13T23:18:47+00:00,minimal,stock,idle,15,vm-2269732-1778714325118,2269739,0.701130727,dTLB-load-misses,,0,100.00
2026-05-13T23:18:47+00:00,minimal,stock,idle,15,vm-2269732-1778714325118,2269739,0.701130727,iTLB-load-misses,,0,100.00
2026-05-13T23:18:47+00:00,minimal,stock,idle,15,vm-2269732-1778714325118,2269739,0.701130727,cache-misses,,0,100.00
2026-05-13T23:18:47+00:00,minimal,stock,idle,15,vm-2269732-1778714325118,2269739,0.801271830,dTLB-load-misses,0,73758,100.00
2026-05-13T23:18:47+00:00,minimal,stock,idle,15,vm-2269732-1778714325118,2269739,0.801271830,iTLB-load-misses,0,73758,100.00
2026-05-13T23:18:47+00:00,minimal,stock,idle,15,vm-2269732-1778714325118,2269739,0.801271830,cache-misses,0,73758,100.00
2026-05-13T23:18:47+00:00,minimal,stock,idle,15,vm-2269732-1778714325118,2269739,0.901408564,dTLB-load-misses,,0,100.00
2026-05-13T23:18:47+00:00,minimal,stock,idle,15,vm-2269732-1778714325118,2269739,0.901408564,iTLB-load-misses,,0,100.00
2026-05-13T23:18:47+00:00,minimal,stock,idle,15,vm-2269732-1778714325118,2269739,0.901408564,cache-misses,,0,100.00
2026-05-13T23:18:47+00:00,minimal,stock,idle,15,vm-2269732-1778714325118,2269739,1.001539076,dTLB-load-misses,5506,75011372,100.00
2026-05-13T23:18:47+00:00,minimal,stock,idle,15,vm-2269732-1778714325118,2269739,1.001539076,iTLB-load-misses,1114,75017193,100.00
2026-05-13T23:18:47+00:00,minimal,stock,idle,15,vm-2269732-1778714325118,2269739,1.001539076,cache-misses,117976,75022303,100.00
2026-05-13T23:18:47+00:00,minimal,stock,idle,15,vm-2269732-1778714325118,2269739,1.101696510,dTLB-load-misses,5709,48566111,100.00
2026-05-13T23:18:47+00:00,minimal,stock,idle,15,vm-2269732-1778714325118,2269739,1.101696510,iTLB-load-misses,1288,48560290,100.00
2026-05-13T23:18:47+00:00,minimal,stock,idle,15,vm-2269732-1778714325118,2269739,1.101696510,cache-misses,121734,48555180,100.00
2026-05-13T23:18:47+00:00,minimal,stock,idle,15,vm-2269732-1778714325118,2269739,1.201848713,dTLB-load-misses,56,263124,100.00
2026-05-13T23:18:47+00:00,minimal,stock,idle,15,vm-2269732-1778714325118,2269739,1.201848713,iTLB-load-misses,37,263124,100.00
2026-05-13T23:18:47+00:00,minimal,stock,idle,15,vm-2269732-1778714325118,2269739,1.201848713,cache-misses,727,263124,100.00
2026-05-13T23:18:47+00:00,minimal,stock,idle,15,vm-2269732-1778714325118,2269739,1.301991178,dTLB-load-misses,,0,100.00
2026-05-13T23:18:47+00:00,minimal,stock,idle,15,vm-2269732-1778714325118,2269739,1.301991178,iTLB-load-misses,,0,100.00
2026-05-13T23:18:47+00:00,minimal,stock,idle,15,vm-2269732-1778714325118,2269739,1.301991178,cache-misses,,0,100.00
2026-05-13T23:18:47+00:00,minimal,stock,idle,15,vm-2269732-1778714325118,2269739,1.402137371,dTLB-load-misses,,0,100.00
2026-05-13T23:18:47+00:00,minimal,stock,idle,15,vm-2269732-1778714325118,2269739,1.402137371,iTLB-load-misses,,0,100.00
2026-05-13T23:18:47+00:00,minimal,stock,idle,15,vm-2269732-1778714325118,2269739,1.402137371,cache-misses,,0,100.00
2026-05-13T23:18:47+00:00,minimal,stock,idle,15,vm-2269732-1778714325118,2269739,1.502273826,dTLB-load-misses,,0,100.00
2026-05-13T23:18:47+00:00,minimal,stock,idle,15,vm-2269732-1778714325118,2269739,1.502273826,iTLB-load-misses,,0,100.00
2026-05-13T23:18:47+00:00,minimal,stock,idle,15,vm-2269732-1778714325118,2269739,1.502273826,cache-misses,,0,100.00
2026-05-13T23:18:47+00:00,minimal,stock,idle,15,vm-2269732-1778714325118,2269739,1.602415979,dTLB-load-misses,,0,100.00
2026-05-13T23:18:47+00:00,minimal,stock,idle,15,vm-2269732-1778714325118,2269739,1.602415979,iTLB-load-misses,,0,100.00
2026-05-13T23:18:47+00:00,minimal,stock,idle,15,vm-2269732-1778714325118,2269739,1.602415979,cache-misses,,0,100.00
2026-05-13T23:18:47+00:00,minimal,stock,idle,15,vm-2269732-1778714325118,2269739,1.702549177,dTLB-load-misses,,0,100.00
2026-05-13T23:18:47+00:00,minimal,stock,idle,15,vm-2269732-1778714325118,2269739,1.702549177,iTLB-load-misses,,0,100.00
2026-05-13T23:18:47+00:00,minimal,stock,idle,15,vm-2269732-1778714325118,2269739,1.702549177,cache-misses,,0,100.00
2026-05-13T23:18:47+00:00,minimal,stock,idle,15,vm-2269732-1778714325118,2269739,1.802680792,dTLB-load-misses,,0,100.00
2026-05-13T23:18:47+00:00,minimal,stock,idle,15,vm-2269732-1778714325118,2269739,1.802680792,iTLB-load-misses,,0,100.00
2026-05-13T23:18:47+00:00,minimal,stock,idle,15,vm-2269732-1778714325118,2269739,1.802680792,cache-misses,,0,100.00
2026-05-13T23:18:47+00:00,minimal,stock,idle,15,vm-2269732-1778714325118,2269739,1.902818647,dTLB-load-misses,,0,100.00
2026-05-13T23:18:47+00:00,minimal,stock,idle,15,vm-2269732-1778714325118,2269739,1.902818647,iTLB-load-misses,,0,100.00
2026-05-13T23:18:47+00:00,minimal,stock,idle,15,vm-2269732-1778714325118,2269739,1.902818647,cache-misses,,0,100.00
2026-05-13T23:18:47+00:00,minimal,stock,idle,15,vm-2269732-1778714325118,2269739,2.002942487,dTLB-load-misses,,0,100.00
2026-05-13T23:18:47+00:00,minimal,stock,idle,15,vm-2269732-1778714325118,2269739,2.002942487,iTLB-load-misses,,0,100.00
2026-05-13T23:18:47+00:00,minimal,stock,idle,15,vm-2269732-1778714325118,2269739,2.002942487,cache-misses,,0,100.00
2026-05-13T23:18:49+00:00,minimal,stock,idle,16,vm-2269916-1778714327307,2269921,0.100120985,dTLB-load-misses,9114,100416177,100.00
2026-05-13T23:18:49+00:00,minimal,stock,idle,16,vm-2269916-1778714327307,2269921,0.100120985,iTLB-load-misses,348,100410326,100.00
2026-05-13T23:18:49+00:00,minimal,stock,idle,16,vm-2269916-1778714327307,2269921,0.100120985,cache-misses,126722,100404795,100.00
2026-05-13T23:18:49+00:00,minimal,stock,idle,16,vm-2269916-1778714327307,2269921,0.200310288,dTLB-load-misses,8128,100046984,100.00
2026-05-13T23:18:49+00:00,minimal,stock,idle,16,vm-2269916-1778714327307,2269921,0.200310288,iTLB-load-misses,94,100045992,100.00
2026-05-13T23:18:49+00:00,minimal,stock,idle,16,vm-2269916-1778714327307,2269921,0.200310288,cache-misses,112283,100045551,100.00
2026-05-13T23:18:49+00:00,minimal,stock,idle,16,vm-2269916-1778714327307,2269921,0.300467160,dTLB-load-misses,9088,87776003,100.00
2026-05-13T23:18:49+00:00,minimal,stock,idle,16,vm-2269916-1778714327307,2269921,0.300467160,iTLB-load-misses,365,87769932,100.00
2026-05-13T23:18:49+00:00,minimal,stock,idle,16,vm-2269916-1778714327307,2269921,0.300467160,cache-misses,140588,87764522,100.00
2026-05-13T23:18:49+00:00,minimal,stock,idle,16,vm-2269916-1778714327307,2269921,0.400617510,dTLB-load-misses,692,14941581,100.00
2026-05-13T23:18:49+00:00,minimal,stock,idle,16,vm-2269916-1778714327307,2269921,0.400617510,iTLB-load-misses,152,14941581,100.00
2026-05-13T23:18:49+00:00,minimal,stock,idle,16,vm-2269916-1778714327307,2269921,0.400617510,cache-misses,16953,14941581,100.00
2026-05-13T23:18:49+00:00,minimal,stock,idle,16,vm-2269916-1778714327307,2269921,0.500764414,dTLB-load-misses,2525,44011314,100.00
2026-05-13T23:18:49+00:00,minimal,stock,idle,16,vm-2269916-1778714327307,2269921,0.500764414,iTLB-load-misses,266,44011314,100.00
2026-05-13T23:18:49+00:00,minimal,stock,idle,16,vm-2269916-1778714327307,2269921,0.500764414,cache-misses,49473,44011314,100.00
2026-05-13T23:18:49+00:00,minimal,stock,idle,16,vm-2269916-1778714327307,2269921,0.600929591,dTLB-load-misses,,0,100.00
2026-05-13T23:18:49+00:00,minimal,stock,idle,16,vm-2269916-1778714327307,2269921,0.600929591,iTLB-load-misses,,0,100.00
2026-05-13T23:18:49+00:00,minimal,stock,idle,16,vm-2269916-1778714327307,2269921,0.600929591,cache-misses,,0,100.00
2026-05-13T23:18:49+00:00,minimal,stock,idle,16,vm-2269916-1778714327307,2269921,0.701100321,dTLB-load-misses,,0,100.00
2026-05-13T23:18:49+00:00,minimal,stock,idle,16,vm-2269916-1778714327307,2269921,0.701100321,iTLB-load-misses,,0,100.00
2026-05-13T23:18:49+00:00,minimal,stock,idle,16,vm-2269916-1778714327307,2269921,0.701100321,cache-misses,,0,100.00
2026-05-13T23:18:49+00:00,minimal,stock,idle,16,vm-2269916-1778714327307,2269921,0.801257784,dTLB-load-misses,0,56896,100.00
2026-05-13T23:18:49+00:00,minimal,stock,idle,16,vm-2269916-1778714327307,2269921,0.801257784,iTLB-load-misses,0,56896,100.00
2026-05-13T23:18:49+00:00,minimal,stock,idle,16,vm-2269916-1778714327307,2269921,0.801257784,cache-misses,0,56896,100.00
2026-05-13T23:18:49+00:00,minimal,stock,idle,16,vm-2269916-1778714327307,2269921,0.901417842,dTLB-load-misses,,0,100.00
2026-05-13T23:18:49+00:00,minimal,stock,idle,16,vm-2269916-1778714327307,2269921,0.901417842,iTLB-load-misses,,0,100.00
2026-05-13T23:18:49+00:00,minimal,stock,idle,16,vm-2269916-1778714327307,2269921,0.901417842,cache-misses,,0,100.00
2026-05-13T23:18:49+00:00,minimal,stock,idle,16,vm-2269916-1778714327307,2269921,1.001568733,dTLB-load-misses,4614,66857900,100.00
2026-05-13T23:18:49+00:00,minimal,stock,idle,16,vm-2269916-1778714327307,2269921,1.001568733,iTLB-load-misses,934,66865865,100.00
2026-05-13T23:18:49+00:00,minimal,stock,idle,16,vm-2269916-1778714327307,2269921,1.001568733,cache-misses,133569,66872097,100.00
2026-05-13T23:18:49+00:00,minimal,stock,idle,16,vm-2269916-1778714327307,2269921,1.101748408,dTLB-load-misses,6180,53305214,100.00
2026-05-13T23:18:49+00:00,minimal,stock,idle,16,vm-2269916-1778714327307,2269921,1.101748408,iTLB-load-misses,1159,53304873,100.00
2026-05-13T23:18:49+00:00,minimal,stock,idle,16,vm-2269916-1778714327307,2269921,1.101748408,cache-misses,169702,53305514,100.00
2026-05-13T23:18:49+00:00,minimal,stock,idle,16,vm-2269916-1778714327307,2269921,1.201931410,dTLB-load-misses,694,7689529,100.00
2026-05-13T23:18:49+00:00,minimal,stock,idle,16,vm-2269916-1778714327307,2269921,1.201931410,iTLB-load-misses,223,7681905,100.00
2026-05-13T23:18:49+00:00,minimal,stock,idle,16,vm-2269916-1778714327307,2269921,1.201931410,cache-misses,11607,7675032,100.00
2026-05-13T23:18:49+00:00,minimal,stock,idle,16,vm-2269916-1778714327307,2269921,1.302083162,dTLB-load-misses,,0,100.00
2026-05-13T23:18:49+00:00,minimal,stock,idle,16,vm-2269916-1778714327307,2269921,1.302083162,iTLB-load-misses,,0,100.00
2026-05-13T23:18:49+00:00,minimal,stock,idle,16,vm-2269916-1778714327307,2269921,1.302083162,cache-misses,,0,100.00
2026-05-13T23:18:49+00:00,minimal,stock,idle,16,vm-2269916-1778714327307,2269921,1.402255624,dTLB-load-misses,,0,100.00
2026-05-13T23:18:49+00:00,minimal,stock,idle,16,vm-2269916-1778714327307,2269921,1.402255624,iTLB-load-misses,,0,100.00
2026-05-13T23:18:49+00:00,minimal,stock,idle,16,vm-2269916-1778714327307,2269921,1.402255624,cache-misses,,0,100.00
2026-05-13T23:18:49+00:00,minimal,stock,idle,16,vm-2269916-1778714327307,2269921,1.502423998,dTLB-load-misses,,0,100.00
2026-05-13T23:18:49+00:00,minimal,stock,idle,16,vm-2269916-1778714327307,2269921,1.502423998,iTLB-load-misses,,0,100.00
2026-05-13T23:18:49+00:00,minimal,stock,idle,16,vm-2269916-1778714327307,2269921,1.502423998,cache-misses,,0,100.00
2026-05-13T23:18:49+00:00,minimal,stock,idle,16,vm-2269916-1778714327307,2269921,1.602570791,dTLB-load-misses,,0,100.00
2026-05-13T23:18:49+00:00,minimal,stock,idle,16,vm-2269916-1778714327307,2269921,1.602570791,iTLB-load-misses,,0,100.00
2026-05-13T23:18:49+00:00,minimal,stock,idle,16,vm-2269916-1778714327307,2269921,1.602570791,cache-misses,,0,100.00
2026-05-13T23:18:49+00:00,minimal,stock,idle,16,vm-2269916-1778714327307,2269921,1.702712344,dTLB-load-misses,,0,100.00
2026-05-13T23:18:49+00:00,minimal,stock,idle,16,vm-2269916-1778714327307,2269921,1.702712344,iTLB-load-misses,,0,100.00
2026-05-13T23:18:49+00:00,minimal,stock,idle,16,vm-2269916-1778714327307,2269921,1.702712344,cache-misses,,0,100.00
2026-05-13T23:18:49+00:00,minimal,stock,idle,16,vm-2269916-1778714327307,2269921,1.802850912,dTLB-load-misses,,0,100.00
2026-05-13T23:18:49+00:00,minimal,stock,idle,16,vm-2269916-1778714327307,2269921,1.802850912,iTLB-load-misses,,0,100.00
2026-05-13T23:18:49+00:00,minimal,stock,idle,16,vm-2269916-1778714327307,2269921,1.802850912,cache-misses,,0,100.00
2026-05-13T23:18:49+00:00,minimal,stock,idle,16,vm-2269916-1778714327307,2269921,1.903015539,dTLB-load-misses,,0,100.00
2026-05-13T23:18:49+00:00,minimal,stock,idle,16,vm-2269916-1778714327307,2269921,1.903015539,iTLB-load-misses,,0,100.00
2026-05-13T23:18:49+00:00,minimal,stock,idle,16,vm-2269916-1778714327307,2269921,1.903015539,cache-misses,,0,100.00
2026-05-13T23:18:49+00:00,minimal,stock,idle,16,vm-2269916-1778714327307,2269921,2.003215733,dTLB-load-misses,,0,100.00
2026-05-13T23:18:49+00:00,minimal,stock,idle,16,vm-2269916-1778714327307,2269921,2.003215733,iTLB-load-misses,,0,100.00
2026-05-13T23:18:49+00:00,minimal,stock,idle,16,vm-2269916-1778714327307,2269921,2.003215733,cache-misses,,0,100.00
2026-05-13T23:18:49+00:00,minimal,stock,idle,16,vm-2269916-1778714327307,2269921,2.003483979,dTLB-load-misses,,0,100.00
2026-05-13T23:18:49+00:00,minimal,stock,idle,16,vm-2269916-1778714327307,2269921,2.003483979,iTLB-load-misses,,0,100.00
2026-05-13T23:18:49+00:00,minimal,stock,idle,16,vm-2269916-1778714327307,2269921,2.003483979,cache-misses,,0,100.00
2026-05-13T23:18:51+00:00,minimal,stock,idle,17,vm-2270052-1778714329503,2270057,0.100121896,dTLB-load-misses,11193,100177439,100.00
2026-05-13T23:18:51+00:00,minimal,stock,idle,17,vm-2270052-1778714329503,2270057,0.100121896,iTLB-load-misses,16,100168994,100.00
2026-05-13T23:18:51+00:00,minimal,stock,idle,17,vm-2270052-1778714329503,2270057,0.100121896,cache-misses,111303,100159765,100.00
2026-05-13T23:18:51+00:00,minimal,stock,idle,17,vm-2270052-1778714329503,2270057,0.200328041,dTLB-load-misses,8152,100081308,100.00
2026-05-13T23:18:51+00:00,minimal,stock,idle,17,vm-2270052-1778714329503,2270057,0.200328041,iTLB-load-misses,112,100081579,100.00
2026-05-13T23:18:51+00:00,minimal,stock,idle,17,vm-2270052-1778714329503,2270057,0.200328041,cache-misses,140339,100082892,100.00
2026-05-13T23:18:51+00:00,minimal,stock,idle,17,vm-2270052-1778714329503,2270057,0.300485584,dTLB-load-misses,9427,86507616,100.00
2026-05-13T23:18:51+00:00,minimal,stock,idle,17,vm-2270052-1778714329503,2270057,0.300485584,iTLB-load-misses,312,86500472,100.00
2026-05-13T23:18:51+00:00,minimal,stock,idle,17,vm-2270052-1778714329503,2270057,0.300485584,cache-misses,162394,86492918,100.00
2026-05-13T23:18:51+00:00,minimal,stock,idle,17,vm-2270052-1778714329503,2270057,0.400634402,dTLB-load-misses,764,11897079,100.00
2026-05-13T23:18:51+00:00,minimal,stock,idle,17,vm-2270052-1778714329503,2270057,0.400634402,iTLB-load-misses,96,11897079,100.00
2026-05-13T23:18:51+00:00,minimal,stock,idle,17,vm-2270052-1778714329503,2270057,0.400634402,cache-misses,16457,11897079,100.00
2026-05-13T23:18:51+00:00,minimal,stock,idle,17,vm-2270052-1778714329503,2270057,0.500783239,dTLB-load-misses,2636,43111323,100.00
2026-05-13T23:18:51+00:00,minimal,stock,idle,17,vm-2270052-1778714329503,2270057,0.500783239,iTLB-load-misses,247,43111323,100.00
2026-05-13T23:18:51+00:00,minimal,stock,idle,17,vm-2270052-1778714329503,2270057,0.500783239,cache-misses,56671,43111323,100.00
2026-05-13T23:18:51+00:00,minimal,stock,idle,17,vm-2270052-1778714329503,2270057,0.600930413,dTLB-load-misses,,0,100.00
2026-05-13T23:18:51+00:00,minimal,stock,idle,17,vm-2270052-1778714329503,2270057,0.600930413,iTLB-load-misses,,0,100.00
2026-05-13T23:18:51+00:00,minimal,stock,idle,17,vm-2270052-1778714329503,2270057,0.600930413,cache-misses,,0,100.00
2026-05-13T23:18:51+00:00,minimal,stock,idle,17,vm-2270052-1778714329503,2270057,0.701090942,dTLB-load-misses,,0,100.00
2026-05-13T23:18:51+00:00,minimal,stock,idle,17,vm-2270052-1778714329503,2270057,0.701090942,iTLB-load-misses,,0,100.00
2026-05-13T23:18:51+00:00,minimal,stock,idle,17,vm-2270052-1778714329503,2270057,0.701090942,cache-misses,,0,100.00
2026-05-13T23:18:51+00:00,minimal,stock,idle,17,vm-2270052-1778714329503,2270057,0.801243136,dTLB-load-misses,0,51867,100.00
2026-05-13T23:18:51+00:00,minimal,stock,idle,17,vm-2270052-1778714329503,2270057,0.801243136,iTLB-load-misses,0,51867,100.00
2026-05-13T23:18:51+00:00,minimal,stock,idle,17,vm-2270052-1778714329503,2270057,0.801243136,cache-misses,0,51867,100.00
2026-05-13T23:18:51+00:00,minimal,stock,idle,17,vm-2270052-1778714329503,2270057,0.901406401,dTLB-load-misses,,0,100.00
2026-05-13T23:18:51+00:00,minimal,stock,idle,17,vm-2270052-1778714329503,2270057,0.901406401,iTLB-load-misses,,0,100.00
2026-05-13T23:18:51+00:00,minimal,stock,idle,17,vm-2270052-1778714329503,2270057,0.901406401,cache-misses,,0,100.00
2026-05-13T23:18:51+00:00,minimal,stock,idle,17,vm-2270052-1778714329503,2270057,1.001584544,dTLB-load-misses,4867,68337755,100.00
2026-05-13T23:18:51+00:00,minimal,stock,idle,17,vm-2270052-1778714329503,2270057,1.001584544,iTLB-load-misses,706,68346131,100.00
2026-05-13T23:18:51+00:00,minimal,stock,idle,17,vm-2270052-1778714329503,2270057,1.001584544,cache-misses,139380,68354126,100.00
2026-05-13T23:18:51+00:00,minimal,stock,idle,17,vm-2270052-1778714329503,2270057,1.101763778,dTLB-load-misses,6695,53266545,100.00
2026-05-13T23:18:51+00:00,minimal,stock,idle,17,vm-2270052-1778714329503,2270057,1.101763778,iTLB-load-misses,1203,53266064,100.00
2026-05-13T23:18:51+00:00,minimal,stock,idle,17,vm-2270052-1778714329503,2270057,1.101763778,cache-misses,193266,53265873,100.00
2026-05-13T23:18:51+00:00,minimal,stock,idle,17,vm-2270052-1778714329503,2270057,1.201946459,dTLB-load-misses,727,7426946,100.00
2026-05-13T23:18:51+00:00,minimal,stock,idle,17,vm-2270052-1778714329503,2270057,1.201946459,iTLB-load-misses,240,7419051,100.00
2026-05-13T23:18:51+00:00,minimal,stock,idle,17,vm-2270052-1778714329503,2270057,1.201946459,cache-misses,13503,7411247,100.00
2026-05-13T23:18:51+00:00,minimal,stock,idle,17,vm-2270052-1778714329503,2270057,1.302112088,dTLB-load-misses,,0,100.00
2026-05-13T23:18:51+00:00,minimal,stock,idle,17,vm-2270052-1778714329503,2270057,1.302112088,iTLB-load-misses,,0,100.00
2026-05-13T23:18:51+00:00,minimal,stock,idle,17,vm-2270052-1778714329503,2270057,1.302112088,cache-misses,,0,100.00
2026-05-13T23:18:51+00:00,minimal,stock,idle,17,vm-2270052-1778714329503,2270057,1.402275302,dTLB-load-misses,,0,100.00
2026-05-13T23:18:51+00:00,minimal,stock,idle,17,vm-2270052-1778714329503,2270057,1.402275302,iTLB-load-misses,,0,100.00
2026-05-13T23:18:51+00:00,minimal,stock,idle,17,vm-2270052-1778714329503,2270057,1.402275302,cache-misses,,0,100.00
2026-05-13T23:18:51+00:00,minimal,stock,idle,17,vm-2270052-1778714329503,2270057,1.502450389,dTLB-load-misses,,0,100.00
2026-05-13T23:18:51+00:00,minimal,stock,idle,17,vm-2270052-1778714329503,2270057,1.502450389,iTLB-load-misses,,0,100.00
2026-05-13T23:18:51+00:00,minimal,stock,idle,17,vm-2270052-1778714329503,2270057,1.502450389,cache-misses,,0,100.00
2026-05-13T23:18:51+00:00,minimal,stock,idle,17,vm-2270052-1778714329503,2270057,1.602600027,dTLB-load-misses,,0,100.00
2026-05-13T23:18:51+00:00,minimal,stock,idle,17,vm-2270052-1778714329503,2270057,1.602600027,iTLB-load-misses,,0,100.00
2026-05-13T23:18:51+00:00,minimal,stock,idle,17,vm-2270052-1778714329503,2270057,1.602600027,cache-misses,,0,100.00
2026-05-13T23:18:51+00:00,minimal,stock,idle,17,vm-2270052-1778714329503,2270057,1.702746030,dTLB-load-misses,,0,100.00
2026-05-13T23:18:51+00:00,minimal,stock,idle,17,vm-2270052-1778714329503,2270057,1.702746030,iTLB-load-misses,,0,100.00
2026-05-13T23:18:51+00:00,minimal,stock,idle,17,vm-2270052-1778714329503,2270057,1.702746030,cache-misses,,0,100.00
2026-05-13T23:18:51+00:00,minimal,stock,idle,17,vm-2270052-1778714329503,2270057,1.802893114,dTLB-load-misses,,0,100.00
2026-05-13T23:18:51+00:00,minimal,stock,idle,17,vm-2270052-1778714329503,2270057,1.802893114,iTLB-load-misses,,0,100.00
2026-05-13T23:18:51+00:00,minimal,stock,idle,17,vm-2270052-1778714329503,2270057,1.802893114,cache-misses,,0,100.00
2026-05-13T23:18:51+00:00,minimal,stock,idle,17,vm-2270052-1778714329503,2270057,1.903043033,dTLB-load-misses,,0,100.00
2026-05-13T23:18:51+00:00,minimal,stock,idle,17,vm-2270052-1778714329503,2270057,1.903043033,iTLB-load-misses,,0,100.00
2026-05-13T23:18:51+00:00,minimal,stock,idle,17,vm-2270052-1778714329503,2270057,1.903043033,cache-misses,,0,100.00
2026-05-13T23:18:51+00:00,minimal,stock,idle,17,vm-2270052-1778714329503,2270057,2.003218500,dTLB-load-misses,,0,100.00
2026-05-13T23:18:51+00:00,minimal,stock,idle,17,vm-2270052-1778714329503,2270057,2.003218500,iTLB-load-misses,,0,100.00
2026-05-13T23:18:51+00:00,minimal,stock,idle,17,vm-2270052-1778714329503,2270057,2.003218500,cache-misses,,0,100.00
2026-05-13T23:18:51+00:00,minimal,stock,idle,17,vm-2270052-1778714329503,2270057,2.003485584,dTLB-load-misses,,0,100.00
2026-05-13T23:18:51+00:00,minimal,stock,idle,17,vm-2270052-1778714329503,2270057,2.003485584,iTLB-load-misses,,0,100.00
2026-05-13T23:18:51+00:00,minimal,stock,idle,17,vm-2270052-1778714329503,2270057,2.003485584,cache-misses,,0,100.00
2026-05-13T23:18:53+00:00,minimal,stock,idle,18,vm-2270191-1778714331735,2270196,0.100123800,dTLB-load-misses,9000,100421369,100.00
2026-05-13T23:18:53+00:00,minimal,stock,idle,18,vm-2270191-1778714331735,2270196,0.100123800,iTLB-load-misses,355,100415508,100.00
2026-05-13T23:18:53+00:00,minimal,stock,idle,18,vm-2270191-1778714331735,2270196,0.100123800,cache-misses,36612,100410068,100.00
2026-05-13T23:18:53+00:00,minimal,stock,idle,18,vm-2270191-1778714331735,2270196,0.200327991,dTLB-load-misses,7651,100085106,100.00
2026-05-13T23:18:53+00:00,minimal,stock,idle,18,vm-2270191-1778714331735,2270196,0.200327991,iTLB-load-misses,119,100085186,100.00
2026-05-13T23:18:53+00:00,minimal,stock,idle,18,vm-2270191-1778714331735,2270196,0.200327991,cache-misses,32656,100084865,100.00
2026-05-13T23:18:53+00:00,minimal,stock,idle,18,vm-2270191-1778714331735,2270196,0.300509690,dTLB-load-misses,8155,84551146,100.00
2026-05-13T23:18:53+00:00,minimal,stock,idle,18,vm-2270191-1778714331735,2270196,0.300509690,iTLB-load-misses,312,84549673,100.00
2026-05-13T23:18:53+00:00,minimal,stock,idle,18,vm-2270191-1778714331735,2270196,0.300509690,cache-misses,48743,84549423,100.00
2026-05-13T23:18:53+00:00,minimal,stock,idle,18,vm-2270191-1778714331735,2270196,0.400680128,dTLB-load-misses,737,15106118,100.00
2026-05-13T23:18:53+00:00,minimal,stock,idle,18,vm-2270191-1778714331735,2270196,0.400680128,iTLB-load-misses,153,15107941,100.00
2026-05-13T23:18:53+00:00,minimal,stock,idle,18,vm-2270191-1778714331735,2270196,0.400680128,cache-misses,10088,15109254,100.00
2026-05-13T23:18:53+00:00,minimal,stock,idle,18,vm-2270191-1778714331735,2270196,0.500889299,dTLB-load-misses,2337,43433882,100.00
2026-05-13T23:18:53+00:00,minimal,stock,idle,18,vm-2270191-1778714331735,2270196,0.500889299,iTLB-load-misses,241,43425747,100.00
2026-05-13T23:18:53+00:00,minimal,stock,idle,18,vm-2270191-1778714331735,2270196,0.500889299,cache-misses,24170,43419214,100.00
2026-05-13T23:18:53+00:00,minimal,stock,idle,18,vm-2270191-1778714331735,2270196,0.601059977,dTLB-load-misses,,0,100.00
2026-05-13T23:18:53+00:00,minimal,stock,idle,18,vm-2270191-1778714331735,2270196,0.601059977,iTLB-load-misses,,0,100.00
2026-05-13T23:18:53+00:00,minimal,stock,idle,18,vm-2270191-1778714331735,2270196,0.601059977,cache-misses,,0,100.00
2026-05-13T23:18:53+00:00,minimal,stock,idle,18,vm-2270191-1778714331735,2270196,0.701213333,dTLB-load-misses,,0,100.00
2026-05-13T23:18:53+00:00,minimal,stock,idle,18,vm-2270191-1778714331735,2270196,0.701213333,iTLB-load-misses,,0,100.00
2026-05-13T23:18:53+00:00,minimal,stock,idle,18,vm-2270191-1778714331735,2270196,0.701213333,cache-misses,,0,100.00
2026-05-13T23:18:53+00:00,minimal,stock,idle,18,vm-2270191-1778714331735,2270196,0.801391375,dTLB-load-misses,0,41498,100.00
2026-05-13T23:18:53+00:00,minimal,stock,idle,18,vm-2270191-1778714331735,2270196,0.801391375,iTLB-load-misses,0,41498,100.00
2026-05-13T23:18:53+00:00,minimal,stock,idle,18,vm-2270191-1778714331735,2270196,0.801391375,cache-misses,0,41498,100.00
2026-05-13T23:18:53+00:00,minimal,stock,idle,18,vm-2270191-1778714331735,2270196,0.901560510,dTLB-load-misses,,0,100.00
2026-05-13T23:18:53+00:00,minimal,stock,idle,18,vm-2270191-1778714331735,2270196,0.901560510,iTLB-load-misses,,0,100.00
2026-05-13T23:18:53+00:00,minimal,stock,idle,18,vm-2270191-1778714331735,2270196,0.901560510,cache-misses,,0,100.00
2026-05-13T23:18:53+00:00,minimal,stock,idle,18,vm-2270191-1778714331735,2270196,1.001707514,dTLB-load-misses,4414,69941371,100.00
2026-05-13T23:18:53+00:00,minimal,stock,idle,18,vm-2270191-1778714331735,2270196,1.001707514,iTLB-load-misses,568,69949246,100.00
2026-05-13T23:18:53+00:00,minimal,stock,idle,18,vm-2270191-1778714331735,2270196,1.001707514,cache-misses,91330,69980434,100.00
2026-05-13T23:18:53+00:00,minimal,stock,idle,18,vm-2270191-1778714331735,2270196,1.101893170,dTLB-load-misses,5865,53222745,100.00
2026-05-13T23:18:53+00:00,minimal,stock,idle,18,vm-2270191-1778714331735,2270196,1.101893170,iTLB-load-misses,1091,53220340,100.00
2026-05-13T23:18:53+00:00,minimal,stock,idle,18,vm-2270191-1778714331735,2270196,1.101893170,cache-misses,123330,53194282,100.00
2026-05-13T23:18:53+00:00,minimal,stock,idle,18,vm-2270191-1778714331735,2270196,1.202040875,dTLB-load-misses,633,5925151,100.00
2026-05-13T23:18:53+00:00,minimal,stock,idle,18,vm-2270191-1778714331735,2270196,1.202040875,iTLB-load-misses,217,5919681,100.00
2026-05-13T23:18:53+00:00,minimal,stock,idle,18,vm-2270191-1778714331735,2270196,1.202040875,cache-misses,6270,5914551,100.00
2026-05-13T23:18:53+00:00,minimal,stock,idle,18,vm-2270191-1778714331735,2270196,1.302184402,dTLB-load-misses,,0,100.00
2026-05-13T23:18:53+00:00,minimal,stock,idle,18,vm-2270191-1778714331735,2270196,1.302184402,iTLB-load-misses,,0,100.00
2026-05-13T23:18:53+00:00,minimal,stock,idle,18,vm-2270191-1778714331735,2270196,1.302184402,cache-misses,,0,100.00
2026-05-13T23:18:53+00:00,minimal,stock,idle,18,vm-2270191-1778714331735,2270196,1.402317009,dTLB-load-misses,,0,100.00
2026-05-13T23:18:53+00:00,minimal,stock,idle,18,vm-2270191-1778714331735,2270196,1.402317009,iTLB-load-misses,,0,100.00
2026-05-13T23:18:53+00:00,minimal,stock,idle,18,vm-2270191-1778714331735,2270196,1.402317009,cache-misses,,0,100.00
2026-05-13T23:18:53+00:00,minimal,stock,idle,18,vm-2270191-1778714331735,2270196,1.502461207,dTLB-load-misses,,0,100.00
2026-05-13T23:18:53+00:00,minimal,stock,idle,18,vm-2270191-1778714331735,2270196,1.502461207,iTLB-load-misses,,0,100.00
2026-05-13T23:18:53+00:00,minimal,stock,idle,18,vm-2270191-1778714331735,2270196,1.502461207,cache-misses,,0,100.00
2026-05-13T23:18:53+00:00,minimal,stock,idle,18,vm-2270191-1778714331735,2270196,1.602595306,dTLB-load-misses,,0,100.00
2026-05-13T23:18:53+00:00,minimal,stock,idle,18,vm-2270191-1778714331735,2270196,1.602595306,iTLB-load-misses,,0,100.00
2026-05-13T23:18:53+00:00,minimal,stock,idle,18,vm-2270191-1778714331735,2270196,1.602595306,cache-misses,,0,100.00
2026-05-13T23:18:53+00:00,minimal,stock,idle,18,vm-2270191-1778714331735,2270196,1.702750485,dTLB-load-misses,,0,100.00
2026-05-13T23:18:53+00:00,minimal,stock,idle,18,vm-2270191-1778714331735,2270196,1.702750485,iTLB-load-misses,,0,100.00
2026-05-13T23:18:53+00:00,minimal,stock,idle,18,vm-2270191-1778714331735,2270196,1.702750485,cache-misses,,0,100.00
2026-05-13T23:18:53+00:00,minimal,stock,idle,18,vm-2270191-1778714331735,2270196,1.802886869,dTLB-load-misses,,0,100.00
2026-05-13T23:18:53+00:00,minimal,stock,idle,18,vm-2270191-1778714331735,2270196,1.802886869,iTLB-load-misses,,0,100.00
2026-05-13T23:18:53+00:00,minimal,stock,idle,18,vm-2270191-1778714331735,2270196,1.802886869,cache-misses,,0,100.00
2026-05-13T23:18:53+00:00,minimal,stock,idle,18,vm-2270191-1778714331735,2270196,1.903020617,dTLB-load-misses,,0,100.00
2026-05-13T23:18:53+00:00,minimal,stock,idle,18,vm-2270191-1778714331735,2270196,1.903020617,iTLB-load-misses,,0,100.00
2026-05-13T23:18:53+00:00,minimal,stock,idle,18,vm-2270191-1778714331735,2270196,1.903020617,cache-misses,,0,100.00
2026-05-13T23:18:53+00:00,minimal,stock,idle,18,vm-2270191-1778714331735,2270196,2.003174965,dTLB-load-misses,,0,100.00
2026-05-13T23:18:53+00:00,minimal,stock,idle,18,vm-2270191-1778714331735,2270196,2.003174965,iTLB-load-misses,,0,100.00
2026-05-13T23:18:53+00:00,minimal,stock,idle,18,vm-2270191-1778714331735,2270196,2.003174965,cache-misses,,0,100.00
2026-05-13T23:18:56+00:00,minimal,stock,idle,19,vm-2270366-1778714333928,2270371,0.100122808,dTLB-load-misses,10050,99950985,100.00
2026-05-13T23:18:56+00:00,minimal,stock,idle,19,vm-2270366-1778714333928,2270371,0.100122808,iTLB-load-misses,413,99944153,100.00
2026-05-13T23:18:56+00:00,minimal,stock,idle,19,vm-2270366-1778714333928,2270371,0.100122808,cache-misses,33138,99936488,100.00
2026-05-13T23:18:56+00:00,minimal,stock,idle,19,vm-2270366-1778714333928,2270371,0.200311209,dTLB-load-misses,7506,100117877,100.00
2026-05-13T23:18:56+00:00,minimal,stock,idle,19,vm-2270366-1778714333928,2270371,0.200311209,iTLB-load-misses,143,100117094,100.00
2026-05-13T23:18:56+00:00,minimal,stock,idle,19,vm-2270366-1778714333928,2270371,0.200311209,cache-misses,30969,100116423,100.00
2026-05-13T23:18:56+00:00,minimal,stock,idle,19,vm-2270366-1778714333928,2270371,0.300464405,dTLB-load-misses,7579,74600684,100.00
2026-05-13T23:18:56+00:00,minimal,stock,idle,19,vm-2270366-1778714333928,2270371,0.300464405,iTLB-load-misses,359,74594463,100.00
2026-05-13T23:18:56+00:00,minimal,stock,idle,19,vm-2270366-1778714333928,2270371,0.300464405,cache-misses,42519,74589744,100.00
2026-05-13T23:18:56+00:00,minimal,stock,idle,19,vm-2270366-1778714333928,2270371,0.400608974,dTLB-load-misses,1304,26067311,100.00
2026-05-13T23:18:56+00:00,minimal,stock,idle,19,vm-2270366-1778714333928,2270371,0.400608974,iTLB-load-misses,190,26075817,100.00
2026-05-13T23:18:56+00:00,minimal,stock,idle,19,vm-2270366-1778714333928,2270371,0.400608974,cache-misses,14625,26082520,100.00
2026-05-13T23:18:56+00:00,minimal,stock,idle,19,vm-2270366-1778714333928,2270371,0.500788860,dTLB-load-misses,1925,32241481,100.00
2026-05-13T23:18:56+00:00,minimal,stock,idle,19,vm-2270366-1778714333928,2270371,0.500788860,iTLB-load-misses,253,32232975,100.00
2026-05-13T23:18:56+00:00,minimal,stock,idle,19,vm-2270366-1778714333928,2270371,0.500788860,cache-misses,19718,32226272,100.00
2026-05-13T23:18:56+00:00,minimal,stock,idle,19,vm-2270366-1778714333928,2270371,0.600958907,dTLB-load-misses,,0,100.00
2026-05-13T23:18:56+00:00,minimal,stock,idle,19,vm-2270366-1778714333928,2270371,0.600958907,iTLB-load-misses,,0,100.00
2026-05-13T23:18:56+00:00,minimal,stock,idle,19,vm-2270366-1778714333928,2270371,0.600958907,cache-misses,,0,100.00
2026-05-13T23:18:56+00:00,minimal,stock,idle,19,vm-2270366-1778714333928,2270371,0.701125757,dTLB-load-misses,0,62868,100.00
2026-05-13T23:18:56+00:00,minimal,stock,idle,19,vm-2270366-1778714333928,2270371,0.701125757,iTLB-load-misses,0,62868,100.00
2026-05-13T23:18:56+00:00,minimal,stock,idle,19,vm-2270366-1778714333928,2270371,0.701125757,cache-misses,0,62868,100.00
2026-05-13T23:18:56+00:00,minimal,stock,idle,19,vm-2270366-1778714333928,2270371,0.801295003,dTLB-load-misses,,0,100.00
2026-05-13T23:18:56+00:00,minimal,stock,idle,19,vm-2270366-1778714333928,2270371,0.801295003,iTLB-load-misses,,0,100.00
2026-05-13T23:18:56+00:00,minimal,stock,idle,19,vm-2270366-1778714333928,2270371,0.801295003,cache-misses,,0,100.00
2026-05-13T23:18:56+00:00,minimal,stock,idle,19,vm-2270366-1778714333928,2270371,0.901458668,dTLB-load-misses,,0,100.00
2026-05-13T23:18:56+00:00,minimal,stock,idle,19,vm-2270366-1778714333928,2270371,0.901458668,iTLB-load-misses,,0,100.00
2026-05-13T23:18:56+00:00,minimal,stock,idle,19,vm-2270366-1778714333928,2270371,0.901458668,cache-misses,,0,100.00
2026-05-13T23:18:56+00:00,minimal,stock,idle,19,vm-2270366-1778714333928,2270371,1.001621422,dTLB-load-misses,5671,80879313,100.00
2026-05-13T23:18:56+00:00,minimal,stock,idle,19,vm-2270366-1778714333928,2270371,1.001621422,iTLB-load-misses,919,80885695,100.00
2026-05-13T23:18:56+00:00,minimal,stock,idle,19,vm-2270366-1778714333928,2270371,1.001621422,cache-misses,109865,80890644,100.00
2026-05-13T23:18:56+00:00,minimal,stock,idle,19,vm-2270366-1778714333928,2270371,1.101780588,dTLB-load-misses,5842,48794011,100.00
2026-05-13T23:18:56+00:00,minimal,stock,idle,19,vm-2270366-1778714333928,2270371,1.101780588,iTLB-load-misses,1347,48787629,100.00
2026-05-13T23:18:56+00:00,minimal,stock,idle,19,vm-2270366-1778714333928,2270371,1.101780588,cache-misses,116564,48782680,100.00
2026-05-13T23:18:56+00:00,minimal,stock,idle,19,vm-2270366-1778714333928,2270371,1.201945025,dTLB-load-misses,65,348042,100.00
2026-05-13T23:18:56+00:00,minimal,stock,idle,19,vm-2270366-1778714333928,2270371,1.201945025,iTLB-load-misses,41,348042,100.00
2026-05-13T23:18:56+00:00,minimal,stock,idle,19,vm-2270366-1778714333928,2270371,1.201945025,cache-misses,962,348042,100.00
2026-05-13T23:18:56+00:00,minimal,stock,idle,19,vm-2270366-1778714333928,2270371,1.302096517,dTLB-load-misses,,0,100.00
2026-05-13T23:18:56+00:00,minimal,stock,idle,19,vm-2270366-1778714333928,2270371,1.302096517,iTLB-load-misses,,0,100.00
2026-05-13T23:18:56+00:00,minimal,stock,idle,19,vm-2270366-1778714333928,2270371,1.302096517,cache-misses,,0,100.00
2026-05-13T23:18:56+00:00,minimal,stock,idle,19,vm-2270366-1778714333928,2270371,1.402243460,dTLB-load-misses,,0,100.00
2026-05-13T23:18:56+00:00,minimal,stock,idle,19,vm-2270366-1778714333928,2270371,1.402243460,iTLB-load-misses,,0,100.00
2026-05-13T23:18:56+00:00,minimal,stock,idle,19,vm-2270366-1778714333928,2270371,1.402243460,cache-misses,,0,100.00
2026-05-13T23:18:56+00:00,minimal,stock,idle,19,vm-2270366-1778714333928,2270371,1.502400072,dTLB-load-misses,,0,100.00
2026-05-13T23:18:56+00:00,minimal,stock,idle,19,vm-2270366-1778714333928,2270371,1.502400072,iTLB-load-misses,,0,100.00
2026-05-13T23:18:56+00:00,minimal,stock,idle,19,vm-2270366-1778714333928,2270371,1.502400072,cache-misses,,0,100.00
2026-05-13T23:18:56+00:00,minimal,stock,idle,19,vm-2270366-1778714333928,2270371,1.602538019,dTLB-load-misses,,0,100.00
2026-05-13T23:18:56+00:00,minimal,stock,idle,19,vm-2270366-1778714333928,2270371,1.602538019,iTLB-load-misses,,0,100.00
2026-05-13T23:18:56+00:00,minimal,stock,idle,19,vm-2270366-1778714333928,2270371,1.602538019,cache-misses,,0,100.00
2026-05-13T23:18:56+00:00,minimal,stock,idle,19,vm-2270366-1778714333928,2270371,1.702677348,dTLB-load-misses,,0,100.00
2026-05-13T23:18:56+00:00,minimal,stock,idle,19,vm-2270366-1778714333928,2270371,1.702677348,iTLB-load-misses,,0,100.00
2026-05-13T23:18:56+00:00,minimal,stock,idle,19,vm-2270366-1778714333928,2270371,1.702677348,cache-misses,,0,100.00
2026-05-13T23:18:56+00:00,minimal,stock,idle,19,vm-2270366-1778714333928,2270371,1.802819562,dTLB-load-misses,,0,100.00
2026-05-13T23:18:56+00:00,minimal,stock,idle,19,vm-2270366-1778714333928,2270371,1.802819562,iTLB-load-misses,,0,100.00
2026-05-13T23:18:56+00:00,minimal,stock,idle,19,vm-2270366-1778714333928,2270371,1.802819562,cache-misses,,0,100.00
2026-05-13T23:18:56+00:00,minimal,stock,idle,19,vm-2270366-1778714333928,2270371,1.902958190,dTLB-load-misses,,0,100.00
2026-05-13T23:18:56+00:00,minimal,stock,idle,19,vm-2270366-1778714333928,2270371,1.902958190,iTLB-load-misses,,0,100.00
2026-05-13T23:18:56+00:00,minimal,stock,idle,19,vm-2270366-1778714333928,2270371,1.902958190,cache-misses,,0,100.00
2026-05-13T23:18:56+00:00,minimal,stock,idle,19,vm-2270366-1778714333928,2270371,2.003102950,dTLB-load-misses,,0,100.00
2026-05-13T23:18:56+00:00,minimal,stock,idle,19,vm-2270366-1778714333928,2270371,2.003102950,iTLB-load-misses,,0,100.00
2026-05-13T23:18:56+00:00,minimal,stock,idle,19,vm-2270366-1778714333928,2270371,2.003102950,cache-misses,,0,100.00
2026-05-13T23:18:56+00:00,minimal,stock,idle,19,vm-2270366-1778714333928,2270371,2.003294210,dTLB-load-misses,,0,100.00
2026-05-13T23:18:56+00:00,minimal,stock,idle,19,vm-2270366-1778714333928,2270371,2.003294210,iTLB-load-misses,,0,100.00
2026-05-13T23:18:56+00:00,minimal,stock,idle,19,vm-2270366-1778714333928,2270371,2.003294210,cache-misses,,0,100.00
2026-05-13T23:18:58+00:00,minimal,stock,idle,20,vm-2270547-1778714336152,2270552,0.100122407,dTLB-load-misses,8607,98496540,100.00
2026-05-13T23:18:58+00:00,minimal,stock,idle,20,vm-2270547-1778714336152,2270552,0.100122407,iTLB-load-misses,671,98492302,100.00
2026-05-13T23:18:58+00:00,minimal,stock,idle,20,vm-2270547-1778714336152,2270552,0.100122407,cache-misses,88424,98488676,100.00
2026-05-13T23:18:58+00:00,minimal,stock,idle,20,vm-2270547-1778714336152,2270552,0.200307072,dTLB-load-misses,7507,100129740,100.00
2026-05-13T23:18:58+00:00,minimal,stock,idle,20,vm-2270547-1778714336152,2270552,0.200307072,iTLB-load-misses,114,100129169,100.00
2026-05-13T23:18:58+00:00,minimal,stock,idle,20,vm-2270547-1778714336152,2270552,0.200307072,cache-misses,68568,100128918,100.00
2026-05-13T23:18:58+00:00,minimal,stock,idle,20,vm-2270547-1778714336152,2270552,0.300463714,dTLB-load-misses,8196,90368794,100.00
2026-05-13T23:18:58+00:00,minimal,stock,idle,20,vm-2270547-1778714336152,2270552,0.300463714,iTLB-load-misses,376,90362893,100.00
2026-05-13T23:18:58+00:00,minimal,stock,idle,20,vm-2270547-1778714336152,2270552,0.300463714,cache-misses,84786,90357553,100.00
2026-05-13T23:18:58+00:00,minimal,stock,idle,20,vm-2270547-1778714336152,2270552,0.400631367,dTLB-load-misses,676,15649309,100.00
2026-05-13T23:18:58+00:00,minimal,stock,idle,20,vm-2270547-1778714336152,2270552,0.400631367,iTLB-load-misses,186,15649309,100.00
2026-05-13T23:18:58+00:00,minimal,stock,idle,20,vm-2270547-1778714336152,2270552,0.400631367,cache-misses,13617,15649309,100.00
2026-05-13T23:18:58+00:00,minimal,stock,idle,20,vm-2270547-1778714336152,2270552,0.500805231,dTLB-load-misses,2314,43904034,100.00
2026-05-13T23:18:58+00:00,minimal,stock,idle,20,vm-2270547-1778714336152,2270552,0.500805231,iTLB-load-misses,289,43904034,100.00
2026-05-13T23:18:58+00:00,minimal,stock,idle,20,vm-2270547-1778714336152,2270552,0.500805231,cache-misses,36206,43904034,100.00
2026-05-13T23:18:58+00:00,minimal,stock,idle,20,vm-2270547-1778714336152,2270552,0.600956011,dTLB-load-misses,,0,100.00
2026-05-13T23:18:58+00:00,minimal,stock,idle,20,vm-2270547-1778714336152,2270552,0.600956011,iTLB-load-misses,,0,100.00
2026-05-13T23:18:58+00:00,minimal,stock,idle,20,vm-2270547-1778714336152,2270552,0.600956011,cache-misses,,0,100.00
2026-05-13T23:18:58+00:00,minimal,stock,idle,20,vm-2270547-1778714336152,2270552,0.701112893,dTLB-load-misses,,0,100.00
2026-05-13T23:18:58+00:00,minimal,stock,idle,20,vm-2270547-1778714336152,2270552,0.701112893,iTLB-load-misses,,0,100.00
2026-05-13T23:18:58+00:00,minimal,stock,idle,20,vm-2270547-1778714336152,2270552,0.701112893,cache-misses,,0,100.00
2026-05-13T23:18:58+00:00,minimal,stock,idle,20,vm-2270547-1778714336152,2270552,0.801248125,dTLB-load-misses,0,96762,100.00
2026-05-13T23:18:58+00:00,minimal,stock,idle,20,vm-2270547-1778714336152,2270552,0.801248125,iTLB-load-misses,0,96762,100.00
2026-05-13T23:18:58+00:00,minimal,stock,idle,20,vm-2270547-1778714336152,2270552,0.801248125,cache-misses,0,96762,100.00
2026-05-13T23:18:58+00:00,minimal,stock,idle,20,vm-2270547-1778714336152,2270552,0.901386131,dTLB-load-misses,,0,100.00
2026-05-13T23:18:58+00:00,minimal,stock,idle,20,vm-2270547-1778714336152,2270552,0.901386131,iTLB-load-misses,,0,100.00
2026-05-13T23:18:58+00:00,minimal,stock,idle,20,vm-2270547-1778714336152,2270552,0.901386131,cache-misses,,0,100.00
2026-05-13T23:18:58+00:00,minimal,stock,idle,20,vm-2270547-1778714336152,2270552,1.001522285,dTLB-load-misses,3460,64066320,100.00
2026-05-13T23:18:58+00:00,minimal,stock,idle,20,vm-2270547-1778714336152,2270552,1.001522285,iTLB-load-misses,455,64072701,100.00
2026-05-13T23:18:58+00:00,minimal,stock,idle,20,vm-2270547-1778714336152,2270552,1.001522285,cache-misses,87585,64078272,100.00
2026-05-13T23:18:58+00:00,minimal,stock,idle,20,vm-2270547-1778714336152,2270552,1.101686982,dTLB-load-misses,5483,52799163,100.00
2026-05-13T23:18:58+00:00,minimal,stock,idle,20,vm-2270547-1778714336152,2270552,1.101686982,iTLB-load-misses,1137,52798873,100.00
2026-05-13T23:18:58+00:00,minimal,stock,idle,20,vm-2270547-1778714336152,2270552,1.101686982,cache-misses,163263,52798893,100.00
2026-05-13T23:18:58+00:00,minimal,stock,idle,20,vm-2270547-1778714336152,2270552,1.201844455,dTLB-load-misses,1688,15395431,100.00
2026-05-13T23:18:58+00:00,minimal,stock,idle,20,vm-2270547-1778714336152,2270552,1.201844455,iTLB-load-misses,230,15389340,100.00
2026-05-13T23:18:58+00:00,minimal,stock,idle,20,vm-2270547-1778714336152,2270552,1.201844455,cache-misses,17303,15383749,100.00
2026-05-13T23:18:58+00:00,minimal,stock,idle,20,vm-2270547-1778714336152,2270552,1.301991309,dTLB-load-misses,,0,100.00
2026-05-13T23:18:58+00:00,minimal,stock,idle,20,vm-2270547-1778714336152,2270552,1.301991309,iTLB-load-misses,,0,100.00
2026-05-13T23:18:58+00:00,minimal,stock,idle,20,vm-2270547-1778714336152,2270552,1.301991309,cache-misses,,0,100.00
2026-05-13T23:18:58+00:00,minimal,stock,idle,20,vm-2270547-1778714336152,2270552,1.402132382,dTLB-load-misses,,0,100.00
2026-05-13T23:18:58+00:00,minimal,stock,idle,20,vm-2270547-1778714336152,2270552,1.402132382,iTLB-load-misses,,0,100.00
2026-05-13T23:18:58+00:00,minimal,stock,idle,20,vm-2270547-1778714336152,2270552,1.402132382,cache-misses,,0,100.00
2026-05-13T23:18:58+00:00,minimal,stock,idle,20,vm-2270547-1778714336152,2270552,1.502268274,dTLB-load-misses,,0,100.00
2026-05-13T23:18:58+00:00,minimal,stock,idle,20,vm-2270547-1778714336152,2270552,1.502268274,iTLB-load-misses,,0,100.00
2026-05-13T23:18:58+00:00,minimal,stock,idle,20,vm-2270547-1778714336152,2270552,1.502268274,cache-misses,,0,100.00
2026-05-13T23:18:58+00:00,minimal,stock,idle,20,vm-2270547-1778714336152,2270552,1.602406872,dTLB-load-misses,,0,100.00
2026-05-13T23:18:58+00:00,minimal,stock,idle,20,vm-2270547-1778714336152,2270552,1.602406872,iTLB-load-misses,,0,100.00
2026-05-13T23:18:58+00:00,minimal,stock,idle,20,vm-2270547-1778714336152,2270552,1.602406872,cache-misses,,0,100.00
2026-05-13T23:18:58+00:00,minimal,stock,idle,20,vm-2270547-1778714336152,2270552,1.702548486,dTLB-load-misses,,0,100.00
2026-05-13T23:18:58+00:00,minimal,stock,idle,20,vm-2270547-1778714336152,2270552,1.702548486,iTLB-load-misses,,0,100.00
2026-05-13T23:18:58+00:00,minimal,stock,idle,20,vm-2270547-1778714336152,2270552,1.702548486,cache-misses,,0,100.00
2026-05-13T23:18:58+00:00,minimal,stock,idle,20,vm-2270547-1778714336152,2270552,1.802693125,dTLB-load-misses,,0,100.00
2026-05-13T23:18:58+00:00,minimal,stock,idle,20,vm-2270547-1778714336152,2270552,1.802693125,iTLB-load-misses,,0,100.00
2026-05-13T23:18:58+00:00,minimal,stock,idle,20,vm-2270547-1778714336152,2270552,1.802693125,cache-misses,,0,100.00
2026-05-13T23:18:58+00:00,minimal,stock,idle,20,vm-2270547-1778714336152,2270552,1.902834297,dTLB-load-misses,,0,100.00
2026-05-13T23:18:58+00:00,minimal,stock,idle,20,vm-2270547-1778714336152,2270552,1.902834297,iTLB-load-misses,,0,100.00
2026-05-13T23:18:58+00:00,minimal,stock,idle,20,vm-2270547-1778714336152,2270552,1.902834297,cache-misses,,0,100.00
2026-05-13T23:18:58+00:00,minimal,stock,idle,20,vm-2270547-1778714336152,2270552,2.002981471,dTLB-load-misses,,0,100.00
2026-05-13T23:18:58+00:00,minimal,stock,idle,20,vm-2270547-1778714336152,2270552,2.002981471,iTLB-load-misses,,0,100.00
2026-05-13T23:18:58+00:00,minimal,stock,idle,20,vm-2270547-1778714336152,2270552,2.002981471,cache-misses,,0,100.00
2026-05-13T23:18:58+00:00,minimal,stock,idle,20,vm-2270547-1778714336152,2270552,2.003312756,dTLB-load-misses,,0,100.00
2026-05-13T23:18:58+00:00,minimal,stock,idle,20,vm-2270547-1778714336152,2270552,2.003312756,iTLB-load-misses,,0,100.00
2026-05-13T23:18:58+00:00,minimal,stock,idle,20,vm-2270547-1778714336152,2270552,2.003312756,cache-misses,,0,100.00
2026-05-13T23:19:00+00:00,minimal,stock,idle,21,vm-2270691-1778714338333,2270696,0.100118991,dTLB-load-misses,8677,95810799,100.00
2026-05-13T23:19:00+00:00,minimal,stock,idle,21,vm-2270691-1778714338333,2270696,0.100118991,iTLB-load-misses,853,95818033,100.00
2026-05-13T23:19:00+00:00,minimal,stock,idle,21,vm-2270691-1778714338333,2270696,0.100118991,cache-misses,304068,95823623,100.00
2026-05-13T23:19:00+00:00,minimal,stock,idle,21,vm-2270691-1778714338333,2270696,0.200308364,dTLB-load-misses,9785,98609720,100.00
2026-05-13T23:19:00+00:00,minimal,stock,idle,21,vm-2270691-1778714338333,2270696,0.200308364,iTLB-load-misses,187,98608116,100.00
2026-05-13T23:19:00+00:00,minimal,stock,idle,21,vm-2270691-1778714338333,2270696,0.200308364,cache-misses,355832,98607185,100.00
2026-05-13T23:19:00+00:00,minimal,stock,idle,21,vm-2270691-1778714338333,2270696,0.300463002,dTLB-load-misses,9794,97701855,100.00
2026-05-13T23:19:00+00:00,minimal,stock,idle,21,vm-2270691-1778714338333,2270696,0.300463002,iTLB-load-misses,506,97696225,100.00
2026-05-13T23:19:00+00:00,minimal,stock,idle,21,vm-2270691-1778714338333,2270696,0.300463002,cache-misses,387094,97691566,100.00
2026-05-13T23:19:00+00:00,minimal,stock,idle,21,vm-2270691-1778714338333,2270696,0.400628281,dTLB-load-misses,472,12206879,100.00
2026-05-13T23:19:00+00:00,minimal,stock,idle,21,vm-2270691-1778714338333,2270696,0.400628281,iTLB-load-misses,100,12206879,100.00
2026-05-13T23:19:00+00:00,minimal,stock,idle,21,vm-2270691-1778714338333,2270696,0.400628281,cache-misses,18238,12206879,100.00
2026-05-13T23:19:00+00:00,minimal,stock,idle,21,vm-2270691-1778714338333,2270696,0.500796735,dTLB-load-misses,3208,50241697,100.00
2026-05-13T23:19:00+00:00,minimal,stock,idle,21,vm-2270691-1778714338333,2270696,0.500796735,iTLB-load-misses,454,50241697,100.00
2026-05-13T23:19:00+00:00,minimal,stock,idle,21,vm-2270691-1778714338333,2270696,0.500796735,cache-misses,133106,50241697,100.00
2026-05-13T23:19:00+00:00,minimal,stock,idle,21,vm-2270691-1778714338333,2270696,0.600964949,dTLB-load-misses,,0,100.00
2026-05-13T23:19:00+00:00,minimal,stock,idle,21,vm-2270691-1778714338333,2270696,0.600964949,iTLB-load-misses,,0,100.00
2026-05-13T23:19:00+00:00,minimal,stock,idle,21,vm-2270691-1778714338333,2270696,0.600964949,cache-misses,,0,100.00
2026-05-13T23:19:00+00:00,minimal,stock,idle,21,vm-2270691-1778714338333,2270696,0.701111050,dTLB-load-misses,,0,100.00
2026-05-13T23:19:00+00:00,minimal,stock,idle,21,vm-2270691-1778714338333,2270696,0.701111050,iTLB-load-misses,,0,100.00
2026-05-13T23:19:00+00:00,minimal,stock,idle,21,vm-2270691-1778714338333,2270696,0.701111050,cache-misses,,0,100.00
2026-05-13T23:19:00+00:00,minimal,stock,idle,21,vm-2270691-1778714338333,2270696,0.801270608,dTLB-load-misses,0,78467,100.00
2026-05-13T23:19:00+00:00,minimal,stock,idle,21,vm-2270691-1778714338333,2270696,0.801270608,iTLB-load-misses,0,78467,100.00
2026-05-13T23:19:00+00:00,minimal,stock,idle,21,vm-2270691-1778714338333,2270696,0.801270608,cache-misses,0,78467,100.00
2026-05-13T23:19:00+00:00,minimal,stock,idle,21,vm-2270691-1778714338333,2270696,0.901461664,dTLB-load-misses,,0,100.00
2026-05-13T23:19:00+00:00,minimal,stock,idle,21,vm-2270691-1778714338333,2270696,0.901461664,iTLB-load-misses,,0,100.00
2026-05-13T23:19:00+00:00,minimal,stock,idle,21,vm-2270691-1778714338333,2270696,0.901461664,cache-misses,,0,100.00
2026-05-13T23:19:00+00:00,minimal,stock,idle,21,vm-2270691-1778714338333,2270696,1.001607736,dTLB-load-misses,3744,54713034,100.00
2026-05-13T23:19:00+00:00,minimal,stock,idle,21,vm-2270691-1778714338333,2270696,1.001607736,iTLB-load-misses,698,54719506,100.00
2026-05-13T23:19:00+00:00,minimal,stock,idle,21,vm-2270691-1778714338333,2270696,1.001607736,cache-misses,171912,54726299,100.00
2026-05-13T23:19:00+00:00,minimal,stock,idle,21,vm-2270691-1778714338333,2270696,1.101772513,dTLB-load-misses,6551,53717875,100.00
2026-05-13T23:19:00+00:00,minimal,stock,idle,21,vm-2270691-1778714338333,2270696,1.101772513,iTLB-load-misses,1391,53717314,100.00
2026-05-13T23:19:00+00:00,minimal,stock,idle,21,vm-2270691-1778714338333,2270696,1.101772513,cache-misses,292763,53716352,100.00
2026-05-13T23:19:00+00:00,minimal,stock,idle,21,vm-2270691-1778714338333,2270696,1.201926089,dTLB-load-misses,1712,14551499,100.00
2026-05-13T23:19:00+00:00,minimal,stock,idle,21,vm-2270691-1778714338333,2270696,1.201926089,iTLB-load-misses,217,14545588,100.00
2026-05-13T23:19:00+00:00,minimal,stock,idle,21,vm-2270691-1778714338333,2270696,1.201926089,cache-misses,58377,14539757,100.00
2026-05-13T23:19:00+00:00,minimal,stock,idle,21,vm-2270691-1778714338333,2270696,1.302074626,dTLB-load-misses,,0,100.00
2026-05-13T23:19:00+00:00,minimal,stock,idle,21,vm-2270691-1778714338333,2270696,1.302074626,iTLB-load-misses,,0,100.00
2026-05-13T23:19:00+00:00,minimal,stock,idle,21,vm-2270691-1778714338333,2270696,1.302074626,cache-misses,,0,100.00
2026-05-13T23:19:00+00:00,minimal,stock,idle,21,vm-2270691-1778714338333,2270696,1.402217611,dTLB-load-misses,,0,100.00
2026-05-13T23:19:00+00:00,minimal,stock,idle,21,vm-2270691-1778714338333,2270696,1.402217611,iTLB-load-misses,,0,100.00
2026-05-13T23:19:00+00:00,minimal,stock,idle,21,vm-2270691-1778714338333,2270696,1.402217611,cache-misses,,0,100.00
2026-05-13T23:19:00+00:00,minimal,stock,idle,21,vm-2270691-1778714338333,2270696,1.502369554,dTLB-load-misses,,0,100.00
2026-05-13T23:19:00+00:00,minimal,stock,idle,21,vm-2270691-1778714338333,2270696,1.502369554,iTLB-load-misses,,0,100.00
2026-05-13T23:19:00+00:00,minimal,stock,idle,21,vm-2270691-1778714338333,2270696,1.502369554,cache-misses,,0,100.00
2026-05-13T23:19:00+00:00,minimal,stock,idle,21,vm-2270691-1778714338333,2270696,1.602529743,dTLB-load-misses,,0,100.00
2026-05-13T23:19:00+00:00,minimal,stock,idle,21,vm-2270691-1778714338333,2270696,1.602529743,iTLB-load-misses,,0,100.00
2026-05-13T23:19:00+00:00,minimal,stock,idle,21,vm-2270691-1778714338333,2270696,1.602529743,cache-misses,,0,100.00
2026-05-13T23:19:00+00:00,minimal,stock,idle,21,vm-2270691-1778714338333,2270696,1.702691614,dTLB-load-misses,,0,100.00
2026-05-13T23:19:00+00:00,minimal,stock,idle,21,vm-2270691-1778714338333,2270696,1.702691614,iTLB-load-misses,,0,100.00
2026-05-13T23:19:00+00:00,minimal,stock,idle,21,vm-2270691-1778714338333,2270696,1.702691614,cache-misses,,0,100.00
2026-05-13T23:19:00+00:00,minimal,stock,idle,21,vm-2270691-1778714338333,2270696,1.802832606,dTLB-load-misses,,0,100.00
2026-05-13T23:19:00+00:00,minimal,stock,idle,21,vm-2270691-1778714338333,2270696,1.802832606,iTLB-load-misses,,0,100.00
2026-05-13T23:19:00+00:00,minimal,stock,idle,21,vm-2270691-1778714338333,2270696,1.802832606,cache-misses,,0,100.00
2026-05-13T23:19:00+00:00,minimal,stock,idle,21,vm-2270691-1778714338333,2270696,1.902978127,dTLB-load-misses,,0,100.00
2026-05-13T23:19:00+00:00,minimal,stock,idle,21,vm-2270691-1778714338333,2270696,1.902978127,iTLB-load-misses,,0,100.00
2026-05-13T23:19:00+00:00,minimal,stock,idle,21,vm-2270691-1778714338333,2270696,1.902978127,cache-misses,,0,100.00
2026-05-13T23:19:00+00:00,minimal,stock,idle,21,vm-2270691-1778714338333,2270696,2.003077130,dTLB-load-misses,,0,100.00
2026-05-13T23:19:00+00:00,minimal,stock,idle,21,vm-2270691-1778714338333,2270696,2.003077130,iTLB-load-misses,,0,100.00
2026-05-13T23:19:00+00:00,minimal,stock,idle,21,vm-2270691-1778714338333,2270696,2.003077130,cache-misses,,0,100.00
2026-05-13T23:19:02+00:00,minimal,stock,idle,22,vm-2270841-1778714340526,2270846,0.100121165,dTLB-load-misses,9261,100380839,100.00
2026-05-13T23:19:02+00:00,minimal,stock,idle,22,vm-2270841-1778714340526,2270846,0.100121165,iTLB-load-misses,371,100375208,100.00
2026-05-13T23:19:02+00:00,minimal,stock,idle,22,vm-2270841-1778714340526,2270846,0.100121165,cache-misses,126402,100368977,100.00
2026-05-13T23:19:02+00:00,minimal,stock,idle,22,vm-2270841-1778714340526,2270846,0.200309817,dTLB-load-misses,8855,100133506,100.00
2026-05-13T23:19:02+00:00,minimal,stock,idle,22,vm-2270841-1778714340526,2270846,0.200309817,iTLB-load-misses,85,100132936,100.00
2026-05-13T23:19:02+00:00,minimal,stock,idle,22,vm-2270841-1778714340526,2270846,0.200309817,cache-misses,116581,100147222,100.00
2026-05-13T23:19:02+00:00,minimal,stock,idle,22,vm-2270841-1778714340526,2270846,0.300475727,dTLB-load-misses,9502,89171661,100.00
2026-05-13T23:19:02+00:00,minimal,stock,idle,22,vm-2270841-1778714340526,2270846,0.300475727,iTLB-load-misses,317,89165058,100.00
2026-05-13T23:19:02+00:00,minimal,stock,idle,22,vm-2270841-1778714340526,2270846,0.300475727,cache-misses,138135,89145101,100.00
2026-05-13T23:19:02+00:00,minimal,stock,idle,22,vm-2270841-1778714340526,2270846,0.400619504,dTLB-load-misses,744,15229432,100.00
2026-05-13T23:19:02+00:00,minimal,stock,idle,22,vm-2270841-1778714340526,2270846,0.400619504,iTLB-load-misses,105,15229432,100.00
2026-05-13T23:19:02+00:00,minimal,stock,idle,22,vm-2270841-1778714340526,2270846,0.400619504,cache-misses,15987,15229432,100.00
2026-05-13T23:19:02+00:00,minimal,stock,idle,22,vm-2270841-1778714340526,2270846,0.500762821,dTLB-load-misses,2692,43934700,100.00
2026-05-13T23:19:02+00:00,minimal,stock,idle,22,vm-2270841-1778714340526,2270846,0.500762821,iTLB-load-misses,244,43934700,100.00
2026-05-13T23:19:02+00:00,minimal,stock,idle,22,vm-2270841-1778714340526,2270846,0.500762821,cache-misses,49104,43934700,100.00
2026-05-13T23:19:02+00:00,minimal,stock,idle,22,vm-2270841-1778714340526,2270846,0.600900888,dTLB-load-misses,,0,100.00
2026-05-13T23:19:02+00:00,minimal,stock,idle,22,vm-2270841-1778714340526,2270846,0.600900888,iTLB-load-misses,,0,100.00
2026-05-13T23:19:02+00:00,minimal,stock,idle,22,vm-2270841-1778714340526,2270846,0.600900888,cache-misses,,0,100.00
2026-05-13T23:19:02+00:00,minimal,stock,idle,22,vm-2270841-1778714340526,2270846,0.701054414,dTLB-load-misses,,0,100.00
2026-05-13T23:19:02+00:00,minimal,stock,idle,22,vm-2270841-1778714340526,2270846,0.701054414,iTLB-load-misses,,0,100.00
2026-05-13T23:19:02+00:00,minimal,stock,idle,22,vm-2270841-1778714340526,2270846,0.701054414,cache-misses,,0,100.00
2026-05-13T23:19:02+00:00,minimal,stock,idle,22,vm-2270841-1778714340526,2270846,0.801193332,dTLB-load-misses,0,65573,100.00
2026-05-13T23:19:02+00:00,minimal,stock,idle,22,vm-2270841-1778714340526,2270846,0.801193332,iTLB-load-misses,0,65573,100.00
2026-05-13T23:19:02+00:00,minimal,stock,idle,22,vm-2270841-1778714340526,2270846,0.801193332,cache-misses,0,65573,100.00
2026-05-13T23:19:02+00:00,minimal,stock,idle,22,vm-2270841-1778714340526,2270846,0.901345947,dTLB-load-misses,,0,100.00
2026-05-13T23:19:02+00:00,minimal,stock,idle,22,vm-2270841-1778714340526,2270846,0.901345947,iTLB-load-misses,,0,100.00
2026-05-13T23:19:02+00:00,minimal,stock,idle,22,vm-2270841-1778714340526,2270846,0.901345947,cache-misses,,0,100.00
2026-05-13T23:19:02+00:00,minimal,stock,idle,22,vm-2270841-1778714340526,2270846,1.001517908,dTLB-load-misses,3971,61093139,100.00
2026-05-13T23:19:02+00:00,minimal,stock,idle,22,vm-2270841-1778714340526,2270846,1.001517908,iTLB-load-misses,437,61100072,100.00
2026-05-13T23:19:02+00:00,minimal,stock,idle,22,vm-2270841-1778714340526,2270846,1.001517908,cache-misses,103909,61106694,100.00
2026-05-13T23:19:02+00:00,minimal,stock,idle,22,vm-2270841-1778714340526,2270846,1.101693425,dTLB-load-misses,6211,53492600,100.00
2026-05-13T23:19:02+00:00,minimal,stock,idle,22,vm-2270841-1778714340526,2270846,1.101693425,iTLB-load-misses,1130,53491498,100.00
2026-05-13T23:19:02+00:00,minimal,stock,idle,22,vm-2270841-1778714340526,2270846,1.101693425,cache-misses,186139,53490296,100.00
2026-05-13T23:19:02+00:00,minimal,stock,idle,22,vm-2270841-1778714340526,2270846,1.201846470,dTLB-load-misses,1709,14931171,100.00
2026-05-13T23:19:02+00:00,minimal,stock,idle,22,vm-2270841-1778714340526,2270846,1.201846470,iTLB-load-misses,223,14925340,100.00
2026-05-13T23:19:02+00:00,minimal,stock,idle,22,vm-2270841-1778714340526,2270846,1.201846470,cache-misses,23298,14919920,100.00
2026-05-13T23:19:02+00:00,minimal,stock,idle,22,vm-2270841-1778714340526,2270846,1.301990888,dTLB-load-misses,,0,100.00
2026-05-13T23:19:02+00:00,minimal,stock,idle,22,vm-2270841-1778714340526,2270846,1.301990888,iTLB-load-misses,,0,100.00
2026-05-13T23:19:02+00:00,minimal,stock,idle,22,vm-2270841-1778714340526,2270846,1.301990888,cache-misses,,0,100.00
2026-05-13T23:19:02+00:00,minimal,stock,idle,22,vm-2270841-1778714340526,2270846,1.402129626,dTLB-load-misses,,0,100.00
2026-05-13T23:19:02+00:00,minimal,stock,idle,22,vm-2270841-1778714340526,2270846,1.402129626,iTLB-load-misses,,0,100.00
2026-05-13T23:19:02+00:00,minimal,stock,idle,22,vm-2270841-1778714340526,2270846,1.402129626,cache-misses,,0,100.00
2026-05-13T23:19:02+00:00,minimal,stock,idle,22,vm-2270841-1778714340526,2270846,1.502263595,dTLB-load-misses,,0,100.00
2026-05-13T23:19:02+00:00,minimal,stock,idle,22,vm-2270841-1778714340526,2270846,1.502263595,iTLB-load-misses,,0,100.00
2026-05-13T23:19:02+00:00,minimal,stock,idle,22,vm-2270841-1778714340526,2270846,1.502263595,cache-misses,,0,100.00
2026-05-13T23:19:02+00:00,minimal,stock,idle,22,vm-2270841-1778714340526,2270846,1.602399788,dTLB-load-misses,,0,100.00
2026-05-13T23:19:02+00:00,minimal,stock,idle,22,vm-2270841-1778714340526,2270846,1.602399788,iTLB-load-misses,,0,100.00
2026-05-13T23:19:02+00:00,minimal,stock,idle,22,vm-2270841-1778714340526,2270846,1.602399788,cache-misses,,0,100.00
2026-05-13T23:19:02+00:00,minimal,stock,idle,22,vm-2270841-1778714340526,2270846,1.702549206,dTLB-load-misses,,0,100.00
2026-05-13T23:19:02+00:00,minimal,stock,idle,22,vm-2270841-1778714340526,2270846,1.702549206,iTLB-load-misses,,0,100.00
2026-05-13T23:19:02+00:00,minimal,stock,idle,22,vm-2270841-1778714340526,2270846,1.702549206,cache-misses,,0,100.00
2026-05-13T23:19:02+00:00,minimal,stock,idle,22,vm-2270841-1778714340526,2270846,1.802684598,dTLB-load-misses,,0,100.00
2026-05-13T23:19:02+00:00,minimal,stock,idle,22,vm-2270841-1778714340526,2270846,1.802684598,iTLB-load-misses,,0,100.00
2026-05-13T23:19:02+00:00,minimal,stock,idle,22,vm-2270841-1778714340526,2270846,1.802684598,cache-misses,,0,100.00
2026-05-13T23:19:02+00:00,minimal,stock,idle,22,vm-2270841-1778714340526,2270846,1.902825832,dTLB-load-misses,,0,100.00
2026-05-13T23:19:02+00:00,minimal,stock,idle,22,vm-2270841-1778714340526,2270846,1.902825832,iTLB-load-misses,,0,100.00
2026-05-13T23:19:02+00:00,minimal,stock,idle,22,vm-2270841-1778714340526,2270846,1.902825832,cache-misses,,0,100.00
2026-05-13T23:19:02+00:00,minimal,stock,idle,22,vm-2270841-1778714340526,2270846,2.002983074,dTLB-load-misses,,0,100.00
2026-05-13T23:19:02+00:00,minimal,stock,idle,22,vm-2270841-1778714340526,2270846,2.002983074,iTLB-load-misses,,0,100.00
2026-05-13T23:19:02+00:00,minimal,stock,idle,22,vm-2270841-1778714340526,2270846,2.002983074,cache-misses,,0,100.00
2026-05-13T23:19:02+00:00,minimal,stock,idle,22,vm-2270841-1778714340526,2270846,2.003448953,dTLB-load-misses,,0,100.00
2026-05-13T23:19:02+00:00,minimal,stock,idle,22,vm-2270841-1778714340526,2270846,2.003448953,iTLB-load-misses,,0,100.00
2026-05-13T23:19:02+00:00,minimal,stock,idle,22,vm-2270841-1778714340526,2270846,2.003448953,cache-misses,,0,100.00
