timestamp,kind,kernel_kind,load,attempt,sweep_var,sweep_value,phase,elapsed_us
2026-05-13T22:45:00+00:00,minimal,stock,idle,3,mem_mib,256,phase_1_run_root_prep,62
2026-05-13T22:45:00+00:00,minimal,stock,idle,3,mem_mib,256,phase_2_lease,33
2026-05-13T22:45:00+00:00,minimal,stock,idle,3,mem_mib,256,phase_3b_rootfs_prepare,10148
2026-05-13T22:45:00+00:00,minimal,stock,idle,3,mem_mib,256,phase_3_storage_prep,10214
2026-05-13T22:45:00+00:00,minimal,stock,idle,3,mem_mib,256,phase_4_jailer_materialize,774
2026-05-13T22:45:00+00:00,minimal,stock,idle,3,mem_mib,256,phase_5_cgroup_probe,0
2026-05-13T22:45:00+00:00,minimal,stock,idle,3,mem_mib,256,phase_6_network_realize,0
2026-05-13T22:45:00+00:00,minimal,stock,idle,3,mem_mib,256,phase_7_outbound_guest_config,0
2026-05-13T22:45:00+00:00,minimal,stock,idle,3,mem_mib,256,phase_9_jailer_launch,15462
2026-05-13T22:45:00+00:00,minimal,stock,idle,3,mem_mib,256,phase_5b_cgroup_create,19888
2026-05-13T22:45:00+00:00,minimal,stock,idle,3,mem_mib,256,phase_10_open_uds,32
2026-05-13T22:45:00+00:00,minimal,stock,idle,3,mem_mib,256,phase_11_put_machine_config,194
2026-05-13T22:45:00+00:00,minimal,stock,idle,3,mem_mib,256,phase_11_put_boot_source,87
2026-05-13T22:45:00+00:00,minimal,stock,idle,3,mem_mib,256,phase_11_put_drive_rootfs,88
2026-05-13T22:45:00+00:00,minimal,stock,idle,3,mem_mib,256,phase_11_put_drive_rootfs_overlay,186
2026-05-13T22:45:00+00:00,minimal,stock,idle,3,mem_mib,256,phase_11_put_entropy,99
2026-05-13T22:45:00+00:00,minimal,stock,idle,3,mem_mib,256,phase_11_put_vsock,164
2026-05-13T22:45:00+00:00,minimal,stock,idle,3,mem_mib,256,phase_11_rest_puts,1519
2026-05-13T22:45:00+00:00,minimal,stock,idle,3,mem_mib,256,phase_11b_ready_listener_bind,82
2026-05-13T22:45:00+00:00,minimal,stock,idle,3,mem_mib,256,phase_11c_boot_identity_record,91
2026-05-13T22:45:00+00:00,minimal,stock,idle,3,mem_mib,256,phase_12a_instance_start,13935
2026-05-13T22:45:00+00:00,minimal,stock,idle,3,mem_mib,256,phase_12b_host_waiting_accept,1000234
2026-05-13T22:45:00+00:00,minimal,stock,idle,3,mem_mib,256,phase_12b_kernel_console_range,938817
2026-05-13T22:45:00+00:00,minimal,stock,idle,3,mem_mib,256,phase_12b_guest_process_start,2
2026-05-13T22:45:00+00:00,minimal,stock,idle,3,mem_mib,256,phase_12b_guest_stdio_redirected,456
2026-05-13T22:45:00+00:00,minimal,stock,idle,3,mem_mib,256,phase_12b_guest_panic_hook_installed,461
2026-05-13T22:45:00+00:00,minimal,stock,idle,3,mem_mib,256,phase_12b_guest_pseudo_fs_mounted,12155
2026-05-13T22:45:00+00:00,minimal,stock,idle,3,mem_mib,256,phase_12b_guest_base_mounted,23774
2026-05-13T22:45:00+00:00,minimal,stock,idle,3,mem_mib,256,phase_12b_guest_overlay_disk_mounted,30958
2026-05-13T22:45:00+00:00,minimal,stock,idle,3,mem_mib,256,phase_12b_guest_overlay_dirs_ready,36420
2026-05-13T22:45:00+00:00,minimal,stock,idle,3,mem_mib,256,phase_12b_guest_merged_mountpoint_ready,40211
2026-05-13T22:45:00+00:00,minimal,stock,idle,3,mem_mib,256,phase_12b_guest_overlayfs_mounted,43337
2026-05-13T22:45:00+00:00,minimal,stock,idle,3,mem_mib,256,phase_12b_guest_pseudo_fs_bound_into_merged,46647
2026-05-13T22:45:00+00:00,minimal,stock,idle,3,mem_mib,256,phase_12b_guest_merged_self_bound,49886
2026-05-13T22:45:00+00:00,minimal,stock,idle,3,mem_mib,256,phase_12b_guest_pivot_rootfs_done,51578
2026-05-13T22:45:00+00:00,minimal,stock,idle,3,mem_mib,256,phase_12b_guest_overlay_pivot_complete,53417
2026-05-13T22:45:00+00:00,minimal,stock,idle,3,mem_mib,256,phase_12b_guest_network_configured,55216
2026-05-13T22:45:00+00:00,minimal,stock,idle,3,mem_mib,256,phase_12b_guest_workspace_absent,57189
2026-05-13T22:45:00+00:00,minimal,stock,idle,3,mem_mib,256,phase_12b_guest_pid1_setup_complete,58002
2026-05-13T22:45:00+00:00,minimal,stock,idle,3,mem_mib,256,phase_12b_guest_guestd_starting_log,59577
2026-05-13T22:45:00+00:00,minimal,stock,idle,3,mem_mib,256,phase_12b_guest_exec_listener_bound,60603
2026-05-13T22:45:00+00:00,minimal,stock,idle,3,mem_mib,256,phase_12b_ready_accept,1002436
2026-05-13T22:45:00+00:00,minimal,stock,idle,3,mem_mib,256,exec_send,20
2026-05-13T22:45:00+00:00,minimal,stock,idle,3,mem_mib,256,exec_recv,12309
2026-05-13T22:45:00+00:00,minimal,stock,idle,3,mem_mib,256,stop_bounded,70410
2026-05-13T22:45:00+00:00,minimal,stock,idle,3,mem_mib,256,stop_release,110
2026-05-13T22:45:00+00:00,minimal,stock,idle,3,mem_mib,256,guest_elapsed_process_start,2
2026-05-13T22:45:00+00:00,minimal,stock,idle,3,mem_mib,256,guest_delta_process_start,2
2026-05-13T22:45:00+00:00,minimal,stock,idle,3,mem_mib,256,guest_elapsed_stdio_redirected,456
2026-05-13T22:45:00+00:00,minimal,stock,idle,3,mem_mib,256,guest_delta_stdio_redirected,453
2026-05-13T22:45:00+00:00,minimal,stock,idle,3,mem_mib,256,guest_elapsed_panic_hook_installed,461
2026-05-13T22:45:00+00:00,minimal,stock,idle,3,mem_mib,256,guest_delta_panic_hook_installed,4
2026-05-13T22:45:00+00:00,minimal,stock,idle,3,mem_mib,256,guest_elapsed_pseudo_fs_mounted,12155
2026-05-13T22:45:00+00:00,minimal,stock,idle,3,mem_mib,256,guest_delta_pseudo_fs_mounted,11694
2026-05-13T22:45:00+00:00,minimal,stock,idle,3,mem_mib,256,guest_elapsed_base_mounted,23774
2026-05-13T22:45:00+00:00,minimal,stock,idle,3,mem_mib,256,guest_delta_base_mounted,5596
2026-05-13T22:45:00+00:00,minimal,stock,idle,3,mem_mib,256,guest_elapsed_overlay_disk_mounted,30958
2026-05-13T22:45:00+00:00,minimal,stock,idle,3,mem_mib,256,guest_delta_overlay_disk_mounted,7184
2026-05-13T22:45:00+00:00,minimal,stock,idle,3,mem_mib,256,guest_elapsed_overlay_dirs_ready,36420
2026-05-13T22:45:00+00:00,minimal,stock,idle,3,mem_mib,256,guest_delta_overlay_dirs_ready,5461
2026-05-13T22:45:00+00:00,minimal,stock,idle,3,mem_mib,256,guest_elapsed_merged_mountpoint_ready,40211
2026-05-13T22:45:00+00:00,minimal,stock,idle,3,mem_mib,256,guest_delta_merged_mountpoint_ready,3790
2026-05-13T22:45:00+00:00,minimal,stock,idle,3,mem_mib,256,guest_elapsed_overlayfs_mounted,43337
2026-05-13T22:45:00+00:00,minimal,stock,idle,3,mem_mib,256,guest_delta_overlayfs_mounted,3125
2026-05-13T22:45:00+00:00,minimal,stock,idle,3,mem_mib,256,guest_elapsed_pseudo_fs_bound_into_merged,46647
2026-05-13T22:45:00+00:00,minimal,stock,idle,3,mem_mib,256,guest_delta_pseudo_fs_bound_into_merged,3310
2026-05-13T22:45:00+00:00,minimal,stock,idle,3,mem_mib,256,guest_elapsed_merged_self_bound,49886
2026-05-13T22:45:00+00:00,minimal,stock,idle,3,mem_mib,256,guest_delta_merged_self_bound,3238
2026-05-13T22:45:00+00:00,minimal,stock,idle,3,mem_mib,256,guest_elapsed_pivot_rootfs_done,51578
2026-05-13T22:45:00+00:00,minimal,stock,idle,3,mem_mib,256,guest_delta_pivot_rootfs_done,1691
2026-05-13T22:45:00+00:00,minimal,stock,idle,3,mem_mib,256,guest_elapsed_overlay_pivot_complete,53417
2026-05-13T22:45:00+00:00,minimal,stock,idle,3,mem_mib,256,guest_delta_overlay_pivot_complete,1839
2026-05-13T22:45:00+00:00,minimal,stock,idle,3,mem_mib,256,guest_elapsed_network_configured,55216
2026-05-13T22:45:00+00:00,minimal,stock,idle,3,mem_mib,256,guest_delta_network_configured,1798
2026-05-13T22:45:00+00:00,minimal,stock,idle,3,mem_mib,256,guest_elapsed_workspace_absent,57189
2026-05-13T22:45:00+00:00,minimal,stock,idle,3,mem_mib,256,guest_delta_workspace_absent,1972
2026-05-13T22:45:00+00:00,minimal,stock,idle,3,mem_mib,256,guest_elapsed_pid1_setup_complete,58002
2026-05-13T22:45:00+00:00,minimal,stock,idle,3,mem_mib,256,guest_delta_pid1_setup_complete,813
2026-05-13T22:45:00+00:00,minimal,stock,idle,3,mem_mib,256,guest_elapsed_guestd_starting_log,59577
2026-05-13T22:45:00+00:00,minimal,stock,idle,3,mem_mib,256,guest_delta_guestd_starting_log,1574
2026-05-13T22:45:00+00:00,minimal,stock,idle,3,mem_mib,256,guest_elapsed_exec_listener_bound,60603
2026-05-13T22:45:00+00:00,minimal,stock,idle,3,mem_mib,256,guest_delta_exec_listener_bound,1025
2026-05-13T22:45:00+00:00,minimal,stock,idle,3,mem_mib,256,guest_elapsed_ready_signal_sent,62680
2026-05-13T22:45:00+00:00,minimal,stock,idle,3,mem_mib,256,guest_delta_ready_signal_sent,2077
2026-05-13T22:45:01+00:00,minimal,stock,idle,4,mem_mib,256,phase_1_run_root_prep,53
2026-05-13T22:45:01+00:00,minimal,stock,idle,4,mem_mib,256,phase_2_lease,34
2026-05-13T22:45:01+00:00,minimal,stock,idle,4,mem_mib,256,phase_3b_rootfs_prepare,10273
2026-05-13T22:45:01+00:00,minimal,stock,idle,4,mem_mib,256,phase_3_storage_prep,10345
2026-05-13T22:45:01+00:00,minimal,stock,idle,4,mem_mib,256,phase_4_jailer_materialize,640
2026-05-13T22:45:01+00:00,minimal,stock,idle,4,mem_mib,256,phase_5_cgroup_probe,0
2026-05-13T22:45:01+00:00,minimal,stock,idle,4,mem_mib,256,phase_6_network_realize,5
2026-05-13T22:45:01+00:00,minimal,stock,idle,4,mem_mib,256,phase_7_outbound_guest_config,0
2026-05-13T22:45:01+00:00,minimal,stock,idle,4,mem_mib,256,phase_9_jailer_launch,15505
2026-05-13T22:45:01+00:00,minimal,stock,idle,4,mem_mib,256,phase_5b_cgroup_create,24061
2026-05-13T22:45:01+00:00,minimal,stock,idle,4,mem_mib,256,phase_10_open_uds,30
2026-05-13T22:45:01+00:00,minimal,stock,idle,4,mem_mib,256,phase_11_put_machine_config,218
2026-05-13T22:45:01+00:00,minimal,stock,idle,4,mem_mib,256,phase_11_put_boot_source,105
2026-05-13T22:45:01+00:00,minimal,stock,idle,4,mem_mib,256,phase_11_put_drive_rootfs,111
2026-05-13T22:45:01+00:00,minimal,stock,idle,4,mem_mib,256,phase_11_put_drive_rootfs_overlay,267
2026-05-13T22:45:01+00:00,minimal,stock,idle,4,mem_mib,256,phase_11_put_entropy,128
2026-05-13T22:45:01+00:00,minimal,stock,idle,4,mem_mib,256,phase_11_put_vsock,242
2026-05-13T22:45:01+00:00,minimal,stock,idle,4,mem_mib,256,phase_11_rest_puts,1733
2026-05-13T22:45:01+00:00,minimal,stock,idle,4,mem_mib,256,phase_11b_ready_listener_bind,84
2026-05-13T22:45:01+00:00,minimal,stock,idle,4,mem_mib,256,phase_11c_boot_identity_record,92
2026-05-13T22:45:01+00:00,minimal,stock,idle,4,mem_mib,256,phase_12a_instance_start,19011
2026-05-13T22:45:01+00:00,minimal,stock,idle,4,mem_mib,256,phase_12b_host_waiting_accept,999570
2026-05-13T22:45:01+00:00,minimal,stock,idle,4,mem_mib,256,phase_12b_kernel_console_range,935841
2026-05-13T22:45:01+00:00,minimal,stock,idle,4,mem_mib,256,phase_12b_guest_process_start,1
2026-05-13T22:45:01+00:00,minimal,stock,idle,4,mem_mib,256,phase_12b_guest_stdio_redirected,863
2026-05-13T22:45:01+00:00,minimal,stock,idle,4,mem_mib,256,phase_12b_guest_panic_hook_installed,1685
2026-05-13T22:45:01+00:00,minimal,stock,idle,4,mem_mib,256,phase_12b_guest_pseudo_fs_mounted,7051
2026-05-13T22:45:01+00:00,minimal,stock,idle,4,mem_mib,256,phase_12b_guest_mount_namespace_private,13190
2026-05-13T22:45:01+00:00,minimal,stock,idle,4,mem_mib,256,phase_12b_guest_base_mounted,18987
2026-05-13T22:45:01+00:00,minimal,stock,idle,4,mem_mib,256,phase_12b_guest_overlay_disk_mounted,27296
2026-05-13T22:45:01+00:00,minimal,stock,idle,4,mem_mib,256,phase_12b_guest_overlay_dirs_ready,32960
2026-05-13T22:45:01+00:00,minimal,stock,idle,4,mem_mib,256,phase_12b_guest_merged_mountpoint_ready,37391
2026-05-13T22:45:01+00:00,minimal,stock,idle,4,mem_mib,256,phase_12b_guest_overlayfs_mounted,41448
2026-05-13T22:45:01+00:00,minimal,stock,idle,4,mem_mib,256,phase_12b_guest_pseudo_fs_bound_into_merged,44948
2026-05-13T22:45:01+00:00,minimal,stock,idle,4,mem_mib,256,phase_12b_guest_merged_self_bound,48368
2026-05-13T22:45:01+00:00,minimal,stock,idle,4,mem_mib,256,phase_12b_guest_pivot_rootfs_done,50166
2026-05-13T22:45:01+00:00,minimal,stock,idle,4,mem_mib,256,phase_12b_guest_overlay_pivot_complete,52085
2026-05-13T22:45:01+00:00,minimal,stock,idle,4,mem_mib,256,phase_12b_guest_network_configured,54067
2026-05-13T22:45:01+00:00,minimal,stock,idle,4,mem_mib,256,phase_12b_guest_workspace_absent,56233
2026-05-13T22:45:01+00:00,minimal,stock,idle,4,mem_mib,256,phase_12b_guest_pid1_setup_complete,57235
2026-05-13T22:45:01+00:00,minimal,stock,idle,4,mem_mib,256,phase_12b_guest_guestd_starting_log,58924
2026-05-13T22:45:01+00:00,minimal,stock,idle,4,mem_mib,256,phase_12b_guest_exec_listener_bound,59958
2026-05-13T22:45:01+00:00,minimal,stock,idle,4,mem_mib,256,phase_12b_ready_accept,1001874
2026-05-13T22:45:01+00:00,minimal,stock,idle,4,mem_mib,256,exec_send,18
2026-05-13T22:45:01+00:00,minimal,stock,idle,4,mem_mib,256,exec_recv,11960
2026-05-13T22:45:01+00:00,minimal,stock,idle,4,mem_mib,256,stop_bounded,73302
2026-05-13T22:45:01+00:00,minimal,stock,idle,4,mem_mib,256,stop_release,115
2026-05-13T22:45:01+00:00,minimal,stock,idle,4,mem_mib,256,guest_elapsed_process_start,1
2026-05-13T22:45:01+00:00,minimal,stock,idle,4,mem_mib,256,guest_delta_process_start,1
2026-05-13T22:45:01+00:00,minimal,stock,idle,4,mem_mib,256,guest_elapsed_stdio_redirected,863
2026-05-13T22:45:01+00:00,minimal,stock,idle,4,mem_mib,256,guest_delta_stdio_redirected,862
2026-05-13T22:45:01+00:00,minimal,stock,idle,4,mem_mib,256,guest_elapsed_panic_hook_installed,1685
2026-05-13T22:45:01+00:00,minimal,stock,idle,4,mem_mib,256,guest_delta_panic_hook_installed,821
2026-05-13T22:45:01+00:00,minimal,stock,idle,4,mem_mib,256,guest_elapsed_pseudo_fs_mounted,7051
2026-05-13T22:45:01+00:00,minimal,stock,idle,4,mem_mib,256,guest_delta_pseudo_fs_mounted,5365
2026-05-13T22:45:01+00:00,minimal,stock,idle,4,mem_mib,256,guest_elapsed_mount_namespace_private,13190
2026-05-13T22:45:01+00:00,minimal,stock,idle,4,mem_mib,256,guest_delta_mount_namespace_private,6138
2026-05-13T22:45:01+00:00,minimal,stock,idle,4,mem_mib,256,guest_elapsed_base_mounted,18987
2026-05-13T22:45:01+00:00,minimal,stock,idle,4,mem_mib,256,guest_delta_base_mounted,5796
2026-05-13T22:45:01+00:00,minimal,stock,idle,4,mem_mib,256,guest_elapsed_overlay_disk_mounted,27296
2026-05-13T22:45:01+00:00,minimal,stock,idle,4,mem_mib,256,guest_delta_overlay_disk_mounted,8309
2026-05-13T22:45:01+00:00,minimal,stock,idle,4,mem_mib,256,guest_elapsed_overlay_dirs_ready,32960
2026-05-13T22:45:01+00:00,minimal,stock,idle,4,mem_mib,256,guest_delta_overlay_dirs_ready,5664
2026-05-13T22:45:01+00:00,minimal,stock,idle,4,mem_mib,256,guest_elapsed_merged_mountpoint_ready,37391
2026-05-13T22:45:01+00:00,minimal,stock,idle,4,mem_mib,256,guest_delta_merged_mountpoint_ready,4430
2026-05-13T22:45:01+00:00,minimal,stock,idle,4,mem_mib,256,guest_elapsed_overlayfs_mounted,41448
2026-05-13T22:45:01+00:00,minimal,stock,idle,4,mem_mib,256,guest_delta_overlayfs_mounted,4057
2026-05-13T22:45:01+00:00,minimal,stock,idle,4,mem_mib,256,guest_elapsed_pseudo_fs_bound_into_merged,44948
2026-05-13T22:45:01+00:00,minimal,stock,idle,4,mem_mib,256,guest_delta_pseudo_fs_bound_into_merged,3499
2026-05-13T22:45:01+00:00,minimal,stock,idle,4,mem_mib,256,guest_elapsed_merged_self_bound,48368
2026-05-13T22:45:01+00:00,minimal,stock,idle,4,mem_mib,256,guest_delta_merged_self_bound,3419
2026-05-13T22:45:01+00:00,minimal,stock,idle,4,mem_mib,256,guest_elapsed_pivot_rootfs_done,50166
2026-05-13T22:45:01+00:00,minimal,stock,idle,4,mem_mib,256,guest_delta_pivot_rootfs_done,1798
2026-05-13T22:45:01+00:00,minimal,stock,idle,4,mem_mib,256,guest_elapsed_overlay_pivot_complete,52085
2026-05-13T22:45:01+00:00,minimal,stock,idle,4,mem_mib,256,guest_delta_overlay_pivot_complete,1918
2026-05-13T22:45:01+00:00,minimal,stock,idle,4,mem_mib,256,guest_elapsed_network_configured,54067
2026-05-13T22:45:01+00:00,minimal,stock,idle,4,mem_mib,256,guest_delta_network_configured,1982
2026-05-13T22:45:01+00:00,minimal,stock,idle,4,mem_mib,256,guest_elapsed_workspace_absent,56233
2026-05-13T22:45:01+00:00,minimal,stock,idle,4,mem_mib,256,guest_delta_workspace_absent,2165
2026-05-13T22:45:01+00:00,minimal,stock,idle,4,mem_mib,256,guest_elapsed_pid1_setup_complete,57235
2026-05-13T22:45:01+00:00,minimal,stock,idle,4,mem_mib,256,guest_delta_pid1_setup_complete,1002
2026-05-13T22:45:01+00:00,minimal,stock,idle,4,mem_mib,256,guest_elapsed_guestd_starting_log,58924
2026-05-13T22:45:01+00:00,minimal,stock,idle,4,mem_mib,256,guest_delta_guestd_starting_log,1689
2026-05-13T22:45:01+00:00,minimal,stock,idle,4,mem_mib,256,guest_elapsed_exec_listener_bound,59958
2026-05-13T22:45:01+00:00,minimal,stock,idle,4,mem_mib,256,guest_delta_exec_listener_bound,1033
2026-05-13T22:45:01+00:00,minimal,stock,idle,4,mem_mib,256,guest_elapsed_ready_signal_sent,62135
2026-05-13T22:45:01+00:00,minimal,stock,idle,4,mem_mib,256,guest_delta_ready_signal_sent,2177
2026-05-13T22:45:02+00:00,minimal,stock,idle,5,mem_mib,256,phase_1_run_root_prep,41
2026-05-13T22:45:02+00:00,minimal,stock,idle,5,mem_mib,256,phase_2_lease,33
2026-05-13T22:45:02+00:00,minimal,stock,idle,5,mem_mib,256,phase_3b_rootfs_prepare,9854
2026-05-13T22:45:02+00:00,minimal,stock,idle,5,mem_mib,256,phase_3_storage_prep,9934
2026-05-13T22:45:02+00:00,minimal,stock,idle,5,mem_mib,256,phase_4_jailer_materialize,2576
2026-05-13T22:45:02+00:00,minimal,stock,idle,5,mem_mib,256,phase_5_cgroup_probe,0
2026-05-13T22:45:02+00:00,minimal,stock,idle,5,mem_mib,256,phase_6_network_realize,0
2026-05-13T22:45:02+00:00,minimal,stock,idle,5,mem_mib,256,phase_7_outbound_guest_config,0
2026-05-13T22:45:02+00:00,minimal,stock,idle,5,mem_mib,256,phase_9_jailer_launch,15688
2026-05-13T22:45:02+00:00,minimal,stock,idle,5,mem_mib,256,phase_5b_cgroup_create,19175
2026-05-13T22:45:02+00:00,minimal,stock,idle,5,mem_mib,256,phase_10_open_uds,27
2026-05-13T22:45:02+00:00,minimal,stock,idle,5,mem_mib,256,phase_11_put_machine_config,195
2026-05-13T22:45:02+00:00,minimal,stock,idle,5,mem_mib,256,phase_11_put_boot_source,69
2026-05-13T22:45:02+00:00,minimal,stock,idle,5,mem_mib,256,phase_11_put_drive_rootfs,79
2026-05-13T22:45:02+00:00,minimal,stock,idle,5,mem_mib,256,phase_11_put_drive_rootfs_overlay,161
2026-05-13T22:45:02+00:00,minimal,stock,idle,5,mem_mib,256,phase_11_put_entropy,77
2026-05-13T22:45:02+00:00,minimal,stock,idle,5,mem_mib,256,phase_11_put_vsock,133
2026-05-13T22:45:02+00:00,minimal,stock,idle,5,mem_mib,256,phase_11_rest_puts,1063
2026-05-13T22:45:02+00:00,minimal,stock,idle,5,mem_mib,256,phase_11b_ready_listener_bind,35
2026-05-13T22:45:02+00:00,minimal,stock,idle,5,mem_mib,256,phase_11c_boot_identity_record,43
2026-05-13T22:45:02+00:00,minimal,stock,idle,5,mem_mib,256,phase_12a_instance_start,18289
2026-05-13T22:45:02+00:00,minimal,stock,idle,5,mem_mib,256,phase_12b_host_waiting_accept,1016226
2026-05-13T22:45:02+00:00,minimal,stock,idle,5,mem_mib,256,phase_12b_kernel_console_range,952285
2026-05-13T22:45:02+00:00,minimal,stock,idle,5,mem_mib,256,phase_12b_guest_process_start,2
2026-05-13T22:45:02+00:00,minimal,stock,idle,5,mem_mib,256,phase_12b_guest_stdio_redirected,1649
2026-05-13T22:45:02+00:00,minimal,stock,idle,5,mem_mib,256,phase_12b_guest_panic_hook_installed,3367
2026-05-13T22:45:02+00:00,minimal,stock,idle,5,mem_mib,256,phase_12b_guest_pseudo_fs_mounted,14442
2026-05-13T22:45:02+00:00,minimal,stock,idle,5,mem_mib,256,phase_12b_guest_mount_namespace_private,21134
2026-05-13T22:45:02+00:00,minimal,stock,idle,5,mem_mib,256,phase_12b_guest_base_mounted,27738
2026-05-13T22:45:02+00:00,minimal,stock,idle,5,mem_mib,256,phase_12b_guest_overlay_disk_mounted,36120
2026-05-13T22:45:02+00:00,minimal,stock,idle,5,mem_mib,256,phase_12b_guest_merged_mountpoint_ready,45633
2026-05-13T22:45:02+00:00,minimal,stock,idle,5,mem_mib,256,phase_12b_guest_overlayfs_mounted,48915
2026-05-13T22:45:02+00:00,minimal,stock,idle,5,mem_mib,256,phase_12b_guest_pseudo_fs_bound_into_merged,52329
2026-05-13T22:45:02+00:00,minimal,stock,idle,5,mem_mib,256,phase_12b_guest_merged_self_bound,55659
2026-05-13T22:45:02+00:00,minimal,stock,idle,5,mem_mib,256,phase_12b_guest_pivot_rootfs_done,57396
2026-05-13T22:45:02+00:00,minimal,stock,idle,5,mem_mib,256,phase_12b_guest_overlay_pivot_complete,59281
2026-05-13T22:45:02+00:00,minimal,stock,idle,5,mem_mib,256,phase_12b_guest_network_configured,61120
2026-05-13T22:45:02+00:00,minimal,stock,idle,5,mem_mib,256,phase_12b_guest_workspace_absent,63184
2026-05-13T22:45:02+00:00,minimal,stock,idle,5,mem_mib,256,phase_12b_guest_pid1_setup_complete,64057
2026-05-13T22:45:02+00:00,minimal,stock,idle,5,mem_mib,256,phase_12b_guest_guestd_starting_log,65673
2026-05-13T22:45:02+00:00,minimal,stock,idle,5,mem_mib,256,phase_12b_guest_exec_listener_bound,66687
2026-05-13T22:45:02+00:00,minimal,stock,idle,5,mem_mib,256,phase_12b_ready_accept,1018512
2026-05-13T22:45:02+00:00,minimal,stock,idle,5,mem_mib,256,exec_send,19
2026-05-13T22:45:02+00:00,minimal,stock,idle,5,mem_mib,256,exec_recv,11910
2026-05-13T22:45:02+00:00,minimal,stock,idle,5,mem_mib,256,stop_bounded,79086
2026-05-13T22:45:02+00:00,minimal,stock,idle,5,mem_mib,256,stop_release,126
2026-05-13T22:45:02+00:00,minimal,stock,idle,5,mem_mib,256,guest_elapsed_process_start,2
2026-05-13T22:45:02+00:00,minimal,stock,idle,5,mem_mib,256,guest_delta_process_start,2
2026-05-13T22:45:02+00:00,minimal,stock,idle,5,mem_mib,256,guest_elapsed_stdio_redirected,1649
2026-05-13T22:45:02+00:00,minimal,stock,idle,5,mem_mib,256,guest_delta_stdio_redirected,1646
2026-05-13T22:45:02+00:00,minimal,stock,idle,5,mem_mib,256,guest_elapsed_panic_hook_installed,3367
2026-05-13T22:45:02+00:00,minimal,stock,idle,5,mem_mib,256,guest_delta_panic_hook_installed,1717
2026-05-13T22:45:02+00:00,minimal,stock,idle,5,mem_mib,256,guest_elapsed_pseudo_fs_mounted,14442
2026-05-13T22:45:02+00:00,minimal,stock,idle,5,mem_mib,256,guest_delta_pseudo_fs_mounted,11075
2026-05-13T22:45:02+00:00,minimal,stock,idle,5,mem_mib,256,guest_elapsed_mount_namespace_private,21134
2026-05-13T22:45:02+00:00,minimal,stock,idle,5,mem_mib,256,guest_delta_mount_namespace_private,6692
2026-05-13T22:45:02+00:00,minimal,stock,idle,5,mem_mib,256,guest_elapsed_base_mounted,27738
2026-05-13T22:45:02+00:00,minimal,stock,idle,5,mem_mib,256,guest_delta_base_mounted,6603
2026-05-13T22:45:02+00:00,minimal,stock,idle,5,mem_mib,256,guest_elapsed_overlay_disk_mounted,36120
2026-05-13T22:45:02+00:00,minimal,stock,idle,5,mem_mib,256,guest_delta_overlay_disk_mounted,8381
2026-05-13T22:45:02+00:00,minimal,stock,idle,5,mem_mib,256,guest_elapsed_merged_mountpoint_ready,45633
2026-05-13T22:45:02+00:00,minimal,stock,idle,5,mem_mib,256,guest_delta_merged_mountpoint_ready,2986
2026-05-13T22:45:02+00:00,minimal,stock,idle,5,mem_mib,256,guest_elapsed_overlayfs_mounted,48915
2026-05-13T22:45:02+00:00,minimal,stock,idle,5,mem_mib,256,guest_delta_overlayfs_mounted,3282
2026-05-13T22:45:02+00:00,minimal,stock,idle,5,mem_mib,256,guest_elapsed_pseudo_fs_bound_into_merged,52329
2026-05-13T22:45:02+00:00,minimal,stock,idle,5,mem_mib,256,guest_delta_pseudo_fs_bound_into_merged,3413
2026-05-13T22:45:02+00:00,minimal,stock,idle,5,mem_mib,256,guest_elapsed_merged_self_bound,55659
2026-05-13T22:45:02+00:00,minimal,stock,idle,5,mem_mib,256,guest_delta_merged_self_bound,3330
2026-05-13T22:45:02+00:00,minimal,stock,idle,5,mem_mib,256,guest_elapsed_pivot_rootfs_done,57396
2026-05-13T22:45:02+00:00,minimal,stock,idle,5,mem_mib,256,guest_delta_pivot_rootfs_done,1737
2026-05-13T22:45:02+00:00,minimal,stock,idle,5,mem_mib,256,guest_elapsed_overlay_pivot_complete,59281
2026-05-13T22:45:02+00:00,minimal,stock,idle,5,mem_mib,256,guest_delta_overlay_pivot_complete,1884
2026-05-13T22:45:02+00:00,minimal,stock,idle,5,mem_mib,256,guest_elapsed_network_configured,61120
2026-05-13T22:45:02+00:00,minimal,stock,idle,5,mem_mib,256,guest_delta_network_configured,1839
2026-05-13T22:45:02+00:00,minimal,stock,idle,5,mem_mib,256,guest_elapsed_workspace_absent,63184
2026-05-13T22:45:02+00:00,minimal,stock,idle,5,mem_mib,256,guest_delta_workspace_absent,2064
2026-05-13T22:45:02+00:00,minimal,stock,idle,5,mem_mib,256,guest_elapsed_pid1_setup_complete,64057
2026-05-13T22:45:02+00:00,minimal,stock,idle,5,mem_mib,256,guest_delta_pid1_setup_complete,872
2026-05-13T22:45:02+00:00,minimal,stock,idle,5,mem_mib,256,guest_elapsed_guestd_starting_log,65673
2026-05-13T22:45:02+00:00,minimal,stock,idle,5,mem_mib,256,guest_delta_guestd_starting_log,1616
2026-05-13T22:45:02+00:00,minimal,stock,idle,5,mem_mib,256,guest_elapsed_exec_listener_bound,66687
2026-05-13T22:45:02+00:00,minimal,stock,idle,5,mem_mib,256,guest_delta_exec_listener_bound,1014
2026-05-13T22:45:02+00:00,minimal,stock,idle,5,mem_mib,256,guest_elapsed_ready_signal_sent,68754
2026-05-13T22:45:02+00:00,minimal,stock,idle,5,mem_mib,256,guest_delta_ready_signal_sent,2067
2026-05-13T22:45:04+00:00,minimal,stock,idle,6,mem_mib,256,phase_1_run_root_prep,46
2026-05-13T22:45:04+00:00,minimal,stock,idle,6,mem_mib,256,phase_2_lease,34
2026-05-13T22:45:04+00:00,minimal,stock,idle,6,mem_mib,256,phase_3b_rootfs_prepare,9984
2026-05-13T22:45:04+00:00,minimal,stock,idle,6,mem_mib,256,phase_3_storage_prep,10041
2026-05-13T22:45:04+00:00,minimal,stock,idle,6,mem_mib,256,phase_4_jailer_materialize,975
2026-05-13T22:45:04+00:00,minimal,stock,idle,6,mem_mib,256,phase_5_cgroup_probe,0
2026-05-13T22:45:04+00:00,minimal,stock,idle,6,mem_mib,256,phase_6_network_realize,0
2026-05-13T22:45:04+00:00,minimal,stock,idle,6,mem_mib,256,phase_7_outbound_guest_config,0
2026-05-13T22:45:04+00:00,minimal,stock,idle,6,mem_mib,256,phase_9_jailer_launch,15497
2026-05-13T22:45:04+00:00,minimal,stock,idle,6,mem_mib,256,phase_5b_cgroup_create,24337
2026-05-13T22:45:04+00:00,minimal,stock,idle,6,mem_mib,256,phase_10_open_uds,28
2026-05-13T22:45:04+00:00,minimal,stock,idle,6,mem_mib,256,phase_11_put_machine_config,166
2026-05-13T22:45:04+00:00,minimal,stock,idle,6,mem_mib,256,phase_11_put_boot_source,136
2026-05-13T22:45:04+00:00,minimal,stock,idle,6,mem_mib,256,phase_11_put_drive_rootfs,112
2026-05-13T22:45:04+00:00,minimal,stock,idle,6,mem_mib,256,phase_11_put_drive_rootfs_overlay,187
2026-05-13T22:45:04+00:00,minimal,stock,idle,6,mem_mib,256,phase_11_put_entropy,108
2026-05-13T22:45:04+00:00,minimal,stock,idle,6,mem_mib,256,phase_11_put_vsock,166
2026-05-13T22:45:04+00:00,minimal,stock,idle,6,mem_mib,256,phase_11_rest_puts,1584
2026-05-13T22:45:04+00:00,minimal,stock,idle,6,mem_mib,256,phase_11b_ready_listener_bind,86
2026-05-13T22:45:04+00:00,minimal,stock,idle,6,mem_mib,256,phase_11c_boot_identity_record,95
2026-05-13T22:45:04+00:00,minimal,stock,idle,6,mem_mib,256,phase_12a_instance_start,19606
2026-05-13T22:45:04+00:00,minimal,stock,idle,6,mem_mib,256,phase_12b_host_waiting_accept,1006955
2026-05-13T22:45:04+00:00,minimal,stock,idle,6,mem_mib,256,phase_12b_kernel_console_range,944706
2026-05-13T22:45:04+00:00,minimal,stock,idle,6,mem_mib,256,phase_12b_guest_process_start,2
2026-05-13T22:45:04+00:00,minimal,stock,idle,6,mem_mib,256,phase_12b_guest_stdio_redirected,460
2026-05-13T22:45:04+00:00,minimal,stock,idle,6,mem_mib,256,phase_12b_guest_panic_hook_installed,465
2026-05-13T22:45:04+00:00,minimal,stock,idle,6,mem_mib,256,phase_12b_guest_pseudo_fs_mounted,12557
2026-05-13T22:45:04+00:00,minimal,stock,idle,6,mem_mib,256,phase_12b_guest_mount_namespace_private,18806
2026-05-13T22:45:04+00:00,minimal,stock,idle,6,mem_mib,256,phase_12b_guest_base_mounted,25069
2026-05-13T22:45:04+00:00,minimal,stock,idle,6,mem_mib,256,phase_12b_guest_overlay_disk_mounted,32416
2026-05-13T22:45:04+00:00,minimal,stock,idle,6,mem_mib,256,phase_12b_guest_overlay_dirs_ready,38056
2026-05-13T22:45:04+00:00,minimal,stock,idle,6,mem_mib,256,phase_12b_guest_merged_mountpoint_ready,41140
2026-05-13T22:45:04+00:00,minimal,stock,idle,6,mem_mib,256,phase_12b_guest_overlayfs_mounted,44473
2026-05-13T22:45:04+00:00,minimal,stock,idle,6,mem_mib,256,phase_12b_guest_pseudo_fs_bound_into_merged,47986
2026-05-13T22:45:04+00:00,minimal,stock,idle,6,mem_mib,256,phase_12b_guest_merged_self_bound,51384
2026-05-13T22:45:04+00:00,minimal,stock,idle,6,mem_mib,256,phase_12b_guest_pivot_rootfs_done,53186
2026-05-13T22:45:04+00:00,minimal,stock,idle,6,mem_mib,256,phase_12b_guest_overlay_pivot_complete,55124
2026-05-13T22:45:04+00:00,minimal,stock,idle,6,mem_mib,256,phase_12b_guest_network_configured,55319
2026-05-13T22:45:04+00:00,minimal,stock,idle,6,mem_mib,256,phase_12b_guest_workspace_absent,55329
2026-05-13T22:45:04+00:00,minimal,stock,idle,6,mem_mib,256,phase_12b_guest_pid1_setup_complete,55331
2026-05-13T22:45:04+00:00,minimal,stock,idle,6,mem_mib,256,phase_12b_guest_guestd_starting_log,55335
2026-05-13T22:45:04+00:00,minimal,stock,idle,6,mem_mib,256,phase_12b_guest_exec_listener_bound,61472
2026-05-13T22:45:04+00:00,minimal,stock,idle,6,mem_mib,256,phase_12b_ready_accept,1008199
2026-05-13T22:45:04+00:00,minimal,stock,idle,6,mem_mib,256,exec_send,6
2026-05-13T22:45:04+00:00,minimal,stock,idle,6,mem_mib,256,exec_recv,12049
2026-05-13T22:45:04+00:00,minimal,stock,idle,6,mem_mib,256,stop_bounded,62855
2026-05-13T22:45:04+00:00,minimal,stock,idle,6,mem_mib,256,stop_release,116
2026-05-13T22:45:04+00:00,minimal,stock,idle,6,mem_mib,256,guest_elapsed_process_start,2
2026-05-13T22:45:04+00:00,minimal,stock,idle,6,mem_mib,256,guest_delta_process_start,2
2026-05-13T22:45:04+00:00,minimal,stock,idle,6,mem_mib,256,guest_elapsed_stdio_redirected,460
2026-05-13T22:45:04+00:00,minimal,stock,idle,6,mem_mib,256,guest_delta_stdio_redirected,458
2026-05-13T22:45:04+00:00,minimal,stock,idle,6,mem_mib,256,guest_elapsed_panic_hook_installed,465
2026-05-13T22:45:04+00:00,minimal,stock,idle,6,mem_mib,256,guest_delta_panic_hook_installed,4
2026-05-13T22:45:04+00:00,minimal,stock,idle,6,mem_mib,256,guest_elapsed_pseudo_fs_mounted,12557
2026-05-13T22:45:04+00:00,minimal,stock,idle,6,mem_mib,256,guest_delta_pseudo_fs_mounted,12092
2026-05-13T22:45:04+00:00,minimal,stock,idle,6,mem_mib,256,guest_elapsed_mount_namespace_private,18806
2026-05-13T22:45:04+00:00,minimal,stock,idle,6,mem_mib,256,guest_delta_mount_namespace_private,6248
2026-05-13T22:45:04+00:00,minimal,stock,idle,6,mem_mib,256,guest_elapsed_base_mounted,25069
2026-05-13T22:45:04+00:00,minimal,stock,idle,6,mem_mib,256,guest_delta_base_mounted,6263
2026-05-13T22:45:04+00:00,minimal,stock,idle,6,mem_mib,256,guest_elapsed_overlay_disk_mounted,32416
2026-05-13T22:45:04+00:00,minimal,stock,idle,6,mem_mib,256,guest_delta_overlay_disk_mounted,7347
2026-05-13T22:45:04+00:00,minimal,stock,idle,6,mem_mib,256,guest_elapsed_overlay_dirs_ready,38056
2026-05-13T22:45:04+00:00,minimal,stock,idle,6,mem_mib,256,guest_delta_overlay_dirs_ready,5639
2026-05-13T22:45:04+00:00,minimal,stock,idle,6,mem_mib,256,guest_elapsed_merged_mountpoint_ready,41140
2026-05-13T22:45:04+00:00,minimal,stock,idle,6,mem_mib,256,guest_delta_merged_mountpoint_ready,3083
2026-05-13T22:45:04+00:00,minimal,stock,idle,6,mem_mib,256,guest_elapsed_overlayfs_mounted,44473
2026-05-13T22:45:04+00:00,minimal,stock,idle,6,mem_mib,256,guest_delta_overlayfs_mounted,3333
2026-05-13T22:45:04+00:00,minimal,stock,idle,6,mem_mib,256,guest_elapsed_pseudo_fs_bound_into_merged,47986
2026-05-13T22:45:04+00:00,minimal,stock,idle,6,mem_mib,256,guest_delta_pseudo_fs_bound_into_merged,3513
2026-05-13T22:45:04+00:00,minimal,stock,idle,6,mem_mib,256,guest_elapsed_merged_self_bound,51384
2026-05-13T22:45:04+00:00,minimal,stock,idle,6,mem_mib,256,guest_delta_merged_self_bound,3398
2026-05-13T22:45:04+00:00,minimal,stock,idle,6,mem_mib,256,guest_elapsed_pivot_rootfs_done,53186
2026-05-13T22:45:04+00:00,minimal,stock,idle,6,mem_mib,256,guest_delta_pivot_rootfs_done,1801
2026-05-13T22:45:04+00:00,minimal,stock,idle,6,mem_mib,256,guest_elapsed_overlay_pivot_complete,55124
2026-05-13T22:45:04+00:00,minimal,stock,idle,6,mem_mib,256,guest_delta_overlay_pivot_complete,1937
2026-05-13T22:45:04+00:00,minimal,stock,idle,6,mem_mib,256,guest_elapsed_network_configured,55319
2026-05-13T22:45:04+00:00,minimal,stock,idle,6,mem_mib,256,guest_delta_network_configured,195
2026-05-13T22:45:04+00:00,minimal,stock,idle,6,mem_mib,256,guest_elapsed_workspace_absent,55329
2026-05-13T22:45:04+00:00,minimal,stock,idle,6,mem_mib,256,guest_delta_workspace_absent,10
2026-05-13T22:45:04+00:00,minimal,stock,idle,6,mem_mib,256,guest_elapsed_pid1_setup_complete,55331
2026-05-13T22:45:04+00:00,minimal,stock,idle,6,mem_mib,256,guest_delta_pid1_setup_complete,1
2026-05-13T22:45:04+00:00,minimal,stock,idle,6,mem_mib,256,guest_elapsed_guestd_starting_log,55335
2026-05-13T22:45:04+00:00,minimal,stock,idle,6,mem_mib,256,guest_delta_guestd_starting_log,4
2026-05-13T22:45:04+00:00,minimal,stock,idle,6,mem_mib,256,guest_elapsed_exec_listener_bound,61472
2026-05-13T22:45:04+00:00,minimal,stock,idle,6,mem_mib,256,guest_delta_exec_listener_bound,6136
2026-05-13T22:45:04+00:00,minimal,stock,idle,6,mem_mib,256,guest_elapsed_ready_signal_sent,63629
2026-05-13T22:45:04+00:00,minimal,stock,idle,6,mem_mib,256,guest_delta_ready_signal_sent,2156
2026-05-13T22:45:05+00:00,minimal,stock,idle,7,mem_mib,256,phase_1_run_root_prep,62
2026-05-13T22:45:05+00:00,minimal,stock,idle,7,mem_mib,256,phase_2_lease,36
2026-05-13T22:45:05+00:00,minimal,stock,idle,7,mem_mib,256,phase_3b_rootfs_prepare,13018
2026-05-13T22:45:05+00:00,minimal,stock,idle,7,mem_mib,256,phase_3_storage_prep,13093
2026-05-13T22:45:05+00:00,minimal,stock,idle,7,mem_mib,256,phase_4_jailer_materialize,632
2026-05-13T22:45:05+00:00,minimal,stock,idle,7,mem_mib,256,phase_5_cgroup_probe,0
2026-05-13T22:45:05+00:00,minimal,stock,idle,7,mem_mib,256,phase_6_network_realize,6
2026-05-13T22:45:05+00:00,minimal,stock,idle,7,mem_mib,256,phase_7_outbound_guest_config,0
2026-05-13T22:45:05+00:00,minimal,stock,idle,7,mem_mib,256,phase_9_jailer_launch,15471
2026-05-13T22:45:05+00:00,minimal,stock,idle,7,mem_mib,256,phase_5b_cgroup_create,21673
2026-05-13T22:45:05+00:00,minimal,stock,idle,7,mem_mib,256,phase_10_open_uds,21
2026-05-13T22:45:05+00:00,minimal,stock,idle,7,mem_mib,256,phase_11_put_machine_config,165
2026-05-13T22:45:05+00:00,minimal,stock,idle,7,mem_mib,256,phase_11_put_boot_source,86
2026-05-13T22:45:05+00:00,minimal,stock,idle,7,mem_mib,256,phase_11_put_drive_rootfs,95
2026-05-13T22:45:05+00:00,minimal,stock,idle,7,mem_mib,256,phase_11_put_drive_rootfs_overlay,165
2026-05-13T22:45:05+00:00,minimal,stock,idle,7,mem_mib,256,phase_11_put_entropy,86
2026-05-13T22:45:05+00:00,minimal,stock,idle,7,mem_mib,256,phase_11_put_vsock,140
2026-05-13T22:45:05+00:00,minimal,stock,idle,7,mem_mib,256,phase_11_rest_puts,1424
2026-05-13T22:45:05+00:00,minimal,stock,idle,7,mem_mib,256,phase_11b_ready_listener_bind,86
2026-05-13T22:45:05+00:00,minimal,stock,idle,7,mem_mib,256,phase_11c_boot_identity_record,96
2026-05-13T22:45:05+00:00,minimal,stock,idle,7,mem_mib,256,phase_12a_instance_start,18862
2026-05-13T22:45:05+00:00,minimal,stock,idle,7,mem_mib,256,phase_12b_host_waiting_accept,1007496
2026-05-13T22:45:05+00:00,minimal,stock,idle,7,mem_mib,256,phase_12b_kernel_console_range,943917
2026-05-13T22:45:05+00:00,minimal,stock,idle,7,mem_mib,256,phase_12b_guest_process_start,3
2026-05-13T22:45:05+00:00,minimal,stock,idle,7,mem_mib,256,phase_12b_guest_stdio_redirected,480
2026-05-13T22:45:05+00:00,minimal,stock,idle,7,mem_mib,256,phase_12b_guest_panic_hook_installed,485
2026-05-13T22:45:05+00:00,minimal,stock,idle,7,mem_mib,256,phase_12b_guest_pseudo_fs_mounted,12288
2026-05-13T22:45:05+00:00,minimal,stock,idle,7,mem_mib,256,phase_12b_guest_mount_namespace_private,18340
2026-05-13T22:45:05+00:00,minimal,stock,idle,7,mem_mib,256,phase_12b_guest_base_mounted,24379
2026-05-13T22:45:05+00:00,minimal,stock,idle,7,mem_mib,256,phase_12b_guest_overlay_disk_mounted,32012
2026-05-13T22:45:05+00:00,minimal,stock,idle,7,mem_mib,256,phase_12b_guest_overlay_dirs_ready,37456
2026-05-13T22:45:05+00:00,minimal,stock,idle,7,mem_mib,256,phase_12b_guest_merged_mountpoint_ready,40874
2026-05-13T22:45:05+00:00,minimal,stock,idle,7,mem_mib,256,phase_12b_guest_overlayfs_mounted,44032
2026-05-13T22:45:05+00:00,minimal,stock,idle,7,mem_mib,256,phase_12b_guest_pseudo_fs_bound_into_merged,47364
2026-05-13T22:45:05+00:00,minimal,stock,idle,7,mem_mib,256,phase_12b_guest_merged_self_bound,50638
2026-05-13T22:45:05+00:00,minimal,stock,idle,7,mem_mib,256,phase_12b_guest_pivot_rootfs_done,52363
2026-05-13T22:45:05+00:00,minimal,stock,idle,7,mem_mib,256,phase_12b_guest_overlay_pivot_complete,54192
2026-05-13T22:45:05+00:00,minimal,stock,idle,7,mem_mib,256,phase_12b_guest_network_configured,56008
2026-05-13T22:45:05+00:00,minimal,stock,idle,7,mem_mib,256,phase_12b_guest_workspace_absent,57976
2026-05-13T22:45:05+00:00,minimal,stock,idle,7,mem_mib,256,phase_12b_guest_pid1_setup_complete,58800
2026-05-13T22:45:05+00:00,minimal,stock,idle,7,mem_mib,256,phase_12b_guest_guestd_starting_log,60405
2026-05-13T22:45:05+00:00,minimal,stock,idle,7,mem_mib,256,phase_12b_guest_exec_listener_bound,61391
2026-05-13T22:45:05+00:00,minimal,stock,idle,7,mem_mib,256,phase_12b_ready_accept,1009770
2026-05-13T22:45:05+00:00,minimal,stock,idle,7,mem_mib,256,exec_send,22
2026-05-13T22:45:05+00:00,minimal,stock,idle,7,mem_mib,256,exec_recv,11935
2026-05-13T22:45:05+00:00,minimal,stock,idle,7,mem_mib,256,stop_bounded,62013
2026-05-13T22:45:05+00:00,minimal,stock,idle,7,mem_mib,256,stop_release,112
2026-05-13T22:45:05+00:00,minimal,stock,idle,7,mem_mib,256,guest_elapsed_process_start,3
2026-05-13T22:45:05+00:00,minimal,stock,idle,7,mem_mib,256,guest_delta_process_start,3
2026-05-13T22:45:05+00:00,minimal,stock,idle,7,mem_mib,256,guest_elapsed_stdio_redirected,480
2026-05-13T22:45:05+00:00,minimal,stock,idle,7,mem_mib,256,guest_delta_stdio_redirected,477
2026-05-13T22:45:05+00:00,minimal,stock,idle,7,mem_mib,256,guest_elapsed_panic_hook_installed,485
2026-05-13T22:45:05+00:00,minimal,stock,idle,7,mem_mib,256,guest_delta_panic_hook_installed,4
2026-05-13T22:45:05+00:00,minimal,stock,idle,7,mem_mib,256,guest_elapsed_pseudo_fs_mounted,12288
2026-05-13T22:45:05+00:00,minimal,stock,idle,7,mem_mib,256,guest_delta_pseudo_fs_mounted,11803
2026-05-13T22:45:05+00:00,minimal,stock,idle,7,mem_mib,256,guest_elapsed_mount_namespace_private,18340
2026-05-13T22:45:05+00:00,minimal,stock,idle,7,mem_mib,256,guest_delta_mount_namespace_private,6051
2026-05-13T22:45:05+00:00,minimal,stock,idle,7,mem_mib,256,guest_elapsed_base_mounted,24379
2026-05-13T22:45:05+00:00,minimal,stock,idle,7,mem_mib,256,guest_delta_base_mounted,6038
2026-05-13T22:45:05+00:00,minimal,stock,idle,7,mem_mib,256,guest_elapsed_overlay_disk_mounted,32012
2026-05-13T22:45:05+00:00,minimal,stock,idle,7,mem_mib,256,guest_delta_overlay_disk_mounted,7633
2026-05-13T22:45:05+00:00,minimal,stock,idle,7,mem_mib,256,guest_elapsed_overlay_dirs_ready,37456
2026-05-13T22:45:05+00:00,minimal,stock,idle,7,mem_mib,256,guest_delta_overlay_dirs_ready,5443
2026-05-13T22:45:05+00:00,minimal,stock,idle,7,mem_mib,256,guest_elapsed_merged_mountpoint_ready,40874
2026-05-13T22:45:05+00:00,minimal,stock,idle,7,mem_mib,256,guest_delta_merged_mountpoint_ready,3418
2026-05-13T22:45:05+00:00,minimal,stock,idle,7,mem_mib,256,guest_elapsed_overlayfs_mounted,44032
2026-05-13T22:45:05+00:00,minimal,stock,idle,7,mem_mib,256,guest_delta_overlayfs_mounted,3158
2026-05-13T22:45:05+00:00,minimal,stock,idle,7,mem_mib,256,guest_elapsed_pseudo_fs_bound_into_merged,47364
2026-05-13T22:45:05+00:00,minimal,stock,idle,7,mem_mib,256,guest_delta_pseudo_fs_bound_into_merged,3332
2026-05-13T22:45:05+00:00,minimal,stock,idle,7,mem_mib,256,guest_elapsed_merged_self_bound,50638
2026-05-13T22:45:05+00:00,minimal,stock,idle,7,mem_mib,256,guest_delta_merged_self_bound,3274
2026-05-13T22:45:05+00:00,minimal,stock,idle,7,mem_mib,256,guest_elapsed_pivot_rootfs_done,52363
2026-05-13T22:45:05+00:00,minimal,stock,idle,7,mem_mib,256,guest_delta_pivot_rootfs_done,1724
2026-05-13T22:45:05+00:00,minimal,stock,idle,7,mem_mib,256,guest_elapsed_overlay_pivot_complete,54192
2026-05-13T22:45:05+00:00,minimal,stock,idle,7,mem_mib,256,guest_delta_overlay_pivot_complete,1829
2026-05-13T22:45:05+00:00,minimal,stock,idle,7,mem_mib,256,guest_elapsed_network_configured,56008
2026-05-13T22:45:05+00:00,minimal,stock,idle,7,mem_mib,256,guest_delta_network_configured,1815
2026-05-13T22:45:05+00:00,minimal,stock,idle,7,mem_mib,256,guest_elapsed_workspace_absent,57976
2026-05-13T22:45:05+00:00,minimal,stock,idle,7,mem_mib,256,guest_delta_workspace_absent,1968
2026-05-13T22:45:05+00:00,minimal,stock,idle,7,mem_mib,256,guest_elapsed_pid1_setup_complete,58800
2026-05-13T22:45:05+00:00,minimal,stock,idle,7,mem_mib,256,guest_delta_pid1_setup_complete,824
2026-05-13T22:45:05+00:00,minimal,stock,idle,7,mem_mib,256,guest_elapsed_guestd_starting_log,60405
2026-05-13T22:45:05+00:00,minimal,stock,idle,7,mem_mib,256,guest_delta_guestd_starting_log,1605
2026-05-13T22:45:05+00:00,minimal,stock,idle,7,mem_mib,256,guest_elapsed_exec_listener_bound,61391
2026-05-13T22:45:05+00:00,minimal,stock,idle,7,mem_mib,256,guest_delta_exec_listener_bound,985
2026-05-13T22:45:05+00:00,minimal,stock,idle,7,mem_mib,256,guest_elapsed_ready_signal_sent,63413
2026-05-13T22:45:05+00:00,minimal,stock,idle,7,mem_mib,256,guest_delta_ready_signal_sent,2022
2026-05-13T22:45:07+00:00,minimal,stock,idle,8,mem_mib,256,phase_1_run_root_prep,64
2026-05-13T22:45:07+00:00,minimal,stock,idle,8,mem_mib,256,phase_2_lease,37
2026-05-13T22:45:07+00:00,minimal,stock,idle,8,mem_mib,256,phase_3b_rootfs_prepare,13520
2026-05-13T22:45:07+00:00,minimal,stock,idle,8,mem_mib,256,phase_3_storage_prep,13585
2026-05-13T22:45:07+00:00,minimal,stock,idle,8,mem_mib,256,phase_4_jailer_materialize,769
2026-05-13T22:45:07+00:00,minimal,stock,idle,8,mem_mib,256,phase_5_cgroup_probe,0
2026-05-13T22:45:07+00:00,minimal,stock,idle,8,mem_mib,256,phase_6_network_realize,0
2026-05-13T22:45:07+00:00,minimal,stock,idle,8,mem_mib,256,phase_7_outbound_guest_config,0
2026-05-13T22:45:07+00:00,minimal,stock,idle,8,mem_mib,256,phase_9_jailer_launch,15536
2026-05-13T22:45:07+00:00,minimal,stock,idle,8,mem_mib,256,phase_5b_cgroup_create,20344
2026-05-13T22:45:07+00:00,minimal,stock,idle,8,mem_mib,256,phase_10_open_uds,28
2026-05-13T22:45:07+00:00,minimal,stock,idle,8,mem_mib,256,phase_11_put_machine_config,218
2026-05-13T22:45:07+00:00,minimal,stock,idle,8,mem_mib,256,phase_11_put_boot_source,96
2026-05-13T22:45:07+00:00,minimal,stock,idle,8,mem_mib,256,phase_11_put_drive_rootfs,106
2026-05-13T22:45:07+00:00,minimal,stock,idle,8,mem_mib,256,phase_11_put_drive_rootfs_overlay,196
2026-05-13T22:45:07+00:00,minimal,stock,idle,8,mem_mib,256,phase_11_put_entropy,112
2026-05-13T22:45:07+00:00,minimal,stock,idle,8,mem_mib,256,phase_11_put_vsock,173
2026-05-13T22:45:07+00:00,minimal,stock,idle,8,mem_mib,256,phase_11_rest_puts,1264
2026-05-13T22:45:07+00:00,minimal,stock,idle,8,mem_mib,256,phase_11b_ready_listener_bind,44
2026-05-13T22:45:07+00:00,minimal,stock,idle,8,mem_mib,256,phase_11c_boot_identity_record,44
2026-05-13T22:45:07+00:00,minimal,stock,idle,8,mem_mib,256,phase_12a_instance_start,20163
2026-05-13T22:45:07+00:00,minimal,stock,idle,8,mem_mib,256,phase_12b_host_waiting_accept,1012865
2026-05-13T22:45:07+00:00,minimal,stock,idle,8,mem_mib,256,phase_12b_kernel_console_range,948485
2026-05-13T22:45:07+00:00,minimal,stock,idle,8,mem_mib,256,phase_12b_guest_process_start,0
2026-05-13T22:45:07+00:00,minimal,stock,idle,8,mem_mib,256,phase_12b_guest_stdio_redirected,463
2026-05-13T22:45:07+00:00,minimal,stock,idle,8,mem_mib,256,phase_12b_guest_panic_hook_installed,467
2026-05-13T22:45:07+00:00,minimal,stock,idle,8,mem_mib,256,phase_12b_guest_pseudo_fs_mounted,12660
2026-05-13T22:45:07+00:00,minimal,stock,idle,8,mem_mib,256,phase_12b_guest_mount_namespace_private,18965
2026-05-13T22:45:07+00:00,minimal,stock,idle,8,mem_mib,256,phase_12b_guest_base_mounted,25320
2026-05-13T22:45:07+00:00,minimal,stock,idle,8,mem_mib,256,phase_12b_guest_overlay_disk_mounted,32780
2026-05-13T22:45:07+00:00,minimal,stock,idle,8,mem_mib,256,phase_12b_guest_overlay_dirs_ready,38483
2026-05-13T22:45:07+00:00,minimal,stock,idle,8,mem_mib,256,phase_12b_guest_merged_mountpoint_ready,41547
2026-05-13T22:45:07+00:00,minimal,stock,idle,8,mem_mib,256,phase_12b_guest_overlayfs_mounted,44851
2026-05-13T22:45:07+00:00,minimal,stock,idle,8,mem_mib,256,phase_12b_guest_pseudo_fs_bound_into_merged,48333
2026-05-13T22:45:07+00:00,minimal,stock,idle,8,mem_mib,256,phase_12b_guest_merged_self_bound,51726
2026-05-13T22:45:07+00:00,minimal,stock,idle,8,mem_mib,256,phase_12b_guest_pivot_rootfs_done,53500
2026-05-13T22:45:07+00:00,minimal,stock,idle,8,mem_mib,256,phase_12b_guest_overlay_pivot_complete,55403
2026-05-13T22:45:07+00:00,minimal,stock,idle,8,mem_mib,256,phase_12b_guest_network_configured,57309
2026-05-13T22:45:07+00:00,minimal,stock,idle,8,mem_mib,256,phase_12b_guest_workspace_absent,59346
2026-05-13T22:45:07+00:00,minimal,stock,idle,8,mem_mib,256,phase_12b_guest_pid1_setup_complete,60240
2026-05-13T22:45:07+00:00,minimal,stock,idle,8,mem_mib,256,phase_12b_guest_guestd_starting_log,61890
2026-05-13T22:45:07+00:00,minimal,stock,idle,8,mem_mib,256,phase_12b_guest_exec_listener_bound,62937
2026-05-13T22:45:07+00:00,minimal,stock,idle,8,mem_mib,256,phase_12b_ready_accept,1015197
2026-05-13T22:45:07+00:00,minimal,stock,idle,8,mem_mib,256,exec_send,17
2026-05-13T22:45:07+00:00,minimal,stock,idle,8,mem_mib,256,exec_recv,11994
2026-05-13T22:45:07+00:00,minimal,stock,idle,8,mem_mib,256,stop_bounded,76342
2026-05-13T22:45:07+00:00,minimal,stock,idle,8,mem_mib,256,stop_release,113
2026-05-13T22:45:07+00:00,minimal,stock,idle,8,mem_mib,256,guest_elapsed_process_start,0
2026-05-13T22:45:07+00:00,minimal,stock,idle,8,mem_mib,256,guest_delta_process_start,0
2026-05-13T22:45:07+00:00,minimal,stock,idle,8,mem_mib,256,guest_elapsed_stdio_redirected,463
2026-05-13T22:45:07+00:00,minimal,stock,idle,8,mem_mib,256,guest_delta_stdio_redirected,462
2026-05-13T22:45:07+00:00,minimal,stock,idle,8,mem_mib,256,guest_elapsed_panic_hook_installed,467
2026-05-13T22:45:07+00:00,minimal,stock,idle,8,mem_mib,256,guest_delta_panic_hook_installed,4
2026-05-13T22:45:07+00:00,minimal,stock,idle,8,mem_mib,256,guest_elapsed_pseudo_fs_mounted,12660
2026-05-13T22:45:07+00:00,minimal,stock,idle,8,mem_mib,256,guest_delta_pseudo_fs_mounted,12192
2026-05-13T22:45:07+00:00,minimal,stock,idle,8,mem_mib,256,guest_elapsed_mount_namespace_private,18965
2026-05-13T22:45:07+00:00,minimal,stock,idle,8,mem_mib,256,guest_delta_mount_namespace_private,6304
2026-05-13T22:45:07+00:00,minimal,stock,idle,8,mem_mib,256,guest_elapsed_base_mounted,25320
2026-05-13T22:45:07+00:00,minimal,stock,idle,8,mem_mib,256,guest_delta_base_mounted,6355
2026-05-13T22:45:07+00:00,minimal,stock,idle,8,mem_mib,256,guest_elapsed_overlay_disk_mounted,32780
2026-05-13T22:45:07+00:00,minimal,stock,idle,8,mem_mib,256,guest_delta_overlay_disk_mounted,7460
2026-05-13T22:45:07+00:00,minimal,stock,idle,8,mem_mib,256,guest_elapsed_overlay_dirs_ready,38483
2026-05-13T22:45:07+00:00,minimal,stock,idle,8,mem_mib,256,guest_delta_overlay_dirs_ready,5702
2026-05-13T22:45:07+00:00,minimal,stock,idle,8,mem_mib,256,guest_elapsed_merged_mountpoint_ready,41547
2026-05-13T22:45:07+00:00,minimal,stock,idle,8,mem_mib,256,guest_delta_merged_mountpoint_ready,3064
2026-05-13T22:45:07+00:00,minimal,stock,idle,8,mem_mib,256,guest_elapsed_overlayfs_mounted,44851
2026-05-13T22:45:07+00:00,minimal,stock,idle,8,mem_mib,256,guest_delta_overlayfs_mounted,3303
2026-05-13T22:45:07+00:00,minimal,stock,idle,8,mem_mib,256,guest_elapsed_pseudo_fs_bound_into_merged,48333
2026-05-13T22:45:07+00:00,minimal,stock,idle,8,mem_mib,256,guest_delta_pseudo_fs_bound_into_merged,3482
2026-05-13T22:45:07+00:00,minimal,stock,idle,8,mem_mib,256,guest_elapsed_merged_self_bound,51726
2026-05-13T22:45:07+00:00,minimal,stock,idle,8,mem_mib,256,guest_delta_merged_self_bound,3393
2026-05-13T22:45:07+00:00,minimal,stock,idle,8,mem_mib,256,guest_elapsed_pivot_rootfs_done,53500
2026-05-13T22:45:07+00:00,minimal,stock,idle,8,mem_mib,256,guest_delta_pivot_rootfs_done,1773
2026-05-13T22:45:07+00:00,minimal,stock,idle,8,mem_mib,256,guest_elapsed_overlay_pivot_complete,55403
2026-05-13T22:45:07+00:00,minimal,stock,idle,8,mem_mib,256,guest_delta_overlay_pivot_complete,1903
2026-05-13T22:45:07+00:00,minimal,stock,idle,8,mem_mib,256,guest_elapsed_network_configured,57309
2026-05-13T22:45:07+00:00,minimal,stock,idle,8,mem_mib,256,guest_delta_network_configured,1905
2026-05-13T22:45:07+00:00,minimal,stock,idle,8,mem_mib,256,guest_elapsed_workspace_absent,59346
2026-05-13T22:45:07+00:00,minimal,stock,idle,8,mem_mib,256,guest_delta_workspace_absent,2037
2026-05-13T22:45:07+00:00,minimal,stock,idle,8,mem_mib,256,guest_elapsed_pid1_setup_complete,60240
2026-05-13T22:45:07+00:00,minimal,stock,idle,8,mem_mib,256,guest_delta_pid1_setup_complete,893
2026-05-13T22:45:07+00:00,minimal,stock,idle,8,mem_mib,256,guest_elapsed_guestd_starting_log,61890
2026-05-13T22:45:07+00:00,minimal,stock,idle,8,mem_mib,256,guest_delta_guestd_starting_log,1650
2026-05-13T22:45:07+00:00,minimal,stock,idle,8,mem_mib,256,guest_elapsed_exec_listener_bound,62937
2026-05-13T22:45:07+00:00,minimal,stock,idle,8,mem_mib,256,guest_delta_exec_listener_bound,1046
2026-05-13T22:45:07+00:00,minimal,stock,idle,8,mem_mib,256,guest_elapsed_ready_signal_sent,65089
2026-05-13T22:45:07+00:00,minimal,stock,idle,8,mem_mib,256,guest_delta_ready_signal_sent,2152
2026-05-13T22:45:08+00:00,minimal,stock,idle,9,mem_mib,256,phase_1_run_root_prep,42
2026-05-13T22:45:08+00:00,minimal,stock,idle,9,mem_mib,256,phase_2_lease,34
2026-05-13T22:45:08+00:00,minimal,stock,idle,9,mem_mib,256,phase_3b_rootfs_prepare,10752
2026-05-13T22:45:08+00:00,minimal,stock,idle,9,mem_mib,256,phase_3_storage_prep,10809
2026-05-13T22:45:08+00:00,minimal,stock,idle,9,mem_mib,256,phase_4_jailer_materialize,913
2026-05-13T22:45:08+00:00,minimal,stock,idle,9,mem_mib,256,phase_5_cgroup_probe,0
2026-05-13T22:45:08+00:00,minimal,stock,idle,9,mem_mib,256,phase_6_network_realize,0
2026-05-13T22:45:08+00:00,minimal,stock,idle,9,mem_mib,256,phase_7_outbound_guest_config,0
2026-05-13T22:45:08+00:00,minimal,stock,idle,9,mem_mib,256,phase_9_jailer_launch,15474
2026-05-13T22:45:08+00:00,minimal,stock,idle,9,mem_mib,256,phase_5b_cgroup_create,22379
2026-05-13T22:45:08+00:00,minimal,stock,idle,9,mem_mib,256,phase_10_open_uds,31
2026-05-13T22:45:08+00:00,minimal,stock,idle,9,mem_mib,256,phase_11_put_machine_config,188
2026-05-13T22:45:08+00:00,minimal,stock,idle,9,mem_mib,256,phase_11_put_boot_source,83
2026-05-13T22:45:08+00:00,minimal,stock,idle,9,mem_mib,256,phase_11_put_drive_rootfs,110
2026-05-13T22:45:08+00:00,minimal,stock,idle,9,mem_mib,256,phase_11_put_drive_rootfs_overlay,188
2026-05-13T22:45:08+00:00,minimal,stock,idle,9,mem_mib,256,phase_11_put_entropy,117
2026-05-13T22:45:08+00:00,minimal,stock,idle,9,mem_mib,256,phase_11_put_vsock,167
2026-05-13T22:45:08+00:00,minimal,stock,idle,9,mem_mib,256,phase_11_rest_puts,1546
2026-05-13T22:45:08+00:00,minimal,stock,idle,9,mem_mib,256,phase_11b_ready_listener_bind,105
2026-05-13T22:45:08+00:00,minimal,stock,idle,9,mem_mib,256,phase_11c_boot_identity_record,113
2026-05-13T22:45:08+00:00,minimal,stock,idle,9,mem_mib,256,phase_12a_instance_start,13948
2026-05-13T22:45:08+00:00,minimal,stock,idle,9,mem_mib,256,phase_12b_host_waiting_accept,984262
2026-05-13T22:45:08+00:00,minimal,stock,idle,9,mem_mib,256,phase_12b_kernel_console_range,918469
2026-05-13T22:45:08+00:00,minimal,stock,idle,9,mem_mib,256,phase_12b_guest_process_start,1
2026-05-13T22:45:08+00:00,minimal,stock,idle,9,mem_mib,256,phase_12b_guest_stdio_redirected,869
2026-05-13T22:45:08+00:00,minimal,stock,idle,9,mem_mib,256,phase_12b_guest_panic_hook_installed,1697
2026-05-13T22:45:08+00:00,minimal,stock,idle,9,mem_mib,256,phase_12b_guest_pseudo_fs_mounted,7123
2026-05-13T22:45:08+00:00,minimal,stock,idle,9,mem_mib,256,phase_12b_guest_mount_namespace_private,10346
2026-05-13T22:45:08+00:00,minimal,stock,idle,9,mem_mib,256,phase_12b_guest_base_mounted,13558
2026-05-13T22:45:08+00:00,minimal,stock,idle,9,mem_mib,256,phase_12b_guest_overlay_disk_mounted,18467
2026-05-13T22:45:08+00:00,minimal,stock,idle,9,mem_mib,256,phase_12b_guest_overlay_dirs_ready,22193
2026-05-13T22:45:08+00:00,minimal,stock,idle,9,mem_mib,256,phase_12b_guest_merged_mountpoint_ready,25084
2026-05-13T22:45:08+00:00,minimal,stock,idle,9,mem_mib,256,phase_12b_guest_overlayfs_mounted,28494
2026-05-13T22:45:08+00:00,minimal,stock,idle,9,mem_mib,256,phase_12b_guest_pseudo_fs_bound_into_merged,32017
2026-05-13T22:45:08+00:00,minimal,stock,idle,9,mem_mib,256,phase_12b_guest_merged_self_bound,35443
2026-05-13T22:45:08+00:00,minimal,stock,idle,9,mem_mib,256,phase_12b_guest_pivot_rootfs_done,37237
2026-05-13T22:45:08+00:00,minimal,stock,idle,9,mem_mib,256,phase_12b_guest_overlay_pivot_complete,39176
2026-05-13T22:45:08+00:00,minimal,stock,idle,9,mem_mib,256,phase_12b_guest_network_configured,41062
2026-05-13T22:45:08+00:00,minimal,stock,idle,9,mem_mib,256,phase_12b_guest_workspace_absent,43140
2026-05-13T22:45:08+00:00,minimal,stock,idle,9,mem_mib,256,phase_12b_guest_pid1_setup_complete,43996
2026-05-13T22:45:08+00:00,minimal,stock,idle,9,mem_mib,256,phase_12b_guest_guestd_starting_log,45654
2026-05-13T22:45:08+00:00,minimal,stock,idle,9,mem_mib,256,phase_12b_guest_exec_listener_bound,46754
2026-05-13T22:45:08+00:00,minimal,stock,idle,9,mem_mib,256,phase_12b_ready_accept,986189
2026-05-13T22:45:08+00:00,minimal,stock,idle,9,mem_mib,256,exec_send,22
2026-05-13T22:45:08+00:00,minimal,stock,idle,9,mem_mib,256,exec_recv,12011
2026-05-13T22:45:08+00:00,minimal,stock,idle,9,mem_mib,256,stop_bounded,54328
2026-05-13T22:45:08+00:00,minimal,stock,idle,9,mem_mib,256,stop_release,113
2026-05-13T22:45:08+00:00,minimal,stock,idle,9,mem_mib,256,guest_elapsed_process_start,1
2026-05-13T22:45:08+00:00,minimal,stock,idle,9,mem_mib,256,guest_delta_process_start,1
2026-05-13T22:45:08+00:00,minimal,stock,idle,9,mem_mib,256,guest_elapsed_stdio_redirected,869
2026-05-13T22:45:08+00:00,minimal,stock,idle,9,mem_mib,256,guest_delta_stdio_redirected,868
2026-05-13T22:45:08+00:00,minimal,stock,idle,9,mem_mib,256,guest_elapsed_panic_hook_installed,1697
2026-05-13T22:45:08+00:00,minimal,stock,idle,9,mem_mib,256,guest_delta_panic_hook_installed,828
2026-05-13T22:45:08+00:00,minimal,stock,idle,9,mem_mib,256,guest_elapsed_pseudo_fs_mounted,7123
2026-05-13T22:45:08+00:00,minimal,stock,idle,9,mem_mib,256,guest_delta_pseudo_fs_mounted,5425
2026-05-13T22:45:08+00:00,minimal,stock,idle,9,mem_mib,256,guest_elapsed_mount_namespace_private,10346
2026-05-13T22:45:08+00:00,minimal,stock,idle,9,mem_mib,256,guest_delta_mount_namespace_private,3222
2026-05-13T22:45:08+00:00,minimal,stock,idle,9,mem_mib,256,guest_elapsed_base_mounted,13558
2026-05-13T22:45:08+00:00,minimal,stock,idle,9,mem_mib,256,guest_delta_base_mounted,3212
2026-05-13T22:45:08+00:00,minimal,stock,idle,9,mem_mib,256,guest_elapsed_overlay_disk_mounted,18467
2026-05-13T22:45:08+00:00,minimal,stock,idle,9,mem_mib,256,guest_delta_overlay_disk_mounted,4909
2026-05-13T22:45:08+00:00,minimal,stock,idle,9,mem_mib,256,guest_elapsed_overlay_dirs_ready,22193
2026-05-13T22:45:08+00:00,minimal,stock,idle,9,mem_mib,256,guest_delta_overlay_dirs_ready,3725
2026-05-13T22:45:08+00:00,minimal,stock,idle,9,mem_mib,256,guest_elapsed_merged_mountpoint_ready,25084
2026-05-13T22:45:08+00:00,minimal,stock,idle,9,mem_mib,256,guest_delta_merged_mountpoint_ready,2891
2026-05-13T22:45:08+00:00,minimal,stock,idle,9,mem_mib,256,guest_elapsed_overlayfs_mounted,28494
2026-05-13T22:45:08+00:00,minimal,stock,idle,9,mem_mib,256,guest_delta_overlayfs_mounted,3409
2026-05-13T22:45:08+00:00,minimal,stock,idle,9,mem_mib,256,guest_elapsed_pseudo_fs_bound_into_merged,32017
2026-05-13T22:45:08+00:00,minimal,stock,idle,9,mem_mib,256,guest_delta_pseudo_fs_bound_into_merged,3523
2026-05-13T22:45:08+00:00,minimal,stock,idle,9,mem_mib,256,guest_elapsed_merged_self_bound,35443
2026-05-13T22:45:08+00:00,minimal,stock,idle,9,mem_mib,256,guest_delta_merged_self_bound,3425
2026-05-13T22:45:08+00:00,minimal,stock,idle,9,mem_mib,256,guest_elapsed_pivot_rootfs_done,37237
2026-05-13T22:45:08+00:00,minimal,stock,idle,9,mem_mib,256,guest_delta_pivot_rootfs_done,1794
2026-05-13T22:45:08+00:00,minimal,stock,idle,9,mem_mib,256,guest_elapsed_overlay_pivot_complete,39176
2026-05-13T22:45:08+00:00,minimal,stock,idle,9,mem_mib,256,guest_delta_overlay_pivot_complete,1938
2026-05-13T22:45:08+00:00,minimal,stock,idle,9,mem_mib,256,guest_elapsed_network_configured,41062
2026-05-13T22:45:08+00:00,minimal,stock,idle,9,mem_mib,256,guest_delta_network_configured,1886
2026-05-13T22:45:08+00:00,minimal,stock,idle,9,mem_mib,256,guest_elapsed_workspace_absent,43140
2026-05-13T22:45:08+00:00,minimal,stock,idle,9,mem_mib,256,guest_delta_workspace_absent,2078
2026-05-13T22:45:08+00:00,minimal,stock,idle,9,mem_mib,256,guest_elapsed_pid1_setup_complete,43996
2026-05-13T22:45:08+00:00,minimal,stock,idle,9,mem_mib,256,guest_delta_pid1_setup_complete,855
2026-05-13T22:45:08+00:00,minimal,stock,idle,9,mem_mib,256,guest_elapsed_guestd_starting_log,45654
2026-05-13T22:45:08+00:00,minimal,stock,idle,9,mem_mib,256,guest_delta_guestd_starting_log,1658
2026-05-13T22:45:08+00:00,minimal,stock,idle,9,mem_mib,256,guest_elapsed_exec_listener_bound,46754
2026-05-13T22:45:08+00:00,minimal,stock,idle,9,mem_mib,256,guest_delta_exec_listener_bound,1099
2026-05-13T22:45:08+00:00,minimal,stock,idle,9,mem_mib,256,guest_elapsed_ready_signal_sent,48924
2026-05-13T22:45:08+00:00,minimal,stock,idle,9,mem_mib,256,guest_delta_ready_signal_sent,2169
2026-05-13T22:45:09+00:00,minimal,stock,idle,10,mem_mib,256,phase_1_run_root_prep,60
2026-05-13T22:45:09+00:00,minimal,stock,idle,10,mem_mib,256,phase_2_lease,46
2026-05-13T22:45:09+00:00,minimal,stock,idle,10,mem_mib,256,phase_3b_rootfs_prepare,14525
2026-05-13T22:45:09+00:00,minimal,stock,idle,10,mem_mib,256,phase_3_storage_prep,14594
2026-05-13T22:45:09+00:00,minimal,stock,idle,10,mem_mib,256,phase_4_jailer_materialize,3767
2026-05-13T22:45:09+00:00,minimal,stock,idle,10,mem_mib,256,phase_5_cgroup_probe,0
2026-05-13T22:45:09+00:00,minimal,stock,idle,10,mem_mib,256,phase_6_network_realize,0
2026-05-13T22:45:09+00:00,minimal,stock,idle,10,mem_mib,256,phase_7_outbound_guest_config,0
2026-05-13T22:45:09+00:00,minimal,stock,idle,10,mem_mib,256,phase_9_jailer_launch,15509
2026-05-13T22:45:09+00:00,minimal,stock,idle,10,mem_mib,256,phase_5b_cgroup_create,27150
2026-05-13T22:45:09+00:00,minimal,stock,idle,10,mem_mib,256,phase_10_open_uds,28
2026-05-13T22:45:09+00:00,minimal,stock,idle,10,mem_mib,256,phase_11_put_machine_config,167
2026-05-13T22:45:09+00:00,minimal,stock,idle,10,mem_mib,256,phase_11_put_boot_source,63
2026-05-13T22:45:09+00:00,minimal,stock,idle,10,mem_mib,256,phase_11_put_drive_rootfs,78
2026-05-13T22:45:09+00:00,minimal,stock,idle,10,mem_mib,256,phase_11_put_drive_rootfs_overlay,155
2026-05-13T22:45:09+00:00,minimal,stock,idle,10,mem_mib,256,phase_11_put_entropy,74
2026-05-13T22:45:09+00:00,minimal,stock,idle,10,mem_mib,256,phase_11_put_vsock,127
2026-05-13T22:45:09+00:00,minimal,stock,idle,10,mem_mib,256,phase_11_rest_puts,988
2026-05-13T22:45:09+00:00,minimal,stock,idle,10,mem_mib,256,phase_11b_ready_listener_bind,31
2026-05-13T22:45:09+00:00,minimal,stock,idle,10,mem_mib,256,phase_11c_boot_identity_record,41
2026-05-13T22:45:09+00:00,minimal,stock,idle,10,mem_mib,256,phase_12a_instance_start,20302
2026-05-13T22:45:09+00:00,minimal,stock,idle,10,mem_mib,256,phase_12b_host_waiting_accept,1014469
2026-05-13T22:45:09+00:00,minimal,stock,idle,10,mem_mib,256,phase_12b_kernel_console_range,948832
2026-05-13T22:45:09+00:00,minimal,stock,idle,10,mem_mib,256,phase_12b_guest_process_start,2
2026-05-13T22:45:09+00:00,minimal,stock,idle,10,mem_mib,256,phase_12b_guest_stdio_redirected,1626
2026-05-13T22:45:09+00:00,minimal,stock,idle,10,mem_mib,256,phase_12b_guest_panic_hook_installed,3327
2026-05-13T22:45:09+00:00,minimal,stock,idle,10,mem_mib,256,phase_12b_guest_pseudo_fs_mounted,13815
2026-05-13T22:45:09+00:00,minimal,stock,idle,10,mem_mib,256,phase_12b_guest_mount_namespace_private,20150
2026-05-13T22:45:09+00:00,minimal,stock,idle,10,mem_mib,256,phase_12b_guest_base_mounted,26312
2026-05-13T22:45:09+00:00,minimal,stock,idle,10,mem_mib,256,phase_12b_guest_overlay_disk_mounted,33668
2026-05-13T22:45:09+00:00,minimal,stock,idle,10,mem_mib,256,phase_12b_guest_overlay_dirs_ready,39321
2026-05-13T22:45:09+00:00,minimal,stock,idle,10,mem_mib,256,phase_12b_guest_merged_mountpoint_ready,42127
2026-05-13T22:45:09+00:00,minimal,stock,idle,10,mem_mib,256,phase_12b_guest_overlayfs_mounted,45420
2026-05-13T22:45:09+00:00,minimal,stock,idle,10,mem_mib,256,phase_12b_guest_pseudo_fs_bound_into_merged,48901
2026-05-13T22:45:09+00:00,minimal,stock,idle,10,mem_mib,256,phase_12b_guest_merged_self_bound,52349
2026-05-13T22:45:09+00:00,minimal,stock,idle,10,mem_mib,256,phase_12b_guest_pivot_rootfs_done,54120
2026-05-13T22:45:09+00:00,minimal,stock,idle,10,mem_mib,256,phase_12b_guest_overlay_pivot_complete,56059
2026-05-13T22:45:09+00:00,minimal,stock,idle,10,mem_mib,256,phase_12b_guest_network_configured,57938
2026-05-13T22:45:09+00:00,minimal,stock,idle,10,mem_mib,256,phase_12b_guest_workspace_absent,60002
2026-05-13T22:45:09+00:00,minimal,stock,idle,10,mem_mib,256,phase_12b_guest_pid1_setup_complete,60855
2026-05-13T22:45:09+00:00,minimal,stock,idle,10,mem_mib,256,phase_12b_guest_guestd_starting_log,62511
2026-05-13T22:45:09+00:00,minimal,stock,idle,10,mem_mib,256,phase_12b_guest_exec_listener_bound,63551
2026-05-13T22:45:09+00:00,minimal,stock,idle,10,mem_mib,256,phase_12b_ready_accept,1016786
2026-05-13T22:45:09+00:00,minimal,stock,idle,10,mem_mib,256,exec_send,18
2026-05-13T22:45:09+00:00,minimal,stock,idle,10,mem_mib,256,exec_recv,11989
2026-05-13T22:45:09+00:00,minimal,stock,idle,10,mem_mib,256,stop_bounded,69862
2026-05-13T22:45:09+00:00,minimal,stock,idle,10,mem_mib,256,stop_release,112
2026-05-13T22:45:09+00:00,minimal,stock,idle,10,mem_mib,256,guest_elapsed_process_start,2
2026-05-13T22:45:09+00:00,minimal,stock,idle,10,mem_mib,256,guest_delta_process_start,2
2026-05-13T22:45:09+00:00,minimal,stock,idle,10,mem_mib,256,guest_elapsed_stdio_redirected,1626
2026-05-13T22:45:09+00:00,minimal,stock,idle,10,mem_mib,256,guest_delta_stdio_redirected,1623
2026-05-13T22:45:09+00:00,minimal,stock,idle,10,mem_mib,256,guest_elapsed_panic_hook_installed,3327
2026-05-13T22:45:09+00:00,minimal,stock,idle,10,mem_mib,256,guest_delta_panic_hook_installed,1701
2026-05-13T22:45:09+00:00,minimal,stock,idle,10,mem_mib,256,guest_elapsed_pseudo_fs_mounted,13815
2026-05-13T22:45:09+00:00,minimal,stock,idle,10,mem_mib,256,guest_delta_pseudo_fs_mounted,10487
2026-05-13T22:45:09+00:00,minimal,stock,idle,10,mem_mib,256,guest_elapsed_mount_namespace_private,20150
2026-05-13T22:45:09+00:00,minimal,stock,idle,10,mem_mib,256,guest_delta_mount_namespace_private,6334
2026-05-13T22:45:09+00:00,minimal,stock,idle,10,mem_mib,256,guest_elapsed_base_mounted,26312
2026-05-13T22:45:09+00:00,minimal,stock,idle,10,mem_mib,256,guest_delta_base_mounted,6162
2026-05-13T22:45:09+00:00,minimal,stock,idle,10,mem_mib,256,guest_elapsed_overlay_disk_mounted,33668
2026-05-13T22:45:09+00:00,minimal,stock,idle,10,mem_mib,256,guest_delta_overlay_disk_mounted,7355
2026-05-13T22:45:09+00:00,minimal,stock,idle,10,mem_mib,256,guest_elapsed_overlay_dirs_ready,39321
2026-05-13T22:45:09+00:00,minimal,stock,idle,10,mem_mib,256,guest_delta_overlay_dirs_ready,5653
2026-05-13T22:45:09+00:00,minimal,stock,idle,10,mem_mib,256,guest_elapsed_merged_mountpoint_ready,42127
2026-05-13T22:45:09+00:00,minimal,stock,idle,10,mem_mib,256,guest_delta_merged_mountpoint_ready,2805
2026-05-13T22:45:09+00:00,minimal,stock,idle,10,mem_mib,256,guest_elapsed_overlayfs_mounted,45420
2026-05-13T22:45:09+00:00,minimal,stock,idle,10,mem_mib,256,guest_delta_overlayfs_mounted,3293
2026-05-13T22:45:09+00:00,minimal,stock,idle,10,mem_mib,256,guest_elapsed_pseudo_fs_bound_into_merged,48901
2026-05-13T22:45:09+00:00,minimal,stock,idle,10,mem_mib,256,guest_delta_pseudo_fs_bound_into_merged,3480
2026-05-13T22:45:09+00:00,minimal,stock,idle,10,mem_mib,256,guest_elapsed_merged_self_bound,52349
2026-05-13T22:45:09+00:00,minimal,stock,idle,10,mem_mib,256,guest_delta_merged_self_bound,3447
2026-05-13T22:45:09+00:00,minimal,stock,idle,10,mem_mib,256,guest_elapsed_pivot_rootfs_done,54120
2026-05-13T22:45:09+00:00,minimal,stock,idle,10,mem_mib,256,guest_delta_pivot_rootfs_done,1770
2026-05-13T22:45:09+00:00,minimal,stock,idle,10,mem_mib,256,guest_elapsed_overlay_pivot_complete,56059
2026-05-13T22:45:09+00:00,minimal,stock,idle,10,mem_mib,256,guest_delta_overlay_pivot_complete,1939
2026-05-13T22:45:09+00:00,minimal,stock,idle,10,mem_mib,256,guest_elapsed_network_configured,57938
2026-05-13T22:45:09+00:00,minimal,stock,idle,10,mem_mib,256,guest_delta_network_configured,1878
2026-05-13T22:45:09+00:00,minimal,stock,idle,10,mem_mib,256,guest_elapsed_workspace_absent,60002
2026-05-13T22:45:09+00:00,minimal,stock,idle,10,mem_mib,256,guest_delta_workspace_absent,2064
2026-05-13T22:45:09+00:00,minimal,stock,idle,10,mem_mib,256,guest_elapsed_pid1_setup_complete,60855
2026-05-13T22:45:09+00:00,minimal,stock,idle,10,mem_mib,256,guest_delta_pid1_setup_complete,852
2026-05-13T22:45:09+00:00,minimal,stock,idle,10,mem_mib,256,guest_elapsed_guestd_starting_log,62511
2026-05-13T22:45:09+00:00,minimal,stock,idle,10,mem_mib,256,guest_delta_guestd_starting_log,1655
2026-05-13T22:45:09+00:00,minimal,stock,idle,10,mem_mib,256,guest_elapsed_exec_listener_bound,63551
2026-05-13T22:45:09+00:00,minimal,stock,idle,10,mem_mib,256,guest_delta_exec_listener_bound,1040
2026-05-13T22:45:09+00:00,minimal,stock,idle,10,mem_mib,256,guest_elapsed_ready_signal_sent,65672
2026-05-13T22:45:09+00:00,minimal,stock,idle,10,mem_mib,256,guest_delta_ready_signal_sent,2121
2026-05-13T22:45:11+00:00,minimal,stock,idle,11,mem_mib,256,phase_1_run_root_prep,47
2026-05-13T22:45:11+00:00,minimal,stock,idle,11,mem_mib,256,phase_2_lease,50
2026-05-13T22:45:11+00:00,minimal,stock,idle,11,mem_mib,256,phase_3b_rootfs_prepare,12502
2026-05-13T22:45:11+00:00,minimal,stock,idle,11,mem_mib,256,phase_3_storage_prep,12563
2026-05-13T22:45:11+00:00,minimal,stock,idle,11,mem_mib,256,phase_4_jailer_materialize,748
2026-05-13T22:45:11+00:00,minimal,stock,idle,11,mem_mib,256,phase_5_cgroup_probe,0
2026-05-13T22:45:11+00:00,minimal,stock,idle,11,mem_mib,256,phase_6_network_realize,6
2026-05-13T22:45:11+00:00,minimal,stock,idle,11,mem_mib,256,phase_7_outbound_guest_config,0
2026-05-13T22:45:11+00:00,minimal,stock,idle,11,mem_mib,256,phase_9_jailer_launch,15519
2026-05-13T22:45:11+00:00,minimal,stock,idle,11,mem_mib,256,phase_5b_cgroup_create,19385
2026-05-13T22:45:11+00:00,minimal,stock,idle,11,mem_mib,256,phase_10_open_uds,24
2026-05-13T22:45:11+00:00,minimal,stock,idle,11,mem_mib,256,phase_11_put_machine_config,202
2026-05-13T22:45:11+00:00,minimal,stock,idle,11,mem_mib,256,phase_11_put_boot_source,88
2026-05-13T22:45:11+00:00,minimal,stock,idle,11,mem_mib,256,phase_11_put_drive_rootfs,99
2026-05-13T22:45:11+00:00,minimal,stock,idle,11,mem_mib,256,phase_11_put_drive_rootfs_overlay,187
2026-05-13T22:45:11+00:00,minimal,stock,idle,11,mem_mib,256,phase_11_put_entropy,99
2026-05-13T22:45:11+00:00,minimal,stock,idle,11,mem_mib,256,phase_11_put_vsock,165
2026-05-13T22:45:11+00:00,minimal,stock,idle,11,mem_mib,256,phase_11_rest_puts,1558
2026-05-13T22:45:11+00:00,minimal,stock,idle,11,mem_mib,256,phase_11b_ready_listener_bind,74
2026-05-13T22:45:11+00:00,minimal,stock,idle,11,mem_mib,256,phase_11c_boot_identity_record,76
2026-05-13T22:45:11+00:00,minimal,stock,idle,11,mem_mib,256,phase_12a_instance_start,19127
2026-05-13T22:45:11+00:00,minimal,stock,idle,11,mem_mib,256,phase_12b_host_waiting_accept,1005743
2026-05-13T22:45:11+00:00,minimal,stock,idle,11,mem_mib,256,phase_12b_kernel_console_range,942528
2026-05-13T22:45:11+00:00,minimal,stock,idle,11,mem_mib,256,phase_12b_guest_process_start,2
2026-05-13T22:45:11+00:00,minimal,stock,idle,11,mem_mib,256,phase_12b_guest_stdio_redirected,1439
2026-05-13T22:45:11+00:00,minimal,stock,idle,11,mem_mib,256,phase_12b_guest_panic_hook_installed,3109
2026-05-13T22:45:11+00:00,minimal,stock,idle,11,mem_mib,256,phase_12b_guest_pseudo_fs_mounted,13591
2026-05-13T22:45:11+00:00,minimal,stock,idle,11,mem_mib,256,phase_12b_guest_mount_namespace_private,19893
2026-05-13T22:45:11+00:00,minimal,stock,idle,11,mem_mib,256,phase_12b_guest_base_mounted,25952
2026-05-13T22:45:11+00:00,minimal,stock,idle,11,mem_mib,256,phase_12b_guest_overlay_disk_mounted,33307
2026-05-13T22:45:11+00:00,minimal,stock,idle,11,mem_mib,256,phase_12b_guest_overlay_dirs_ready,38663
2026-05-13T22:45:11+00:00,minimal,stock,idle,11,mem_mib,256,phase_12b_guest_merged_mountpoint_ready,41420
2026-05-13T22:45:11+00:00,minimal,stock,idle,11,mem_mib,256,phase_12b_guest_overlayfs_mounted,44634
2026-05-13T22:45:11+00:00,minimal,stock,idle,11,mem_mib,256,phase_12b_guest_pseudo_fs_bound_into_merged,48000
2026-05-13T22:45:11+00:00,minimal,stock,idle,11,mem_mib,256,phase_12b_guest_merged_self_bound,51287
2026-05-13T22:45:11+00:00,minimal,stock,idle,11,mem_mib,256,phase_12b_guest_pivot_rootfs_done,53032
2026-05-13T22:45:11+00:00,minimal,stock,idle,11,mem_mib,256,phase_12b_guest_overlay_pivot_complete,54882
2026-05-13T22:45:11+00:00,minimal,stock,idle,11,mem_mib,256,phase_12b_guest_network_configured,56735
2026-05-13T22:45:11+00:00,minimal,stock,idle,11,mem_mib,256,phase_12b_guest_workspace_absent,58754
2026-05-13T22:45:11+00:00,minimal,stock,idle,11,mem_mib,256,phase_12b_guest_pid1_setup_complete,59604
2026-05-13T22:45:11+00:00,minimal,stock,idle,11,mem_mib,256,phase_12b_guest_guestd_starting_log,61195
2026-05-13T22:45:11+00:00,minimal,stock,idle,11,mem_mib,256,phase_12b_guest_exec_listener_bound,62194
2026-05-13T22:45:11+00:00,minimal,stock,idle,11,mem_mib,256,phase_12b_ready_accept,1008078
2026-05-13T22:45:11+00:00,minimal,stock,idle,11,mem_mib,256,exec_send,22
2026-05-13T22:45:11+00:00,minimal,stock,idle,11,mem_mib,256,exec_recv,11920
2026-05-13T22:45:11+00:00,minimal,stock,idle,11,mem_mib,256,stop_bounded,80532
2026-05-13T22:45:11+00:00,minimal,stock,idle,11,mem_mib,256,stop_release,139
2026-05-13T22:45:11+00:00,minimal,stock,idle,11,mem_mib,256,guest_elapsed_process_start,2
2026-05-13T22:45:11+00:00,minimal,stock,idle,11,mem_mib,256,guest_delta_process_start,2
2026-05-13T22:45:11+00:00,minimal,stock,idle,11,mem_mib,256,guest_elapsed_stdio_redirected,1439
2026-05-13T22:45:11+00:00,minimal,stock,idle,11,mem_mib,256,guest_delta_stdio_redirected,1437
2026-05-13T22:45:11+00:00,minimal,stock,idle,11,mem_mib,256,guest_elapsed_panic_hook_installed,3109
2026-05-13T22:45:11+00:00,minimal,stock,idle,11,mem_mib,256,guest_delta_panic_hook_installed,1670
2026-05-13T22:45:11+00:00,minimal,stock,idle,11,mem_mib,256,guest_elapsed_pseudo_fs_mounted,13591
2026-05-13T22:45:11+00:00,minimal,stock,idle,11,mem_mib,256,guest_delta_pseudo_fs_mounted,10482
2026-05-13T22:45:11+00:00,minimal,stock,idle,11,mem_mib,256,guest_elapsed_mount_namespace_private,19893
2026-05-13T22:45:11+00:00,minimal,stock,idle,11,mem_mib,256,guest_delta_mount_namespace_private,6301
2026-05-13T22:45:11+00:00,minimal,stock,idle,11,mem_mib,256,guest_elapsed_base_mounted,25952
2026-05-13T22:45:11+00:00,minimal,stock,idle,11,mem_mib,256,guest_delta_base_mounted,6059
2026-05-13T22:45:11+00:00,minimal,stock,idle,11,mem_mib,256,guest_elapsed_overlay_disk_mounted,33307
2026-05-13T22:45:11+00:00,minimal,stock,idle,11,mem_mib,256,guest_delta_overlay_disk_mounted,7355
2026-05-13T22:45:11+00:00,minimal,stock,idle,11,mem_mib,256,guest_elapsed_overlay_dirs_ready,38663
2026-05-13T22:45:11+00:00,minimal,stock,idle,11,mem_mib,256,guest_delta_overlay_dirs_ready,5356
2026-05-13T22:45:11+00:00,minimal,stock,idle,11,mem_mib,256,guest_elapsed_merged_mountpoint_ready,41420
2026-05-13T22:45:11+00:00,minimal,stock,idle,11,mem_mib,256,guest_delta_merged_mountpoint_ready,2756
2026-05-13T22:45:11+00:00,minimal,stock,idle,11,mem_mib,256,guest_elapsed_overlayfs_mounted,44634
2026-05-13T22:45:11+00:00,minimal,stock,idle,11,mem_mib,256,guest_delta_overlayfs_mounted,3213
2026-05-13T22:45:11+00:00,minimal,stock,idle,11,mem_mib,256,guest_elapsed_pseudo_fs_bound_into_merged,48000
2026-05-13T22:45:11+00:00,minimal,stock,idle,11,mem_mib,256,guest_delta_pseudo_fs_bound_into_merged,3365
2026-05-13T22:45:11+00:00,minimal,stock,idle,11,mem_mib,256,guest_elapsed_merged_self_bound,51287
2026-05-13T22:45:11+00:00,minimal,stock,idle,11,mem_mib,256,guest_delta_merged_self_bound,3287
2026-05-13T22:45:11+00:00,minimal,stock,idle,11,mem_mib,256,guest_elapsed_pivot_rootfs_done,53032
2026-05-13T22:45:11+00:00,minimal,stock,idle,11,mem_mib,256,guest_delta_pivot_rootfs_done,1744
2026-05-13T22:45:11+00:00,minimal,stock,idle,11,mem_mib,256,guest_elapsed_overlay_pivot_complete,54882
2026-05-13T22:45:11+00:00,minimal,stock,idle,11,mem_mib,256,guest_delta_overlay_pivot_complete,1850
2026-05-13T22:45:11+00:00,minimal,stock,idle,11,mem_mib,256,guest_elapsed_network_configured,56735
2026-05-13T22:45:11+00:00,minimal,stock,idle,11,mem_mib,256,guest_delta_network_configured,1852
2026-05-13T22:45:11+00:00,minimal,stock,idle,11,mem_mib,256,guest_elapsed_workspace_absent,58754
2026-05-13T22:45:11+00:00,minimal,stock,idle,11,mem_mib,256,guest_delta_workspace_absent,2018
2026-05-13T22:45:11+00:00,minimal,stock,idle,11,mem_mib,256,guest_elapsed_pid1_setup_complete,59604
2026-05-13T22:45:11+00:00,minimal,stock,idle,11,mem_mib,256,guest_delta_pid1_setup_complete,850
2026-05-13T22:45:11+00:00,minimal,stock,idle,11,mem_mib,256,guest_elapsed_guestd_starting_log,61195
2026-05-13T22:45:11+00:00,minimal,stock,idle,11,mem_mib,256,guest_delta_guestd_starting_log,1590
2026-05-13T22:45:11+00:00,minimal,stock,idle,11,mem_mib,256,guest_elapsed_exec_listener_bound,62194
2026-05-13T22:45:11+00:00,minimal,stock,idle,11,mem_mib,256,guest_delta_exec_listener_bound,999
2026-05-13T22:45:11+00:00,minimal,stock,idle,11,mem_mib,256,guest_elapsed_ready_signal_sent,64248
2026-05-13T22:45:11+00:00,minimal,stock,idle,11,mem_mib,256,guest_delta_ready_signal_sent,2053
2026-05-13T22:45:12+00:00,minimal,stock,idle,12,mem_mib,256,phase_1_run_root_prep,41
2026-05-13T22:45:12+00:00,minimal,stock,idle,12,mem_mib,256,phase_2_lease,33
2026-05-13T22:45:12+00:00,minimal,stock,idle,12,mem_mib,256,phase_3b_rootfs_prepare,12235
2026-05-13T22:45:12+00:00,minimal,stock,idle,12,mem_mib,256,phase_3_storage_prep,12296
2026-05-13T22:45:12+00:00,minimal,stock,idle,12,mem_mib,256,phase_4_jailer_materialize,641
2026-05-13T22:45:12+00:00,minimal,stock,idle,12,mem_mib,256,phase_5_cgroup_probe,0
2026-05-13T22:45:12+00:00,minimal,stock,idle,12,mem_mib,256,phase_6_network_realize,0
2026-05-13T22:45:12+00:00,minimal,stock,idle,12,mem_mib,256,phase_7_outbound_guest_config,0
2026-05-13T22:45:12+00:00,minimal,stock,idle,12,mem_mib,256,phase_9_jailer_launch,15512
2026-05-13T22:45:12+00:00,minimal,stock,idle,12,mem_mib,256,phase_5b_cgroup_create,25221
2026-05-13T22:45:12+00:00,minimal,stock,idle,12,mem_mib,256,phase_10_open_uds,26
2026-05-13T22:45:12+00:00,minimal,stock,idle,12,mem_mib,256,phase_11_put_machine_config,185
2026-05-13T22:45:12+00:00,minimal,stock,idle,12,mem_mib,256,phase_11_put_boot_source,78
2026-05-13T22:45:12+00:00,minimal,stock,idle,12,mem_mib,256,phase_11_put_drive_rootfs,88
2026-05-13T22:45:12+00:00,minimal,stock,idle,12,mem_mib,256,phase_11_put_drive_rootfs_overlay,164
2026-05-13T22:45:12+00:00,minimal,stock,idle,12,mem_mib,256,phase_11_put_entropy,81
2026-05-13T22:45:12+00:00,minimal,stock,idle,12,mem_mib,256,phase_11_put_vsock,140
2026-05-13T22:45:12+00:00,minimal,stock,idle,12,mem_mib,256,phase_11_rest_puts,1430
2026-05-13T22:45:12+00:00,minimal,stock,idle,12,mem_mib,256,phase_11b_ready_listener_bind,81
2026-05-13T22:45:12+00:00,minimal,stock,idle,12,mem_mib,256,phase_11c_boot_identity_record,100
2026-05-13T22:45:12+00:00,minimal,stock,idle,12,mem_mib,256,phase_12a_instance_start,19197
2026-05-13T22:45:12+00:00,minimal,stock,idle,12,mem_mib,256,phase_12b_host_waiting_accept,1006365
2026-05-13T22:45:12+00:00,minimal,stock,idle,12,mem_mib,256,phase_12b_kernel_console_range,944782
2026-05-13T22:45:12+00:00,minimal,stock,idle,12,mem_mib,256,phase_12b_guest_process_start,2
2026-05-13T22:45:12+00:00,minimal,stock,idle,12,mem_mib,256,phase_12b_guest_stdio_redirected,1633
2026-05-13T22:45:12+00:00,minimal,stock,idle,12,mem_mib,256,phase_12b_guest_panic_hook_installed,3291
2026-05-13T22:45:12+00:00,minimal,stock,idle,12,mem_mib,256,phase_12b_guest_pseudo_fs_mounted,13822
2026-05-13T22:45:12+00:00,minimal,stock,idle,12,mem_mib,256,phase_12b_guest_mount_namespace_private,20172
2026-05-13T22:45:12+00:00,minimal,stock,idle,12,mem_mib,256,phase_12b_guest_base_mounted,26462
2026-05-13T22:45:12+00:00,minimal,stock,idle,12,mem_mib,256,phase_12b_guest_overlay_disk_mounted,34049
2026-05-13T22:45:12+00:00,minimal,stock,idle,12,mem_mib,256,phase_12b_guest_overlay_dirs_ready,39806
2026-05-13T22:45:12+00:00,minimal,stock,idle,12,mem_mib,256,phase_12b_guest_merged_mountpoint_ready,42912
2026-05-13T22:45:12+00:00,minimal,stock,idle,12,mem_mib,256,phase_12b_guest_overlayfs_mounted,46130
2026-05-13T22:45:12+00:00,minimal,stock,idle,12,mem_mib,256,phase_12b_guest_pseudo_fs_bound_into_merged,49534
2026-05-13T22:45:12+00:00,minimal,stock,idle,12,mem_mib,256,phase_12b_guest_merged_self_bound,52845
2026-05-13T22:45:12+00:00,minimal,stock,idle,12,mem_mib,256,phase_12b_guest_pivot_rootfs_done,54581
2026-05-13T22:45:12+00:00,minimal,stock,idle,12,mem_mib,256,phase_12b_guest_overlay_pivot_complete,56451
2026-05-13T22:45:12+00:00,minimal,stock,idle,12,mem_mib,256,phase_12b_guest_network_configured,58286
2026-05-13T22:45:12+00:00,minimal,stock,idle,12,mem_mib,256,phase_12b_guest_workspace_absent,60292
2026-05-13T22:45:12+00:00,minimal,stock,idle,12,mem_mib,256,phase_12b_guest_pid1_setup_complete,61121
2026-05-13T22:45:12+00:00,minimal,stock,idle,12,mem_mib,256,phase_12b_guest_guestd_starting_log,62738
2026-05-13T22:45:12+00:00,minimal,stock,idle,12,mem_mib,256,phase_12b_guest_exec_listener_bound,63754
2026-05-13T22:45:12+00:00,minimal,stock,idle,12,mem_mib,256,phase_12b_ready_accept,1008705
2026-05-13T22:45:12+00:00,minimal,stock,idle,12,mem_mib,256,exec_send,19
2026-05-13T22:45:12+00:00,minimal,stock,idle,12,mem_mib,256,exec_recv,12155
2026-05-13T22:45:12+00:00,minimal,stock,idle,12,mem_mib,256,stop_bounded,66995
2026-05-13T22:45:12+00:00,minimal,stock,idle,12,mem_mib,256,stop_release,114
2026-05-13T22:45:12+00:00,minimal,stock,idle,12,mem_mib,256,guest_elapsed_process_start,2
2026-05-13T22:45:12+00:00,minimal,stock,idle,12,mem_mib,256,guest_delta_process_start,2
2026-05-13T22:45:12+00:00,minimal,stock,idle,12,mem_mib,256,guest_elapsed_stdio_redirected,1633
2026-05-13T22:45:12+00:00,minimal,stock,idle,12,mem_mib,256,guest_delta_stdio_redirected,1631
2026-05-13T22:45:12+00:00,minimal,stock,idle,12,mem_mib,256,guest_elapsed_panic_hook_installed,3291
2026-05-13T22:45:12+00:00,minimal,stock,idle,12,mem_mib,256,guest_delta_panic_hook_installed,1658
2026-05-13T22:45:12+00:00,minimal,stock,idle,12,mem_mib,256,guest_elapsed_pseudo_fs_mounted,13822
2026-05-13T22:45:12+00:00,minimal,stock,idle,12,mem_mib,256,guest_delta_pseudo_fs_mounted,10531
2026-05-13T22:45:12+00:00,minimal,stock,idle,12,mem_mib,256,guest_elapsed_mount_namespace_private,20172
2026-05-13T22:45:12+00:00,minimal,stock,idle,12,mem_mib,256,guest_delta_mount_namespace_private,6350
2026-05-13T22:45:12+00:00,minimal,stock,idle,12,mem_mib,256,guest_elapsed_base_mounted,26462
2026-05-13T22:45:12+00:00,minimal,stock,idle,12,mem_mib,256,guest_delta_base_mounted,6289
2026-05-13T22:45:12+00:00,minimal,stock,idle,12,mem_mib,256,guest_elapsed_overlay_disk_mounted,34049
2026-05-13T22:45:12+00:00,minimal,stock,idle,12,mem_mib,256,guest_delta_overlay_disk_mounted,7587
2026-05-13T22:45:12+00:00,minimal,stock,idle,12,mem_mib,256,guest_elapsed_overlay_dirs_ready,39806
2026-05-13T22:45:12+00:00,minimal,stock,idle,12,mem_mib,256,guest_delta_overlay_dirs_ready,5756
2026-05-13T22:45:12+00:00,minimal,stock,idle,12,mem_mib,256,guest_elapsed_merged_mountpoint_ready,42912
2026-05-13T22:45:12+00:00,minimal,stock,idle,12,mem_mib,256,guest_delta_merged_mountpoint_ready,3106
2026-05-13T22:45:12+00:00,minimal,stock,idle,12,mem_mib,256,guest_elapsed_overlayfs_mounted,46130
2026-05-13T22:45:12+00:00,minimal,stock,idle,12,mem_mib,256,guest_delta_overlayfs_mounted,3218
2026-05-13T22:45:12+00:00,minimal,stock,idle,12,mem_mib,256,guest_elapsed_pseudo_fs_bound_into_merged,49534
2026-05-13T22:45:12+00:00,minimal,stock,idle,12,mem_mib,256,guest_delta_pseudo_fs_bound_into_merged,3403
2026-05-13T22:45:12+00:00,minimal,stock,idle,12,mem_mib,256,guest_elapsed_merged_self_bound,52845
2026-05-13T22:45:12+00:00,minimal,stock,idle,12,mem_mib,256,guest_delta_merged_self_bound,3310
2026-05-13T22:45:12+00:00,minimal,stock,idle,12,mem_mib,256,guest_elapsed_pivot_rootfs_done,54581
2026-05-13T22:45:12+00:00,minimal,stock,idle,12,mem_mib,256,guest_delta_pivot_rootfs_done,1736
2026-05-13T22:45:12+00:00,minimal,stock,idle,12,mem_mib,256,guest_elapsed_overlay_pivot_complete,56451
2026-05-13T22:45:12+00:00,minimal,stock,idle,12,mem_mib,256,guest_delta_overlay_pivot_complete,1870
2026-05-13T22:45:12+00:00,minimal,stock,idle,12,mem_mib,256,guest_elapsed_network_configured,58286
2026-05-13T22:45:12+00:00,minimal,stock,idle,12,mem_mib,256,guest_delta_network_configured,1834
2026-05-13T22:45:12+00:00,minimal,stock,idle,12,mem_mib,256,guest_elapsed_workspace_absent,60292
2026-05-13T22:45:12+00:00,minimal,stock,idle,12,mem_mib,256,guest_delta_workspace_absent,2006
2026-05-13T22:45:12+00:00,minimal,stock,idle,12,mem_mib,256,guest_elapsed_pid1_setup_complete,61121
2026-05-13T22:45:12+00:00,minimal,stock,idle,12,mem_mib,256,guest_delta_pid1_setup_complete,828
2026-05-13T22:45:12+00:00,minimal,stock,idle,12,mem_mib,256,guest_elapsed_guestd_starting_log,62738
2026-05-13T22:45:12+00:00,minimal,stock,idle,12,mem_mib,256,guest_delta_guestd_starting_log,1617
2026-05-13T22:45:12+00:00,minimal,stock,idle,12,mem_mib,256,guest_elapsed_exec_listener_bound,63754
2026-05-13T22:45:12+00:00,minimal,stock,idle,12,mem_mib,256,guest_delta_exec_listener_bound,1015
2026-05-13T22:45:12+00:00,minimal,stock,idle,12,mem_mib,256,guest_elapsed_ready_signal_sent,65842
2026-05-13T22:45:12+00:00,minimal,stock,idle,12,mem_mib,256,guest_delta_ready_signal_sent,2088
2026-05-13T22:45:13+00:00,minimal,stock,idle,13,mem_mib,256,phase_1_run_root_prep,40
2026-05-13T22:45:13+00:00,minimal,stock,idle,13,mem_mib,256,phase_2_lease,33
2026-05-13T22:45:13+00:00,minimal,stock,idle,13,mem_mib,256,phase_3b_rootfs_prepare,9591
2026-05-13T22:45:13+00:00,minimal,stock,idle,13,mem_mib,256,phase_3_storage_prep,9649
2026-05-13T22:45:13+00:00,minimal,stock,idle,13,mem_mib,256,phase_4_jailer_materialize,752
2026-05-13T22:45:13+00:00,minimal,stock,idle,13,mem_mib,256,phase_5_cgroup_probe,0
2026-05-13T22:45:13+00:00,minimal,stock,idle,13,mem_mib,256,phase_6_network_realize,0
2026-05-13T22:45:13+00:00,minimal,stock,idle,13,mem_mib,256,phase_7_outbound_guest_config,0
2026-05-13T22:45:13+00:00,minimal,stock,idle,13,mem_mib,256,phase_9_jailer_launch,15487
2026-05-13T22:45:13+00:00,minimal,stock,idle,13,mem_mib,256,phase_5b_cgroup_create,22068
2026-05-13T22:45:13+00:00,minimal,stock,idle,13,mem_mib,256,phase_10_open_uds,21
2026-05-13T22:45:13+00:00,minimal,stock,idle,13,mem_mib,256,phase_11_put_machine_config,158
2026-05-13T22:45:13+00:00,minimal,stock,idle,13,mem_mib,256,phase_11_put_boot_source,72
2026-05-13T22:45:13+00:00,minimal,stock,idle,13,mem_mib,256,phase_11_put_drive_rootfs,82
2026-05-13T22:45:13+00:00,minimal,stock,idle,13,mem_mib,256,phase_11_put_drive_rootfs_overlay,161
2026-05-13T22:45:13+00:00,minimal,stock,idle,13,mem_mib,256,phase_11_put_entropy,79
2026-05-13T22:45:13+00:00,minimal,stock,idle,13,mem_mib,256,phase_11_put_vsock,148
2026-05-13T22:45:13+00:00,minimal,stock,idle,13,mem_mib,256,phase_11_rest_puts,1131
2026-05-13T22:45:13+00:00,minimal,stock,idle,13,mem_mib,256,phase_11b_ready_listener_bind,54
2026-05-13T22:45:13+00:00,minimal,stock,idle,13,mem_mib,256,phase_11c_boot_identity_record,63
2026-05-13T22:45:13+00:00,minimal,stock,idle,13,mem_mib,256,phase_12a_instance_start,18732
2026-05-13T22:45:13+00:00,minimal,stock,idle,13,mem_mib,256,phase_12b_host_waiting_accept,1005789
2026-05-13T22:45:13+00:00,minimal,stock,idle,13,mem_mib,256,phase_12b_kernel_console_range,941847
2026-05-13T22:45:13+00:00,minimal,stock,idle,13,mem_mib,256,phase_12b_guest_process_start,1
2026-05-13T22:45:13+00:00,minimal,stock,idle,13,mem_mib,256,phase_12b_guest_stdio_redirected,1684
2026-05-13T22:45:13+00:00,minimal,stock,idle,13,mem_mib,256,phase_12b_guest_panic_hook_installed,3346
2026-05-13T22:45:13+00:00,minimal,stock,idle,13,mem_mib,256,phase_12b_guest_pseudo_fs_mounted,13921
2026-05-13T22:45:13+00:00,minimal,stock,idle,13,mem_mib,256,phase_12b_guest_mount_namespace_private,20187
2026-05-13T22:45:13+00:00,minimal,stock,idle,13,mem_mib,256,phase_12b_guest_base_mounted,25138
2026-05-13T22:45:13+00:00,minimal,stock,idle,13,mem_mib,256,phase_12b_guest_overlay_disk_mounted,32611
2026-05-13T22:45:13+00:00,minimal,stock,idle,13,mem_mib,256,phase_12b_guest_overlay_dirs_ready,38364
2026-05-13T22:45:13+00:00,minimal,stock,idle,13,mem_mib,256,phase_12b_guest_merged_mountpoint_ready,42912
2026-05-13T22:45:13+00:00,minimal,stock,idle,13,mem_mib,256,phase_12b_guest_overlayfs_mounted,47505
2026-05-13T22:45:13+00:00,minimal,stock,idle,13,mem_mib,256,phase_12b_guest_pseudo_fs_bound_into_merged,51131
2026-05-13T22:45:13+00:00,minimal,stock,idle,13,mem_mib,256,phase_12b_guest_merged_self_bound,54620
2026-05-13T22:45:13+00:00,minimal,stock,idle,13,mem_mib,256,phase_12b_guest_pivot_rootfs_done,56464
2026-05-13T22:45:13+00:00,minimal,stock,idle,13,mem_mib,256,phase_12b_guest_overlay_pivot_complete,58428
2026-05-13T22:45:13+00:00,minimal,stock,idle,13,mem_mib,256,phase_12b_guest_network_configured,60364
2026-05-13T22:45:13+00:00,minimal,stock,idle,13,mem_mib,256,phase_12b_guest_workspace_absent,62477
2026-05-13T22:45:13+00:00,minimal,stock,idle,13,mem_mib,256,phase_12b_guest_pid1_setup_complete,63339
2026-05-13T22:45:13+00:00,minimal,stock,idle,13,mem_mib,256,phase_12b_guest_guestd_starting_log,65021
2026-05-13T22:45:13+00:00,minimal,stock,idle,13,mem_mib,256,phase_12b_guest_exec_listener_bound,66092
2026-05-13T22:45:13+00:00,minimal,stock,idle,13,mem_mib,256,phase_12b_ready_accept,1008118
2026-05-13T22:45:13+00:00,minimal,stock,idle,13,mem_mib,256,exec_send,21
2026-05-13T22:45:13+00:00,minimal,stock,idle,13,mem_mib,256,exec_recv,12123
2026-05-13T22:45:13+00:00,minimal,stock,idle,13,mem_mib,256,stop_bounded,60255
2026-05-13T22:45:13+00:00,minimal,stock,idle,13,mem_mib,256,stop_release,116
2026-05-13T22:45:13+00:00,minimal,stock,idle,13,mem_mib,256,guest_elapsed_process_start,1
2026-05-13T22:45:13+00:00,minimal,stock,idle,13,mem_mib,256,guest_delta_process_start,1
2026-05-13T22:45:13+00:00,minimal,stock,idle,13,mem_mib,256,guest_elapsed_stdio_redirected,1684
2026-05-13T22:45:13+00:00,minimal,stock,idle,13,mem_mib,256,guest_delta_stdio_redirected,1682
2026-05-13T22:45:13+00:00,minimal,stock,idle,13,mem_mib,256,guest_elapsed_panic_hook_installed,3346
2026-05-13T22:45:13+00:00,minimal,stock,idle,13,mem_mib,256,guest_delta_panic_hook_installed,1662
2026-05-13T22:45:13+00:00,minimal,stock,idle,13,mem_mib,256,guest_elapsed_pseudo_fs_mounted,13921
2026-05-13T22:45:13+00:00,minimal,stock,idle,13,mem_mib,256,guest_delta_pseudo_fs_mounted,10574
2026-05-13T22:45:13+00:00,minimal,stock,idle,13,mem_mib,256,guest_elapsed_mount_namespace_private,20187
2026-05-13T22:45:13+00:00,minimal,stock,idle,13,mem_mib,256,guest_delta_mount_namespace_private,6266
2026-05-13T22:45:13+00:00,minimal,stock,idle,13,mem_mib,256,guest_elapsed_base_mounted,25138
2026-05-13T22:45:13+00:00,minimal,stock,idle,13,mem_mib,256,guest_delta_base_mounted,4950
2026-05-13T22:45:13+00:00,minimal,stock,idle,13,mem_mib,256,guest_elapsed_overlay_disk_mounted,32611
2026-05-13T22:45:13+00:00,minimal,stock,idle,13,mem_mib,256,guest_delta_overlay_disk_mounted,7473
2026-05-13T22:45:13+00:00,minimal,stock,idle,13,mem_mib,256,guest_elapsed_overlay_dirs_ready,38364
2026-05-13T22:45:13+00:00,minimal,stock,idle,13,mem_mib,256,guest_delta_overlay_dirs_ready,5753
2026-05-13T22:45:13+00:00,minimal,stock,idle,13,mem_mib,256,guest_elapsed_merged_mountpoint_ready,42912
2026-05-13T22:45:13+00:00,minimal,stock,idle,13,mem_mib,256,guest_delta_merged_mountpoint_ready,4547
2026-05-13T22:45:13+00:00,minimal,stock,idle,13,mem_mib,256,guest_elapsed_overlayfs_mounted,47505
2026-05-13T22:45:13+00:00,minimal,stock,idle,13,mem_mib,256,guest_delta_overlayfs_mounted,4593
2026-05-13T22:45:13+00:00,minimal,stock,idle,13,mem_mib,256,guest_elapsed_pseudo_fs_bound_into_merged,51131
2026-05-13T22:45:13+00:00,minimal,stock,idle,13,mem_mib,256,guest_delta_pseudo_fs_bound_into_merged,3626
2026-05-13T22:45:13+00:00,minimal,stock,idle,13,mem_mib,256,guest_elapsed_merged_self_bound,54620
2026-05-13T22:45:13+00:00,minimal,stock,idle,13,mem_mib,256,guest_delta_merged_self_bound,3488
2026-05-13T22:45:13+00:00,minimal,stock,idle,13,mem_mib,256,guest_elapsed_pivot_rootfs_done,56464
2026-05-13T22:45:13+00:00,minimal,stock,idle,13,mem_mib,256,guest_delta_pivot_rootfs_done,1844
2026-05-13T22:45:13+00:00,minimal,stock,idle,13,mem_mib,256,guest_elapsed_overlay_pivot_complete,58428
2026-05-13T22:45:13+00:00,minimal,stock,idle,13,mem_mib,256,guest_delta_overlay_pivot_complete,1963
2026-05-13T22:45:13+00:00,minimal,stock,idle,13,mem_mib,256,guest_elapsed_network_configured,60364
2026-05-13T22:45:13+00:00,minimal,stock,idle,13,mem_mib,256,guest_delta_network_configured,1935
2026-05-13T22:45:13+00:00,minimal,stock,idle,13,mem_mib,256,guest_elapsed_workspace_absent,62477
2026-05-13T22:45:13+00:00,minimal,stock,idle,13,mem_mib,256,guest_delta_workspace_absent,2112
2026-05-13T22:45:13+00:00,minimal,stock,idle,13,mem_mib,256,guest_elapsed_pid1_setup_complete,63339
2026-05-13T22:45:13+00:00,minimal,stock,idle,13,mem_mib,256,guest_delta_pid1_setup_complete,862
2026-05-13T22:45:13+00:00,minimal,stock,idle,13,mem_mib,256,guest_elapsed_guestd_starting_log,65021
2026-05-13T22:45:13+00:00,minimal,stock,idle,13,mem_mib,256,guest_delta_guestd_starting_log,1681
2026-05-13T22:45:13+00:00,minimal,stock,idle,13,mem_mib,256,guest_elapsed_exec_listener_bound,66092
2026-05-13T22:45:13+00:00,minimal,stock,idle,13,mem_mib,256,guest_delta_exec_listener_bound,1070
2026-05-13T22:45:13+00:00,minimal,stock,idle,13,mem_mib,256,guest_elapsed_ready_signal_sent,68269
2026-05-13T22:45:13+00:00,minimal,stock,idle,13,mem_mib,256,guest_delta_ready_signal_sent,2177
2026-05-13T22:45:15+00:00,minimal,stock,idle,14,mem_mib,256,phase_1_run_root_prep,41
2026-05-13T22:45:15+00:00,minimal,stock,idle,14,mem_mib,256,phase_2_lease,35
2026-05-13T22:45:15+00:00,minimal,stock,idle,14,mem_mib,256,phase_3b_rootfs_prepare,12708
2026-05-13T22:45:15+00:00,minimal,stock,idle,14,mem_mib,256,phase_3_storage_prep,12771
2026-05-13T22:45:15+00:00,minimal,stock,idle,14,mem_mib,256,phase_4_jailer_materialize,702
2026-05-13T22:45:15+00:00,minimal,stock,idle,14,mem_mib,256,phase_5_cgroup_probe,0
2026-05-13T22:45:15+00:00,minimal,stock,idle,14,mem_mib,256,phase_6_network_realize,0
2026-05-13T22:45:15+00:00,minimal,stock,idle,14,mem_mib,256,phase_7_outbound_guest_config,0
2026-05-13T22:45:15+00:00,minimal,stock,idle,14,mem_mib,256,phase_9_jailer_launch,15523
2026-05-13T22:45:15+00:00,minimal,stock,idle,14,mem_mib,256,phase_5b_cgroup_create,21229
2026-05-13T22:45:15+00:00,minimal,stock,idle,14,mem_mib,256,phase_10_open_uds,26
2026-05-13T22:45:15+00:00,minimal,stock,idle,14,mem_mib,256,phase_11_put_machine_config,176
2026-05-13T22:45:15+00:00,minimal,stock,idle,14,mem_mib,256,phase_11_put_boot_source,70
2026-05-13T22:45:15+00:00,minimal,stock,idle,14,mem_mib,256,phase_11_put_drive_rootfs,77
2026-05-13T22:45:15+00:00,minimal,stock,idle,14,mem_mib,256,phase_11_put_drive_rootfs_overlay,163
2026-05-13T22:45:15+00:00,minimal,stock,idle,14,mem_mib,256,phase_11_put_entropy,75
2026-05-13T22:45:15+00:00,minimal,stock,idle,14,mem_mib,256,phase_11_put_vsock,132
2026-05-13T22:45:15+00:00,minimal,stock,idle,14,mem_mib,256,phase_11_rest_puts,1073
2026-05-13T22:45:15+00:00,minimal,stock,idle,14,mem_mib,256,phase_11b_ready_listener_bind,63
2026-05-13T22:45:15+00:00,minimal,stock,idle,14,mem_mib,256,phase_11c_boot_identity_record,68
2026-05-13T22:45:15+00:00,minimal,stock,idle,14,mem_mib,256,phase_12a_instance_start,15162
2026-05-13T22:45:15+00:00,minimal,stock,idle,14,mem_mib,256,phase_12b_host_waiting_accept,1004614
2026-05-13T22:45:15+00:00,minimal,stock,idle,14,mem_mib,256,phase_12b_kernel_console_range,941362
2026-05-13T22:45:15+00:00,minimal,stock,idle,14,mem_mib,256,phase_12b_guest_process_start,2
2026-05-13T22:45:15+00:00,minimal,stock,idle,14,mem_mib,256,phase_12b_guest_stdio_redirected,1245
2026-05-13T22:45:15+00:00,minimal,stock,idle,14,mem_mib,256,phase_12b_guest_panic_hook_installed,2506
2026-05-13T22:45:15+00:00,minimal,stock,idle,14,mem_mib,256,phase_12b_guest_pseudo_fs_mounted,10428
2026-05-13T22:45:15+00:00,minimal,stock,idle,14,mem_mib,256,phase_12b_guest_mount_namespace_private,15137
2026-05-13T22:45:15+00:00,minimal,stock,idle,14,mem_mib,256,phase_12b_guest_base_mounted,18815
2026-05-13T22:45:15+00:00,minimal,stock,idle,14,mem_mib,256,phase_12b_guest_overlay_disk_mounted,26925
2026-05-13T22:45:15+00:00,minimal,stock,idle,14,mem_mib,256,phase_12b_guest_overlay_dirs_ready,32671
2026-05-13T22:45:15+00:00,minimal,stock,idle,14,mem_mib,256,phase_12b_guest_merged_mountpoint_ready,35976
2026-05-13T22:45:15+00:00,minimal,stock,idle,14,mem_mib,256,phase_12b_guest_overlayfs_mounted,39375
2026-05-13T22:45:15+00:00,minimal,stock,idle,14,mem_mib,256,phase_12b_guest_pseudo_fs_bound_into_merged,42926
2026-05-13T22:45:15+00:00,minimal,stock,idle,14,mem_mib,256,phase_12b_guest_merged_self_bound,46418
2026-05-13T22:45:15+00:00,minimal,stock,idle,14,mem_mib,256,phase_12b_guest_pivot_rootfs_done,48238
2026-05-13T22:45:15+00:00,minimal,stock,idle,14,mem_mib,256,phase_12b_guest_overlay_pivot_complete,50159
2026-05-13T22:45:15+00:00,minimal,stock,idle,14,mem_mib,256,phase_12b_guest_network_configured,52117
2026-05-13T22:45:15+00:00,minimal,stock,idle,14,mem_mib,256,phase_12b_guest_workspace_absent,54186
2026-05-13T22:45:15+00:00,minimal,stock,idle,14,mem_mib,256,phase_12b_guest_pid1_setup_complete,55042
2026-05-13T22:45:15+00:00,minimal,stock,idle,14,mem_mib,256,phase_12b_guest_guestd_starting_log,56738
2026-05-13T22:45:15+00:00,minimal,stock,idle,14,mem_mib,256,phase_12b_guest_exec_listener_bound,57756
2026-05-13T22:45:15+00:00,minimal,stock,idle,14,mem_mib,256,phase_12b_ready_accept,1005988
2026-05-13T22:45:15+00:00,minimal,stock,idle,14,mem_mib,256,exec_send,12
2026-05-13T22:45:15+00:00,minimal,stock,idle,14,mem_mib,256,exec_recv,12064
2026-05-13T22:45:15+00:00,minimal,stock,idle,14,mem_mib,256,stop_bounded,51774
2026-05-13T22:45:15+00:00,minimal,stock,idle,14,mem_mib,256,stop_release,109
2026-05-13T22:45:15+00:00,minimal,stock,idle,14,mem_mib,256,guest_elapsed_process_start,2
2026-05-13T22:45:15+00:00,minimal,stock,idle,14,mem_mib,256,guest_delta_process_start,2
2026-05-13T22:45:15+00:00,minimal,stock,idle,14,mem_mib,256,guest_elapsed_stdio_redirected,1245
2026-05-13T22:45:15+00:00,minimal,stock,idle,14,mem_mib,256,guest_delta_stdio_redirected,1243
2026-05-13T22:45:15+00:00,minimal,stock,idle,14,mem_mib,256,guest_elapsed_panic_hook_installed,2506
2026-05-13T22:45:15+00:00,minimal,stock,idle,14,mem_mib,256,guest_delta_panic_hook_installed,1260
2026-05-13T22:45:15+00:00,minimal,stock,idle,14,mem_mib,256,guest_elapsed_pseudo_fs_mounted,10428
2026-05-13T22:45:15+00:00,minimal,stock,idle,14,mem_mib,256,guest_delta_pseudo_fs_mounted,7921
2026-05-13T22:45:15+00:00,minimal,stock,idle,14,mem_mib,256,guest_elapsed_mount_namespace_private,15137
2026-05-13T22:45:15+00:00,minimal,stock,idle,14,mem_mib,256,guest_delta_mount_namespace_private,4709
2026-05-13T22:45:15+00:00,minimal,stock,idle,14,mem_mib,256,guest_elapsed_base_mounted,18815
2026-05-13T22:45:15+00:00,minimal,stock,idle,14,mem_mib,256,guest_delta_base_mounted,3678
2026-05-13T22:45:15+00:00,minimal,stock,idle,14,mem_mib,256,guest_elapsed_overlay_disk_mounted,26925
2026-05-13T22:45:15+00:00,minimal,stock,idle,14,mem_mib,256,guest_delta_overlay_disk_mounted,8109
2026-05-13T22:45:15+00:00,minimal,stock,idle,14,mem_mib,256,guest_elapsed_overlay_dirs_ready,32671
2026-05-13T22:45:15+00:00,minimal,stock,idle,14,mem_mib,256,guest_delta_overlay_dirs_ready,5746
2026-05-13T22:45:15+00:00,minimal,stock,idle,14,mem_mib,256,guest_elapsed_merged_mountpoint_ready,35976
2026-05-13T22:45:15+00:00,minimal,stock,idle,14,mem_mib,256,guest_delta_merged_mountpoint_ready,3305
2026-05-13T22:45:15+00:00,minimal,stock,idle,14,mem_mib,256,guest_elapsed_overlayfs_mounted,39375
2026-05-13T22:45:15+00:00,minimal,stock,idle,14,mem_mib,256,guest_delta_overlayfs_mounted,3399
2026-05-13T22:45:15+00:00,minimal,stock,idle,14,mem_mib,256,guest_elapsed_pseudo_fs_bound_into_merged,42926
2026-05-13T22:45:15+00:00,minimal,stock,idle,14,mem_mib,256,guest_delta_pseudo_fs_bound_into_merged,3551
2026-05-13T22:45:15+00:00,minimal,stock,idle,14,mem_mib,256,guest_elapsed_merged_self_bound,46418
2026-05-13T22:45:15+00:00,minimal,stock,idle,14,mem_mib,256,guest_delta_merged_self_bound,3492
2026-05-13T22:45:15+00:00,minimal,stock,idle,14,mem_mib,256,guest_elapsed_pivot_rootfs_done,48238
2026-05-13T22:45:15+00:00,minimal,stock,idle,14,mem_mib,256,guest_delta_pivot_rootfs_done,1819
2026-05-13T22:45:15+00:00,minimal,stock,idle,14,mem_mib,256,guest_elapsed_overlay_pivot_complete,50159
2026-05-13T22:45:15+00:00,minimal,stock,idle,14,mem_mib,256,guest_delta_overlay_pivot_complete,1920
2026-05-13T22:45:15+00:00,minimal,stock,idle,14,mem_mib,256,guest_elapsed_network_configured,52117
2026-05-13T22:45:15+00:00,minimal,stock,idle,14,mem_mib,256,guest_delta_network_configured,1958
2026-05-13T22:45:15+00:00,minimal,stock,idle,14,mem_mib,256,guest_elapsed_workspace_absent,54186
2026-05-13T22:45:15+00:00,minimal,stock,idle,14,mem_mib,256,guest_delta_workspace_absent,2069
2026-05-13T22:45:15+00:00,minimal,stock,idle,14,mem_mib,256,guest_elapsed_pid1_setup_complete,55042
2026-05-13T22:45:15+00:00,minimal,stock,idle,14,mem_mib,256,guest_delta_pid1_setup_complete,855
2026-05-13T22:45:15+00:00,minimal,stock,idle,14,mem_mib,256,guest_elapsed_guestd_starting_log,56738
2026-05-13T22:45:15+00:00,minimal,stock,idle,14,mem_mib,256,guest_delta_guestd_starting_log,1696
2026-05-13T22:45:15+00:00,minimal,stock,idle,14,mem_mib,256,guest_elapsed_exec_listener_bound,57756
2026-05-13T22:45:15+00:00,minimal,stock,idle,14,mem_mib,256,guest_delta_exec_listener_bound,1018
2026-05-13T22:45:15+00:00,minimal,stock,idle,14,mem_mib,256,guest_elapsed_ready_signal_sent,59861
2026-05-13T22:45:15+00:00,minimal,stock,idle,14,mem_mib,256,guest_delta_ready_signal_sent,2104
2026-05-13T22:45:16+00:00,minimal,stock,idle,15,mem_mib,256,phase_1_run_root_prep,56
2026-05-13T22:45:16+00:00,minimal,stock,idle,15,mem_mib,256,phase_2_lease,36
2026-05-13T22:45:16+00:00,minimal,stock,idle,15,mem_mib,256,phase_3b_rootfs_prepare,12083
2026-05-13T22:45:16+00:00,minimal,stock,idle,15,mem_mib,256,phase_3_storage_prep,12140
2026-05-13T22:45:16+00:00,minimal,stock,idle,15,mem_mib,256,phase_4_jailer_materialize,1117
2026-05-13T22:45:16+00:00,minimal,stock,idle,15,mem_mib,256,phase_5_cgroup_probe,0
2026-05-13T22:45:16+00:00,minimal,stock,idle,15,mem_mib,256,phase_6_network_realize,0
2026-05-13T22:45:16+00:00,minimal,stock,idle,15,mem_mib,256,phase_7_outbound_guest_config,0
2026-05-13T22:45:16+00:00,minimal,stock,idle,15,mem_mib,256,phase_9_jailer_launch,15486
2026-05-13T22:45:16+00:00,minimal,stock,idle,15,mem_mib,256,phase_5b_cgroup_create,22394
2026-05-13T22:45:16+00:00,minimal,stock,idle,15,mem_mib,256,phase_10_open_uds,19
2026-05-13T22:45:16+00:00,minimal,stock,idle,15,mem_mib,256,phase_11_put_machine_config,226
2026-05-13T22:45:16+00:00,minimal,stock,idle,15,mem_mib,256,phase_11_put_boot_source,107
2026-05-13T22:45:16+00:00,minimal,stock,idle,15,mem_mib,256,phase_11_put_drive_rootfs,107
2026-05-13T22:45:16+00:00,minimal,stock,idle,15,mem_mib,256,phase_11_put_drive_rootfs_overlay,192
2026-05-13T22:45:16+00:00,minimal,stock,idle,15,mem_mib,256,phase_11_put_entropy,120
2026-05-13T22:45:16+00:00,minimal,stock,idle,15,mem_mib,256,phase_11_put_vsock,163
2026-05-13T22:45:16+00:00,minimal,stock,idle,15,mem_mib,256,phase_11_rest_puts,1590
2026-05-13T22:45:16+00:00,minimal,stock,idle,15,mem_mib,256,phase_11b_ready_listener_bind,81
2026-05-13T22:45:16+00:00,minimal,stock,idle,15,mem_mib,256,phase_11c_boot_identity_record,97
2026-05-13T22:45:16+00:00,minimal,stock,idle,15,mem_mib,256,phase_12a_instance_start,13538
2026-05-13T22:45:16+00:00,minimal,stock,idle,15,mem_mib,256,phase_12b_host_waiting_accept,1005974
2026-05-13T22:45:16+00:00,minimal,stock,idle,15,mem_mib,256,phase_12b_kernel_console_range,944415
2026-05-13T22:45:16+00:00,minimal,stock,idle,15,mem_mib,256,phase_12b_guest_process_start,2
2026-05-13T22:45:16+00:00,minimal,stock,idle,15,mem_mib,256,phase_12b_guest_stdio_redirected,1572
2026-05-13T22:45:16+00:00,minimal,stock,idle,15,mem_mib,256,phase_12b_guest_panic_hook_installed,1874
2026-05-13T22:45:16+00:00,minimal,stock,idle,15,mem_mib,256,phase_12b_guest_pseudo_fs_mounted,12938
2026-05-13T22:45:16+00:00,minimal,stock,idle,15,mem_mib,256,phase_12b_guest_mount_namespace_private,19216
2026-05-13T22:45:16+00:00,minimal,stock,idle,15,mem_mib,256,phase_12b_guest_base_mounted,25425
2026-05-13T22:45:16+00:00,minimal,stock,idle,15,mem_mib,256,phase_12b_guest_overlay_disk_mounted,33206
2026-05-13T22:45:16+00:00,minimal,stock,idle,15,mem_mib,256,phase_12b_guest_overlay_dirs_ready,38904
2026-05-13T22:45:16+00:00,minimal,stock,idle,15,mem_mib,256,phase_12b_guest_merged_mountpoint_ready,43370
2026-05-13T22:45:16+00:00,minimal,stock,idle,15,mem_mib,256,phase_12b_guest_overlayfs_mounted,46561
2026-05-13T22:45:16+00:00,minimal,stock,idle,15,mem_mib,256,phase_12b_guest_pseudo_fs_bound_into_merged,49915
2026-05-13T22:45:16+00:00,minimal,stock,idle,15,mem_mib,256,phase_12b_guest_merged_self_bound,53207
2026-05-13T22:45:16+00:00,minimal,stock,idle,15,mem_mib,256,phase_12b_guest_pivot_rootfs_done,54924
2026-05-13T22:45:16+00:00,minimal,stock,idle,15,mem_mib,256,phase_12b_guest_overlay_pivot_complete,56795
2026-05-13T22:45:16+00:00,minimal,stock,idle,15,mem_mib,256,phase_12b_guest_network_configured,58628
2026-05-13T22:45:16+00:00,minimal,stock,idle,15,mem_mib,256,phase_12b_guest_workspace_absent,60623
2026-05-13T22:45:16+00:00,minimal,stock,idle,15,mem_mib,256,phase_12b_guest_pid1_setup_complete,61448
2026-05-13T22:45:16+00:00,minimal,stock,idle,15,mem_mib,256,phase_12b_guest_guestd_starting_log,63035
2026-05-13T22:45:16+00:00,minimal,stock,idle,15,mem_mib,256,phase_12b_guest_exec_listener_bound,64065
2026-05-13T22:45:16+00:00,minimal,stock,idle,15,mem_mib,256,phase_12b_ready_accept,1008274
2026-05-13T22:45:16+00:00,minimal,stock,idle,15,mem_mib,256,exec_send,19
2026-05-13T22:45:16+00:00,minimal,stock,idle,15,mem_mib,256,exec_recv,11925
2026-05-13T22:45:16+00:00,minimal,stock,idle,15,mem_mib,256,stop_bounded,62516
2026-05-13T22:45:16+00:00,minimal,stock,idle,15,mem_mib,256,stop_release,116
2026-05-13T22:45:16+00:00,minimal,stock,idle,15,mem_mib,256,guest_elapsed_process_start,2
2026-05-13T22:45:16+00:00,minimal,stock,idle,15,mem_mib,256,guest_delta_process_start,2
2026-05-13T22:45:16+00:00,minimal,stock,idle,15,mem_mib,256,guest_elapsed_stdio_redirected,1572
2026-05-13T22:45:16+00:00,minimal,stock,idle,15,mem_mib,256,guest_delta_stdio_redirected,1569
2026-05-13T22:45:16+00:00,minimal,stock,idle,15,mem_mib,256,guest_elapsed_panic_hook_installed,1874
2026-05-13T22:45:16+00:00,minimal,stock,idle,15,mem_mib,256,guest_delta_panic_hook_installed,302
2026-05-13T22:45:16+00:00,minimal,stock,idle,15,mem_mib,256,guest_elapsed_pseudo_fs_mounted,12938
2026-05-13T22:45:16+00:00,minimal,stock,idle,15,mem_mib,256,guest_delta_pseudo_fs_mounted,11064
2026-05-13T22:45:16+00:00,minimal,stock,idle,15,mem_mib,256,guest_elapsed_mount_namespace_private,19216
2026-05-13T22:45:16+00:00,minimal,stock,idle,15,mem_mib,256,guest_delta_mount_namespace_private,6277
2026-05-13T22:45:16+00:00,minimal,stock,idle,15,mem_mib,256,guest_elapsed_base_mounted,25425
2026-05-13T22:45:16+00:00,minimal,stock,idle,15,mem_mib,256,guest_delta_base_mounted,6208
2026-05-13T22:45:16+00:00,minimal,stock,idle,15,mem_mib,256,guest_elapsed_overlay_disk_mounted,33206
2026-05-13T22:45:16+00:00,minimal,stock,idle,15,mem_mib,256,guest_delta_overlay_disk_mounted,7780
2026-05-13T22:45:16+00:00,minimal,stock,idle,15,mem_mib,256,guest_elapsed_overlay_dirs_ready,38904
2026-05-13T22:45:16+00:00,minimal,stock,idle,15,mem_mib,256,guest_delta_overlay_dirs_ready,5698
2026-05-13T22:45:16+00:00,minimal,stock,idle,15,mem_mib,256,guest_elapsed_merged_mountpoint_ready,43370
2026-05-13T22:45:16+00:00,minimal,stock,idle,15,mem_mib,256,guest_delta_merged_mountpoint_ready,4465
2026-05-13T22:45:16+00:00,minimal,stock,idle,15,mem_mib,256,guest_elapsed_overlayfs_mounted,46561
2026-05-13T22:45:16+00:00,minimal,stock,idle,15,mem_mib,256,guest_delta_overlayfs_mounted,3190
2026-05-13T22:45:16+00:00,minimal,stock,idle,15,mem_mib,256,guest_elapsed_pseudo_fs_bound_into_merged,49915
2026-05-13T22:45:16+00:00,minimal,stock,idle,15,mem_mib,256,guest_delta_pseudo_fs_bound_into_merged,3354
2026-05-13T22:45:16+00:00,minimal,stock,idle,15,mem_mib,256,guest_elapsed_merged_self_bound,53207
2026-05-13T22:45:16+00:00,minimal,stock,idle,15,mem_mib,256,guest_delta_merged_self_bound,3291
2026-05-13T22:45:16+00:00,minimal,stock,idle,15,mem_mib,256,guest_elapsed_pivot_rootfs_done,54924
2026-05-13T22:45:16+00:00,minimal,stock,idle,15,mem_mib,256,guest_delta_pivot_rootfs_done,1717
2026-05-13T22:45:16+00:00,minimal,stock,idle,15,mem_mib,256,guest_elapsed_overlay_pivot_complete,56795
2026-05-13T22:45:16+00:00,minimal,stock,idle,15,mem_mib,256,guest_delta_overlay_pivot_complete,1871
2026-05-13T22:45:16+00:00,minimal,stock,idle,15,mem_mib,256,guest_elapsed_network_configured,58628
2026-05-13T22:45:16+00:00,minimal,stock,idle,15,mem_mib,256,guest_delta_network_configured,1832
2026-05-13T22:45:16+00:00,minimal,stock,idle,15,mem_mib,256,guest_elapsed_workspace_absent,60623
2026-05-13T22:45:16+00:00,minimal,stock,idle,15,mem_mib,256,guest_delta_workspace_absent,1995
2026-05-13T22:45:16+00:00,minimal,stock,idle,15,mem_mib,256,guest_elapsed_pid1_setup_complete,61448
2026-05-13T22:45:16+00:00,minimal,stock,idle,15,mem_mib,256,guest_delta_pid1_setup_complete,825
2026-05-13T22:45:16+00:00,minimal,stock,idle,15,mem_mib,256,guest_elapsed_guestd_starting_log,63035
2026-05-13T22:45:16+00:00,minimal,stock,idle,15,mem_mib,256,guest_delta_guestd_starting_log,1587
2026-05-13T22:45:16+00:00,minimal,stock,idle,15,mem_mib,256,guest_elapsed_exec_listener_bound,64065
2026-05-13T22:45:16+00:00,minimal,stock,idle,15,mem_mib,256,guest_delta_exec_listener_bound,1029
2026-05-13T22:45:16+00:00,minimal,stock,idle,15,mem_mib,256,guest_elapsed_ready_signal_sent,66154
2026-05-13T22:45:16+00:00,minimal,stock,idle,15,mem_mib,256,guest_delta_ready_signal_sent,2089
2026-05-13T22:45:18+00:00,minimal,stock,idle,16,mem_mib,256,phase_1_run_root_prep,55
2026-05-13T22:45:18+00:00,minimal,stock,idle,16,mem_mib,256,phase_2_lease,33
2026-05-13T22:45:18+00:00,minimal,stock,idle,16,mem_mib,256,phase_3b_rootfs_prepare,13014
2026-05-13T22:45:18+00:00,minimal,stock,idle,16,mem_mib,256,phase_3_storage_prep,13070
2026-05-13T22:45:18+00:00,minimal,stock,idle,16,mem_mib,256,phase_4_jailer_materialize,1180
2026-05-13T22:45:18+00:00,minimal,stock,idle,16,mem_mib,256,phase_5_cgroup_probe,0
2026-05-13T22:45:18+00:00,minimal,stock,idle,16,mem_mib,256,phase_6_network_realize,0
2026-05-13T22:45:18+00:00,minimal,stock,idle,16,mem_mib,256,phase_7_outbound_guest_config,0
2026-05-13T22:45:18+00:00,minimal,stock,idle,16,mem_mib,256,phase_9_jailer_launch,15428
2026-05-13T22:45:18+00:00,minimal,stock,idle,16,mem_mib,256,phase_5b_cgroup_create,21463
2026-05-13T22:45:18+00:00,minimal,stock,idle,16,mem_mib,256,phase_10_open_uds,29
2026-05-13T22:45:18+00:00,minimal,stock,idle,16,mem_mib,256,phase_11_put_machine_config,164
2026-05-13T22:45:18+00:00,minimal,stock,idle,16,mem_mib,256,phase_11_put_boot_source,80
2026-05-13T22:45:18+00:00,minimal,stock,idle,16,mem_mib,256,phase_11_put_drive_rootfs,83
2026-05-13T22:45:18+00:00,minimal,stock,idle,16,mem_mib,256,phase_11_put_drive_rootfs_overlay,165
2026-05-13T22:45:18+00:00,minimal,stock,idle,16,mem_mib,256,phase_11_put_entropy,95
2026-05-13T22:45:18+00:00,minimal,stock,idle,16,mem_mib,256,phase_11_put_vsock,146
2026-05-13T22:45:18+00:00,minimal,stock,idle,16,mem_mib,256,phase_11_rest_puts,1392
2026-05-13T22:45:18+00:00,minimal,stock,idle,16,mem_mib,256,phase_11b_ready_listener_bind,85
2026-05-13T22:45:18+00:00,minimal,stock,idle,16,mem_mib,256,phase_11c_boot_identity_record,96
2026-05-13T22:45:18+00:00,minimal,stock,idle,16,mem_mib,256,phase_12a_instance_start,19812
2026-05-13T22:45:18+00:00,minimal,stock,idle,16,mem_mib,256,phase_12b_host_waiting_accept,1012442
2026-05-13T22:45:18+00:00,minimal,stock,idle,16,mem_mib,256,phase_12b_kernel_console_range,948142
2026-05-13T22:45:18+00:00,minimal,stock,idle,16,mem_mib,256,phase_12b_guest_process_start,0
2026-05-13T22:45:18+00:00,minimal,stock,idle,16,mem_mib,256,phase_12b_guest_stdio_redirected,1622
2026-05-13T22:45:18+00:00,minimal,stock,idle,16,mem_mib,256,phase_12b_guest_panic_hook_installed,3292
2026-05-13T22:45:18+00:00,minimal,stock,idle,16,mem_mib,256,phase_12b_guest_pseudo_fs_mounted,13814
2026-05-13T22:45:18+00:00,minimal,stock,idle,16,mem_mib,256,phase_12b_guest_mount_namespace_private,20133
2026-05-13T22:45:18+00:00,minimal,stock,idle,16,mem_mib,256,phase_12b_guest_base_mounted,25947
2026-05-13T22:45:18+00:00,minimal,stock,idle,16,mem_mib,256,phase_12b_guest_overlay_disk_mounted,33325
2026-05-13T22:45:18+00:00,minimal,stock,idle,16,mem_mib,256,phase_12b_guest_overlay_dirs_ready,38724
2026-05-13T22:45:18+00:00,minimal,stock,idle,16,mem_mib,256,phase_12b_guest_merged_mountpoint_ready,41504
2026-05-13T22:45:18+00:00,minimal,stock,idle,16,mem_mib,256,phase_12b_guest_overlayfs_mounted,44715
2026-05-13T22:45:18+00:00,minimal,stock,idle,16,mem_mib,256,phase_12b_guest_pseudo_fs_bound_into_merged,48083
2026-05-13T22:45:18+00:00,minimal,stock,idle,16,mem_mib,256,phase_12b_guest_merged_self_bound,51410
2026-05-13T22:45:18+00:00,minimal,stock,idle,16,mem_mib,256,phase_12b_guest_pivot_rootfs_done,53133
2026-05-13T22:45:18+00:00,minimal,stock,idle,16,mem_mib,256,phase_12b_guest_overlay_pivot_complete,54984
2026-05-13T22:45:18+00:00,minimal,stock,idle,16,mem_mib,256,phase_12b_guest_network_configured,56833
2026-05-13T22:45:18+00:00,minimal,stock,idle,16,mem_mib,256,phase_12b_guest_workspace_absent,58820
2026-05-13T22:45:18+00:00,minimal,stock,idle,16,mem_mib,256,phase_12b_guest_pid1_setup_complete,59678
2026-05-13T22:45:18+00:00,minimal,stock,idle,16,mem_mib,256,phase_12b_guest_guestd_starting_log,61280
2026-05-13T22:45:18+00:00,minimal,stock,idle,16,mem_mib,256,phase_12b_guest_exec_listener_bound,62306
2026-05-13T22:45:18+00:00,minimal,stock,idle,16,mem_mib,256,phase_12b_ready_accept,1014767
2026-05-13T22:45:18+00:00,minimal,stock,idle,16,mem_mib,256,exec_send,23
2026-05-13T22:45:18+00:00,minimal,stock,idle,16,mem_mib,256,exec_recv,11946
2026-05-13T22:45:18+00:00,minimal,stock,idle,16,mem_mib,256,stop_bounded,75277
2026-05-13T22:45:18+00:00,minimal,stock,idle,16,mem_mib,256,stop_release,113
2026-05-13T22:45:18+00:00,minimal,stock,idle,16,mem_mib,256,guest_elapsed_process_start,0
2026-05-13T22:45:18+00:00,minimal,stock,idle,16,mem_mib,256,guest_delta_process_start,0
2026-05-13T22:45:18+00:00,minimal,stock,idle,16,mem_mib,256,guest_elapsed_stdio_redirected,1622
2026-05-13T22:45:18+00:00,minimal,stock,idle,16,mem_mib,256,guest_delta_stdio_redirected,1621
2026-05-13T22:45:18+00:00,minimal,stock,idle,16,mem_mib,256,guest_elapsed_panic_hook_installed,3292
2026-05-13T22:45:18+00:00,minimal,stock,idle,16,mem_mib,256,guest_delta_panic_hook_installed,1670
2026-05-13T22:45:18+00:00,minimal,stock,idle,16,mem_mib,256,guest_elapsed_pseudo_fs_mounted,13814
2026-05-13T22:45:18+00:00,minimal,stock,idle,16,mem_mib,256,guest_delta_pseudo_fs_mounted,10522
2026-05-13T22:45:18+00:00,minimal,stock,idle,16,mem_mib,256,guest_elapsed_mount_namespace_private,20133
2026-05-13T22:45:18+00:00,minimal,stock,idle,16,mem_mib,256,guest_delta_mount_namespace_private,6318
2026-05-13T22:45:18+00:00,minimal,stock,idle,16,mem_mib,256,guest_elapsed_base_mounted,25947
2026-05-13T22:45:18+00:00,minimal,stock,idle,16,mem_mib,256,guest_delta_base_mounted,5813
2026-05-13T22:45:18+00:00,minimal,stock,idle,16,mem_mib,256,guest_elapsed_overlay_disk_mounted,33325
2026-05-13T22:45:18+00:00,minimal,stock,idle,16,mem_mib,256,guest_delta_overlay_disk_mounted,7378
2026-05-13T22:45:18+00:00,minimal,stock,idle,16,mem_mib,256,guest_elapsed_overlay_dirs_ready,38724
2026-05-13T22:45:18+00:00,minimal,stock,idle,16,mem_mib,256,guest_delta_overlay_dirs_ready,5399
2026-05-13T22:45:18+00:00,minimal,stock,idle,16,mem_mib,256,guest_elapsed_merged_mountpoint_ready,41504
2026-05-13T22:45:18+00:00,minimal,stock,idle,16,mem_mib,256,guest_delta_merged_mountpoint_ready,2779
2026-05-13T22:45:18+00:00,minimal,stock,idle,16,mem_mib,256,guest_elapsed_overlayfs_mounted,44715
2026-05-13T22:45:18+00:00,minimal,stock,idle,16,mem_mib,256,guest_delta_overlayfs_mounted,3210
2026-05-13T22:45:18+00:00,minimal,stock,idle,16,mem_mib,256,guest_elapsed_pseudo_fs_bound_into_merged,48083
2026-05-13T22:45:18+00:00,minimal,stock,idle,16,mem_mib,256,guest_delta_pseudo_fs_bound_into_merged,3368
2026-05-13T22:45:18+00:00,minimal,stock,idle,16,mem_mib,256,guest_elapsed_merged_self_bound,51410
2026-05-13T22:45:18+00:00,minimal,stock,idle,16,mem_mib,256,guest_delta_merged_self_bound,3326
2026-05-13T22:45:18+00:00,minimal,stock,idle,16,mem_mib,256,guest_elapsed_pivot_rootfs_done,53133
2026-05-13T22:45:18+00:00,minimal,stock,idle,16,mem_mib,256,guest_delta_pivot_rootfs_done,1722
2026-05-13T22:45:18+00:00,minimal,stock,idle,16,mem_mib,256,guest_elapsed_overlay_pivot_complete,54984
2026-05-13T22:45:18+00:00,minimal,stock,idle,16,mem_mib,256,guest_delta_overlay_pivot_complete,1851
2026-05-13T22:45:18+00:00,minimal,stock,idle,16,mem_mib,256,guest_elapsed_network_configured,56833
2026-05-13T22:45:18+00:00,minimal,stock,idle,16,mem_mib,256,guest_delta_network_configured,1848
2026-05-13T22:45:18+00:00,minimal,stock,idle,16,mem_mib,256,guest_elapsed_workspace_absent,58820
2026-05-13T22:45:18+00:00,minimal,stock,idle,16,mem_mib,256,guest_delta_workspace_absent,1987
2026-05-13T22:45:18+00:00,minimal,stock,idle,16,mem_mib,256,guest_elapsed_pid1_setup_complete,59678
2026-05-13T22:45:18+00:00,minimal,stock,idle,16,mem_mib,256,guest_delta_pid1_setup_complete,857
2026-05-13T22:45:18+00:00,minimal,stock,idle,16,mem_mib,256,guest_elapsed_guestd_starting_log,61280
2026-05-13T22:45:18+00:00,minimal,stock,idle,16,mem_mib,256,guest_delta_guestd_starting_log,1602
2026-05-13T22:45:18+00:00,minimal,stock,idle,16,mem_mib,256,guest_elapsed_exec_listener_bound,62306
2026-05-13T22:45:18+00:00,minimal,stock,idle,16,mem_mib,256,guest_delta_exec_listener_bound,1026
2026-05-13T22:45:18+00:00,minimal,stock,idle,16,mem_mib,256,guest_elapsed_ready_signal_sent,64406
2026-05-13T22:45:18+00:00,minimal,stock,idle,16,mem_mib,256,guest_delta_ready_signal_sent,2099
2026-05-13T22:45:19+00:00,minimal,stock,idle,17,mem_mib,256,phase_1_run_root_prep,49
2026-05-13T22:45:19+00:00,minimal,stock,idle,17,mem_mib,256,phase_2_lease,46
2026-05-13T22:45:19+00:00,minimal,stock,idle,17,mem_mib,256,phase_3b_rootfs_prepare,11170
2026-05-13T22:45:19+00:00,minimal,stock,idle,17,mem_mib,256,phase_3_storage_prep,11261
2026-05-13T22:45:19+00:00,minimal,stock,idle,17,mem_mib,256,phase_4_jailer_materialize,687
2026-05-13T22:45:19+00:00,minimal,stock,idle,17,mem_mib,256,phase_5_cgroup_probe,0
2026-05-13T22:45:19+00:00,minimal,stock,idle,17,mem_mib,256,phase_6_network_realize,0
2026-05-13T22:45:19+00:00,minimal,stock,idle,17,mem_mib,256,phase_7_outbound_guest_config,0
2026-05-13T22:45:19+00:00,minimal,stock,idle,17,mem_mib,256,phase_9_jailer_launch,15571
2026-05-13T22:45:19+00:00,minimal,stock,idle,17,mem_mib,256,phase_5b_cgroup_create,20789
2026-05-13T22:45:19+00:00,minimal,stock,idle,17,mem_mib,256,phase_10_open_uds,24
2026-05-13T22:45:19+00:00,minimal,stock,idle,17,mem_mib,256,phase_11_put_machine_config,161
2026-05-13T22:45:19+00:00,minimal,stock,idle,17,mem_mib,256,phase_11_put_boot_source,78
2026-05-13T22:45:19+00:00,minimal,stock,idle,17,mem_mib,256,phase_11_put_drive_rootfs,86
2026-05-13T22:45:19+00:00,minimal,stock,idle,17,mem_mib,256,phase_11_put_drive_rootfs_overlay,163
2026-05-13T22:45:19+00:00,minimal,stock,idle,17,mem_mib,256,phase_11_put_entropy,96
2026-05-13T22:45:19+00:00,minimal,stock,idle,17,mem_mib,256,phase_11_put_vsock,143
2026-05-13T22:45:19+00:00,minimal,stock,idle,17,mem_mib,256,phase_11_rest_puts,1416
2026-05-13T22:45:19+00:00,minimal,stock,idle,17,mem_mib,256,phase_11b_ready_listener_bind,70
2026-05-13T22:45:19+00:00,minimal,stock,idle,17,mem_mib,256,phase_11c_boot_identity_record,86
2026-05-13T22:45:19+00:00,minimal,stock,idle,17,mem_mib,256,phase_12a_instance_start,19500
2026-05-13T22:45:19+00:00,minimal,stock,idle,17,mem_mib,256,phase_12b_host_waiting_accept,1009153
2026-05-13T22:45:19+00:00,minimal,stock,idle,17,mem_mib,256,phase_12b_kernel_console_range,945241
2026-05-13T22:45:19+00:00,minimal,stock,idle,17,mem_mib,256,phase_12b_guest_process_start,2
2026-05-13T22:45:19+00:00,minimal,stock,idle,17,mem_mib,256,phase_12b_guest_stdio_redirected,484
2026-05-13T22:45:19+00:00,minimal,stock,idle,17,mem_mib,256,phase_12b_guest_panic_hook_installed,488
2026-05-13T22:45:19+00:00,minimal,stock,idle,17,mem_mib,256,phase_12b_guest_pseudo_fs_mounted,12576
2026-05-13T22:45:19+00:00,minimal,stock,idle,17,mem_mib,256,phase_12b_guest_mount_namespace_private,18825
2026-05-13T22:45:19+00:00,minimal,stock,idle,17,mem_mib,256,phase_12b_guest_base_mounted,24354
2026-05-13T22:45:19+00:00,minimal,stock,idle,17,mem_mib,256,phase_12b_guest_overlay_disk_mounted,31669
2026-05-13T22:45:19+00:00,minimal,stock,idle,17,mem_mib,256,phase_12b_guest_overlay_dirs_ready,36454
2026-05-13T22:45:19+00:00,minimal,stock,idle,17,mem_mib,256,phase_12b_guest_merged_mountpoint_ready,39284
2026-05-13T22:45:19+00:00,minimal,stock,idle,17,mem_mib,256,phase_12b_guest_overlayfs_mounted,42637
2026-05-13T22:45:19+00:00,minimal,stock,idle,17,mem_mib,256,phase_12b_guest_pseudo_fs_bound_into_merged,46091
2026-05-13T22:45:19+00:00,minimal,stock,idle,17,mem_mib,256,phase_12b_guest_merged_self_bound,49469
2026-05-13T22:45:19+00:00,minimal,stock,idle,17,mem_mib,256,phase_12b_guest_pivot_rootfs_done,51261
2026-05-13T22:45:19+00:00,minimal,stock,idle,17,mem_mib,256,phase_12b_guest_overlay_pivot_complete,53146
2026-05-13T22:45:19+00:00,minimal,stock,idle,17,mem_mib,256,phase_12b_guest_network_configured,55026
2026-05-13T22:45:19+00:00,minimal,stock,idle,17,mem_mib,256,phase_12b_guest_workspace_absent,57075
2026-05-13T22:45:19+00:00,minimal,stock,idle,17,mem_mib,256,phase_12b_guest_pid1_setup_complete,57919
2026-05-13T22:45:19+00:00,minimal,stock,idle,17,mem_mib,256,phase_12b_guest_guestd_starting_log,59571
2026-05-13T22:45:19+00:00,minimal,stock,idle,17,mem_mib,256,phase_12b_guest_exec_listener_bound,60619
2026-05-13T22:45:19+00:00,minimal,stock,idle,17,mem_mib,256,phase_12b_ready_accept,1011458
2026-05-13T22:45:19+00:00,minimal,stock,idle,17,mem_mib,256,exec_send,21
2026-05-13T22:45:19+00:00,minimal,stock,idle,17,mem_mib,256,exec_recv,12052
2026-05-13T22:45:19+00:00,minimal,stock,idle,17,mem_mib,256,stop_bounded,57664
2026-05-13T22:45:19+00:00,minimal,stock,idle,17,mem_mib,256,stop_release,112
2026-05-13T22:45:19+00:00,minimal,stock,idle,17,mem_mib,256,guest_elapsed_process_start,2
2026-05-13T22:45:19+00:00,minimal,stock,idle,17,mem_mib,256,guest_delta_process_start,2
2026-05-13T22:45:19+00:00,minimal,stock,idle,17,mem_mib,256,guest_elapsed_stdio_redirected,484
2026-05-13T22:45:19+00:00,minimal,stock,idle,17,mem_mib,256,guest_delta_stdio_redirected,481
2026-05-13T22:45:19+00:00,minimal,stock,idle,17,mem_mib,256,guest_elapsed_panic_hook_installed,488
2026-05-13T22:45:19+00:00,minimal,stock,idle,17,mem_mib,256,guest_delta_panic_hook_installed,4
2026-05-13T22:45:19+00:00,minimal,stock,idle,17,mem_mib,256,guest_elapsed_pseudo_fs_mounted,12576
2026-05-13T22:45:19+00:00,minimal,stock,idle,17,mem_mib,256,guest_delta_pseudo_fs_mounted,12087
2026-05-13T22:45:19+00:00,minimal,stock,idle,17,mem_mib,256,guest_elapsed_mount_namespace_private,18825
2026-05-13T22:45:19+00:00,minimal,stock,idle,17,mem_mib,256,guest_delta_mount_namespace_private,6248
2026-05-13T22:45:19+00:00,minimal,stock,idle,17,mem_mib,256,guest_elapsed_base_mounted,24354
2026-05-13T22:45:19+00:00,minimal,stock,idle,17,mem_mib,256,guest_delta_base_mounted,5529
2026-05-13T22:45:19+00:00,minimal,stock,idle,17,mem_mib,256,guest_elapsed_overlay_disk_mounted,31669
2026-05-13T22:45:19+00:00,minimal,stock,idle,17,mem_mib,256,guest_delta_overlay_disk_mounted,7315
2026-05-13T22:45:19+00:00,minimal,stock,idle,17,mem_mib,256,guest_elapsed_overlay_dirs_ready,36454
2026-05-13T22:45:19+00:00,minimal,stock,idle,17,mem_mib,256,guest_delta_overlay_dirs_ready,4785
2026-05-13T22:45:19+00:00,minimal,stock,idle,17,mem_mib,256,guest_elapsed_merged_mountpoint_ready,39284
2026-05-13T22:45:19+00:00,minimal,stock,idle,17,mem_mib,256,guest_delta_merged_mountpoint_ready,2829
2026-05-13T22:45:19+00:00,minimal,stock,idle,17,mem_mib,256,guest_elapsed_overlayfs_mounted,42637
2026-05-13T22:45:19+00:00,minimal,stock,idle,17,mem_mib,256,guest_delta_overlayfs_mounted,3352
2026-05-13T22:45:19+00:00,minimal,stock,idle,17,mem_mib,256,guest_elapsed_pseudo_fs_bound_into_merged,46091
2026-05-13T22:45:19+00:00,minimal,stock,idle,17,mem_mib,256,guest_delta_pseudo_fs_bound_into_merged,3453
2026-05-13T22:45:19+00:00,minimal,stock,idle,17,mem_mib,256,guest_elapsed_merged_self_bound,49469
2026-05-13T22:45:19+00:00,minimal,stock,idle,17,mem_mib,256,guest_delta_merged_self_bound,3377
2026-05-13T22:45:19+00:00,minimal,stock,idle,17,mem_mib,256,guest_elapsed_pivot_rootfs_done,51261
2026-05-13T22:45:19+00:00,minimal,stock,idle,17,mem_mib,256,guest_delta_pivot_rootfs_done,1792
2026-05-13T22:45:19+00:00,minimal,stock,idle,17,mem_mib,256,guest_elapsed_overlay_pivot_complete,53146
2026-05-13T22:45:19+00:00,minimal,stock,idle,17,mem_mib,256,guest_delta_overlay_pivot_complete,1885
2026-05-13T22:45:19+00:00,minimal,stock,idle,17,mem_mib,256,guest_elapsed_network_configured,55026
2026-05-13T22:45:19+00:00,minimal,stock,idle,17,mem_mib,256,guest_delta_network_configured,1879
2026-05-13T22:45:19+00:00,minimal,stock,idle,17,mem_mib,256,guest_elapsed_workspace_absent,57075
2026-05-13T22:45:19+00:00,minimal,stock,idle,17,mem_mib,256,guest_delta_workspace_absent,2048
2026-05-13T22:45:19+00:00,minimal,stock,idle,17,mem_mib,256,guest_elapsed_pid1_setup_complete,57919
2026-05-13T22:45:19+00:00,minimal,stock,idle,17,mem_mib,256,guest_delta_pid1_setup_complete,844
2026-05-13T22:45:19+00:00,minimal,stock,idle,17,mem_mib,256,guest_elapsed_guestd_starting_log,59571
2026-05-13T22:45:19+00:00,minimal,stock,idle,17,mem_mib,256,guest_delta_guestd_starting_log,1652
2026-05-13T22:45:19+00:00,minimal,stock,idle,17,mem_mib,256,guest_elapsed_exec_listener_bound,60619
2026-05-13T22:45:19+00:00,minimal,stock,idle,17,mem_mib,256,guest_delta_exec_listener_bound,1048
2026-05-13T22:45:19+00:00,minimal,stock,idle,17,mem_mib,256,guest_elapsed_ready_signal_sent,62747
2026-05-13T22:45:19+00:00,minimal,stock,idle,17,mem_mib,256,guest_delta_ready_signal_sent,2127
2026-05-13T22:45:20+00:00,minimal,stock,idle,18,mem_mib,256,phase_1_run_root_prep,40
2026-05-13T22:45:20+00:00,minimal,stock,idle,18,mem_mib,256,phase_2_lease,33
2026-05-13T22:45:20+00:00,minimal,stock,idle,18,mem_mib,256,phase_3b_rootfs_prepare,12272
2026-05-13T22:45:20+00:00,minimal,stock,idle,18,mem_mib,256,phase_3_storage_prep,12333
2026-05-13T22:45:20+00:00,minimal,stock,idle,18,mem_mib,256,phase_4_jailer_materialize,770
2026-05-13T22:45:20+00:00,minimal,stock,idle,18,mem_mib,256,phase_5_cgroup_probe,0
2026-05-13T22:45:20+00:00,minimal,stock,idle,18,mem_mib,256,phase_6_network_realize,5
2026-05-13T22:45:20+00:00,minimal,stock,idle,18,mem_mib,256,phase_7_outbound_guest_config,0
2026-05-13T22:45:20+00:00,minimal,stock,idle,18,mem_mib,256,phase_9_jailer_launch,15489
2026-05-13T22:45:20+00:00,minimal,stock,idle,18,mem_mib,256,phase_5b_cgroup_create,18860
2026-05-13T22:45:20+00:00,minimal,stock,idle,18,mem_mib,256,phase_10_open_uds,19
2026-05-13T22:45:20+00:00,minimal,stock,idle,18,mem_mib,256,phase_11_put_machine_config,183
2026-05-13T22:45:20+00:00,minimal,stock,idle,18,mem_mib,256,phase_11_put_boot_source,82
2026-05-13T22:45:20+00:00,minimal,stock,idle,18,mem_mib,256,phase_11_put_drive_rootfs,82
2026-05-13T22:45:20+00:00,minimal,stock,idle,18,mem_mib,256,phase_11_put_drive_rootfs_overlay,163
2026-05-13T22:45:20+00:00,minimal,stock,idle,18,mem_mib,256,phase_11_put_entropy,81
2026-05-13T22:45:20+00:00,minimal,stock,idle,18,mem_mib,256,phase_11_put_vsock,142
2026-05-13T22:45:20+00:00,minimal,stock,idle,18,mem_mib,256,phase_11_rest_puts,1431
2026-05-13T22:45:20+00:00,minimal,stock,idle,18,mem_mib,256,phase_11b_ready_listener_bind,97
2026-05-13T22:45:20+00:00,minimal,stock,idle,18,mem_mib,256,phase_11c_boot_identity_record,106
2026-05-13T22:45:20+00:00,minimal,stock,idle,18,mem_mib,256,phase_12a_instance_start,19373
2026-05-13T22:45:20+00:00,minimal,stock,idle,18,mem_mib,256,phase_12b_host_waiting_accept,1011225
2026-05-13T22:45:20+00:00,minimal,stock,idle,18,mem_mib,256,phase_12b_kernel_console_range,945572
2026-05-13T22:45:20+00:00,minimal,stock,idle,18,mem_mib,256,phase_12b_guest_process_start,2
2026-05-13T22:45:20+00:00,minimal,stock,idle,18,mem_mib,256,phase_12b_guest_stdio_redirected,1618
2026-05-13T22:45:20+00:00,minimal,stock,idle,18,mem_mib,256,phase_12b_guest_panic_hook_installed,3308
2026-05-13T22:45:20+00:00,minimal,stock,idle,18,mem_mib,256,phase_12b_guest_pseudo_fs_mounted,13810
2026-05-13T22:45:20+00:00,minimal,stock,idle,18,mem_mib,256,phase_12b_guest_mount_namespace_private,20117
2026-05-13T22:45:20+00:00,minimal,stock,idle,18,mem_mib,256,phase_12b_guest_base_mounted,26261
2026-05-13T22:45:20+00:00,minimal,stock,idle,18,mem_mib,256,phase_12b_guest_overlay_disk_mounted,33646
2026-05-13T22:45:20+00:00,minimal,stock,idle,18,mem_mib,256,phase_12b_guest_overlay_dirs_ready,39191
2026-05-13T22:45:20+00:00,minimal,stock,idle,18,mem_mib,256,phase_12b_guest_merged_mountpoint_ready,42003
2026-05-13T22:45:20+00:00,minimal,stock,idle,18,mem_mib,256,phase_12b_guest_overlayfs_mounted,45263
2026-05-13T22:45:20+00:00,minimal,stock,idle,18,mem_mib,256,phase_12b_guest_pseudo_fs_bound_into_merged,48696
2026-05-13T22:45:20+00:00,minimal,stock,idle,18,mem_mib,256,phase_12b_guest_merged_self_bound,52093
2026-05-13T22:45:20+00:00,minimal,stock,idle,18,mem_mib,256,phase_12b_guest_pivot_rootfs_done,53852
2026-05-13T22:45:20+00:00,minimal,stock,idle,18,mem_mib,256,phase_12b_guest_overlay_pivot_complete,55759
2026-05-13T22:45:20+00:00,minimal,stock,idle,18,mem_mib,256,phase_12b_guest_network_configured,57623
2026-05-13T22:45:20+00:00,minimal,stock,idle,18,mem_mib,256,phase_12b_guest_workspace_absent,59679
2026-05-13T22:45:20+00:00,minimal,stock,idle,18,mem_mib,256,phase_12b_guest_pid1_setup_complete,60525
2026-05-13T22:45:20+00:00,minimal,stock,idle,18,mem_mib,256,phase_12b_guest_guestd_starting_log,62170
2026-05-13T22:45:20+00:00,minimal,stock,idle,18,mem_mib,256,phase_12b_guest_exec_listener_bound,63193
2026-05-13T22:45:20+00:00,minimal,stock,idle,18,mem_mib,256,phase_12b_ready_accept,1013525
2026-05-13T22:45:20+00:00,minimal,stock,idle,18,mem_mib,256,exec_send,18
2026-05-13T22:45:20+00:00,minimal,stock,idle,18,mem_mib,256,exec_recv,11959
2026-05-13T22:45:20+00:00,minimal,stock,idle,18,mem_mib,256,stop_bounded,76270
2026-05-13T22:45:20+00:00,minimal,stock,idle,18,mem_mib,256,stop_release,114
2026-05-13T22:45:20+00:00,minimal,stock,idle,18,mem_mib,256,guest_elapsed_process_start,2
2026-05-13T22:45:20+00:00,minimal,stock,idle,18,mem_mib,256,guest_delta_process_start,2
2026-05-13T22:45:20+00:00,minimal,stock,idle,18,mem_mib,256,guest_elapsed_stdio_redirected,1618
2026-05-13T22:45:20+00:00,minimal,stock,idle,18,mem_mib,256,guest_delta_stdio_redirected,1615
2026-05-13T22:45:20+00:00,minimal,stock,idle,18,mem_mib,256,guest_elapsed_panic_hook_installed,3308
2026-05-13T22:45:20+00:00,minimal,stock,idle,18,mem_mib,256,guest_delta_panic_hook_installed,1689
2026-05-13T22:45:20+00:00,minimal,stock,idle,18,mem_mib,256,guest_elapsed_pseudo_fs_mounted,13810
2026-05-13T22:45:20+00:00,minimal,stock,idle,18,mem_mib,256,guest_delta_pseudo_fs_mounted,10501
2026-05-13T22:45:20+00:00,minimal,stock,idle,18,mem_mib,256,guest_elapsed_mount_namespace_private,20117
2026-05-13T22:45:20+00:00,minimal,stock,idle,18,mem_mib,256,guest_delta_mount_namespace_private,6307
2026-05-13T22:45:20+00:00,minimal,stock,idle,18,mem_mib,256,guest_elapsed_base_mounted,26261
2026-05-13T22:45:20+00:00,minimal,stock,idle,18,mem_mib,256,guest_delta_base_mounted,6144
2026-05-13T22:45:20+00:00,minimal,stock,idle,18,mem_mib,256,guest_elapsed_overlay_disk_mounted,33646
2026-05-13T22:45:20+00:00,minimal,stock,idle,18,mem_mib,256,guest_delta_overlay_disk_mounted,7384
2026-05-13T22:45:20+00:00,minimal,stock,idle,18,mem_mib,256,guest_elapsed_overlay_dirs_ready,39191
2026-05-13T22:45:20+00:00,minimal,stock,idle,18,mem_mib,256,guest_delta_overlay_dirs_ready,5545
2026-05-13T22:45:20+00:00,minimal,stock,idle,18,mem_mib,256,guest_elapsed_merged_mountpoint_ready,42003
2026-05-13T22:45:20+00:00,minimal,stock,idle,18,mem_mib,256,guest_delta_merged_mountpoint_ready,2811
2026-05-13T22:45:20+00:00,minimal,stock,idle,18,mem_mib,256,guest_elapsed_overlayfs_mounted,45263
2026-05-13T22:45:20+00:00,minimal,stock,idle,18,mem_mib,256,guest_delta_overlayfs_mounted,3259
2026-05-13T22:45:20+00:00,minimal,stock,idle,18,mem_mib,256,guest_elapsed_pseudo_fs_bound_into_merged,48696
2026-05-13T22:45:20+00:00,minimal,stock,idle,18,mem_mib,256,guest_delta_pseudo_fs_bound_into_merged,3433
2026-05-13T22:45:20+00:00,minimal,stock,idle,18,mem_mib,256,guest_elapsed_merged_self_bound,52093
2026-05-13T22:45:20+00:00,minimal,stock,idle,18,mem_mib,256,guest_delta_merged_self_bound,3397
2026-05-13T22:45:20+00:00,minimal,stock,idle,18,mem_mib,256,guest_elapsed_pivot_rootfs_done,53852
2026-05-13T22:45:20+00:00,minimal,stock,idle,18,mem_mib,256,guest_delta_pivot_rootfs_done,1759
2026-05-13T22:45:20+00:00,minimal,stock,idle,18,mem_mib,256,guest_elapsed_overlay_pivot_complete,55759
2026-05-13T22:45:20+00:00,minimal,stock,idle,18,mem_mib,256,guest_delta_overlay_pivot_complete,1906
2026-05-13T22:45:20+00:00,minimal,stock,idle,18,mem_mib,256,guest_elapsed_network_configured,57623
2026-05-13T22:45:20+00:00,minimal,stock,idle,18,mem_mib,256,guest_delta_network_configured,1863
2026-05-13T22:45:20+00:00,minimal,stock,idle,18,mem_mib,256,guest_elapsed_workspace_absent,59679
2026-05-13T22:45:20+00:00,minimal,stock,idle,18,mem_mib,256,guest_delta_workspace_absent,2056
2026-05-13T22:45:20+00:00,minimal,stock,idle,18,mem_mib,256,guest_elapsed_pid1_setup_complete,60525
2026-05-13T22:45:20+00:00,minimal,stock,idle,18,mem_mib,256,guest_delta_pid1_setup_complete,846
2026-05-13T22:45:20+00:00,minimal,stock,idle,18,mem_mib,256,guest_elapsed_guestd_starting_log,62170
2026-05-13T22:45:20+00:00,minimal,stock,idle,18,mem_mib,256,guest_delta_guestd_starting_log,1645
2026-05-13T22:45:20+00:00,minimal,stock,idle,18,mem_mib,256,guest_elapsed_exec_listener_bound,63193
2026-05-13T22:45:20+00:00,minimal,stock,idle,18,mem_mib,256,guest_delta_exec_listener_bound,1022
2026-05-13T22:45:20+00:00,minimal,stock,idle,18,mem_mib,256,guest_elapsed_ready_signal_sent,65316
2026-05-13T22:45:20+00:00,minimal,stock,idle,18,mem_mib,256,guest_delta_ready_signal_sent,2122
2026-05-13T22:45:22+00:00,minimal,stock,idle,19,mem_mib,256,phase_1_run_root_prep,64
2026-05-13T22:45:22+00:00,minimal,stock,idle,19,mem_mib,256,phase_2_lease,58
2026-05-13T22:45:22+00:00,minimal,stock,idle,19,mem_mib,256,phase_3b_rootfs_prepare,13350
2026-05-13T22:45:22+00:00,minimal,stock,idle,19,mem_mib,256,phase_3_storage_prep,13407
2026-05-13T22:45:22+00:00,minimal,stock,idle,19,mem_mib,256,phase_4_jailer_materialize,771
2026-05-13T22:45:22+00:00,minimal,stock,idle,19,mem_mib,256,phase_5_cgroup_probe,0
2026-05-13T22:45:22+00:00,minimal,stock,idle,19,mem_mib,256,phase_6_network_realize,0
2026-05-13T22:45:22+00:00,minimal,stock,idle,19,mem_mib,256,phase_7_outbound_guest_config,0
2026-05-13T22:45:22+00:00,minimal,stock,idle,19,mem_mib,256,phase_9_jailer_launch,31635
2026-05-13T22:45:22+00:00,minimal,stock,idle,19,mem_mib,256,phase_5b_cgroup_create,10800
2026-05-13T22:45:22+00:00,minimal,stock,idle,19,mem_mib,256,phase_10_open_uds,27
2026-05-13T22:45:22+00:00,minimal,stock,idle,19,mem_mib,256,phase_11_put_machine_config,148
2026-05-13T22:45:22+00:00,minimal,stock,idle,19,mem_mib,256,phase_11_put_boot_source,75
2026-05-13T22:45:22+00:00,minimal,stock,idle,19,mem_mib,256,phase_11_put_drive_rootfs,86
2026-05-13T22:45:22+00:00,minimal,stock,idle,19,mem_mib,256,phase_11_put_drive_rootfs_overlay,162
2026-05-13T22:45:22+00:00,minimal,stock,idle,19,mem_mib,256,phase_11_put_entropy,94
2026-05-13T22:45:22+00:00,minimal,stock,idle,19,mem_mib,256,phase_11_put_vsock,143
2026-05-13T22:45:22+00:00,minimal,stock,idle,19,mem_mib,256,phase_11_rest_puts,1352
2026-05-13T22:45:22+00:00,minimal,stock,idle,19,mem_mib,256,phase_11b_ready_listener_bind,65
2026-05-13T22:45:22+00:00,minimal,stock,idle,19,mem_mib,256,phase_11c_boot_identity_record,85
2026-05-13T22:45:22+00:00,minimal,stock,idle,19,mem_mib,256,phase_12a_instance_start,14438
2026-05-13T22:45:22+00:00,minimal,stock,idle,19,mem_mib,256,phase_12b_host_waiting_accept,1008902
2026-05-13T22:45:22+00:00,minimal,stock,idle,19,mem_mib,256,phase_12b_kernel_console_range,945276
2026-05-13T22:45:22+00:00,minimal,stock,idle,19,mem_mib,256,phase_12b_guest_process_start,0
2026-05-13T22:45:22+00:00,minimal,stock,idle,19,mem_mib,256,phase_12b_guest_stdio_redirected,1612
2026-05-13T22:45:22+00:00,minimal,stock,idle,19,mem_mib,256,phase_12b_guest_panic_hook_installed,3257
2026-05-13T22:45:22+00:00,minimal,stock,idle,19,mem_mib,256,phase_12b_guest_pseudo_fs_mounted,13663
2026-05-13T22:45:22+00:00,minimal,stock,idle,19,mem_mib,256,phase_12b_guest_mount_namespace_private,19915
2026-05-13T22:45:22+00:00,minimal,stock,idle,19,mem_mib,256,phase_12b_guest_base_mounted,26132
2026-05-13T22:45:22+00:00,minimal,stock,idle,19,mem_mib,256,phase_12b_guest_overlay_disk_mounted,33561
2026-05-13T22:45:22+00:00,minimal,stock,idle,19,mem_mib,256,phase_12b_guest_overlay_dirs_ready,39235
2026-05-13T22:45:22+00:00,minimal,stock,idle,19,mem_mib,256,phase_12b_guest_merged_mountpoint_ready,42150
2026-05-13T22:45:22+00:00,minimal,stock,idle,19,mem_mib,256,phase_12b_guest_overlayfs_mounted,45490
2026-05-13T22:45:22+00:00,minimal,stock,idle,19,mem_mib,256,phase_12b_guest_pseudo_fs_bound_into_merged,48981
2026-05-13T22:45:22+00:00,minimal,stock,idle,19,mem_mib,256,phase_12b_guest_merged_self_bound,52379
2026-05-13T22:45:22+00:00,minimal,stock,idle,19,mem_mib,256,phase_12b_guest_pivot_rootfs_done,54171
2026-05-13T22:45:22+00:00,minimal,stock,idle,19,mem_mib,256,phase_12b_guest_overlay_pivot_complete,56123
2026-05-13T22:45:22+00:00,minimal,stock,idle,19,mem_mib,256,phase_12b_guest_network_configured,58013
2026-05-13T22:45:22+00:00,minimal,stock,idle,19,mem_mib,256,phase_12b_guest_workspace_absent,60088
2026-05-13T22:45:22+00:00,minimal,stock,idle,19,mem_mib,256,phase_12b_guest_pid1_setup_complete,60944
2026-05-13T22:45:22+00:00,minimal,stock,idle,19,mem_mib,256,phase_12b_guest_guestd_starting_log,62606
2026-05-13T22:45:22+00:00,minimal,stock,idle,19,mem_mib,256,phase_12b_guest_exec_listener_bound,63660
2026-05-13T22:45:22+00:00,minimal,stock,idle,19,mem_mib,256,phase_12b_ready_accept,1011288
2026-05-13T22:45:22+00:00,minimal,stock,idle,19,mem_mib,256,exec_send,9
2026-05-13T22:45:22+00:00,minimal,stock,idle,19,mem_mib,256,exec_recv,12374
2026-05-13T22:45:22+00:00,minimal,stock,idle,19,mem_mib,256,stop_bounded,74009
2026-05-13T22:45:22+00:00,minimal,stock,idle,19,mem_mib,256,stop_release,93
2026-05-13T22:45:22+00:00,minimal,stock,idle,19,mem_mib,256,guest_elapsed_process_start,0
2026-05-13T22:45:22+00:00,minimal,stock,idle,19,mem_mib,256,guest_delta_process_start,0
2026-05-13T22:45:22+00:00,minimal,stock,idle,19,mem_mib,256,guest_elapsed_stdio_redirected,1612
2026-05-13T22:45:22+00:00,minimal,stock,idle,19,mem_mib,256,guest_delta_stdio_redirected,1611
2026-05-13T22:45:22+00:00,minimal,stock,idle,19,mem_mib,256,guest_elapsed_panic_hook_installed,3257
2026-05-13T22:45:22+00:00,minimal,stock,idle,19,mem_mib,256,guest_delta_panic_hook_installed,1645
2026-05-13T22:45:22+00:00,minimal,stock,idle,19,mem_mib,256,guest_elapsed_pseudo_fs_mounted,13663
2026-05-13T22:45:22+00:00,minimal,stock,idle,19,mem_mib,256,guest_delta_pseudo_fs_mounted,10405
2026-05-13T22:45:22+00:00,minimal,stock,idle,19,mem_mib,256,guest_elapsed_mount_namespace_private,19915
2026-05-13T22:45:22+00:00,minimal,stock,idle,19,mem_mib,256,guest_delta_mount_namespace_private,6252
2026-05-13T22:45:22+00:00,minimal,stock,idle,19,mem_mib,256,guest_elapsed_base_mounted,26132
2026-05-13T22:45:22+00:00,minimal,stock,idle,19,mem_mib,256,guest_delta_base_mounted,6216
2026-05-13T22:45:22+00:00,minimal,stock,idle,19,mem_mib,256,guest_elapsed_overlay_disk_mounted,33561
2026-05-13T22:45:22+00:00,minimal,stock,idle,19,mem_mib,256,guest_delta_overlay_disk_mounted,7428
2026-05-13T22:45:22+00:00,minimal,stock,idle,19,mem_mib,256,guest_elapsed_overlay_dirs_ready,39235
2026-05-13T22:45:22+00:00,minimal,stock,idle,19,mem_mib,256,guest_delta_overlay_dirs_ready,5674
2026-05-13T22:45:22+00:00,minimal,stock,idle,19,mem_mib,256,guest_elapsed_merged_mountpoint_ready,42150
2026-05-13T22:45:22+00:00,minimal,stock,idle,19,mem_mib,256,guest_delta_merged_mountpoint_ready,2915
2026-05-13T22:45:22+00:00,minimal,stock,idle,19,mem_mib,256,guest_elapsed_overlayfs_mounted,45490
2026-05-13T22:45:22+00:00,minimal,stock,idle,19,mem_mib,256,guest_delta_overlayfs_mounted,3339
2026-05-13T22:45:22+00:00,minimal,stock,idle,19,mem_mib,256,guest_elapsed_pseudo_fs_bound_into_merged,48981
2026-05-13T22:45:22+00:00,minimal,stock,idle,19,mem_mib,256,guest_delta_pseudo_fs_bound_into_merged,3490
2026-05-13T22:45:22+00:00,minimal,stock,idle,19,mem_mib,256,guest_elapsed_merged_self_bound,52379
2026-05-13T22:45:22+00:00,minimal,stock,idle,19,mem_mib,256,guest_delta_merged_self_bound,3398
2026-05-13T22:45:22+00:00,minimal,stock,idle,19,mem_mib,256,guest_elapsed_pivot_rootfs_done,54171
2026-05-13T22:45:22+00:00,minimal,stock,idle,19,mem_mib,256,guest_delta_pivot_rootfs_done,1791
2026-05-13T22:45:22+00:00,minimal,stock,idle,19,mem_mib,256,guest_elapsed_overlay_pivot_complete,56123
2026-05-13T22:45:22+00:00,minimal,stock,idle,19,mem_mib,256,guest_delta_overlay_pivot_complete,1952
2026-05-13T22:45:22+00:00,minimal,stock,idle,19,mem_mib,256,guest_elapsed_network_configured,58013
2026-05-13T22:45:22+00:00,minimal,stock,idle,19,mem_mib,256,guest_delta_network_configured,1889
2026-05-13T22:45:22+00:00,minimal,stock,idle,19,mem_mib,256,guest_elapsed_workspace_absent,60088
2026-05-13T22:45:22+00:00,minimal,stock,idle,19,mem_mib,256,guest_delta_workspace_absent,2074
2026-05-13T22:45:22+00:00,minimal,stock,idle,19,mem_mib,256,guest_elapsed_pid1_setup_complete,60944
2026-05-13T22:45:22+00:00,minimal,stock,idle,19,mem_mib,256,guest_delta_pid1_setup_complete,856
2026-05-13T22:45:22+00:00,minimal,stock,idle,19,mem_mib,256,guest_elapsed_guestd_starting_log,62606
2026-05-13T22:45:22+00:00,minimal,stock,idle,19,mem_mib,256,guest_delta_guestd_starting_log,1661
2026-05-13T22:45:22+00:00,minimal,stock,idle,19,mem_mib,256,guest_elapsed_exec_listener_bound,63660
2026-05-13T22:45:22+00:00,minimal,stock,idle,19,mem_mib,256,guest_delta_exec_listener_bound,1053
2026-05-13T22:45:22+00:00,minimal,stock,idle,19,mem_mib,256,guest_elapsed_ready_signal_sent,65813
2026-05-13T22:45:22+00:00,minimal,stock,idle,19,mem_mib,256,guest_delta_ready_signal_sent,2152
2026-05-13T22:45:23+00:00,minimal,stock,idle,20,mem_mib,256,phase_1_run_root_prep,62
2026-05-13T22:45:23+00:00,minimal,stock,idle,20,mem_mib,256,phase_2_lease,34
2026-05-13T22:45:23+00:00,minimal,stock,idle,20,mem_mib,256,phase_3b_rootfs_prepare,11158
2026-05-13T22:45:23+00:00,minimal,stock,idle,20,mem_mib,256,phase_3_storage_prep,11220
2026-05-13T22:45:23+00:00,minimal,stock,idle,20,mem_mib,256,phase_4_jailer_materialize,3747
2026-05-13T22:45:23+00:00,minimal,stock,idle,20,mem_mib,256,phase_5_cgroup_probe,0
2026-05-13T22:45:23+00:00,minimal,stock,idle,20,mem_mib,256,phase_6_network_realize,0
2026-05-13T22:45:23+00:00,minimal,stock,idle,20,mem_mib,256,phase_7_outbound_guest_config,0
2026-05-13T22:45:23+00:00,minimal,stock,idle,20,mem_mib,256,phase_9_jailer_launch,15578
2026-05-13T22:45:23+00:00,minimal,stock,idle,20,mem_mib,256,phase_5b_cgroup_create,22158
2026-05-13T22:45:23+00:00,minimal,stock,idle,20,mem_mib,256,phase_10_open_uds,20
2026-05-13T22:45:23+00:00,minimal,stock,idle,20,mem_mib,256,phase_11_put_machine_config,164
2026-05-13T22:45:23+00:00,minimal,stock,idle,20,mem_mib,256,phase_11_put_boot_source,78
2026-05-13T22:45:23+00:00,minimal,stock,idle,20,mem_mib,256,phase_11_put_drive_rootfs,97
2026-05-13T22:45:23+00:00,minimal,stock,idle,20,mem_mib,256,phase_11_put_drive_rootfs_overlay,188
2026-05-13T22:45:23+00:00,minimal,stock,idle,20,mem_mib,256,phase_11_put_entropy,119
2026-05-13T22:45:23+00:00,minimal,stock,idle,20,mem_mib,256,phase_11_put_vsock,168
2026-05-13T22:45:23+00:00,minimal,stock,idle,20,mem_mib,256,phase_11_rest_puts,1505
2026-05-13T22:45:23+00:00,minimal,stock,idle,20,mem_mib,256,phase_11b_ready_listener_bind,85
2026-05-13T22:45:23+00:00,minimal,stock,idle,20,mem_mib,256,phase_11c_boot_identity_record,87
2026-05-13T22:45:23+00:00,minimal,stock,idle,20,mem_mib,256,phase_12a_instance_start,14375
2026-05-13T22:45:23+00:00,minimal,stock,idle,20,mem_mib,256,phase_12b_host_waiting_accept,1010343
2026-05-13T22:45:23+00:00,minimal,stock,idle,20,mem_mib,256,phase_12b_kernel_console_range,946642
2026-05-13T22:45:23+00:00,minimal,stock,idle,20,mem_mib,256,phase_12b_guest_process_start,2
2026-05-13T22:45:23+00:00,minimal,stock,idle,20,mem_mib,256,phase_12b_guest_stdio_redirected,1635
2026-05-13T22:45:23+00:00,minimal,stock,idle,20,mem_mib,256,phase_12b_guest_panic_hook_installed,3343
2026-05-13T22:45:23+00:00,minimal,stock,idle,20,mem_mib,256,phase_12b_guest_pseudo_fs_mounted,13985
2026-05-13T22:45:23+00:00,minimal,stock,idle,20,mem_mib,256,phase_12b_guest_mount_namespace_private,20324
2026-05-13T22:45:23+00:00,minimal,stock,idle,20,mem_mib,256,phase_12b_guest_base_mounted,26090
2026-05-13T22:45:23+00:00,minimal,stock,idle,20,mem_mib,256,phase_12b_guest_overlay_disk_mounted,33431
2026-05-13T22:45:23+00:00,minimal,stock,idle,20,mem_mib,256,phase_12b_guest_overlay_dirs_ready,39209
2026-05-13T22:45:23+00:00,minimal,stock,idle,20,mem_mib,256,phase_12b_guest_merged_mountpoint_ready,42028
2026-05-13T22:45:23+00:00,minimal,stock,idle,20,mem_mib,256,phase_12b_guest_overlayfs_mounted,45330
2026-05-13T22:45:23+00:00,minimal,stock,idle,20,mem_mib,256,phase_12b_guest_pseudo_fs_bound_into_merged,48799
2026-05-13T22:45:23+00:00,minimal,stock,idle,20,mem_mib,256,phase_12b_guest_merged_self_bound,52209
2026-05-13T22:45:23+00:00,minimal,stock,idle,20,mem_mib,256,phase_12b_guest_pivot_rootfs_done,53978
2026-05-13T22:45:23+00:00,minimal,stock,idle,20,mem_mib,256,phase_12b_guest_overlay_pivot_complete,55968
2026-05-13T22:45:23+00:00,minimal,stock,idle,20,mem_mib,256,phase_12b_guest_network_configured,57887
2026-05-13T22:45:23+00:00,minimal,stock,idle,20,mem_mib,256,phase_12b_guest_workspace_absent,59966
2026-05-13T22:45:23+00:00,minimal,stock,idle,20,mem_mib,256,phase_12b_guest_pid1_setup_complete,60825
2026-05-13T22:45:23+00:00,minimal,stock,idle,20,mem_mib,256,phase_12b_guest_guestd_starting_log,62476
2026-05-13T22:45:23+00:00,minimal,stock,idle,20,mem_mib,256,phase_12b_guest_exec_listener_bound,63535
2026-05-13T22:45:23+00:00,minimal,stock,idle,20,mem_mib,256,phase_12b_ready_accept,1012678
2026-05-13T22:45:23+00:00,minimal,stock,idle,20,mem_mib,256,exec_send,20
2026-05-13T22:45:23+00:00,minimal,stock,idle,20,mem_mib,256,exec_recv,12176
2026-05-13T22:45:23+00:00,minimal,stock,idle,20,mem_mib,256,stop_bounded,71440
2026-05-13T22:45:23+00:00,minimal,stock,idle,20,mem_mib,256,stop_release,115
2026-05-13T22:45:23+00:00,minimal,stock,idle,20,mem_mib,256,guest_elapsed_process_start,2
2026-05-13T22:45:23+00:00,minimal,stock,idle,20,mem_mib,256,guest_delta_process_start,2
2026-05-13T22:45:23+00:00,minimal,stock,idle,20,mem_mib,256,guest_elapsed_stdio_redirected,1635
2026-05-13T22:45:23+00:00,minimal,stock,idle,20,mem_mib,256,guest_delta_stdio_redirected,1632
2026-05-13T22:45:23+00:00,minimal,stock,idle,20,mem_mib,256,guest_elapsed_panic_hook_installed,3343
2026-05-13T22:45:23+00:00,minimal,stock,idle,20,mem_mib,256,guest_delta_panic_hook_installed,1707
2026-05-13T22:45:23+00:00,minimal,stock,idle,20,mem_mib,256,guest_elapsed_pseudo_fs_mounted,13985
2026-05-13T22:45:23+00:00,minimal,stock,idle,20,mem_mib,256,guest_delta_pseudo_fs_mounted,10641
2026-05-13T22:45:23+00:00,minimal,stock,idle,20,mem_mib,256,guest_elapsed_mount_namespace_private,20324
2026-05-13T22:45:23+00:00,minimal,stock,idle,20,mem_mib,256,guest_delta_mount_namespace_private,6339
2026-05-13T22:45:23+00:00,minimal,stock,idle,20,mem_mib,256,guest_elapsed_base_mounted,26090
2026-05-13T22:45:23+00:00,minimal,stock,idle,20,mem_mib,256,guest_delta_base_mounted,5765
2026-05-13T22:45:23+00:00,minimal,stock,idle,20,mem_mib,256,guest_elapsed_overlay_disk_mounted,33431
2026-05-13T22:45:23+00:00,minimal,stock,idle,20,mem_mib,256,guest_delta_overlay_disk_mounted,7340
2026-05-13T22:45:23+00:00,minimal,stock,idle,20,mem_mib,256,guest_elapsed_overlay_dirs_ready,39209
2026-05-13T22:45:23+00:00,minimal,stock,idle,20,mem_mib,256,guest_delta_overlay_dirs_ready,5778
2026-05-13T22:45:23+00:00,minimal,stock,idle,20,mem_mib,256,guest_elapsed_merged_mountpoint_ready,42028
2026-05-13T22:45:23+00:00,minimal,stock,idle,20,mem_mib,256,guest_delta_merged_mountpoint_ready,2818
2026-05-13T22:45:23+00:00,minimal,stock,idle,20,mem_mib,256,guest_elapsed_overlayfs_mounted,45330
2026-05-13T22:45:23+00:00,minimal,stock,idle,20,mem_mib,256,guest_delta_overlayfs_mounted,3302
2026-05-13T22:45:23+00:00,minimal,stock,idle,20,mem_mib,256,guest_elapsed_pseudo_fs_bound_into_merged,48799
2026-05-13T22:45:23+00:00,minimal,stock,idle,20,mem_mib,256,guest_delta_pseudo_fs_bound_into_merged,3469
2026-05-13T22:45:23+00:00,minimal,stock,idle,20,mem_mib,256,guest_elapsed_merged_self_bound,52209
2026-05-13T22:45:23+00:00,minimal,stock,idle,20,mem_mib,256,guest_delta_merged_self_bound,3409
2026-05-13T22:45:23+00:00,minimal,stock,idle,20,mem_mib,256,guest_elapsed_pivot_rootfs_done,53978
2026-05-13T22:45:23+00:00,minimal,stock,idle,20,mem_mib,256,guest_delta_pivot_rootfs_done,1769
2026-05-13T22:45:23+00:00,minimal,stock,idle,20,mem_mib,256,guest_elapsed_overlay_pivot_complete,55968
2026-05-13T22:45:23+00:00,minimal,stock,idle,20,mem_mib,256,guest_delta_overlay_pivot_complete,1990
2026-05-13T22:45:23+00:00,minimal,stock,idle,20,mem_mib,256,guest_elapsed_network_configured,57887
2026-05-13T22:45:23+00:00,minimal,stock,idle,20,mem_mib,256,guest_delta_network_configured,1918
2026-05-13T22:45:23+00:00,minimal,stock,idle,20,mem_mib,256,guest_elapsed_workspace_absent,59966
2026-05-13T22:45:23+00:00,minimal,stock,idle,20,mem_mib,256,guest_delta_workspace_absent,2078
2026-05-13T22:45:23+00:00,minimal,stock,idle,20,mem_mib,256,guest_elapsed_pid1_setup_complete,60825
2026-05-13T22:45:23+00:00,minimal,stock,idle,20,mem_mib,256,guest_delta_pid1_setup_complete,858
2026-05-13T22:45:23+00:00,minimal,stock,idle,20,mem_mib,256,guest_elapsed_guestd_starting_log,62476
2026-05-13T22:45:23+00:00,minimal,stock,idle,20,mem_mib,256,guest_delta_guestd_starting_log,1651
2026-05-13T22:45:23+00:00,minimal,stock,idle,20,mem_mib,256,guest_elapsed_exec_listener_bound,63535
2026-05-13T22:45:23+00:00,minimal,stock,idle,20,mem_mib,256,guest_delta_exec_listener_bound,1059
2026-05-13T22:45:23+00:00,minimal,stock,idle,20,mem_mib,256,guest_elapsed_ready_signal_sent,65673
2026-05-13T22:45:23+00:00,minimal,stock,idle,20,mem_mib,256,guest_delta_ready_signal_sent,2137
2026-05-13T22:45:25+00:00,minimal,stock,idle,21,mem_mib,256,phase_1_run_root_prep,64
2026-05-13T22:45:25+00:00,minimal,stock,idle,21,mem_mib,256,phase_2_lease,34
2026-05-13T22:45:25+00:00,minimal,stock,idle,21,mem_mib,256,phase_3b_rootfs_prepare,15860
2026-05-13T22:45:25+00:00,minimal,stock,idle,21,mem_mib,256,phase_3_storage_prep,15927
2026-05-13T22:45:25+00:00,minimal,stock,idle,21,mem_mib,256,phase_4_jailer_materialize,1430
2026-05-13T22:45:25+00:00,minimal,stock,idle,21,mem_mib,256,phase_5_cgroup_probe,0
2026-05-13T22:45:25+00:00,minimal,stock,idle,21,mem_mib,256,phase_6_network_realize,0
2026-05-13T22:45:25+00:00,minimal,stock,idle,21,mem_mib,256,phase_7_outbound_guest_config,0
2026-05-13T22:45:25+00:00,minimal,stock,idle,21,mem_mib,256,phase_9_jailer_launch,15478
2026-05-13T22:45:25+00:00,minimal,stock,idle,21,mem_mib,256,phase_5b_cgroup_create,23184
2026-05-13T22:45:25+00:00,minimal,stock,idle,21,mem_mib,256,phase_10_open_uds,27
2026-05-13T22:45:25+00:00,minimal,stock,idle,21,mem_mib,256,phase_11_put_machine_config,233
2026-05-13T22:45:25+00:00,minimal,stock,idle,21,mem_mib,256,phase_11_put_boot_source,106
2026-05-13T22:45:25+00:00,minimal,stock,idle,21,mem_mib,256,phase_11_put_drive_rootfs,109
2026-05-13T22:45:25+00:00,minimal,stock,idle,21,mem_mib,256,phase_11_put_drive_rootfs_overlay,196
2026-05-13T22:45:25+00:00,minimal,stock,idle,21,mem_mib,256,phase_11_put_entropy,114
2026-05-13T22:45:25+00:00,minimal,stock,idle,21,mem_mib,256,phase_11_put_vsock,155
2026-05-13T22:45:25+00:00,minimal,stock,idle,21,mem_mib,256,phase_11_rest_puts,1645
2026-05-13T22:45:25+00:00,minimal,stock,idle,21,mem_mib,256,phase_11b_ready_listener_bind,84
2026-05-13T22:45:25+00:00,minimal,stock,idle,21,mem_mib,256,phase_11c_boot_identity_record,100
2026-05-13T22:45:25+00:00,minimal,stock,idle,21,mem_mib,256,phase_12a_instance_start,18508
2026-05-13T22:45:25+00:00,minimal,stock,idle,21,mem_mib,256,phase_12b_host_waiting_accept,1016608
2026-05-13T22:45:25+00:00,minimal,stock,idle,21,mem_mib,256,phase_12b_kernel_console_range,952791
2026-05-13T22:45:25+00:00,minimal,stock,idle,21,mem_mib,256,phase_12b_guest_process_start,3
2026-05-13T22:45:25+00:00,minimal,stock,idle,21,mem_mib,256,phase_12b_guest_stdio_redirected,2009
2026-05-13T22:45:25+00:00,minimal,stock,idle,21,mem_mib,256,phase_12b_guest_panic_hook_installed,4002
2026-05-13T22:45:25+00:00,minimal,stock,idle,21,mem_mib,256,phase_12b_guest_pseudo_fs_mounted,15988
2026-05-13T22:45:25+00:00,minimal,stock,idle,21,mem_mib,256,phase_12b_guest_mount_namespace_private,22182
2026-05-13T22:45:25+00:00,minimal,stock,idle,21,mem_mib,256,phase_12b_guest_base_mounted,27131
2026-05-13T22:45:25+00:00,minimal,stock,idle,21,mem_mib,256,phase_12b_guest_overlay_disk_mounted,34636
2026-05-13T22:45:25+00:00,minimal,stock,idle,21,mem_mib,256,phase_12b_guest_overlay_dirs_ready,40252
2026-05-13T22:45:25+00:00,minimal,stock,idle,21,mem_mib,256,phase_12b_guest_merged_mountpoint_ready,44747
2026-05-13T22:45:25+00:00,minimal,stock,idle,21,mem_mib,256,phase_12b_guest_overlayfs_mounted,49909
2026-05-13T22:45:25+00:00,minimal,stock,idle,21,mem_mib,256,phase_12b_guest_pseudo_fs_bound_into_merged,53681
2026-05-13T22:45:25+00:00,minimal,stock,idle,21,mem_mib,256,phase_12b_guest_merged_self_bound,57031
2026-05-13T22:45:25+00:00,minimal,stock,idle,21,mem_mib,256,phase_12b_guest_pivot_rootfs_done,58812
2026-05-13T22:45:25+00:00,minimal,stock,idle,21,mem_mib,256,phase_12b_guest_overlay_pivot_complete,60722
2026-05-13T22:45:25+00:00,minimal,stock,idle,21,mem_mib,256,phase_12b_guest_network_configured,62603
2026-05-13T22:45:25+00:00,minimal,stock,idle,21,mem_mib,256,phase_12b_guest_workspace_absent,64631
2026-05-13T22:45:25+00:00,minimal,stock,idle,21,mem_mib,256,phase_12b_guest_pid1_setup_complete,65489
2026-05-13T22:45:25+00:00,minimal,stock,idle,21,mem_mib,256,phase_12b_guest_guestd_starting_log,67121
2026-05-13T22:45:25+00:00,minimal,stock,idle,21,mem_mib,256,phase_12b_guest_exec_listener_bound,68157
2026-05-13T22:45:25+00:00,minimal,stock,idle,21,mem_mib,256,phase_12b_ready_accept,1018961
2026-05-13T22:45:25+00:00,minimal,stock,idle,21,mem_mib,256,exec_send,21
2026-05-13T22:45:25+00:00,minimal,stock,idle,21,mem_mib,256,exec_recv,12005
2026-05-13T22:45:25+00:00,minimal,stock,idle,21,mem_mib,256,stop_bounded,89694
2026-05-13T22:45:25+00:00,minimal,stock,idle,21,mem_mib,256,stop_release,143
2026-05-13T22:45:25+00:00,minimal,stock,idle,21,mem_mib,256,guest_elapsed_process_start,3
2026-05-13T22:45:25+00:00,minimal,stock,idle,21,mem_mib,256,guest_delta_process_start,3
2026-05-13T22:45:25+00:00,minimal,stock,idle,21,mem_mib,256,guest_elapsed_stdio_redirected,2009
2026-05-13T22:45:25+00:00,minimal,stock,idle,21,mem_mib,256,guest_delta_stdio_redirected,2005
2026-05-13T22:45:25+00:00,minimal,stock,idle,21,mem_mib,256,guest_elapsed_panic_hook_installed,4002
2026-05-13T22:45:25+00:00,minimal,stock,idle,21,mem_mib,256,guest_delta_panic_hook_installed,1993
2026-05-13T22:45:25+00:00,minimal,stock,idle,21,mem_mib,256,guest_elapsed_pseudo_fs_mounted,15988
2026-05-13T22:45:25+00:00,minimal,stock,idle,21,mem_mib,256,guest_delta_pseudo_fs_mounted,11985
2026-05-13T22:45:25+00:00,minimal,stock,idle,21,mem_mib,256,guest_elapsed_mount_namespace_private,22182
2026-05-13T22:45:25+00:00,minimal,stock,idle,21,mem_mib,256,guest_delta_mount_namespace_private,6193
2026-05-13T22:45:25+00:00,minimal,stock,idle,21,mem_mib,256,guest_elapsed_base_mounted,27131
2026-05-13T22:45:25+00:00,minimal,stock,idle,21,mem_mib,256,guest_delta_base_mounted,4949
2026-05-13T22:45:25+00:00,minimal,stock,idle,21,mem_mib,256,guest_elapsed_overlay_disk_mounted,34636
2026-05-13T22:45:25+00:00,minimal,stock,idle,21,mem_mib,256,guest_delta_overlay_disk_mounted,7504
2026-05-13T22:45:25+00:00,minimal,stock,idle,21,mem_mib,256,guest_elapsed_overlay_dirs_ready,40252
2026-05-13T22:45:25+00:00,minimal,stock,idle,21,mem_mib,256,guest_delta_overlay_dirs_ready,5616
2026-05-13T22:45:25+00:00,minimal,stock,idle,21,mem_mib,256,guest_elapsed_merged_mountpoint_ready,44747
2026-05-13T22:45:25+00:00,minimal,stock,idle,21,mem_mib,256,guest_delta_merged_mountpoint_ready,4495
2026-05-13T22:45:25+00:00,minimal,stock,idle,21,mem_mib,256,guest_elapsed_overlayfs_mounted,49909
2026-05-13T22:45:25+00:00,minimal,stock,idle,21,mem_mib,256,guest_delta_overlayfs_mounted,5161
2026-05-13T22:45:25+00:00,minimal,stock,idle,21,mem_mib,256,guest_elapsed_pseudo_fs_bound_into_merged,53681
2026-05-13T22:45:25+00:00,minimal,stock,idle,21,mem_mib,256,guest_delta_pseudo_fs_bound_into_merged,3771
2026-05-13T22:45:25+00:00,minimal,stock,idle,21,mem_mib,256,guest_elapsed_merged_self_bound,57031
2026-05-13T22:45:25+00:00,minimal,stock,idle,21,mem_mib,256,guest_delta_merged_self_bound,3350
2026-05-13T22:45:25+00:00,minimal,stock,idle,21,mem_mib,256,guest_elapsed_pivot_rootfs_done,58812
2026-05-13T22:45:25+00:00,minimal,stock,idle,21,mem_mib,256,guest_delta_pivot_rootfs_done,1781
2026-05-13T22:45:25+00:00,minimal,stock,idle,21,mem_mib,256,guest_elapsed_overlay_pivot_complete,60722
2026-05-13T22:45:25+00:00,minimal,stock,idle,21,mem_mib,256,guest_delta_overlay_pivot_complete,1909
2026-05-13T22:45:25+00:00,minimal,stock,idle,21,mem_mib,256,guest_elapsed_network_configured,62603
2026-05-13T22:45:25+00:00,minimal,stock,idle,21,mem_mib,256,guest_delta_network_configured,1881
2026-05-13T22:45:25+00:00,minimal,stock,idle,21,mem_mib,256,guest_elapsed_workspace_absent,64631
2026-05-13T22:45:25+00:00,minimal,stock,idle,21,mem_mib,256,guest_delta_workspace_absent,2028
2026-05-13T22:45:25+00:00,minimal,stock,idle,21,mem_mib,256,guest_elapsed_pid1_setup_complete,65489
2026-05-13T22:45:25+00:00,minimal,stock,idle,21,mem_mib,256,guest_delta_pid1_setup_complete,857
2026-05-13T22:45:25+00:00,minimal,stock,idle,21,mem_mib,256,guest_elapsed_guestd_starting_log,67121
2026-05-13T22:45:25+00:00,minimal,stock,idle,21,mem_mib,256,guest_delta_guestd_starting_log,1632
2026-05-13T22:45:25+00:00,minimal,stock,idle,21,mem_mib,256,guest_elapsed_exec_listener_bound,68157
2026-05-13T22:45:25+00:00,minimal,stock,idle,21,mem_mib,256,guest_delta_exec_listener_bound,1036
2026-05-13T22:45:25+00:00,minimal,stock,idle,21,mem_mib,256,guest_elapsed_ready_signal_sent,70290
2026-05-13T22:45:25+00:00,minimal,stock,idle,21,mem_mib,256,guest_delta_ready_signal_sent,2132
2026-05-13T22:45:26+00:00,minimal,stock,idle,22,mem_mib,256,phase_1_run_root_prep,42
2026-05-13T22:45:26+00:00,minimal,stock,idle,22,mem_mib,256,phase_2_lease,35
2026-05-13T22:45:26+00:00,minimal,stock,idle,22,mem_mib,256,phase_3b_rootfs_prepare,14415
2026-05-13T22:45:26+00:00,minimal,stock,idle,22,mem_mib,256,phase_3_storage_prep,14472
2026-05-13T22:45:26+00:00,minimal,stock,idle,22,mem_mib,256,phase_4_jailer_materialize,1230
2026-05-13T22:45:26+00:00,minimal,stock,idle,22,mem_mib,256,phase_5_cgroup_probe,0
2026-05-13T22:45:26+00:00,minimal,stock,idle,22,mem_mib,256,phase_6_network_realize,0
2026-05-13T22:45:26+00:00,minimal,stock,idle,22,mem_mib,256,phase_7_outbound_guest_config,0
2026-05-13T22:45:26+00:00,minimal,stock,idle,22,mem_mib,256,phase_9_jailer_launch,15500
2026-05-13T22:45:26+00:00,minimal,stock,idle,22,mem_mib,256,phase_5b_cgroup_create,13334
2026-05-13T22:45:26+00:00,minimal,stock,idle,22,mem_mib,256,phase_10_open_uds,28
2026-05-13T22:45:26+00:00,minimal,stock,idle,22,mem_mib,256,phase_11_put_machine_config,181
2026-05-13T22:45:26+00:00,minimal,stock,idle,22,mem_mib,256,phase_11_put_boot_source,93
2026-05-13T22:45:26+00:00,minimal,stock,idle,22,mem_mib,256,phase_11_put_drive_rootfs,109
2026-05-13T22:45:26+00:00,minimal,stock,idle,22,mem_mib,256,phase_11_put_drive_rootfs_overlay,178
2026-05-13T22:45:26+00:00,minimal,stock,idle,22,mem_mib,256,phase_11_put_entropy,94
2026-05-13T22:45:26+00:00,minimal,stock,idle,22,mem_mib,256,phase_11_put_vsock,142
2026-05-13T22:45:26+00:00,minimal,stock,idle,22,mem_mib,256,phase_11_rest_puts,1472
2026-05-13T22:45:26+00:00,minimal,stock,idle,22,mem_mib,256,phase_11b_ready_listener_bind,71
2026-05-13T22:45:26+00:00,minimal,stock,idle,22,mem_mib,256,phase_11c_boot_identity_record,93
2026-05-13T22:45:26+00:00,minimal,stock,idle,22,mem_mib,256,phase_12a_instance_start,19416
2026-05-13T22:45:26+00:00,minimal,stock,idle,22,mem_mib,256,phase_12b_host_waiting_accept,995169
2026-05-13T22:45:26+00:00,minimal,stock,idle,22,mem_mib,256,phase_12b_kernel_console_range,929453
2026-05-13T22:45:26+00:00,minimal,stock,idle,22,mem_mib,256,phase_12b_guest_process_start,1
2026-05-13T22:45:26+00:00,minimal,stock,idle,22,mem_mib,256,phase_12b_guest_stdio_redirected,254
2026-05-13T22:45:26+00:00,minimal,stock,idle,22,mem_mib,256,phase_12b_guest_panic_hook_installed,256
2026-05-13T22:45:26+00:00,minimal,stock,idle,22,mem_mib,256,phase_12b_guest_pseudo_fs_mounted,6466
2026-05-13T22:45:26+00:00,minimal,stock,idle,22,mem_mib,256,phase_12b_guest_mount_namespace_private,9617
2026-05-13T22:45:26+00:00,minimal,stock,idle,22,mem_mib,256,phase_12b_guest_base_mounted,13110
2026-05-13T22:45:26+00:00,minimal,stock,idle,22,mem_mib,256,phase_12b_guest_overlay_disk_mounted,21349
2026-05-13T22:45:26+00:00,minimal,stock,idle,22,mem_mib,256,phase_12b_guest_overlay_dirs_ready,27762
2026-05-13T22:45:26+00:00,minimal,stock,idle,22,mem_mib,256,phase_12b_guest_merged_mountpoint_ready,31784
2026-05-13T22:45:26+00:00,minimal,stock,idle,22,mem_mib,256,phase_12b_guest_overlayfs_mounted,35155
2026-05-13T22:45:26+00:00,minimal,stock,idle,22,mem_mib,256,phase_12b_guest_pseudo_fs_bound_into_merged,38680
2026-05-13T22:45:26+00:00,minimal,stock,idle,22,mem_mib,256,phase_12b_guest_merged_self_bound,42114
2026-05-13T22:45:26+00:00,minimal,stock,idle,22,mem_mib,256,phase_12b_guest_pivot_rootfs_done,43904
2026-05-13T22:45:26+00:00,minimal,stock,idle,22,mem_mib,256,phase_12b_guest_overlay_pivot_complete,45842
2026-05-13T22:45:26+00:00,minimal,stock,idle,22,mem_mib,256,phase_12b_guest_network_configured,47745
2026-05-13T22:45:26+00:00,minimal,stock,idle,22,mem_mib,256,phase_12b_guest_workspace_absent,49827
2026-05-13T22:45:26+00:00,minimal,stock,idle,22,mem_mib,256,phase_12b_guest_pid1_setup_complete,50679
2026-05-13T22:45:26+00:00,minimal,stock,idle,22,mem_mib,256,phase_12b_guest_guestd_starting_log,52338
2026-05-13T22:45:26+00:00,minimal,stock,idle,22,mem_mib,256,phase_12b_guest_exec_listener_bound,53366
2026-05-13T22:45:26+00:00,minimal,stock,idle,22,mem_mib,256,phase_12b_ready_accept,996674
2026-05-13T22:45:26+00:00,minimal,stock,idle,22,mem_mib,256,exec_send,19
2026-05-13T22:45:26+00:00,minimal,stock,idle,22,mem_mib,256,exec_recv,11953
2026-05-13T22:45:26+00:00,minimal,stock,idle,22,mem_mib,256,stop_bounded,78647
2026-05-13T22:45:26+00:00,minimal,stock,idle,22,mem_mib,256,stop_release,111
2026-05-13T22:45:26+00:00,minimal,stock,idle,22,mem_mib,256,guest_elapsed_process_start,1
2026-05-13T22:45:26+00:00,minimal,stock,idle,22,mem_mib,256,guest_delta_process_start,1
2026-05-13T22:45:26+00:00,minimal,stock,idle,22,mem_mib,256,guest_elapsed_stdio_redirected,254
2026-05-13T22:45:26+00:00,minimal,stock,idle,22,mem_mib,256,guest_delta_stdio_redirected,252
2026-05-13T22:45:26+00:00,minimal,stock,idle,22,mem_mib,256,guest_elapsed_panic_hook_installed,256
2026-05-13T22:45:26+00:00,minimal,stock,idle,22,mem_mib,256,guest_delta_panic_hook_installed,2
2026-05-13T22:45:26+00:00,minimal,stock,idle,22,mem_mib,256,guest_elapsed_pseudo_fs_mounted,6466
2026-05-13T22:45:26+00:00,minimal,stock,idle,22,mem_mib,256,guest_delta_pseudo_fs_mounted,6209
2026-05-13T22:45:26+00:00,minimal,stock,idle,22,mem_mib,256,guest_elapsed_mount_namespace_private,9617
2026-05-13T22:45:26+00:00,minimal,stock,idle,22,mem_mib,256,guest_delta_mount_namespace_private,3151
2026-05-13T22:45:26+00:00,minimal,stock,idle,22,mem_mib,256,guest_elapsed_base_mounted,13110
2026-05-13T22:45:26+00:00,minimal,stock,idle,22,mem_mib,256,guest_delta_base_mounted,3492
2026-05-13T22:45:26+00:00,minimal,stock,idle,22,mem_mib,256,guest_elapsed_overlay_disk_mounted,21349
2026-05-13T22:45:26+00:00,minimal,stock,idle,22,mem_mib,256,guest_delta_overlay_disk_mounted,8239
2026-05-13T22:45:26+00:00,minimal,stock,idle,22,mem_mib,256,guest_elapsed_overlay_dirs_ready,27762
2026-05-13T22:45:26+00:00,minimal,stock,idle,22,mem_mib,256,guest_delta_overlay_dirs_ready,6412
2026-05-13T22:45:26+00:00,minimal,stock,idle,22,mem_mib,256,guest_elapsed_merged_mountpoint_ready,31784
2026-05-13T22:45:26+00:00,minimal,stock,idle,22,mem_mib,256,guest_delta_merged_mountpoint_ready,4021
2026-05-13T22:45:26+00:00,minimal,stock,idle,22,mem_mib,256,guest_elapsed_overlayfs_mounted,35155
2026-05-13T22:45:26+00:00,minimal,stock,idle,22,mem_mib,256,guest_delta_overlayfs_mounted,3371
2026-05-13T22:45:26+00:00,minimal,stock,idle,22,mem_mib,256,guest_elapsed_pseudo_fs_bound_into_merged,38680
2026-05-13T22:45:26+00:00,minimal,stock,idle,22,mem_mib,256,guest_delta_pseudo_fs_bound_into_merged,3524
2026-05-13T22:45:26+00:00,minimal,stock,idle,22,mem_mib,256,guest_elapsed_merged_self_bound,42114
2026-05-13T22:45:26+00:00,minimal,stock,idle,22,mem_mib,256,guest_delta_merged_self_bound,3433
2026-05-13T22:45:26+00:00,minimal,stock,idle,22,mem_mib,256,guest_elapsed_pivot_rootfs_done,43904
2026-05-13T22:45:26+00:00,minimal,stock,idle,22,mem_mib,256,guest_delta_pivot_rootfs_done,1789
2026-05-13T22:45:26+00:00,minimal,stock,idle,22,mem_mib,256,guest_elapsed_overlay_pivot_complete,45842
2026-05-13T22:45:26+00:00,minimal,stock,idle,22,mem_mib,256,guest_delta_overlay_pivot_complete,1938
2026-05-13T22:45:26+00:00,minimal,stock,idle,22,mem_mib,256,guest_elapsed_network_configured,47745
2026-05-13T22:45:26+00:00,minimal,stock,idle,22,mem_mib,256,guest_delta_network_configured,1902
2026-05-13T22:45:26+00:00,minimal,stock,idle,22,mem_mib,256,guest_elapsed_workspace_absent,49827
2026-05-13T22:45:26+00:00,minimal,stock,idle,22,mem_mib,256,guest_delta_workspace_absent,2082
2026-05-13T22:45:26+00:00,minimal,stock,idle,22,mem_mib,256,guest_elapsed_pid1_setup_complete,50679
2026-05-13T22:45:26+00:00,minimal,stock,idle,22,mem_mib,256,guest_delta_pid1_setup_complete,851
2026-05-13T22:45:26+00:00,minimal,stock,idle,22,mem_mib,256,guest_elapsed_guestd_starting_log,52338
2026-05-13T22:45:26+00:00,minimal,stock,idle,22,mem_mib,256,guest_delta_guestd_starting_log,1659
2026-05-13T22:45:26+00:00,minimal,stock,idle,22,mem_mib,256,guest_elapsed_exec_listener_bound,53366
2026-05-13T22:45:26+00:00,minimal,stock,idle,22,mem_mib,256,guest_delta_exec_listener_bound,1027
2026-05-13T22:45:26+00:00,minimal,stock,idle,22,mem_mib,256,guest_elapsed_ready_signal_sent,55504
2026-05-13T22:45:26+00:00,minimal,stock,idle,22,mem_mib,256,guest_delta_ready_signal_sent,2137
2026-05-13T22:45:27+00:00,minimal,stock,idle,23,mem_mib,256,phase_1_run_root_prep,55
2026-05-13T22:45:27+00:00,minimal,stock,idle,23,mem_mib,256,phase_2_lease,33
2026-05-13T22:45:27+00:00,minimal,stock,idle,23,mem_mib,256,phase_3b_rootfs_prepare,11391
2026-05-13T22:45:27+00:00,minimal,stock,idle,23,mem_mib,256,phase_3_storage_prep,11449
2026-05-13T22:45:27+00:00,minimal,stock,idle,23,mem_mib,256,phase_4_jailer_materialize,694
2026-05-13T22:45:27+00:00,minimal,stock,idle,23,mem_mib,256,phase_5_cgroup_probe,0
2026-05-13T22:45:27+00:00,minimal,stock,idle,23,mem_mib,256,phase_6_network_realize,0
2026-05-13T22:45:27+00:00,minimal,stock,idle,23,mem_mib,256,phase_7_outbound_guest_config,0
2026-05-13T22:45:27+00:00,minimal,stock,idle,23,mem_mib,256,phase_9_jailer_launch,15476
2026-05-13T22:45:27+00:00,minimal,stock,idle,23,mem_mib,256,phase_5b_cgroup_create,18072
2026-05-13T22:45:27+00:00,minimal,stock,idle,23,mem_mib,256,phase_10_open_uds,26
2026-05-13T22:45:27+00:00,minimal,stock,idle,23,mem_mib,256,phase_11_put_machine_config,237
2026-05-13T22:45:27+00:00,minimal,stock,idle,23,mem_mib,256,phase_11_put_boot_source,105
2026-05-13T22:45:27+00:00,minimal,stock,idle,23,mem_mib,256,phase_11_put_drive_rootfs,99
2026-05-13T22:45:27+00:00,minimal,stock,idle,23,mem_mib,256,phase_11_put_drive_rootfs_overlay,188
2026-05-13T22:45:27+00:00,minimal,stock,idle,23,mem_mib,256,phase_11_put_entropy,103
2026-05-13T22:45:27+00:00,minimal,stock,idle,23,mem_mib,256,phase_11_put_vsock,171
2026-05-13T22:45:27+00:00,minimal,stock,idle,23,mem_mib,256,phase_11_rest_puts,1702
2026-05-13T22:45:27+00:00,minimal,stock,idle,23,mem_mib,256,phase_11b_ready_listener_bind,107
2026-05-13T22:45:27+00:00,minimal,stock,idle,23,mem_mib,256,phase_11c_boot_identity_record,114
2026-05-13T22:45:27+00:00,minimal,stock,idle,23,mem_mib,256,phase_12a_instance_start,18516
2026-05-13T22:45:27+00:00,minimal,stock,idle,23,mem_mib,256,phase_12b_host_waiting_accept,1013941
2026-05-13T22:45:27+00:00,minimal,stock,idle,23,mem_mib,256,phase_12b_kernel_console_range,950996
2026-05-13T22:45:27+00:00,minimal,stock,idle,23,mem_mib,256,phase_12b_guest_process_start,2
2026-05-13T22:45:27+00:00,minimal,stock,idle,23,mem_mib,256,phase_12b_guest_stdio_redirected,1623
2026-05-13T22:45:27+00:00,minimal,stock,idle,23,mem_mib,256,phase_12b_guest_panic_hook_installed,3321
2026-05-13T22:45:27+00:00,minimal,stock,idle,23,mem_mib,256,phase_12b_guest_pseudo_fs_mounted,13807
2026-05-13T22:45:27+00:00,minimal,stock,idle,23,mem_mib,256,phase_12b_guest_mount_namespace_private,20122
2026-05-13T22:45:27+00:00,minimal,stock,idle,23,mem_mib,256,phase_12b_guest_base_mounted,26379
2026-05-13T22:45:27+00:00,minimal,stock,idle,23,mem_mib,256,phase_12b_guest_overlay_disk_mounted,33804
2026-05-13T22:45:27+00:00,minimal,stock,idle,23,mem_mib,256,phase_12b_guest_overlay_dirs_ready,39473
2026-05-13T22:45:27+00:00,minimal,stock,idle,23,mem_mib,256,phase_12b_guest_merged_mountpoint_ready,43923
2026-05-13T22:45:27+00:00,minimal,stock,idle,23,mem_mib,256,phase_12b_guest_overlayfs_mounted,49066
2026-05-13T22:45:27+00:00,minimal,stock,idle,23,mem_mib,256,phase_12b_guest_pseudo_fs_bound_into_merged,53813
2026-05-13T22:45:27+00:00,minimal,stock,idle,23,mem_mib,256,phase_12b_guest_merged_self_bound,57159
2026-05-13T22:45:27+00:00,minimal,stock,idle,23,mem_mib,256,phase_12b_guest_pivot_rootfs_done,58920
2026-05-13T22:45:27+00:00,minimal,stock,idle,23,mem_mib,256,phase_12b_guest_overlay_pivot_complete,60819
2026-05-13T22:45:27+00:00,minimal,stock,idle,23,mem_mib,256,phase_12b_guest_network_configured,62725
2026-05-13T22:45:27+00:00,minimal,stock,idle,23,mem_mib,256,phase_12b_guest_workspace_absent,64771
2026-05-13T22:45:27+00:00,minimal,stock,idle,23,mem_mib,256,phase_12b_guest_pid1_setup_complete,65616
2026-05-13T22:45:27+00:00,minimal,stock,idle,23,mem_mib,256,phase_12b_guest_guestd_starting_log,67261
2026-05-13T22:45:27+00:00,minimal,stock,idle,23,mem_mib,256,phase_12b_guest_exec_listener_bound,68315
2026-05-13T22:45:27+00:00,minimal,stock,idle,23,mem_mib,256,phase_12b_ready_accept,1016262
2026-05-13T22:45:27+00:00,minimal,stock,idle,23,mem_mib,256,exec_send,18
2026-05-13T22:45:27+00:00,minimal,stock,idle,23,mem_mib,256,exec_recv,12021
2026-05-13T22:45:27+00:00,minimal,stock,idle,23,mem_mib,256,stop_bounded,74170
2026-05-13T22:45:27+00:00,minimal,stock,idle,23,mem_mib,256,stop_release,111
2026-05-13T22:45:27+00:00,minimal,stock,idle,23,mem_mib,256,guest_elapsed_process_start,2
2026-05-13T22:45:27+00:00,minimal,stock,idle,23,mem_mib,256,guest_delta_process_start,2
2026-05-13T22:45:27+00:00,minimal,stock,idle,23,mem_mib,256,guest_elapsed_stdio_redirected,1623
2026-05-13T22:45:27+00:00,minimal,stock,idle,23,mem_mib,256,guest_delta_stdio_redirected,1620
2026-05-13T22:45:27+00:00,minimal,stock,idle,23,mem_mib,256,guest_elapsed_panic_hook_installed,3321
2026-05-13T22:45:27+00:00,minimal,stock,idle,23,mem_mib,256,guest_delta_panic_hook_installed,1698
2026-05-13T22:45:27+00:00,minimal,stock,idle,23,mem_mib,256,guest_elapsed_pseudo_fs_mounted,13807
2026-05-13T22:45:27+00:00,minimal,stock,idle,23,mem_mib,256,guest_delta_pseudo_fs_mounted,10486
2026-05-13T22:45:27+00:00,minimal,stock,idle,23,mem_mib,256,guest_elapsed_mount_namespace_private,20122
2026-05-13T22:45:27+00:00,minimal,stock,idle,23,mem_mib,256,guest_delta_mount_namespace_private,6314
2026-05-13T22:45:27+00:00,minimal,stock,idle,23,mem_mib,256,guest_elapsed_base_mounted,26379
2026-05-13T22:45:27+00:00,minimal,stock,idle,23,mem_mib,256,guest_delta_base_mounted,6257
2026-05-13T22:45:27+00:00,minimal,stock,idle,23,mem_mib,256,guest_elapsed_overlay_disk_mounted,33804
2026-05-13T22:45:27+00:00,minimal,stock,idle,23,mem_mib,256,guest_delta_overlay_disk_mounted,7424
2026-05-13T22:45:27+00:00,minimal,stock,idle,23,mem_mib,256,guest_elapsed_overlay_dirs_ready,39473
2026-05-13T22:45:27+00:00,minimal,stock,idle,23,mem_mib,256,guest_delta_overlay_dirs_ready,5669
2026-05-13T22:45:27+00:00,minimal,stock,idle,23,mem_mib,256,guest_elapsed_merged_mountpoint_ready,43923
2026-05-13T22:45:27+00:00,minimal,stock,idle,23,mem_mib,256,guest_delta_merged_mountpoint_ready,4449
2026-05-13T22:45:27+00:00,minimal,stock,idle,23,mem_mib,256,guest_elapsed_overlayfs_mounted,49066
2026-05-13T22:45:27+00:00,minimal,stock,idle,23,mem_mib,256,guest_delta_overlayfs_mounted,5143
2026-05-13T22:45:27+00:00,minimal,stock,idle,23,mem_mib,256,guest_elapsed_pseudo_fs_bound_into_merged,53813
2026-05-13T22:45:27+00:00,minimal,stock,idle,23,mem_mib,256,guest_delta_pseudo_fs_bound_into_merged,4746
2026-05-13T22:45:27+00:00,minimal,stock,idle,23,mem_mib,256,guest_elapsed_merged_self_bound,57159
2026-05-13T22:45:27+00:00,minimal,stock,idle,23,mem_mib,256,guest_delta_merged_self_bound,3346
2026-05-13T22:45:27+00:00,minimal,stock,idle,23,mem_mib,256,guest_elapsed_pivot_rootfs_done,58920
2026-05-13T22:45:27+00:00,minimal,stock,idle,23,mem_mib,256,guest_delta_pivot_rootfs_done,1760
2026-05-13T22:45:27+00:00,minimal,stock,idle,23,mem_mib,256,guest_elapsed_overlay_pivot_complete,60819
2026-05-13T22:45:27+00:00,minimal,stock,idle,23,mem_mib,256,guest_delta_overlay_pivot_complete,1898
2026-05-13T22:45:27+00:00,minimal,stock,idle,23,mem_mib,256,guest_elapsed_network_configured,62725
2026-05-13T22:45:27+00:00,minimal,stock,idle,23,mem_mib,256,guest_delta_network_configured,1905
2026-05-13T22:45:27+00:00,minimal,stock,idle,23,mem_mib,256,guest_elapsed_workspace_absent,64771
2026-05-13T22:45:27+00:00,minimal,stock,idle,23,mem_mib,256,guest_delta_workspace_absent,2046
2026-05-13T22:45:27+00:00,minimal,stock,idle,23,mem_mib,256,guest_elapsed_pid1_setup_complete,65616
2026-05-13T22:45:27+00:00,minimal,stock,idle,23,mem_mib,256,guest_delta_pid1_setup_complete,844
2026-05-13T22:45:27+00:00,minimal,stock,idle,23,mem_mib,256,guest_elapsed_guestd_starting_log,67261
2026-05-13T22:45:27+00:00,minimal,stock,idle,23,mem_mib,256,guest_delta_guestd_starting_log,1645
2026-05-13T22:45:27+00:00,minimal,stock,idle,23,mem_mib,256,guest_elapsed_exec_listener_bound,68315
2026-05-13T22:45:27+00:00,minimal,stock,idle,23,mem_mib,256,guest_delta_exec_listener_bound,1053
2026-05-13T22:45:27+00:00,minimal,stock,idle,23,mem_mib,256,guest_elapsed_ready_signal_sent,70443
2026-05-13T22:45:27+00:00,minimal,stock,idle,23,mem_mib,256,guest_delta_ready_signal_sent,2128
2026-05-13T22:45:29+00:00,minimal,stock,idle,24,mem_mib,256,phase_1_run_root_prep,61
2026-05-13T22:45:29+00:00,minimal,stock,idle,24,mem_mib,256,phase_2_lease,34
2026-05-13T22:45:29+00:00,minimal,stock,idle,24,mem_mib,256,phase_3b_rootfs_prepare,11959
2026-05-13T22:45:29+00:00,minimal,stock,idle,24,mem_mib,256,phase_3_storage_prep,12015
2026-05-13T22:45:29+00:00,minimal,stock,idle,24,mem_mib,256,phase_4_jailer_materialize,1042
2026-05-13T22:45:29+00:00,minimal,stock,idle,24,mem_mib,256,phase_5_cgroup_probe,0
2026-05-13T22:45:29+00:00,minimal,stock,idle,24,mem_mib,256,phase_6_network_realize,5
2026-05-13T22:45:29+00:00,minimal,stock,idle,24,mem_mib,256,phase_7_outbound_guest_config,0
2026-05-13T22:45:29+00:00,minimal,stock,idle,24,mem_mib,256,phase_9_jailer_launch,15554
2026-05-13T22:45:29+00:00,minimal,stock,idle,24,mem_mib,256,phase_5b_cgroup_create,23646
2026-05-13T22:45:29+00:00,minimal,stock,idle,24,mem_mib,256,phase_10_open_uds,25
2026-05-13T22:45:29+00:00,minimal,stock,idle,24,mem_mib,256,phase_11_put_machine_config,170
2026-05-13T22:45:29+00:00,minimal,stock,idle,24,mem_mib,256,phase_11_put_boot_source,81
2026-05-13T22:45:29+00:00,minimal,stock,idle,24,mem_mib,256,phase_11_put_drive_rootfs,86
2026-05-13T22:45:29+00:00,minimal,stock,idle,24,mem_mib,256,phase_11_put_drive_rootfs_overlay,169
2026-05-13T22:45:29+00:00,minimal,stock,idle,24,mem_mib,256,phase_11_put_entropy,94
2026-05-13T22:45:29+00:00,minimal,stock,idle,24,mem_mib,256,phase_11_put_vsock,139
2026-05-13T22:45:29+00:00,minimal,stock,idle,24,mem_mib,256,phase_11_rest_puts,1389
2026-05-13T22:45:29+00:00,minimal,stock,idle,24,mem_mib,256,phase_11b_ready_listener_bind,85
2026-05-13T22:45:29+00:00,minimal,stock,idle,24,mem_mib,256,phase_11c_boot_identity_record,86
2026-05-13T22:45:29+00:00,minimal,stock,idle,24,mem_mib,256,phase_12a_instance_start,20576
2026-05-13T22:45:29+00:00,minimal,stock,idle,24,mem_mib,256,phase_12b_host_waiting_accept,1014191
2026-05-13T22:45:29+00:00,minimal,stock,idle,24,mem_mib,256,phase_12b_kernel_console_range,951313
2026-05-13T22:45:29+00:00,minimal,stock,idle,24,mem_mib,256,phase_12b_guest_process_start,2
2026-05-13T22:45:29+00:00,minimal,stock,idle,24,mem_mib,256,phase_12b_guest_stdio_redirected,1613
2026-05-13T22:45:29+00:00,minimal,stock,idle,24,mem_mib,256,phase_12b_guest_panic_hook_installed,3265
2026-05-13T22:45:29+00:00,minimal,stock,idle,24,mem_mib,256,phase_12b_guest_pseudo_fs_mounted,13715
2026-05-13T22:45:29+00:00,minimal,stock,idle,24,mem_mib,256,phase_12b_guest_mount_namespace_private,19988
2026-05-13T22:45:29+00:00,minimal,stock,idle,24,mem_mib,256,phase_12b_guest_base_mounted,26208
2026-05-13T22:45:29+00:00,minimal,stock,idle,24,mem_mib,256,phase_12b_guest_overlay_disk_mounted,33546
2026-05-13T22:45:29+00:00,minimal,stock,idle,24,mem_mib,256,phase_12b_guest_overlay_dirs_ready,39196
2026-05-13T22:45:29+00:00,minimal,stock,idle,24,mem_mib,256,phase_12b_guest_merged_mountpoint_ready,43651
2026-05-13T22:45:29+00:00,minimal,stock,idle,24,mem_mib,256,phase_12b_guest_overlayfs_mounted,48785
2026-05-13T22:45:29+00:00,minimal,stock,idle,24,mem_mib,256,phase_12b_guest_pseudo_fs_bound_into_merged,53538
2026-05-13T22:45:29+00:00,minimal,stock,idle,24,mem_mib,256,phase_12b_guest_merged_self_bound,56914
2026-05-13T22:45:29+00:00,minimal,stock,idle,24,mem_mib,256,phase_12b_guest_pivot_rootfs_done,58683
2026-05-13T22:45:29+00:00,minimal,stock,idle,24,mem_mib,256,phase_12b_guest_overlay_pivot_complete,60597
2026-05-13T22:45:29+00:00,minimal,stock,idle,24,mem_mib,256,phase_12b_guest_network_configured,62477
2026-05-13T22:45:29+00:00,minimal,stock,idle,24,mem_mib,256,phase_12b_guest_workspace_absent,64527
2026-05-13T22:45:29+00:00,minimal,stock,idle,24,mem_mib,256,phase_12b_guest_pid1_setup_complete,65367
2026-05-13T22:45:29+00:00,minimal,stock,idle,24,mem_mib,256,phase_12b_guest_guestd_starting_log,67006
2026-05-13T22:45:29+00:00,minimal,stock,idle,24,mem_mib,256,phase_12b_guest_exec_listener_bound,68049
2026-05-13T22:45:29+00:00,minimal,stock,idle,24,mem_mib,256,phase_12b_ready_accept,1016530
2026-05-13T22:45:29+00:00,minimal,stock,idle,24,mem_mib,256,exec_send,25
2026-05-13T22:45:29+00:00,minimal,stock,idle,24,mem_mib,256,exec_recv,11954
2026-05-13T22:45:29+00:00,minimal,stock,idle,24,mem_mib,256,stop_bounded,67105
2026-05-13T22:45:29+00:00,minimal,stock,idle,24,mem_mib,256,stop_release,122
2026-05-13T22:45:29+00:00,minimal,stock,idle,24,mem_mib,256,guest_elapsed_process_start,2
2026-05-13T22:45:29+00:00,minimal,stock,idle,24,mem_mib,256,guest_delta_process_start,2
2026-05-13T22:45:29+00:00,minimal,stock,idle,24,mem_mib,256,guest_elapsed_stdio_redirected,1613
2026-05-13T22:45:29+00:00,minimal,stock,idle,24,mem_mib,256,guest_delta_stdio_redirected,1611
2026-05-13T22:45:29+00:00,minimal,stock,idle,24,mem_mib,256,guest_elapsed_panic_hook_installed,3265
2026-05-13T22:45:29+00:00,minimal,stock,idle,24,mem_mib,256,guest_delta_panic_hook_installed,1651
2026-05-13T22:45:29+00:00,minimal,stock,idle,24,mem_mib,256,guest_elapsed_pseudo_fs_mounted,13715
2026-05-13T22:45:29+00:00,minimal,stock,idle,24,mem_mib,256,guest_delta_pseudo_fs_mounted,10450
2026-05-13T22:45:29+00:00,minimal,stock,idle,24,mem_mib,256,guest_elapsed_mount_namespace_private,19988
2026-05-13T22:45:29+00:00,minimal,stock,idle,24,mem_mib,256,guest_delta_mount_namespace_private,6272
2026-05-13T22:45:29+00:00,minimal,stock,idle,24,mem_mib,256,guest_elapsed_base_mounted,26208
2026-05-13T22:45:29+00:00,minimal,stock,idle,24,mem_mib,256,guest_delta_base_mounted,6220
2026-05-13T22:45:29+00:00,minimal,stock,idle,24,mem_mib,256,guest_elapsed_overlay_disk_mounted,33546
2026-05-13T22:45:29+00:00,minimal,stock,idle,24,mem_mib,256,guest_delta_overlay_disk_mounted,7337
2026-05-13T22:45:29+00:00,minimal,stock,idle,24,mem_mib,256,guest_elapsed_overlay_dirs_ready,39196
2026-05-13T22:45:29+00:00,minimal,stock,idle,24,mem_mib,256,guest_delta_overlay_dirs_ready,5650
2026-05-13T22:45:29+00:00,minimal,stock,idle,24,mem_mib,256,guest_elapsed_merged_mountpoint_ready,43651
2026-05-13T22:45:29+00:00,minimal,stock,idle,24,mem_mib,256,guest_delta_merged_mountpoint_ready,4454
2026-05-13T22:45:29+00:00,minimal,stock,idle,24,mem_mib,256,guest_elapsed_overlayfs_mounted,48785
2026-05-13T22:45:29+00:00,minimal,stock,idle,24,mem_mib,256,guest_delta_overlayfs_mounted,5133
2026-05-13T22:45:29+00:00,minimal,stock,idle,24,mem_mib,256,guest_elapsed_pseudo_fs_bound_into_merged,53538
2026-05-13T22:45:29+00:00,minimal,stock,idle,24,mem_mib,256,guest_delta_pseudo_fs_bound_into_merged,4752
2026-05-13T22:45:29+00:00,minimal,stock,idle,24,mem_mib,256,guest_elapsed_merged_self_bound,56914
2026-05-13T22:45:29+00:00,minimal,stock,idle,24,mem_mib,256,guest_delta_merged_self_bound,3376
2026-05-13T22:45:29+00:00,minimal,stock,idle,24,mem_mib,256,guest_elapsed_pivot_rootfs_done,58683
2026-05-13T22:45:29+00:00,minimal,stock,idle,24,mem_mib,256,guest_delta_pivot_rootfs_done,1768
2026-05-13T22:45:29+00:00,minimal,stock,idle,24,mem_mib,256,guest_elapsed_overlay_pivot_complete,60597
2026-05-13T22:45:29+00:00,minimal,stock,idle,24,mem_mib,256,guest_delta_overlay_pivot_complete,1914
2026-05-13T22:45:29+00:00,minimal,stock,idle,24,mem_mib,256,guest_elapsed_network_configured,62477
2026-05-13T22:45:29+00:00,minimal,stock,idle,24,mem_mib,256,guest_delta_network_configured,1879
2026-05-13T22:45:29+00:00,minimal,stock,idle,24,mem_mib,256,guest_elapsed_workspace_absent,64527
2026-05-13T22:45:29+00:00,minimal,stock,idle,24,mem_mib,256,guest_delta_workspace_absent,2050
2026-05-13T22:45:29+00:00,minimal,stock,idle,24,mem_mib,256,guest_elapsed_pid1_setup_complete,65367
2026-05-13T22:45:29+00:00,minimal,stock,idle,24,mem_mib,256,guest_delta_pid1_setup_complete,839
2026-05-13T22:45:29+00:00,minimal,stock,idle,24,mem_mib,256,guest_elapsed_guestd_starting_log,67006
2026-05-13T22:45:29+00:00,minimal,stock,idle,24,mem_mib,256,guest_delta_guestd_starting_log,1639
2026-05-13T22:45:29+00:00,minimal,stock,idle,24,mem_mib,256,guest_elapsed_exec_listener_bound,68049
2026-05-13T22:45:29+00:00,minimal,stock,idle,24,mem_mib,256,guest_delta_exec_listener_bound,1042
2026-05-13T22:45:29+00:00,minimal,stock,idle,24,mem_mib,256,guest_elapsed_ready_signal_sent,70169
2026-05-13T22:45:29+00:00,minimal,stock,idle,24,mem_mib,256,guest_delta_ready_signal_sent,2119
2026-05-13T22:45:30+00:00,minimal,stock,idle,25,mem_mib,256,phase_1_run_root_prep,41
2026-05-13T22:45:30+00:00,minimal,stock,idle,25,mem_mib,256,phase_2_lease,33
2026-05-13T22:45:30+00:00,minimal,stock,idle,25,mem_mib,256,phase_3b_rootfs_prepare,10044
2026-05-13T22:45:30+00:00,minimal,stock,idle,25,mem_mib,256,phase_3_storage_prep,10110
2026-05-13T22:45:30+00:00,minimal,stock,idle,25,mem_mib,256,phase_4_jailer_materialize,1350
2026-05-13T22:45:30+00:00,minimal,stock,idle,25,mem_mib,256,phase_5_cgroup_probe,0
2026-05-13T22:45:30+00:00,minimal,stock,idle,25,mem_mib,256,phase_6_network_realize,6
2026-05-13T22:45:30+00:00,minimal,stock,idle,25,mem_mib,256,phase_7_outbound_guest_config,0
2026-05-13T22:45:30+00:00,minimal,stock,idle,25,mem_mib,256,phase_9_jailer_launch,15569
2026-05-13T22:45:30+00:00,minimal,stock,idle,25,mem_mib,256,phase_5b_cgroup_create,21276
2026-05-13T22:45:30+00:00,minimal,stock,idle,25,mem_mib,256,phase_10_open_uds,17
2026-05-13T22:45:30+00:00,minimal,stock,idle,25,mem_mib,256,phase_11_put_machine_config,175
2026-05-13T22:45:30+00:00,minimal,stock,idle,25,mem_mib,256,phase_11_put_boot_source,86
2026-05-13T22:45:30+00:00,minimal,stock,idle,25,mem_mib,256,phase_11_put_drive_rootfs,92
2026-05-13T22:45:30+00:00,minimal,stock,idle,25,mem_mib,256,phase_11_put_drive_rootfs_overlay,165
2026-05-13T22:45:30+00:00,minimal,stock,idle,25,mem_mib,256,phase_11_put_entropy,85
2026-05-13T22:45:30+00:00,minimal,stock,idle,25,mem_mib,256,phase_11_put_vsock,150
2026-05-13T22:45:30+00:00,minimal,stock,idle,25,mem_mib,256,phase_11_rest_puts,1429
2026-05-13T22:45:30+00:00,minimal,stock,idle,25,mem_mib,256,phase_11b_ready_listener_bind,82
2026-05-13T22:45:30+00:00,minimal,stock,idle,25,mem_mib,256,phase_11c_boot_identity_record,78
2026-05-13T22:45:30+00:00,minimal,stock,idle,25,mem_mib,256,phase_12a_instance_start,20356
2026-05-13T22:45:30+00:00,minimal,stock,idle,25,mem_mib,256,phase_12b_host_waiting_accept,1014072
2026-05-13T22:45:30+00:00,minimal,stock,idle,25,mem_mib,256,phase_12b_kernel_console_range,949227
2026-05-13T22:45:30+00:00,minimal,stock,idle,25,mem_mib,256,phase_12b_guest_process_start,2
2026-05-13T22:45:30+00:00,minimal,stock,idle,25,mem_mib,256,phase_12b_guest_stdio_redirected,1630
2026-05-13T22:45:30+00:00,minimal,stock,idle,25,mem_mib,256,phase_12b_guest_panic_hook_installed,3291
2026-05-13T22:45:30+00:00,minimal,stock,idle,25,mem_mib,256,phase_12b_guest_pseudo_fs_mounted,13696
2026-05-13T22:45:30+00:00,minimal,stock,idle,25,mem_mib,256,phase_12b_guest_mount_namespace_private,19945
2026-05-13T22:45:30+00:00,minimal,stock,idle,25,mem_mib,256,phase_12b_guest_base_mounted,26173
2026-05-13T22:45:30+00:00,minimal,stock,idle,25,mem_mib,256,phase_12b_guest_overlay_disk_mounted,33539
2026-05-13T22:45:30+00:00,minimal,stock,idle,25,mem_mib,256,phase_12b_guest_overlay_dirs_ready,39137
2026-05-13T22:45:30+00:00,minimal,stock,idle,25,mem_mib,256,phase_12b_guest_merged_mountpoint_ready,43566
2026-05-13T22:45:30+00:00,minimal,stock,idle,25,mem_mib,256,phase_12b_guest_overlayfs_mounted,48716
2026-05-13T22:45:30+00:00,minimal,stock,idle,25,mem_mib,256,phase_12b_guest_pseudo_fs_bound_into_merged,53534
2026-05-13T22:45:30+00:00,minimal,stock,idle,25,mem_mib,256,phase_12b_guest_merged_self_bound,56889
2026-05-13T22:45:30+00:00,minimal,stock,idle,25,mem_mib,256,phase_12b_guest_pivot_rootfs_done,58639
2026-05-13T22:45:30+00:00,minimal,stock,idle,25,mem_mib,256,phase_12b_guest_overlay_pivot_complete,60547
2026-05-13T22:45:30+00:00,minimal,stock,idle,25,mem_mib,256,phase_12b_guest_network_configured,62429
2026-05-13T22:45:30+00:00,minimal,stock,idle,25,mem_mib,256,phase_12b_guest_workspace_absent,64482
2026-05-13T22:45:30+00:00,minimal,stock,idle,25,mem_mib,256,phase_12b_guest_pid1_setup_complete,65329
2026-05-13T22:45:30+00:00,minimal,stock,idle,25,mem_mib,256,phase_12b_guest_guestd_starting_log,66968
2026-05-13T22:45:30+00:00,minimal,stock,idle,25,mem_mib,256,phase_12b_guest_exec_listener_bound,67985
2026-05-13T22:45:30+00:00,minimal,stock,idle,25,mem_mib,256,phase_12b_ready_accept,1016372
2026-05-13T22:45:30+00:00,minimal,stock,idle,25,mem_mib,256,exec_send,18
2026-05-13T22:45:30+00:00,minimal,stock,idle,25,mem_mib,256,exec_recv,12047
2026-05-13T22:45:30+00:00,minimal,stock,idle,25,mem_mib,256,stop_bounded,72127
2026-05-13T22:45:30+00:00,minimal,stock,idle,25,mem_mib,256,stop_release,116
2026-05-13T22:45:30+00:00,minimal,stock,idle,25,mem_mib,256,guest_elapsed_process_start,2
2026-05-13T22:45:30+00:00,minimal,stock,idle,25,mem_mib,256,guest_delta_process_start,2
2026-05-13T22:45:30+00:00,minimal,stock,idle,25,mem_mib,256,guest_elapsed_stdio_redirected,1630
2026-05-13T22:45:30+00:00,minimal,stock,idle,25,mem_mib,256,guest_delta_stdio_redirected,1627
2026-05-13T22:45:30+00:00,minimal,stock,idle,25,mem_mib,256,guest_elapsed_panic_hook_installed,3291
2026-05-13T22:45:30+00:00,minimal,stock,idle,25,mem_mib,256,guest_delta_panic_hook_installed,1661
2026-05-13T22:45:30+00:00,minimal,stock,idle,25,mem_mib,256,guest_elapsed_pseudo_fs_mounted,13696
2026-05-13T22:45:30+00:00,minimal,stock,idle,25,mem_mib,256,guest_delta_pseudo_fs_mounted,10405
2026-05-13T22:45:30+00:00,minimal,stock,idle,25,mem_mib,256,guest_elapsed_mount_namespace_private,19945
2026-05-13T22:45:30+00:00,minimal,stock,idle,25,mem_mib,256,guest_delta_mount_namespace_private,6249
2026-05-13T22:45:30+00:00,minimal,stock,idle,25,mem_mib,256,guest_elapsed_base_mounted,26173
2026-05-13T22:45:30+00:00,minimal,stock,idle,25,mem_mib,256,guest_delta_base_mounted,6227
2026-05-13T22:45:30+00:00,minimal,stock,idle,25,mem_mib,256,guest_elapsed_overlay_disk_mounted,33539
2026-05-13T22:45:30+00:00,minimal,stock,idle,25,mem_mib,256,guest_delta_overlay_disk_mounted,7366
2026-05-13T22:45:30+00:00,minimal,stock,idle,25,mem_mib,256,guest_elapsed_overlay_dirs_ready,39137
2026-05-13T22:45:30+00:00,minimal,stock,idle,25,mem_mib,256,guest_delta_overlay_dirs_ready,5597
2026-05-13T22:45:30+00:00,minimal,stock,idle,25,mem_mib,256,guest_elapsed_merged_mountpoint_ready,43566
2026-05-13T22:45:30+00:00,minimal,stock,idle,25,mem_mib,256,guest_delta_merged_mountpoint_ready,4429
2026-05-13T22:45:30+00:00,minimal,stock,idle,25,mem_mib,256,guest_elapsed_overlayfs_mounted,48716
2026-05-13T22:45:30+00:00,minimal,stock,idle,25,mem_mib,256,guest_delta_overlayfs_mounted,5149
2026-05-13T22:45:30+00:00,minimal,stock,idle,25,mem_mib,256,guest_elapsed_pseudo_fs_bound_into_merged,53534
2026-05-13T22:45:30+00:00,minimal,stock,idle,25,mem_mib,256,guest_delta_pseudo_fs_bound_into_merged,4818
2026-05-13T22:45:30+00:00,minimal,stock,idle,25,mem_mib,256,guest_elapsed_merged_self_bound,56889
2026-05-13T22:45:30+00:00,minimal,stock,idle,25,mem_mib,256,guest_delta_merged_self_bound,3354
2026-05-13T22:45:30+00:00,minimal,stock,idle,25,mem_mib,256,guest_elapsed_pivot_rootfs_done,58639
2026-05-13T22:45:30+00:00,minimal,stock,idle,25,mem_mib,256,guest_delta_pivot_rootfs_done,1749
2026-05-13T22:45:30+00:00,minimal,stock,idle,25,mem_mib,256,guest_elapsed_overlay_pivot_complete,60547
2026-05-13T22:45:30+00:00,minimal,stock,idle,25,mem_mib,256,guest_delta_overlay_pivot_complete,1908
2026-05-13T22:45:30+00:00,minimal,stock,idle,25,mem_mib,256,guest_elapsed_network_configured,62429
2026-05-13T22:45:30+00:00,minimal,stock,idle,25,mem_mib,256,guest_delta_network_configured,1881
2026-05-13T22:45:30+00:00,minimal,stock,idle,25,mem_mib,256,guest_elapsed_workspace_absent,64482
2026-05-13T22:45:30+00:00,minimal,stock,idle,25,mem_mib,256,guest_delta_workspace_absent,2053
2026-05-13T22:45:30+00:00,minimal,stock,idle,25,mem_mib,256,guest_elapsed_pid1_setup_complete,65329
2026-05-13T22:45:30+00:00,minimal,stock,idle,25,mem_mib,256,guest_delta_pid1_setup_complete,847
2026-05-13T22:45:30+00:00,minimal,stock,idle,25,mem_mib,256,guest_elapsed_guestd_starting_log,66968
2026-05-13T22:45:30+00:00,minimal,stock,idle,25,mem_mib,256,guest_delta_guestd_starting_log,1638
2026-05-13T22:45:30+00:00,minimal,stock,idle,25,mem_mib,256,guest_elapsed_exec_listener_bound,67985
2026-05-13T22:45:30+00:00,minimal,stock,idle,25,mem_mib,256,guest_delta_exec_listener_bound,1017
2026-05-13T22:45:30+00:00,minimal,stock,idle,25,mem_mib,256,guest_elapsed_ready_signal_sent,70094
2026-05-13T22:45:30+00:00,minimal,stock,idle,25,mem_mib,256,guest_delta_ready_signal_sent,2109
2026-05-13T22:45:32+00:00,minimal,stock,idle,26,mem_mib,256,phase_1_run_root_prep,42
2026-05-13T22:45:32+00:00,minimal,stock,idle,26,mem_mib,256,phase_2_lease,34
2026-05-13T22:45:32+00:00,minimal,stock,idle,26,mem_mib,256,phase_3b_rootfs_prepare,13038
2026-05-13T22:45:32+00:00,minimal,stock,idle,26,mem_mib,256,phase_3_storage_prep,13097
2026-05-13T22:45:32+00:00,minimal,stock,idle,26,mem_mib,256,phase_4_jailer_materialize,669
2026-05-13T22:45:32+00:00,minimal,stock,idle,26,mem_mib,256,phase_5_cgroup_probe,0
2026-05-13T22:45:32+00:00,minimal,stock,idle,26,mem_mib,256,phase_6_network_realize,0
2026-05-13T22:45:32+00:00,minimal,stock,idle,26,mem_mib,256,phase_7_outbound_guest_config,0
2026-05-13T22:45:32+00:00,minimal,stock,idle,26,mem_mib,256,phase_9_jailer_launch,15479
2026-05-13T22:45:32+00:00,minimal,stock,idle,26,mem_mib,256,phase_5b_cgroup_create,19184
2026-05-13T22:45:32+00:00,minimal,stock,idle,26,mem_mib,256,phase_10_open_uds,27
2026-05-13T22:45:32+00:00,minimal,stock,idle,26,mem_mib,256,phase_11_put_machine_config,181
2026-05-13T22:45:32+00:00,minimal,stock,idle,26,mem_mib,256,phase_11_put_boot_source,87
2026-05-13T22:45:32+00:00,minimal,stock,idle,26,mem_mib,256,phase_11_put_drive_rootfs,86
2026-05-13T22:45:32+00:00,minimal,stock,idle,26,mem_mib,256,phase_11_put_drive_rootfs_overlay,163
2026-05-13T22:45:32+00:00,minimal,stock,idle,26,mem_mib,256,phase_11_put_entropy,94
2026-05-13T22:45:32+00:00,minimal,stock,idle,26,mem_mib,256,phase_11_put_vsock,179
2026-05-13T22:45:32+00:00,minimal,stock,idle,26,mem_mib,256,phase_11_rest_puts,1476
2026-05-13T22:45:32+00:00,minimal,stock,idle,26,mem_mib,256,phase_11b_ready_listener_bind,76
2026-05-13T22:45:32+00:00,minimal,stock,idle,26,mem_mib,256,phase_11c_boot_identity_record,87
2026-05-13T22:45:32+00:00,minimal,stock,idle,26,mem_mib,256,phase_12a_instance_start,18492
2026-05-13T22:45:32+00:00,minimal,stock,idle,26,mem_mib,256,phase_12b_host_waiting_accept,1009419
2026-05-13T22:45:32+00:00,minimal,stock,idle,26,mem_mib,256,phase_12b_kernel_console_range,945067
2026-05-13T22:45:32+00:00,minimal,stock,idle,26,mem_mib,256,phase_12b_guest_process_start,2
2026-05-13T22:45:32+00:00,minimal,stock,idle,26,mem_mib,256,phase_12b_guest_stdio_redirected,519
2026-05-13T22:45:32+00:00,minimal,stock,idle,26,mem_mib,256,phase_12b_guest_panic_hook_installed,524
2026-05-13T22:45:32+00:00,minimal,stock,idle,26,mem_mib,256,phase_12b_guest_pseudo_fs_mounted,12690
2026-05-13T22:45:32+00:00,minimal,stock,idle,26,mem_mib,256,phase_12b_guest_mount_namespace_private,18972
2026-05-13T22:45:32+00:00,minimal,stock,idle,26,mem_mib,256,phase_12b_guest_base_mounted,25216
2026-05-13T22:45:32+00:00,minimal,stock,idle,26,mem_mib,256,phase_12b_guest_overlay_disk_mounted,32595
2026-05-13T22:45:32+00:00,minimal,stock,idle,26,mem_mib,256,phase_12b_guest_overlay_dirs_ready,38235
2026-05-13T22:45:32+00:00,minimal,stock,idle,26,mem_mib,256,phase_12b_guest_merged_mountpoint_ready,41424
2026-05-13T22:45:32+00:00,minimal,stock,idle,26,mem_mib,256,phase_12b_guest_overlayfs_mounted,44678
2026-05-13T22:45:32+00:00,minimal,stock,idle,26,mem_mib,256,phase_12b_guest_pseudo_fs_bound_into_merged,48194
2026-05-13T22:45:32+00:00,minimal,stock,idle,26,mem_mib,256,phase_12b_guest_merged_self_bound,51611
2026-05-13T22:45:32+00:00,minimal,stock,idle,26,mem_mib,256,phase_12b_guest_pivot_rootfs_done,53384
2026-05-13T22:45:32+00:00,minimal,stock,idle,26,mem_mib,256,phase_12b_guest_overlay_pivot_complete,55355
2026-05-13T22:45:32+00:00,minimal,stock,idle,26,mem_mib,256,phase_12b_guest_network_configured,55533
2026-05-13T22:45:32+00:00,minimal,stock,idle,26,mem_mib,256,phase_12b_guest_workspace_absent,55544
2026-05-13T22:45:32+00:00,minimal,stock,idle,26,mem_mib,256,phase_12b_guest_pid1_setup_complete,55545
2026-05-13T22:45:32+00:00,minimal,stock,idle,26,mem_mib,256,phase_12b_guest_guestd_starting_log,55550
2026-05-13T22:45:32+00:00,minimal,stock,idle,26,mem_mib,256,phase_12b_guest_exec_listener_bound,61624
2026-05-13T22:45:32+00:00,minimal,stock,idle,26,mem_mib,256,phase_12b_ready_accept,1011741
2026-05-13T22:45:32+00:00,minimal,stock,idle,26,mem_mib,256,exec_send,18
2026-05-13T22:45:32+00:00,minimal,stock,idle,26,mem_mib,256,exec_recv,11964
2026-05-13T22:45:32+00:00,minimal,stock,idle,26,mem_mib,256,stop_bounded,70470
2026-05-13T22:45:32+00:00,minimal,stock,idle,26,mem_mib,256,stop_release,117
2026-05-13T22:45:32+00:00,minimal,stock,idle,26,mem_mib,256,guest_elapsed_process_start,2
2026-05-13T22:45:32+00:00,minimal,stock,idle,26,mem_mib,256,guest_delta_process_start,2
2026-05-13T22:45:32+00:00,minimal,stock,idle,26,mem_mib,256,guest_elapsed_stdio_redirected,519
2026-05-13T22:45:32+00:00,minimal,stock,idle,26,mem_mib,256,guest_delta_stdio_redirected,516
2026-05-13T22:45:32+00:00,minimal,stock,idle,26,mem_mib,256,guest_elapsed_panic_hook_installed,524
2026-05-13T22:45:32+00:00,minimal,stock,idle,26,mem_mib,256,guest_delta_panic_hook_installed,4
2026-05-13T22:45:32+00:00,minimal,stock,idle,26,mem_mib,256,guest_elapsed_pseudo_fs_mounted,12690
2026-05-13T22:45:32+00:00,minimal,stock,idle,26,mem_mib,256,guest_delta_pseudo_fs_mounted,12166
2026-05-13T22:45:32+00:00,minimal,stock,idle,26,mem_mib,256,guest_elapsed_mount_namespace_private,18972
2026-05-13T22:45:32+00:00,minimal,stock,idle,26,mem_mib,256,guest_delta_mount_namespace_private,6281
2026-05-13T22:45:32+00:00,minimal,stock,idle,26,mem_mib,256,guest_elapsed_base_mounted,25216
2026-05-13T22:45:32+00:00,minimal,stock,idle,26,mem_mib,256,guest_delta_base_mounted,6243
2026-05-13T22:45:32+00:00,minimal,stock,idle,26,mem_mib,256,guest_elapsed_overlay_disk_mounted,32595
2026-05-13T22:45:32+00:00,minimal,stock,idle,26,mem_mib,256,guest_delta_overlay_disk_mounted,7379
2026-05-13T22:45:32+00:00,minimal,stock,idle,26,mem_mib,256,guest_elapsed_overlay_dirs_ready,38235
2026-05-13T22:45:32+00:00,minimal,stock,idle,26,mem_mib,256,guest_delta_overlay_dirs_ready,5639
2026-05-13T22:45:32+00:00,minimal,stock,idle,26,mem_mib,256,guest_elapsed_merged_mountpoint_ready,41424
2026-05-13T22:45:32+00:00,minimal,stock,idle,26,mem_mib,256,guest_delta_merged_mountpoint_ready,3189
2026-05-13T22:45:32+00:00,minimal,stock,idle,26,mem_mib,256,guest_elapsed_overlayfs_mounted,44678
2026-05-13T22:45:32+00:00,minimal,stock,idle,26,mem_mib,256,guest_delta_overlayfs_mounted,3253
2026-05-13T22:45:32+00:00,minimal,stock,idle,26,mem_mib,256,guest_elapsed_pseudo_fs_bound_into_merged,48194
2026-05-13T22:45:32+00:00,minimal,stock,idle,26,mem_mib,256,guest_delta_pseudo_fs_bound_into_merged,3515
2026-05-13T22:45:32+00:00,minimal,stock,idle,26,mem_mib,256,guest_elapsed_merged_self_bound,51611
2026-05-13T22:45:32+00:00,minimal,stock,idle,26,mem_mib,256,guest_delta_merged_self_bound,3416
2026-05-13T22:45:32+00:00,minimal,stock,idle,26,mem_mib,256,guest_elapsed_pivot_rootfs_done,53384
2026-05-13T22:45:32+00:00,minimal,stock,idle,26,mem_mib,256,guest_delta_pivot_rootfs_done,1773
2026-05-13T22:45:32+00:00,minimal,stock,idle,26,mem_mib,256,guest_elapsed_overlay_pivot_complete,55355
2026-05-13T22:45:32+00:00,minimal,stock,idle,26,mem_mib,256,guest_delta_overlay_pivot_complete,1971
2026-05-13T22:45:32+00:00,minimal,stock,idle,26,mem_mib,256,guest_elapsed_network_configured,55533
2026-05-13T22:45:32+00:00,minimal,stock,idle,26,mem_mib,256,guest_delta_network_configured,178
2026-05-13T22:45:32+00:00,minimal,stock,idle,26,mem_mib,256,guest_elapsed_workspace_absent,55544
2026-05-13T22:45:32+00:00,minimal,stock,idle,26,mem_mib,256,guest_delta_workspace_absent,10
2026-05-13T22:45:32+00:00,minimal,stock,idle,26,mem_mib,256,guest_elapsed_pid1_setup_complete,55545
2026-05-13T22:45:32+00:00,minimal,stock,idle,26,mem_mib,256,guest_delta_pid1_setup_complete,1
2026-05-13T22:45:32+00:00,minimal,stock,idle,26,mem_mib,256,guest_elapsed_guestd_starting_log,55550
2026-05-13T22:45:32+00:00,minimal,stock,idle,26,mem_mib,256,guest_delta_guestd_starting_log,4
2026-05-13T22:45:32+00:00,minimal,stock,idle,26,mem_mib,256,guest_elapsed_exec_listener_bound,61624
2026-05-13T22:45:32+00:00,minimal,stock,idle,26,mem_mib,256,guest_delta_exec_listener_bound,6074
2026-05-13T22:45:32+00:00,minimal,stock,idle,26,mem_mib,256,guest_elapsed_ready_signal_sent,63806
2026-05-13T22:45:32+00:00,minimal,stock,idle,26,mem_mib,256,guest_delta_ready_signal_sent,2182
2026-05-13T22:45:33+00:00,minimal,stock,idle,27,mem_mib,256,phase_1_run_root_prep,41
2026-05-13T22:45:33+00:00,minimal,stock,idle,27,mem_mib,256,phase_2_lease,33
2026-05-13T22:45:33+00:00,minimal,stock,idle,27,mem_mib,256,phase_3b_rootfs_prepare,11339
2026-05-13T22:45:33+00:00,minimal,stock,idle,27,mem_mib,256,phase_3_storage_prep,11408
2026-05-13T22:45:33+00:00,minimal,stock,idle,27,mem_mib,256,phase_4_jailer_materialize,821
2026-05-13T22:45:33+00:00,minimal,stock,idle,27,mem_mib,256,phase_5_cgroup_probe,0
2026-05-13T22:45:33+00:00,minimal,stock,idle,27,mem_mib,256,phase_6_network_realize,0
2026-05-13T22:45:33+00:00,minimal,stock,idle,27,mem_mib,256,phase_7_outbound_guest_config,0
2026-05-13T22:45:33+00:00,minimal,stock,idle,27,mem_mib,256,phase_9_jailer_launch,15562
2026-05-13T22:45:33+00:00,minimal,stock,idle,27,mem_mib,256,phase_5b_cgroup_create,23265
2026-05-13T22:45:33+00:00,minimal,stock,idle,27,mem_mib,256,phase_10_open_uds,25
2026-05-13T22:45:33+00:00,minimal,stock,idle,27,mem_mib,256,phase_11_put_machine_config,165
2026-05-13T22:45:33+00:00,minimal,stock,idle,27,mem_mib,256,phase_11_put_boot_source,65
2026-05-13T22:45:33+00:00,minimal,stock,idle,27,mem_mib,256,phase_11_put_drive_rootfs,76
2026-05-13T22:45:33+00:00,minimal,stock,idle,27,mem_mib,256,phase_11_put_drive_rootfs_overlay,152
2026-05-13T22:45:33+00:00,minimal,stock,idle,27,mem_mib,256,phase_11_put_entropy,73
2026-05-13T22:45:33+00:00,minimal,stock,idle,27,mem_mib,256,phase_11_put_vsock,134
2026-05-13T22:45:33+00:00,minimal,stock,idle,27,mem_mib,256,phase_11_rest_puts,982
2026-05-13T22:45:33+00:00,minimal,stock,idle,27,mem_mib,256,phase_11b_ready_listener_bind,32
2026-05-13T22:45:33+00:00,minimal,stock,idle,27,mem_mib,256,phase_11c_boot_identity_record,41
2026-05-13T22:45:33+00:00,minimal,stock,idle,27,mem_mib,256,phase_12a_instance_start,19958
2026-05-13T22:45:33+00:00,minimal,stock,idle,27,mem_mib,256,phase_12b_host_waiting_accept,1026483
2026-05-13T22:45:33+00:00,minimal,stock,idle,27,mem_mib,256,phase_12b_kernel_console_range,961038
2026-05-13T22:45:33+00:00,minimal,stock,idle,27,mem_mib,256,phase_12b_guest_process_start,2
2026-05-13T22:45:33+00:00,minimal,stock,idle,27,mem_mib,256,phase_12b_guest_stdio_redirected,1651
2026-05-13T22:45:33+00:00,minimal,stock,idle,27,mem_mib,256,phase_12b_guest_panic_hook_installed,3342
2026-05-13T22:45:33+00:00,minimal,stock,idle,27,mem_mib,256,phase_12b_guest_pseudo_fs_mounted,13005
2026-05-13T22:45:33+00:00,minimal,stock,idle,27,mem_mib,256,phase_12b_guest_mount_namespace_private,20273
2026-05-13T22:45:33+00:00,minimal,stock,idle,27,mem_mib,256,phase_12b_guest_base_mounted,26716
2026-05-13T22:45:33+00:00,minimal,stock,idle,27,mem_mib,256,phase_12b_guest_overlay_disk_mounted,35069
2026-05-13T22:45:33+00:00,minimal,stock,idle,27,mem_mib,256,phase_12b_guest_overlay_dirs_ready,41686
2026-05-13T22:45:33+00:00,minimal,stock,idle,27,mem_mib,256,phase_12b_guest_merged_mountpoint_ready,46834
2026-05-13T22:45:33+00:00,minimal,stock,idle,27,mem_mib,256,phase_12b_guest_overlayfs_mounted,52832
2026-05-13T22:45:33+00:00,minimal,stock,idle,27,mem_mib,256,phase_12b_guest_pseudo_fs_bound_into_merged,56669
2026-05-13T22:45:33+00:00,minimal,stock,idle,27,mem_mib,256,phase_12b_guest_merged_self_bound,60082
2026-05-13T22:45:33+00:00,minimal,stock,idle,27,mem_mib,256,phase_12b_guest_pivot_rootfs_done,61912
2026-05-13T22:45:33+00:00,minimal,stock,idle,27,mem_mib,256,phase_12b_guest_overlay_pivot_complete,63847
2026-05-13T22:45:33+00:00,minimal,stock,idle,27,mem_mib,256,phase_12b_guest_network_configured,65788
2026-05-13T22:45:33+00:00,minimal,stock,idle,27,mem_mib,256,phase_12b_guest_workspace_absent,67857
2026-05-13T22:45:33+00:00,minimal,stock,idle,27,mem_mib,256,phase_12b_guest_pid1_setup_complete,68745
2026-05-13T22:45:33+00:00,minimal,stock,idle,27,mem_mib,256,phase_12b_guest_guestd_starting_log,70414
2026-05-13T22:45:33+00:00,minimal,stock,idle,27,mem_mib,256,phase_12b_guest_exec_listener_bound,71454
2026-05-13T22:45:33+00:00,minimal,stock,idle,27,mem_mib,256,phase_12b_ready_accept,1028833
2026-05-13T22:45:33+00:00,minimal,stock,idle,27,mem_mib,256,exec_send,10
2026-05-13T22:45:33+00:00,minimal,stock,idle,27,mem_mib,256,exec_recv,12078
2026-05-13T22:45:33+00:00,minimal,stock,idle,27,mem_mib,256,stop_bounded,70486
2026-05-13T22:45:33+00:00,minimal,stock,idle,27,mem_mib,256,stop_release,149
2026-05-13T22:45:33+00:00,minimal,stock,idle,27,mem_mib,256,guest_elapsed_process_start,2
2026-05-13T22:45:33+00:00,minimal,stock,idle,27,mem_mib,256,guest_delta_process_start,2
2026-05-13T22:45:33+00:00,minimal,stock,idle,27,mem_mib,256,guest_elapsed_stdio_redirected,1651
2026-05-13T22:45:33+00:00,minimal,stock,idle,27,mem_mib,256,guest_delta_stdio_redirected,1649
2026-05-13T22:45:33+00:00,minimal,stock,idle,27,mem_mib,256,guest_elapsed_panic_hook_installed,3342
2026-05-13T22:45:33+00:00,minimal,stock,idle,27,mem_mib,256,guest_delta_panic_hook_installed,1690
2026-05-13T22:45:33+00:00,minimal,stock,idle,27,mem_mib,256,guest_elapsed_pseudo_fs_mounted,13005
2026-05-13T22:45:33+00:00,minimal,stock,idle,27,mem_mib,256,guest_delta_pseudo_fs_mounted,9663
2026-05-13T22:45:33+00:00,minimal,stock,idle,27,mem_mib,256,guest_elapsed_mount_namespace_private,20273
2026-05-13T22:45:33+00:00,minimal,stock,idle,27,mem_mib,256,guest_delta_mount_namespace_private,7268
2026-05-13T22:45:33+00:00,minimal,stock,idle,27,mem_mib,256,guest_elapsed_base_mounted,26716
2026-05-13T22:45:33+00:00,minimal,stock,idle,27,mem_mib,256,guest_delta_base_mounted,6442
2026-05-13T22:45:33+00:00,minimal,stock,idle,27,mem_mib,256,guest_elapsed_overlay_disk_mounted,35069
2026-05-13T22:45:33+00:00,minimal,stock,idle,27,mem_mib,256,guest_delta_overlay_disk_mounted,8353
2026-05-13T22:45:33+00:00,minimal,stock,idle,27,mem_mib,256,guest_elapsed_overlay_dirs_ready,41686
2026-05-13T22:45:33+00:00,minimal,stock,idle,27,mem_mib,256,guest_delta_overlay_dirs_ready,6616
2026-05-13T22:45:33+00:00,minimal,stock,idle,27,mem_mib,256,guest_elapsed_merged_mountpoint_ready,46834
2026-05-13T22:45:33+00:00,minimal,stock,idle,27,mem_mib,256,guest_delta_merged_mountpoint_ready,5147
2026-05-13T22:45:33+00:00,minimal,stock,idle,27,mem_mib,256,guest_elapsed_overlayfs_mounted,52832
2026-05-13T22:45:33+00:00,minimal,stock,idle,27,mem_mib,256,guest_delta_overlayfs_mounted,5997
2026-05-13T22:45:33+00:00,minimal,stock,idle,27,mem_mib,256,guest_elapsed_pseudo_fs_bound_into_merged,56669
2026-05-13T22:45:33+00:00,minimal,stock,idle,27,mem_mib,256,guest_delta_pseudo_fs_bound_into_merged,3837
2026-05-13T22:45:33+00:00,minimal,stock,idle,27,mem_mib,256,guest_elapsed_merged_self_bound,60082
2026-05-13T22:45:33+00:00,minimal,stock,idle,27,mem_mib,256,guest_delta_merged_self_bound,3412
2026-05-13T22:45:33+00:00,minimal,stock,idle,27,mem_mib,256,guest_elapsed_pivot_rootfs_done,61912
2026-05-13T22:45:33+00:00,minimal,stock,idle,27,mem_mib,256,guest_delta_pivot_rootfs_done,1830
2026-05-13T22:45:33+00:00,minimal,stock,idle,27,mem_mib,256,guest_elapsed_overlay_pivot_complete,63847
2026-05-13T22:45:33+00:00,minimal,stock,idle,27,mem_mib,256,guest_delta_overlay_pivot_complete,1935
2026-05-13T22:45:33+00:00,minimal,stock,idle,27,mem_mib,256,guest_elapsed_network_configured,65788
2026-05-13T22:45:33+00:00,minimal,stock,idle,27,mem_mib,256,guest_delta_network_configured,1940
2026-05-13T22:45:33+00:00,minimal,stock,idle,27,mem_mib,256,guest_elapsed_workspace_absent,67857
2026-05-13T22:45:33+00:00,minimal,stock,idle,27,mem_mib,256,guest_delta_workspace_absent,2069
2026-05-13T22:45:33+00:00,minimal,stock,idle,27,mem_mib,256,guest_elapsed_pid1_setup_complete,68745
2026-05-13T22:45:33+00:00,minimal,stock,idle,27,mem_mib,256,guest_delta_pid1_setup_complete,888
2026-05-13T22:45:33+00:00,minimal,stock,idle,27,mem_mib,256,guest_elapsed_guestd_starting_log,70414
2026-05-13T22:45:33+00:00,minimal,stock,idle,27,mem_mib,256,guest_delta_guestd_starting_log,1668
2026-05-13T22:45:33+00:00,minimal,stock,idle,27,mem_mib,256,guest_elapsed_exec_listener_bound,71454
2026-05-13T22:45:33+00:00,minimal,stock,idle,27,mem_mib,256,guest_delta_exec_listener_bound,1040
2026-05-13T22:45:33+00:00,minimal,stock,idle,27,mem_mib,256,guest_elapsed_ready_signal_sent,73655
2026-05-13T22:45:33+00:00,minimal,stock,idle,27,mem_mib,256,guest_delta_ready_signal_sent,2201
2026-05-13T22:45:34+00:00,minimal,stock,idle,28,mem_mib,256,phase_1_run_root_prep,37
2026-05-13T22:45:34+00:00,minimal,stock,idle,28,mem_mib,256,phase_2_lease,34
2026-05-13T22:45:34+00:00,minimal,stock,idle,28,mem_mib,256,phase_3b_rootfs_prepare,11617
2026-05-13T22:45:34+00:00,minimal,stock,idle,28,mem_mib,256,phase_3_storage_prep,11686
2026-05-13T22:45:34+00:00,minimal,stock,idle,28,mem_mib,256,phase_4_jailer_materialize,779
2026-05-13T22:45:34+00:00,minimal,stock,idle,28,mem_mib,256,phase_5_cgroup_probe,0
2026-05-13T22:45:34+00:00,minimal,stock,idle,28,mem_mib,256,phase_6_network_realize,0
2026-05-13T22:45:34+00:00,minimal,stock,idle,28,mem_mib,256,phase_7_outbound_guest_config,0
2026-05-13T22:45:34+00:00,minimal,stock,idle,28,mem_mib,256,phase_9_jailer_launch,15462
2026-05-13T22:45:34+00:00,minimal,stock,idle,28,mem_mib,256,phase_5b_cgroup_create,23448
2026-05-13T22:45:34+00:00,minimal,stock,idle,28,mem_mib,256,phase_10_open_uds,27
2026-05-13T22:45:34+00:00,minimal,stock,idle,28,mem_mib,256,phase_11_put_machine_config,183
2026-05-13T22:45:34+00:00,minimal,stock,idle,28,mem_mib,256,phase_11_put_boot_source,70
2026-05-13T22:45:34+00:00,minimal,stock,idle,28,mem_mib,256,phase_11_put_drive_rootfs,86
2026-05-13T22:45:34+00:00,minimal,stock,idle,28,mem_mib,256,phase_11_put_drive_rootfs_overlay,159
2026-05-13T22:45:34+00:00,minimal,stock,idle,28,mem_mib,256,phase_11_put_entropy,75
2026-05-13T22:45:34+00:00,minimal,stock,idle,28,mem_mib,256,phase_11_put_vsock,129
2026-05-13T22:45:34+00:00,minimal,stock,idle,28,mem_mib,256,phase_11_rest_puts,1019
2026-05-13T22:45:34+00:00,minimal,stock,idle,28,mem_mib,256,phase_11b_ready_listener_bind,32
2026-05-13T22:45:34+00:00,minimal,stock,idle,28,mem_mib,256,phase_11c_boot_identity_record,41
2026-05-13T22:45:34+00:00,minimal,stock,idle,28,mem_mib,256,phase_12a_instance_start,18488
2026-05-13T22:45:34+00:00,minimal,stock,idle,28,mem_mib,256,phase_12b_host_waiting_accept,1012775
2026-05-13T22:45:34+00:00,minimal,stock,idle,28,mem_mib,256,phase_12b_kernel_console_range,946144
2026-05-13T22:45:34+00:00,minimal,stock,idle,28,mem_mib,256,phase_12b_guest_process_start,2
2026-05-13T22:45:34+00:00,minimal,stock,idle,28,mem_mib,256,phase_12b_guest_stdio_redirected,1623
2026-05-13T22:45:34+00:00,minimal,stock,idle,28,mem_mib,256,phase_12b_guest_panic_hook_installed,3290
2026-05-13T22:45:34+00:00,minimal,stock,idle,28,mem_mib,256,phase_12b_guest_pseudo_fs_mounted,13774
2026-05-13T22:45:34+00:00,minimal,stock,idle,28,mem_mib,256,phase_12b_guest_mount_namespace_private,20096
2026-05-13T22:45:34+00:00,minimal,stock,idle,28,mem_mib,256,phase_12b_guest_base_mounted,26306
2026-05-13T22:45:34+00:00,minimal,stock,idle,28,mem_mib,256,phase_12b_guest_overlay_disk_mounted,33657
2026-05-13T22:45:34+00:00,minimal,stock,idle,28,mem_mib,256,phase_12b_guest_overlay_dirs_ready,39291
2026-05-13T22:45:34+00:00,minimal,stock,idle,28,mem_mib,256,phase_12b_guest_merged_mountpoint_ready,42168
2026-05-13T22:45:34+00:00,minimal,stock,idle,28,mem_mib,256,phase_12b_guest_overlayfs_mounted,45471
2026-05-13T22:45:34+00:00,minimal,stock,idle,28,mem_mib,256,phase_12b_guest_pseudo_fs_bound_into_merged,48941
2026-05-13T22:45:34+00:00,minimal,stock,idle,28,mem_mib,256,phase_12b_guest_merged_self_bound,52350
2026-05-13T22:45:34+00:00,minimal,stock,idle,28,mem_mib,256,phase_12b_guest_pivot_rootfs_done,54136
2026-05-13T22:45:34+00:00,minimal,stock,idle,28,mem_mib,256,phase_12b_guest_overlay_pivot_complete,56064
2026-05-13T22:45:34+00:00,minimal,stock,idle,28,mem_mib,256,phase_12b_guest_network_configured,57958
2026-05-13T22:45:34+00:00,minimal,stock,idle,28,mem_mib,256,phase_12b_guest_workspace_absent,60023
2026-05-13T22:45:34+00:00,minimal,stock,idle,28,mem_mib,256,phase_12b_guest_pid1_setup_complete,60873
2026-05-13T22:45:34+00:00,minimal,stock,idle,28,mem_mib,256,phase_12b_guest_guestd_starting_log,62520
2026-05-13T22:45:34+00:00,minimal,stock,idle,28,mem_mib,256,phase_12b_guest_exec_listener_bound,63553
2026-05-13T22:45:34+00:00,minimal,stock,idle,28,mem_mib,256,phase_12b_ready_accept,1015082
2026-05-13T22:45:34+00:00,minimal,stock,idle,28,mem_mib,256,exec_send,19
2026-05-13T22:45:34+00:00,minimal,stock,idle,28,mem_mib,256,exec_recv,11985
2026-05-13T22:45:34+00:00,minimal,stock,idle,28,mem_mib,256,stop_bounded,75523
2026-05-13T22:45:34+00:00,minimal,stock,idle,28,mem_mib,256,stop_release,114
2026-05-13T22:45:34+00:00,minimal,stock,idle,28,mem_mib,256,guest_elapsed_process_start,2
2026-05-13T22:45:34+00:00,minimal,stock,idle,28,mem_mib,256,guest_delta_process_start,2
2026-05-13T22:45:34+00:00,minimal,stock,idle,28,mem_mib,256,guest_elapsed_stdio_redirected,1623
2026-05-13T22:45:34+00:00,minimal,stock,idle,28,mem_mib,256,guest_delta_stdio_redirected,1620
2026-05-13T22:45:34+00:00,minimal,stock,idle,28,mem_mib,256,guest_elapsed_panic_hook_installed,3290
2026-05-13T22:45:34+00:00,minimal,stock,idle,28,mem_mib,256,guest_delta_panic_hook_installed,1666
2026-05-13T22:45:34+00:00,minimal,stock,idle,28,mem_mib,256,guest_elapsed_pseudo_fs_mounted,13774
2026-05-13T22:45:34+00:00,minimal,stock,idle,28,mem_mib,256,guest_delta_pseudo_fs_mounted,10484
2026-05-13T22:45:34+00:00,minimal,stock,idle,28,mem_mib,256,guest_elapsed_mount_namespace_private,20096
2026-05-13T22:45:34+00:00,minimal,stock,idle,28,mem_mib,256,guest_delta_mount_namespace_private,6322
2026-05-13T22:45:34+00:00,minimal,stock,idle,28,mem_mib,256,guest_elapsed_base_mounted,26306
2026-05-13T22:45:34+00:00,minimal,stock,idle,28,mem_mib,256,guest_delta_base_mounted,6209
2026-05-13T22:45:34+00:00,minimal,stock,idle,28,mem_mib,256,guest_elapsed_overlay_disk_mounted,33657
2026-05-13T22:45:34+00:00,minimal,stock,idle,28,mem_mib,256,guest_delta_overlay_disk_mounted,7350
2026-05-13T22:45:34+00:00,minimal,stock,idle,28,mem_mib,256,guest_elapsed_overlay_dirs_ready,39291
2026-05-13T22:45:34+00:00,minimal,stock,idle,28,mem_mib,256,guest_delta_overlay_dirs_ready,5634
2026-05-13T22:45:34+00:00,minimal,stock,idle,28,mem_mib,256,guest_elapsed_merged_mountpoint_ready,42168
2026-05-13T22:45:34+00:00,minimal,stock,idle,28,mem_mib,256,guest_delta_merged_mountpoint_ready,2877
2026-05-13T22:45:34+00:00,minimal,stock,idle,28,mem_mib,256,guest_elapsed_overlayfs_mounted,45471
2026-05-13T22:45:34+00:00,minimal,stock,idle,28,mem_mib,256,guest_delta_overlayfs_mounted,3303
2026-05-13T22:45:34+00:00,minimal,stock,idle,28,mem_mib,256,guest_elapsed_pseudo_fs_bound_into_merged,48941
2026-05-13T22:45:34+00:00,minimal,stock,idle,28,mem_mib,256,guest_delta_pseudo_fs_bound_into_merged,3469
2026-05-13T22:45:34+00:00,minimal,stock,idle,28,mem_mib,256,guest_elapsed_merged_self_bound,52350
2026-05-13T22:45:34+00:00,minimal,stock,idle,28,mem_mib,256,guest_delta_merged_self_bound,3408
2026-05-13T22:45:34+00:00,minimal,stock,idle,28,mem_mib,256,guest_elapsed_pivot_rootfs_done,54136
2026-05-13T22:45:34+00:00,minimal,stock,idle,28,mem_mib,256,guest_delta_pivot_rootfs_done,1786
2026-05-13T22:45:34+00:00,minimal,stock,idle,28,mem_mib,256,guest_elapsed_overlay_pivot_complete,56064
2026-05-13T22:45:34+00:00,minimal,stock,idle,28,mem_mib,256,guest_delta_overlay_pivot_complete,1928
2026-05-13T22:45:34+00:00,minimal,stock,idle,28,mem_mib,256,guest_elapsed_network_configured,57958
2026-05-13T22:45:34+00:00,minimal,stock,idle,28,mem_mib,256,guest_delta_network_configured,1893
2026-05-13T22:45:34+00:00,minimal,stock,idle,28,mem_mib,256,guest_elapsed_workspace_absent,60023
2026-05-13T22:45:34+00:00,minimal,stock,idle,28,mem_mib,256,guest_delta_workspace_absent,2064
2026-05-13T22:45:34+00:00,minimal,stock,idle,28,mem_mib,256,guest_elapsed_pid1_setup_complete,60873
2026-05-13T22:45:34+00:00,minimal,stock,idle,28,mem_mib,256,guest_delta_pid1_setup_complete,850
2026-05-13T22:45:34+00:00,minimal,stock,idle,28,mem_mib,256,guest_elapsed_guestd_starting_log,62520
2026-05-13T22:45:34+00:00,minimal,stock,idle,28,mem_mib,256,guest_delta_guestd_starting_log,1646
2026-05-13T22:45:34+00:00,minimal,stock,idle,28,mem_mib,256,guest_elapsed_exec_listener_bound,63553
2026-05-13T22:45:34+00:00,minimal,stock,idle,28,mem_mib,256,guest_delta_exec_listener_bound,1032
2026-05-13T22:45:34+00:00,minimal,stock,idle,28,mem_mib,256,guest_elapsed_ready_signal_sent,65667
2026-05-13T22:45:34+00:00,minimal,stock,idle,28,mem_mib,256,guest_delta_ready_signal_sent,2114
2026-05-13T22:45:36+00:00,minimal,stock,idle,29,mem_mib,256,phase_1_run_root_prep,60
2026-05-13T22:45:36+00:00,minimal,stock,idle,29,mem_mib,256,phase_2_lease,60
2026-05-13T22:45:36+00:00,minimal,stock,idle,29,mem_mib,256,phase_3b_rootfs_prepare,8650
2026-05-13T22:45:36+00:00,minimal,stock,idle,29,mem_mib,256,phase_3_storage_prep,8710
2026-05-13T22:45:36+00:00,minimal,stock,idle,29,mem_mib,256,phase_4_jailer_materialize,3751
2026-05-13T22:45:36+00:00,minimal,stock,idle,29,mem_mib,256,phase_5_cgroup_probe,0
2026-05-13T22:45:36+00:00,minimal,stock,idle,29,mem_mib,256,phase_6_network_realize,0
2026-05-13T22:45:36+00:00,minimal,stock,idle,29,mem_mib,256,phase_7_outbound_guest_config,0
2026-05-13T22:45:36+00:00,minimal,stock,idle,29,mem_mib,256,phase_9_jailer_launch,15505
2026-05-13T22:45:36+00:00,minimal,stock,idle,29,mem_mib,256,phase_5b_cgroup_create,17232
2026-05-13T22:45:36+00:00,minimal,stock,idle,29,mem_mib,256,phase_10_open_uds,29
2026-05-13T22:45:36+00:00,minimal,stock,idle,29,mem_mib,256,phase_11_put_machine_config,205
2026-05-13T22:45:36+00:00,minimal,stock,idle,29,mem_mib,256,phase_11_put_boot_source,100
2026-05-13T22:45:36+00:00,minimal,stock,idle,29,mem_mib,256,phase_11_put_drive_rootfs,103
2026-05-13T22:45:36+00:00,minimal,stock,idle,29,mem_mib,256,phase_11_put_drive_rootfs_overlay,188
2026-05-13T22:45:36+00:00,minimal,stock,idle,29,mem_mib,256,phase_11_put_entropy,127
2026-05-13T22:45:36+00:00,minimal,stock,idle,29,mem_mib,256,phase_11_put_vsock,233
2026-05-13T22:45:36+00:00,minimal,stock,idle,29,mem_mib,256,phase_11_rest_puts,1617
2026-05-13T22:45:36+00:00,minimal,stock,idle,29,mem_mib,256,phase_11b_ready_listener_bind,90
2026-05-13T22:45:36+00:00,minimal,stock,idle,29,mem_mib,256,phase_11c_boot_identity_record,97
2026-05-13T22:45:36+00:00,minimal,stock,idle,29,mem_mib,256,phase_12a_instance_start,19703
2026-05-13T22:45:36+00:00,minimal,stock,idle,29,mem_mib,256,phase_12b_host_waiting_accept,974141
2026-05-13T22:45:36+00:00,minimal,stock,idle,29,mem_mib,256,phase_12b_kernel_console_range,907994
2026-05-13T22:45:36+00:00,minimal,stock,idle,29,mem_mib,256,phase_12b_guest_process_start,0
2026-05-13T22:45:36+00:00,minimal,stock,idle,29,mem_mib,256,phase_12b_guest_stdio_redirected,1597
2026-05-13T22:45:36+00:00,minimal,stock,idle,29,mem_mib,256,phase_12b_guest_panic_hook_installed,3197
2026-05-13T22:45:36+00:00,minimal,stock,idle,29,mem_mib,256,phase_12b_guest_pseudo_fs_mounted,13305
2026-05-13T22:45:36+00:00,minimal,stock,idle,29,mem_mib,256,phase_12b_guest_mount_namespace_private,19336
2026-05-13T22:45:36+00:00,minimal,stock,idle,29,mem_mib,256,phase_12b_guest_base_mounted,25449
2026-05-13T22:45:36+00:00,minimal,stock,idle,29,mem_mib,256,phase_12b_guest_overlay_disk_mounted,32610
2026-05-13T22:45:36+00:00,minimal,stock,idle,29,mem_mib,256,phase_12b_guest_overlay_dirs_ready,38093
2026-05-13T22:45:36+00:00,minimal,stock,idle,29,mem_mib,256,phase_12b_guest_merged_mountpoint_ready,41349
2026-05-13T22:45:36+00:00,minimal,stock,idle,29,mem_mib,256,phase_12b_guest_overlayfs_mounted,44508
2026-05-13T22:45:36+00:00,minimal,stock,idle,29,mem_mib,256,phase_12b_guest_pseudo_fs_bound_into_merged,47823
2026-05-13T22:45:36+00:00,minimal,stock,idle,29,mem_mib,256,phase_12b_guest_merged_self_bound,51074
2026-05-13T22:45:36+00:00,minimal,stock,idle,29,mem_mib,256,phase_12b_guest_pivot_rootfs_done,52802
2026-05-13T22:45:36+00:00,minimal,stock,idle,29,mem_mib,256,phase_12b_guest_overlay_pivot_complete,54625
2026-05-13T22:45:36+00:00,minimal,stock,idle,29,mem_mib,256,phase_12b_guest_network_configured,56440
2026-05-13T22:45:36+00:00,minimal,stock,idle,29,mem_mib,256,phase_12b_guest_workspace_absent,58393
2026-05-13T22:45:36+00:00,minimal,stock,idle,29,mem_mib,256,phase_12b_guest_pid1_setup_complete,59207
2026-05-13T22:45:36+00:00,minimal,stock,idle,29,mem_mib,256,phase_12b_guest_guestd_starting_log,60806
2026-05-13T22:45:36+00:00,minimal,stock,idle,29,mem_mib,256,phase_12b_guest_exec_listener_bound,61902
2026-05-13T22:45:36+00:00,minimal,stock,idle,29,mem_mib,256,phase_12b_ready_accept,976430
2026-05-13T22:45:36+00:00,minimal,stock,idle,29,mem_mib,256,exec_send,16
2026-05-13T22:45:36+00:00,minimal,stock,idle,29,mem_mib,256,exec_recv,12150
2026-05-13T22:45:36+00:00,minimal,stock,idle,29,mem_mib,256,stop_bounded,66609
2026-05-13T22:45:36+00:00,minimal,stock,idle,29,mem_mib,256,stop_release,143
2026-05-13T22:45:36+00:00,minimal,stock,idle,29,mem_mib,256,guest_elapsed_process_start,0
2026-05-13T22:45:36+00:00,minimal,stock,idle,29,mem_mib,256,guest_delta_process_start,0
2026-05-13T22:45:36+00:00,minimal,stock,idle,29,mem_mib,256,guest_elapsed_stdio_redirected,1597
2026-05-13T22:45:36+00:00,minimal,stock,idle,29,mem_mib,256,guest_delta_stdio_redirected,1597
2026-05-13T22:45:36+00:00,minimal,stock,idle,29,mem_mib,256,guest_elapsed_panic_hook_installed,3197
2026-05-13T22:45:36+00:00,minimal,stock,idle,29,mem_mib,256,guest_delta_panic_hook_installed,1600
2026-05-13T22:45:36+00:00,minimal,stock,idle,29,mem_mib,256,guest_elapsed_pseudo_fs_mounted,13305
2026-05-13T22:45:36+00:00,minimal,stock,idle,29,mem_mib,256,guest_delta_pseudo_fs_mounted,10107
2026-05-13T22:45:36+00:00,minimal,stock,idle,29,mem_mib,256,guest_elapsed_mount_namespace_private,19336
2026-05-13T22:45:36+00:00,minimal,stock,idle,29,mem_mib,256,guest_delta_mount_namespace_private,6031
2026-05-13T22:45:36+00:00,minimal,stock,idle,29,mem_mib,256,guest_elapsed_base_mounted,25449
2026-05-13T22:45:36+00:00,minimal,stock,idle,29,mem_mib,256,guest_delta_base_mounted,6112
2026-05-13T22:45:36+00:00,minimal,stock,idle,29,mem_mib,256,guest_elapsed_overlay_disk_mounted,32610
2026-05-13T22:45:36+00:00,minimal,stock,idle,29,mem_mib,256,guest_delta_overlay_disk_mounted,7161
2026-05-13T22:45:36+00:00,minimal,stock,idle,29,mem_mib,256,guest_elapsed_overlay_dirs_ready,38093
2026-05-13T22:45:36+00:00,minimal,stock,idle,29,mem_mib,256,guest_delta_overlay_dirs_ready,5483
2026-05-13T22:45:36+00:00,minimal,stock,idle,29,mem_mib,256,guest_elapsed_merged_mountpoint_ready,41349
2026-05-13T22:45:36+00:00,minimal,stock,idle,29,mem_mib,256,guest_delta_merged_mountpoint_ready,3255
2026-05-13T22:45:36+00:00,minimal,stock,idle,29,mem_mib,256,guest_elapsed_overlayfs_mounted,44508
2026-05-13T22:45:36+00:00,minimal,stock,idle,29,mem_mib,256,guest_delta_overlayfs_mounted,3158
2026-05-13T22:45:36+00:00,minimal,stock,idle,29,mem_mib,256,guest_elapsed_pseudo_fs_bound_into_merged,47823
2026-05-13T22:45:36+00:00,minimal,stock,idle,29,mem_mib,256,guest_delta_pseudo_fs_bound_into_merged,3314
2026-05-13T22:45:36+00:00,minimal,stock,idle,29,mem_mib,256,guest_elapsed_merged_self_bound,51074
2026-05-13T22:45:36+00:00,minimal,stock,idle,29,mem_mib,256,guest_delta_merged_self_bound,3250
2026-05-13T22:45:36+00:00,minimal,stock,idle,29,mem_mib,256,guest_elapsed_pivot_rootfs_done,52802
2026-05-13T22:45:36+00:00,minimal,stock,idle,29,mem_mib,256,guest_delta_pivot_rootfs_done,1728
2026-05-13T22:45:36+00:00,minimal,stock,idle,29,mem_mib,256,guest_elapsed_overlay_pivot_complete,54625
2026-05-13T22:45:36+00:00,minimal,stock,idle,29,mem_mib,256,guest_delta_overlay_pivot_complete,1822
2026-05-13T22:45:36+00:00,minimal,stock,idle,29,mem_mib,256,guest_elapsed_network_configured,56440
2026-05-13T22:45:36+00:00,minimal,stock,idle,29,mem_mib,256,guest_delta_network_configured,1814
2026-05-13T22:45:36+00:00,minimal,stock,idle,29,mem_mib,256,guest_elapsed_workspace_absent,58393
2026-05-13T22:45:36+00:00,minimal,stock,idle,29,mem_mib,256,guest_delta_workspace_absent,1953
2026-05-13T22:45:36+00:00,minimal,stock,idle,29,mem_mib,256,guest_elapsed_pid1_setup_complete,59207
2026-05-13T22:45:36+00:00,minimal,stock,idle,29,mem_mib,256,guest_delta_pid1_setup_complete,813
2026-05-13T22:45:36+00:00,minimal,stock,idle,29,mem_mib,256,guest_elapsed_guestd_starting_log,60806
2026-05-13T22:45:36+00:00,minimal,stock,idle,29,mem_mib,256,guest_delta_guestd_starting_log,1598
2026-05-13T22:45:36+00:00,minimal,stock,idle,29,mem_mib,256,guest_elapsed_exec_listener_bound,61902
2026-05-13T22:45:36+00:00,minimal,stock,idle,29,mem_mib,256,guest_delta_exec_listener_bound,1096
2026-05-13T22:45:36+00:00,minimal,stock,idle,29,mem_mib,256,guest_elapsed_ready_signal_sent,63953
2026-05-13T22:45:36+00:00,minimal,stock,idle,29,mem_mib,256,guest_delta_ready_signal_sent,2051
2026-05-13T22:45:37+00:00,minimal,stock,idle,30,mem_mib,256,phase_1_run_root_prep,65
2026-05-13T22:45:37+00:00,minimal,stock,idle,30,mem_mib,256,phase_2_lease,61
2026-05-13T22:45:37+00:00,minimal,stock,idle,30,mem_mib,256,phase_3b_rootfs_prepare,11384
2026-05-13T22:45:37+00:00,minimal,stock,idle,30,mem_mib,256,phase_3_storage_prep,11461
2026-05-13T22:45:37+00:00,minimal,stock,idle,30,mem_mib,256,phase_4_jailer_materialize,3481
2026-05-13T22:45:37+00:00,minimal,stock,idle,30,mem_mib,256,phase_5_cgroup_probe,0
2026-05-13T22:45:37+00:00,minimal,stock,idle,30,mem_mib,256,phase_6_network_realize,6
2026-05-13T22:45:37+00:00,minimal,stock,idle,30,mem_mib,256,phase_7_outbound_guest_config,0
2026-05-13T22:45:37+00:00,minimal,stock,idle,30,mem_mib,256,phase_9_jailer_launch,15480
2026-05-13T22:45:37+00:00,minimal,stock,idle,30,mem_mib,256,phase_5b_cgroup_create,15298
2026-05-13T22:45:37+00:00,minimal,stock,idle,30,mem_mib,256,phase_10_open_uds,26
2026-05-13T22:45:37+00:00,minimal,stock,idle,30,mem_mib,256,phase_11_put_machine_config,173
2026-05-13T22:45:37+00:00,minimal,stock,idle,30,mem_mib,256,phase_11_put_boot_source,80
2026-05-13T22:45:37+00:00,minimal,stock,idle,30,mem_mib,256,phase_11_put_drive_rootfs,87
2026-05-13T22:45:37+00:00,minimal,stock,idle,30,mem_mib,256,phase_11_put_drive_rootfs_overlay,165
2026-05-13T22:45:37+00:00,minimal,stock,idle,30,mem_mib,256,phase_11_put_entropy,87
2026-05-13T22:45:37+00:00,minimal,stock,idle,30,mem_mib,256,phase_11_put_vsock,141
2026-05-13T22:45:37+00:00,minimal,stock,idle,30,mem_mib,256,phase_11_rest_puts,1400
2026-05-13T22:45:37+00:00,minimal,stock,idle,30,mem_mib,256,phase_11b_ready_listener_bind,88
2026-05-13T22:45:37+00:00,minimal,stock,idle,30,mem_mib,256,phase_11c_boot_identity_record,85
2026-05-13T22:45:37+00:00,minimal,stock,idle,30,mem_mib,256,phase_12a_instance_start,19581
2026-05-13T22:45:37+00:00,minimal,stock,idle,30,mem_mib,256,phase_12b_host_waiting_accept,1011537
2026-05-13T22:45:37+00:00,minimal,stock,idle,30,mem_mib,256,phase_12b_kernel_console_range,945733
2026-05-13T22:45:37+00:00,minimal,stock,idle,30,mem_mib,256,phase_12b_guest_process_start,2
2026-05-13T22:45:37+00:00,minimal,stock,idle,30,mem_mib,256,phase_12b_guest_stdio_redirected,1618
2026-05-13T22:45:37+00:00,minimal,stock,idle,30,mem_mib,256,phase_12b_guest_panic_hook_installed,3315
2026-05-13T22:45:37+00:00,minimal,stock,idle,30,mem_mib,256,phase_12b_guest_pseudo_fs_mounted,13747
2026-05-13T22:45:37+00:00,minimal,stock,idle,30,mem_mib,256,phase_12b_guest_mount_namespace_private,20022
2026-05-13T22:45:37+00:00,minimal,stock,idle,30,mem_mib,256,phase_12b_guest_base_mounted,25891
2026-05-13T22:45:37+00:00,minimal,stock,idle,30,mem_mib,256,phase_12b_guest_overlay_disk_mounted,33320
2026-05-13T22:45:37+00:00,minimal,stock,idle,30,mem_mib,256,phase_12b_guest_overlay_dirs_ready,38553
2026-05-13T22:45:37+00:00,minimal,stock,idle,30,mem_mib,256,phase_12b_guest_merged_mountpoint_ready,41564
2026-05-13T22:45:37+00:00,minimal,stock,idle,30,mem_mib,256,phase_12b_guest_overlayfs_mounted,44866
2026-05-13T22:45:37+00:00,minimal,stock,idle,30,mem_mib,256,phase_12b_guest_pseudo_fs_bound_into_merged,48357
2026-05-13T22:45:37+00:00,minimal,stock,idle,30,mem_mib,256,phase_12b_guest_merged_self_bound,51742
2026-05-13T22:45:37+00:00,minimal,stock,idle,30,mem_mib,256,phase_12b_guest_pivot_rootfs_done,53522
2026-05-13T22:45:37+00:00,minimal,stock,idle,30,mem_mib,256,phase_12b_guest_overlay_pivot_complete,55448
2026-05-13T22:45:37+00:00,minimal,stock,idle,30,mem_mib,256,phase_12b_guest_network_configured,57338
2026-05-13T22:45:37+00:00,minimal,stock,idle,30,mem_mib,256,phase_12b_guest_workspace_absent,59402
2026-05-13T22:45:37+00:00,minimal,stock,idle,30,mem_mib,256,phase_12b_guest_pid1_setup_complete,60256
2026-05-13T22:45:37+00:00,minimal,stock,idle,30,mem_mib,256,phase_12b_guest_guestd_starting_log,61896
2026-05-13T22:45:37+00:00,minimal,stock,idle,30,mem_mib,256,phase_12b_guest_exec_listener_bound,62913
2026-05-13T22:45:37+00:00,minimal,stock,idle,30,mem_mib,256,phase_12b_ready_accept,1013849
2026-05-13T22:45:37+00:00,minimal,stock,idle,30,mem_mib,256,exec_send,18
2026-05-13T22:45:37+00:00,minimal,stock,idle,30,mem_mib,256,exec_recv,12016
2026-05-13T22:45:37+00:00,minimal,stock,idle,30,mem_mib,256,stop_bounded,68446
2026-05-13T22:45:37+00:00,minimal,stock,idle,30,mem_mib,256,stop_release,121
2026-05-13T22:45:37+00:00,minimal,stock,idle,30,mem_mib,256,guest_elapsed_process_start,2
2026-05-13T22:45:37+00:00,minimal,stock,idle,30,mem_mib,256,guest_delta_process_start,2
2026-05-13T22:45:37+00:00,minimal,stock,idle,30,mem_mib,256,guest_elapsed_stdio_redirected,1618
2026-05-13T22:45:37+00:00,minimal,stock,idle,30,mem_mib,256,guest_delta_stdio_redirected,1616
2026-05-13T22:45:37+00:00,minimal,stock,idle,30,mem_mib,256,guest_elapsed_panic_hook_installed,3315
2026-05-13T22:45:37+00:00,minimal,stock,idle,30,mem_mib,256,guest_delta_panic_hook_installed,1696
2026-05-13T22:45:37+00:00,minimal,stock,idle,30,mem_mib,256,guest_elapsed_pseudo_fs_mounted,13747
2026-05-13T22:45:37+00:00,minimal,stock,idle,30,mem_mib,256,guest_delta_pseudo_fs_mounted,10431
2026-05-13T22:45:37+00:00,minimal,stock,idle,30,mem_mib,256,guest_elapsed_mount_namespace_private,20022
2026-05-13T22:45:37+00:00,minimal,stock,idle,30,mem_mib,256,guest_delta_mount_namespace_private,6275
2026-05-13T22:45:37+00:00,minimal,stock,idle,30,mem_mib,256,guest_elapsed_base_mounted,25891
2026-05-13T22:45:37+00:00,minimal,stock,idle,30,mem_mib,256,guest_delta_base_mounted,5869
2026-05-13T22:45:37+00:00,minimal,stock,idle,30,mem_mib,256,guest_elapsed_overlay_disk_mounted,33320
2026-05-13T22:45:37+00:00,minimal,stock,idle,30,mem_mib,256,guest_delta_overlay_disk_mounted,7428
2026-05-13T22:45:37+00:00,minimal,stock,idle,30,mem_mib,256,guest_elapsed_overlay_dirs_ready,38553
2026-05-13T22:45:37+00:00,minimal,stock,idle,30,mem_mib,256,guest_delta_overlay_dirs_ready,5232
2026-05-13T22:45:37+00:00,minimal,stock,idle,30,mem_mib,256,guest_elapsed_merged_mountpoint_ready,41564
2026-05-13T22:45:37+00:00,minimal,stock,idle,30,mem_mib,256,guest_delta_merged_mountpoint_ready,3011
2026-05-13T22:45:37+00:00,minimal,stock,idle,30,mem_mib,256,guest_elapsed_overlayfs_mounted,44866
2026-05-13T22:45:37+00:00,minimal,stock,idle,30,mem_mib,256,guest_delta_overlayfs_mounted,3301
2026-05-13T22:45:37+00:00,minimal,stock,idle,30,mem_mib,256,guest_elapsed_pseudo_fs_bound_into_merged,48357
2026-05-13T22:45:37+00:00,minimal,stock,idle,30,mem_mib,256,guest_delta_pseudo_fs_bound_into_merged,3491
2026-05-13T22:45:37+00:00,minimal,stock,idle,30,mem_mib,256,guest_elapsed_merged_self_bound,51742
2026-05-13T22:45:37+00:00,minimal,stock,idle,30,mem_mib,256,guest_delta_merged_self_bound,3384
2026-05-13T22:45:37+00:00,minimal,stock,idle,30,mem_mib,256,guest_elapsed_pivot_rootfs_done,53522
2026-05-13T22:45:37+00:00,minimal,stock,idle,30,mem_mib,256,guest_delta_pivot_rootfs_done,1780
2026-05-13T22:45:37+00:00,minimal,stock,idle,30,mem_mib,256,guest_elapsed_overlay_pivot_complete,55448
2026-05-13T22:45:37+00:00,minimal,stock,idle,30,mem_mib,256,guest_delta_overlay_pivot_complete,1925
2026-05-13T22:45:37+00:00,minimal,stock,idle,30,mem_mib,256,guest_elapsed_network_configured,57338
2026-05-13T22:45:37+00:00,minimal,stock,idle,30,mem_mib,256,guest_delta_network_configured,1889
2026-05-13T22:45:37+00:00,minimal,stock,idle,30,mem_mib,256,guest_elapsed_workspace_absent,59402
2026-05-13T22:45:37+00:00,minimal,stock,idle,30,mem_mib,256,guest_delta_workspace_absent,2063
2026-05-13T22:45:37+00:00,minimal,stock,idle,30,mem_mib,256,guest_elapsed_pid1_setup_complete,60256
2026-05-13T22:45:37+00:00,minimal,stock,idle,30,mem_mib,256,guest_delta_pid1_setup_complete,854
2026-05-13T22:45:37+00:00,minimal,stock,idle,30,mem_mib,256,guest_elapsed_guestd_starting_log,61896
2026-05-13T22:45:37+00:00,minimal,stock,idle,30,mem_mib,256,guest_delta_guestd_starting_log,1639
2026-05-13T22:45:37+00:00,minimal,stock,idle,30,mem_mib,256,guest_elapsed_exec_listener_bound,62913
2026-05-13T22:45:37+00:00,minimal,stock,idle,30,mem_mib,256,guest_delta_exec_listener_bound,1016
2026-05-13T22:45:37+00:00,minimal,stock,idle,30,mem_mib,256,guest_elapsed_ready_signal_sent,65054
2026-05-13T22:45:37+00:00,minimal,stock,idle,30,mem_mib,256,guest_delta_ready_signal_sent,2141
2026-05-13T22:45:38+00:00,minimal,stock,idle,31,mem_mib,256,phase_1_run_root_prep,38
2026-05-13T22:45:38+00:00,minimal,stock,idle,31,mem_mib,256,phase_2_lease,34
2026-05-13T22:45:38+00:00,minimal,stock,idle,31,mem_mib,256,phase_3b_rootfs_prepare,11423
2026-05-13T22:45:38+00:00,minimal,stock,idle,31,mem_mib,256,phase_3_storage_prep,11480
2026-05-13T22:45:38+00:00,minimal,stock,idle,31,mem_mib,256,phase_4_jailer_materialize,1264
2026-05-13T22:45:38+00:00,minimal,stock,idle,31,mem_mib,256,phase_5_cgroup_probe,0
2026-05-13T22:45:38+00:00,minimal,stock,idle,31,mem_mib,256,phase_6_network_realize,0
2026-05-13T22:45:38+00:00,minimal,stock,idle,31,mem_mib,256,phase_7_outbound_guest_config,0
2026-05-13T22:45:38+00:00,minimal,stock,idle,31,mem_mib,256,phase_9_jailer_launch,15493
2026-05-13T22:45:38+00:00,minimal,stock,idle,31,mem_mib,256,phase_5b_cgroup_create,15261
2026-05-13T22:45:38+00:00,minimal,stock,idle,31,mem_mib,256,phase_10_open_uds,21
2026-05-13T22:45:38+00:00,minimal,stock,idle,31,mem_mib,256,phase_11_put_machine_config,189
2026-05-13T22:45:38+00:00,minimal,stock,idle,31,mem_mib,256,phase_11_put_boot_source,97
2026-05-13T22:45:38+00:00,minimal,stock,idle,31,mem_mib,256,phase_11_put_drive_rootfs,114
2026-05-13T22:45:38+00:00,minimal,stock,idle,31,mem_mib,256,phase_11_put_drive_rootfs_overlay,197
2026-05-13T22:45:38+00:00,minimal,stock,idle,31,mem_mib,256,phase_11_put_entropy,115
2026-05-13T22:45:38+00:00,minimal,stock,idle,31,mem_mib,256,phase_11_put_vsock,173
2026-05-13T22:45:38+00:00,minimal,stock,idle,31,mem_mib,256,phase_11_rest_puts,1563
2026-05-13T22:45:38+00:00,minimal,stock,idle,31,mem_mib,256,phase_11b_ready_listener_bind,82
2026-05-13T22:45:38+00:00,minimal,stock,idle,31,mem_mib,256,phase_11c_boot_identity_record,103
2026-05-13T22:45:38+00:00,minimal,stock,idle,31,mem_mib,256,phase_12a_instance_start,13316
2026-05-13T22:45:38+00:00,minimal,stock,idle,31,mem_mib,256,phase_12b_host_waiting_accept,1008959
2026-05-13T22:45:38+00:00,minimal,stock,idle,31,mem_mib,256,phase_12b_kernel_console_range,945052
2026-05-13T22:45:38+00:00,minimal,stock,idle,31,mem_mib,256,phase_12b_guest_process_start,2
2026-05-13T22:45:38+00:00,minimal,stock,idle,31,mem_mib,256,phase_12b_guest_stdio_redirected,1605
2026-05-13T22:45:38+00:00,minimal,stock,idle,31,mem_mib,256,phase_12b_guest_panic_hook_installed,3270
2026-05-13T22:45:38+00:00,minimal,stock,idle,31,mem_mib,256,phase_12b_guest_pseudo_fs_mounted,13679
2026-05-13T22:45:38+00:00,minimal,stock,idle,31,mem_mib,256,phase_12b_guest_mount_namespace_private,19939
2026-05-13T22:45:38+00:00,minimal,stock,idle,31,mem_mib,256,phase_12b_guest_base_mounted,26164
2026-05-13T22:45:38+00:00,minimal,stock,idle,31,mem_mib,256,phase_12b_guest_overlay_disk_mounted,33716
2026-05-13T22:45:38+00:00,minimal,stock,idle,31,mem_mib,256,phase_12b_guest_overlay_dirs_ready,39343
2026-05-13T22:45:38+00:00,minimal,stock,idle,31,mem_mib,256,phase_12b_guest_merged_mountpoint_ready,42515
2026-05-13T22:45:38+00:00,minimal,stock,idle,31,mem_mib,256,phase_12b_guest_overlayfs_mounted,45791
2026-05-13T22:45:38+00:00,minimal,stock,idle,31,mem_mib,256,phase_12b_guest_pseudo_fs_bound_into_merged,49226
2026-05-13T22:45:38+00:00,minimal,stock,idle,31,mem_mib,256,phase_12b_guest_merged_self_bound,52578
2026-05-13T22:45:38+00:00,minimal,stock,idle,31,mem_mib,256,phase_12b_guest_pivot_rootfs_done,54375
2026-05-13T22:45:38+00:00,minimal,stock,idle,31,mem_mib,256,phase_12b_guest_overlay_pivot_complete,56273
2026-05-13T22:45:38+00:00,minimal,stock,idle,31,mem_mib,256,phase_12b_guest_network_configured,58140
2026-05-13T22:45:38+00:00,minimal,stock,idle,31,mem_mib,256,phase_12b_guest_workspace_absent,60175
2026-05-13T22:45:38+00:00,minimal,stock,idle,31,mem_mib,256,phase_12b_guest_pid1_setup_complete,61009
2026-05-13T22:45:38+00:00,minimal,stock,idle,31,mem_mib,256,phase_12b_guest_guestd_starting_log,62637
2026-05-13T22:45:38+00:00,minimal,stock,idle,31,mem_mib,256,phase_12b_guest_exec_listener_bound,63657
2026-05-13T22:45:38+00:00,minimal,stock,idle,31,mem_mib,256,phase_12b_ready_accept,1011288
2026-05-13T22:45:38+00:00,minimal,stock,idle,31,mem_mib,256,exec_send,21
2026-05-13T22:45:38+00:00,minimal,stock,idle,31,mem_mib,256,exec_recv,11965
2026-05-13T22:45:38+00:00,minimal,stock,idle,31,mem_mib,256,stop_bounded,68546
2026-05-13T22:45:38+00:00,minimal,stock,idle,31,mem_mib,256,stop_release,118
2026-05-13T22:45:38+00:00,minimal,stock,idle,31,mem_mib,256,guest_elapsed_process_start,2
2026-05-13T22:45:38+00:00,minimal,stock,idle,31,mem_mib,256,guest_delta_process_start,2
2026-05-13T22:45:38+00:00,minimal,stock,idle,31,mem_mib,256,guest_elapsed_stdio_redirected,1605
2026-05-13T22:45:38+00:00,minimal,stock,idle,31,mem_mib,256,guest_delta_stdio_redirected,1603
2026-05-13T22:45:38+00:00,minimal,stock,idle,31,mem_mib,256,guest_elapsed_panic_hook_installed,3270
2026-05-13T22:45:38+00:00,minimal,stock,idle,31,mem_mib,256,guest_delta_panic_hook_installed,1664
2026-05-13T22:45:38+00:00,minimal,stock,idle,31,mem_mib,256,guest_elapsed_pseudo_fs_mounted,13679
2026-05-13T22:45:38+00:00,minimal,stock,idle,31,mem_mib,256,guest_delta_pseudo_fs_mounted,10408
2026-05-13T22:45:38+00:00,minimal,stock,idle,31,mem_mib,256,guest_elapsed_mount_namespace_private,19939
2026-05-13T22:45:38+00:00,minimal,stock,idle,31,mem_mib,256,guest_delta_mount_namespace_private,6259
2026-05-13T22:45:38+00:00,minimal,stock,idle,31,mem_mib,256,guest_elapsed_base_mounted,26164
2026-05-13T22:45:38+00:00,minimal,stock,idle,31,mem_mib,256,guest_delta_base_mounted,6225
2026-05-13T22:45:38+00:00,minimal,stock,idle,31,mem_mib,256,guest_elapsed_overlay_disk_mounted,33716
2026-05-13T22:45:38+00:00,minimal,stock,idle,31,mem_mib,256,guest_delta_overlay_disk_mounted,7551
2026-05-13T22:45:38+00:00,minimal,stock,idle,31,mem_mib,256,guest_elapsed_overlay_dirs_ready,39343
2026-05-13T22:45:38+00:00,minimal,stock,idle,31,mem_mib,256,guest_delta_overlay_dirs_ready,5627
2026-05-13T22:45:38+00:00,minimal,stock,idle,31,mem_mib,256,guest_elapsed_merged_mountpoint_ready,42515
2026-05-13T22:45:38+00:00,minimal,stock,idle,31,mem_mib,256,guest_delta_merged_mountpoint_ready,3171
2026-05-13T22:45:38+00:00,minimal,stock,idle,31,mem_mib,256,guest_elapsed_overlayfs_mounted,45791
2026-05-13T22:45:38+00:00,minimal,stock,idle,31,mem_mib,256,guest_delta_overlayfs_mounted,3275
2026-05-13T22:45:38+00:00,minimal,stock,idle,31,mem_mib,256,guest_elapsed_pseudo_fs_bound_into_merged,49226
2026-05-13T22:45:38+00:00,minimal,stock,idle,31,mem_mib,256,guest_delta_pseudo_fs_bound_into_merged,3435
2026-05-13T22:45:38+00:00,minimal,stock,idle,31,mem_mib,256,guest_elapsed_merged_self_bound,52578
2026-05-13T22:45:38+00:00,minimal,stock,idle,31,mem_mib,256,guest_delta_merged_self_bound,3351
2026-05-13T22:45:38+00:00,minimal,stock,idle,31,mem_mib,256,guest_elapsed_pivot_rootfs_done,54375
2026-05-13T22:45:38+00:00,minimal,stock,idle,31,mem_mib,256,guest_delta_pivot_rootfs_done,1797
2026-05-13T22:45:38+00:00,minimal,stock,idle,31,mem_mib,256,guest_elapsed_overlay_pivot_complete,56273
2026-05-13T22:45:38+00:00,minimal,stock,idle,31,mem_mib,256,guest_delta_overlay_pivot_complete,1898
2026-05-13T22:45:38+00:00,minimal,stock,idle,31,mem_mib,256,guest_elapsed_network_configured,58140
2026-05-13T22:45:38+00:00,minimal,stock,idle,31,mem_mib,256,guest_delta_network_configured,1866
2026-05-13T22:45:38+00:00,minimal,stock,idle,31,mem_mib,256,guest_elapsed_workspace_absent,60175
2026-05-13T22:45:38+00:00,minimal,stock,idle,31,mem_mib,256,guest_delta_workspace_absent,2035
2026-05-13T22:45:38+00:00,minimal,stock,idle,31,mem_mib,256,guest_elapsed_pid1_setup_complete,61009
2026-05-13T22:45:38+00:00,minimal,stock,idle,31,mem_mib,256,guest_delta_pid1_setup_complete,833
2026-05-13T22:45:38+00:00,minimal,stock,idle,31,mem_mib,256,guest_elapsed_guestd_starting_log,62637
2026-05-13T22:45:38+00:00,minimal,stock,idle,31,mem_mib,256,guest_delta_guestd_starting_log,1628
2026-05-13T22:45:38+00:00,minimal,stock,idle,31,mem_mib,256,guest_elapsed_exec_listener_bound,63657
2026-05-13T22:45:38+00:00,minimal,stock,idle,31,mem_mib,256,guest_delta_exec_listener_bound,1019
2026-05-13T22:45:38+00:00,minimal,stock,idle,31,mem_mib,256,guest_elapsed_ready_signal_sent,65785
2026-05-13T22:45:38+00:00,minimal,stock,idle,31,mem_mib,256,guest_delta_ready_signal_sent,2127
2026-05-13T22:45:40+00:00,minimal,stock,idle,32,mem_mib,256,phase_1_run_root_prep,1805
2026-05-13T22:45:40+00:00,minimal,stock,idle,32,mem_mib,256,phase_2_lease,34
2026-05-13T22:45:40+00:00,minimal,stock,idle,32,mem_mib,256,phase_3b_rootfs_prepare,10513
2026-05-13T22:45:40+00:00,minimal,stock,idle,32,mem_mib,256,phase_3_storage_prep,10584
2026-05-13T22:45:40+00:00,minimal,stock,idle,32,mem_mib,256,phase_4_jailer_materialize,1662
2026-05-13T22:45:40+00:00,minimal,stock,idle,32,mem_mib,256,phase_5_cgroup_probe,0
2026-05-13T22:45:40+00:00,minimal,stock,idle,32,mem_mib,256,phase_6_network_realize,0
2026-05-13T22:45:40+00:00,minimal,stock,idle,32,mem_mib,256,phase_7_outbound_guest_config,0
2026-05-13T22:45:40+00:00,minimal,stock,idle,32,mem_mib,256,phase_9_jailer_launch,15478
2026-05-13T22:45:40+00:00,minimal,stock,idle,32,mem_mib,256,phase_5b_cgroup_create,25930
2026-05-13T22:45:40+00:00,minimal,stock,idle,32,mem_mib,256,phase_10_open_uds,30
2026-05-13T22:45:40+00:00,minimal,stock,idle,32,mem_mib,256,phase_11_put_machine_config,176
2026-05-13T22:45:40+00:00,minimal,stock,idle,32,mem_mib,256,phase_11_put_boot_source,84
2026-05-13T22:45:40+00:00,minimal,stock,idle,32,mem_mib,256,phase_11_put_drive_rootfs,88
2026-05-13T22:45:40+00:00,minimal,stock,idle,32,mem_mib,256,phase_11_put_drive_rootfs_overlay,165
2026-05-13T22:45:40+00:00,minimal,stock,idle,32,mem_mib,256,phase_11_put_entropy,98
2026-05-13T22:45:40+00:00,minimal,stock,idle,32,mem_mib,256,phase_11_put_vsock,145
2026-05-13T22:45:40+00:00,minimal,stock,idle,32,mem_mib,256,phase_11_rest_puts,1443
2026-05-13T22:45:40+00:00,minimal,stock,idle,32,mem_mib,256,phase_11b_ready_listener_bind,85
2026-05-13T22:45:40+00:00,minimal,stock,idle,32,mem_mib,256,phase_11c_boot_identity_record,99
2026-05-13T22:45:40+00:00,minimal,stock,idle,32,mem_mib,256,phase_12a_instance_start,13598
2026-05-13T22:45:40+00:00,minimal,stock,idle,32,mem_mib,256,phase_12b_host_waiting_accept,1011208
2026-05-13T22:45:40+00:00,minimal,stock,idle,32,mem_mib,256,phase_12b_kernel_console_range,947423
2026-05-13T22:45:40+00:00,minimal,stock,idle,32,mem_mib,256,phase_12b_guest_process_start,2
2026-05-13T22:45:40+00:00,minimal,stock,idle,32,mem_mib,256,phase_12b_guest_stdio_redirected,1645
2026-05-13T22:45:40+00:00,minimal,stock,idle,32,mem_mib,256,phase_12b_guest_panic_hook_installed,3364
2026-05-13T22:45:40+00:00,minimal,stock,idle,32,mem_mib,256,phase_12b_guest_pseudo_fs_mounted,13919
2026-05-13T22:45:40+00:00,minimal,stock,idle,32,mem_mib,256,phase_12b_guest_mount_namespace_private,20219
2026-05-13T22:45:40+00:00,minimal,stock,idle,32,mem_mib,256,phase_12b_guest_base_mounted,26406
2026-05-13T22:45:40+00:00,minimal,stock,idle,32,mem_mib,256,phase_12b_guest_overlay_disk_mounted,33856
2026-05-13T22:45:40+00:00,minimal,stock,idle,32,mem_mib,256,phase_12b_guest_overlay_dirs_ready,39477
2026-05-13T22:45:40+00:00,minimal,stock,idle,32,mem_mib,256,phase_12b_guest_merged_mountpoint_ready,42356
2026-05-13T22:45:40+00:00,minimal,stock,idle,32,mem_mib,256,phase_12b_guest_overlayfs_mounted,45706
2026-05-13T22:45:40+00:00,minimal,stock,idle,32,mem_mib,256,phase_12b_guest_pseudo_fs_bound_into_merged,49232
2026-05-13T22:45:40+00:00,minimal,stock,idle,32,mem_mib,256,phase_12b_guest_merged_self_bound,52663
2026-05-13T22:45:40+00:00,minimal,stock,idle,32,mem_mib,256,phase_12b_guest_pivot_rootfs_done,54446
2026-05-13T22:45:40+00:00,minimal,stock,idle,32,mem_mib,256,phase_12b_guest_overlay_pivot_complete,56386
2026-05-13T22:45:40+00:00,minimal,stock,idle,32,mem_mib,256,phase_12b_guest_network_configured,58266
2026-05-13T22:45:40+00:00,minimal,stock,idle,32,mem_mib,256,phase_12b_guest_workspace_absent,60342
2026-05-13T22:45:40+00:00,minimal,stock,idle,32,mem_mib,256,phase_12b_guest_pid1_setup_complete,61188
2026-05-13T22:45:40+00:00,minimal,stock,idle,32,mem_mib,256,phase_12b_guest_guestd_starting_log,62848
2026-05-13T22:45:40+00:00,minimal,stock,idle,32,mem_mib,256,phase_12b_guest_exec_listener_bound,63906
2026-05-13T22:45:40+00:00,minimal,stock,idle,32,mem_mib,256,phase_12b_ready_accept,1012612
2026-05-13T22:45:40+00:00,minimal,stock,idle,32,mem_mib,256,exec_send,6
2026-05-13T22:45:40+00:00,minimal,stock,idle,32,mem_mib,256,exec_recv,12067
2026-05-13T22:45:40+00:00,minimal,stock,idle,32,mem_mib,256,stop_bounded,74051
2026-05-13T22:45:40+00:00,minimal,stock,idle,32,mem_mib,256,stop_release,113
2026-05-13T22:45:40+00:00,minimal,stock,idle,32,mem_mib,256,guest_elapsed_process_start,2
2026-05-13T22:45:40+00:00,minimal,stock,idle,32,mem_mib,256,guest_delta_process_start,2
2026-05-13T22:45:40+00:00,minimal,stock,idle,32,mem_mib,256,guest_elapsed_stdio_redirected,1645
2026-05-13T22:45:40+00:00,minimal,stock,idle,32,mem_mib,256,guest_delta_stdio_redirected,1643
2026-05-13T22:45:40+00:00,minimal,stock,idle,32,mem_mib,256,guest_elapsed_panic_hook_installed,3364
2026-05-13T22:45:40+00:00,minimal,stock,idle,32,mem_mib,256,guest_delta_panic_hook_installed,1718
2026-05-13T22:45:40+00:00,minimal,stock,idle,32,mem_mib,256,guest_elapsed_pseudo_fs_mounted,13919
2026-05-13T22:45:40+00:00,minimal,stock,idle,32,mem_mib,256,guest_delta_pseudo_fs_mounted,10555
2026-05-13T22:45:40+00:00,minimal,stock,idle,32,mem_mib,256,guest_elapsed_mount_namespace_private,20219
2026-05-13T22:45:40+00:00,minimal,stock,idle,32,mem_mib,256,guest_delta_mount_namespace_private,6300
2026-05-13T22:45:40+00:00,minimal,stock,idle,32,mem_mib,256,guest_elapsed_base_mounted,26406
2026-05-13T22:45:40+00:00,minimal,stock,idle,32,mem_mib,256,guest_delta_base_mounted,6187
2026-05-13T22:45:40+00:00,minimal,stock,idle,32,mem_mib,256,guest_elapsed_overlay_disk_mounted,33856
2026-05-13T22:45:40+00:00,minimal,stock,idle,32,mem_mib,256,guest_delta_overlay_disk_mounted,7450
2026-05-13T22:45:40+00:00,minimal,stock,idle,32,mem_mib,256,guest_elapsed_overlay_dirs_ready,39477
2026-05-13T22:45:40+00:00,minimal,stock,idle,32,mem_mib,256,guest_delta_overlay_dirs_ready,5620
2026-05-13T22:45:40+00:00,minimal,stock,idle,32,mem_mib,256,guest_elapsed_merged_mountpoint_ready,42356
2026-05-13T22:45:40+00:00,minimal,stock,idle,32,mem_mib,256,guest_delta_merged_mountpoint_ready,2879
2026-05-13T22:45:40+00:00,minimal,stock,idle,32,mem_mib,256,guest_elapsed_overlayfs_mounted,45706
2026-05-13T22:45:40+00:00,minimal,stock,idle,32,mem_mib,256,guest_delta_overlayfs_mounted,3349
2026-05-13T22:45:40+00:00,minimal,stock,idle,32,mem_mib,256,guest_elapsed_pseudo_fs_bound_into_merged,49232
2026-05-13T22:45:40+00:00,minimal,stock,idle,32,mem_mib,256,guest_delta_pseudo_fs_bound_into_merged,3526
2026-05-13T22:45:40+00:00,minimal,stock,idle,32,mem_mib,256,guest_elapsed_merged_self_bound,52663
2026-05-13T22:45:40+00:00,minimal,stock,idle,32,mem_mib,256,guest_delta_merged_self_bound,3430
2026-05-13T22:45:40+00:00,minimal,stock,idle,32,mem_mib,256,guest_elapsed_pivot_rootfs_done,54446
2026-05-13T22:45:40+00:00,minimal,stock,idle,32,mem_mib,256,guest_delta_pivot_rootfs_done,1783
2026-05-13T22:45:40+00:00,minimal,stock,idle,32,mem_mib,256,guest_elapsed_overlay_pivot_complete,56386
2026-05-13T22:45:40+00:00,minimal,stock,idle,32,mem_mib,256,guest_delta_overlay_pivot_complete,1939
2026-05-13T22:45:40+00:00,minimal,stock,idle,32,mem_mib,256,guest_elapsed_network_configured,58266
2026-05-13T22:45:40+00:00,minimal,stock,idle,32,mem_mib,256,guest_delta_network_configured,1880
2026-05-13T22:45:40+00:00,minimal,stock,idle,32,mem_mib,256,guest_elapsed_workspace_absent,60342
2026-05-13T22:45:40+00:00,minimal,stock,idle,32,mem_mib,256,guest_delta_workspace_absent,2075
2026-05-13T22:45:40+00:00,minimal,stock,idle,32,mem_mib,256,guest_elapsed_pid1_setup_complete,61188
2026-05-13T22:45:40+00:00,minimal,stock,idle,32,mem_mib,256,guest_delta_pid1_setup_complete,846
2026-05-13T22:45:40+00:00,minimal,stock,idle,32,mem_mib,256,guest_elapsed_guestd_starting_log,62848
2026-05-13T22:45:40+00:00,minimal,stock,idle,32,mem_mib,256,guest_delta_guestd_starting_log,1660
2026-05-13T22:45:40+00:00,minimal,stock,idle,32,mem_mib,256,guest_elapsed_exec_listener_bound,63906
2026-05-13T22:45:40+00:00,minimal,stock,idle,32,mem_mib,256,guest_delta_exec_listener_bound,1057
2026-05-13T22:45:40+00:00,minimal,stock,idle,32,mem_mib,256,guest_elapsed_ready_signal_sent,66050
2026-05-13T22:45:40+00:00,minimal,stock,idle,32,mem_mib,256,guest_delta_ready_signal_sent,2143
2026-05-13T22:45:44+00:00,minimal,stock,idle,3,mem_mib,512,phase_1_run_root_prep,41
2026-05-13T22:45:44+00:00,minimal,stock,idle,3,mem_mib,512,phase_2_lease,34
2026-05-13T22:45:44+00:00,minimal,stock,idle,3,mem_mib,512,phase_3b_rootfs_prepare,10694
2026-05-13T22:45:44+00:00,minimal,stock,idle,3,mem_mib,512,phase_3_storage_prep,10765
2026-05-13T22:45:44+00:00,minimal,stock,idle,3,mem_mib,512,phase_4_jailer_materialize,721
2026-05-13T22:45:44+00:00,minimal,stock,idle,3,mem_mib,512,phase_5_cgroup_probe,0
2026-05-13T22:45:44+00:00,minimal,stock,idle,3,mem_mib,512,phase_6_network_realize,6
2026-05-13T22:45:44+00:00,minimal,stock,idle,3,mem_mib,512,phase_7_outbound_guest_config,0
2026-05-13T22:45:44+00:00,minimal,stock,idle,3,mem_mib,512,phase_9_jailer_launch,15543
2026-05-13T22:45:44+00:00,minimal,stock,idle,3,mem_mib,512,phase_5b_cgroup_create,21119
2026-05-13T22:45:44+00:00,minimal,stock,idle,3,mem_mib,512,phase_10_open_uds,27
2026-05-13T22:45:44+00:00,minimal,stock,idle,3,mem_mib,512,phase_11_put_machine_config,171
2026-05-13T22:45:44+00:00,minimal,stock,idle,3,mem_mib,512,phase_11_put_boot_source,84
2026-05-13T22:45:44+00:00,minimal,stock,idle,3,mem_mib,512,phase_11_put_drive_rootfs,89
2026-05-13T22:45:44+00:00,minimal,stock,idle,3,mem_mib,512,phase_11_put_drive_rootfs_overlay,166
2026-05-13T22:45:44+00:00,minimal,stock,idle,3,mem_mib,512,phase_11_put_entropy,90
2026-05-13T22:45:44+00:00,minimal,stock,idle,3,mem_mib,512,phase_11_put_vsock,153
2026-05-13T22:45:44+00:00,minimal,stock,idle,3,mem_mib,512,phase_11_rest_puts,1349
2026-05-13T22:45:44+00:00,minimal,stock,idle,3,mem_mib,512,phase_11b_ready_listener_bind,79
2026-05-13T22:45:44+00:00,minimal,stock,idle,3,mem_mib,512,phase_11c_boot_identity_record,82
2026-05-13T22:45:44+00:00,minimal,stock,idle,3,mem_mib,512,phase_12a_instance_start,14089
2026-05-13T22:45:44+00:00,minimal,stock,idle,3,mem_mib,512,phase_12b_host_waiting_accept,1011692
2026-05-13T22:45:44+00:00,minimal,stock,idle,3,mem_mib,512,phase_12b_kernel_console_range,947348
2026-05-13T22:45:44+00:00,minimal,stock,idle,3,mem_mib,512,phase_12b_guest_process_start,2
2026-05-13T22:45:44+00:00,minimal,stock,idle,3,mem_mib,512,phase_12b_guest_stdio_redirected,1647
2026-05-13T22:45:44+00:00,minimal,stock,idle,3,mem_mib,512,phase_12b_guest_panic_hook_installed,3351
2026-05-13T22:45:44+00:00,minimal,stock,idle,3,mem_mib,512,phase_12b_guest_pseudo_fs_mounted,14006
2026-05-13T22:45:44+00:00,minimal,stock,idle,3,mem_mib,512,phase_12b_guest_mount_namespace_private,20376
2026-05-13T22:45:44+00:00,minimal,stock,idle,3,mem_mib,512,phase_12b_guest_base_mounted,26327
2026-05-13T22:45:44+00:00,minimal,stock,idle,3,mem_mib,512,phase_12b_guest_overlay_disk_mounted,33803
2026-05-13T22:45:44+00:00,minimal,stock,idle,3,mem_mib,512,phase_12b_guest_overlay_dirs_ready,39013
2026-05-13T22:45:44+00:00,minimal,stock,idle,3,mem_mib,512,phase_12b_guest_merged_mountpoint_ready,41966
2026-05-13T22:45:44+00:00,minimal,stock,idle,3,mem_mib,512,phase_12b_guest_overlayfs_mounted,45412
2026-05-13T22:45:44+00:00,minimal,stock,idle,3,mem_mib,512,phase_12b_guest_pseudo_fs_bound_into_merged,48990
2026-05-13T22:45:44+00:00,minimal,stock,idle,3,mem_mib,512,phase_12b_guest_merged_self_bound,52474
2026-05-13T22:45:44+00:00,minimal,stock,idle,3,mem_mib,512,phase_12b_guest_pivot_rootfs_done,54336
2026-05-13T22:45:44+00:00,minimal,stock,idle,3,mem_mib,512,phase_12b_guest_overlay_pivot_complete,56314
2026-05-13T22:45:44+00:00,minimal,stock,idle,3,mem_mib,512,phase_12b_guest_network_configured,58349
2026-05-13T22:45:44+00:00,minimal,stock,idle,3,mem_mib,512,phase_12b_guest_workspace_absent,60452
2026-05-13T22:45:44+00:00,minimal,stock,idle,3,mem_mib,512,phase_12b_guest_pid1_setup_complete,61329
2026-05-13T22:45:44+00:00,minimal,stock,idle,3,mem_mib,512,phase_12b_guest_guestd_starting_log,63036
2026-05-13T22:45:44+00:00,minimal,stock,idle,3,mem_mib,512,phase_12b_guest_exec_listener_bound,64154
2026-05-13T22:45:44+00:00,minimal,stock,idle,3,mem_mib,512,phase_12b_ready_accept,1013601
2026-05-13T22:45:44+00:00,minimal,stock,idle,3,mem_mib,512,exec_send,21
2026-05-13T22:45:44+00:00,minimal,stock,idle,3,mem_mib,512,exec_recv,12179
2026-05-13T22:45:44+00:00,minimal,stock,idle,3,mem_mib,512,stop_bounded,54325
2026-05-13T22:45:44+00:00,minimal,stock,idle,3,mem_mib,512,stop_release,142
2026-05-13T22:45:44+00:00,minimal,stock,idle,3,mem_mib,512,guest_elapsed_process_start,2
2026-05-13T22:45:44+00:00,minimal,stock,idle,3,mem_mib,512,guest_delta_process_start,2
2026-05-13T22:45:44+00:00,minimal,stock,idle,3,mem_mib,512,guest_elapsed_stdio_redirected,1647
2026-05-13T22:45:44+00:00,minimal,stock,idle,3,mem_mib,512,guest_delta_stdio_redirected,1644
2026-05-13T22:45:44+00:00,minimal,stock,idle,3,mem_mib,512,guest_elapsed_panic_hook_installed,3351
2026-05-13T22:45:44+00:00,minimal,stock,idle,3,mem_mib,512,guest_delta_panic_hook_installed,1703
2026-05-13T22:45:44+00:00,minimal,stock,idle,3,mem_mib,512,guest_elapsed_pseudo_fs_mounted,14006
2026-05-13T22:45:44+00:00,minimal,stock,idle,3,mem_mib,512,guest_delta_pseudo_fs_mounted,10655
2026-05-13T22:45:44+00:00,minimal,stock,idle,3,mem_mib,512,guest_elapsed_mount_namespace_private,20376
2026-05-13T22:45:44+00:00,minimal,stock,idle,3,mem_mib,512,guest_delta_mount_namespace_private,6369
2026-05-13T22:45:44+00:00,minimal,stock,idle,3,mem_mib,512,guest_elapsed_base_mounted,26327
2026-05-13T22:45:44+00:00,minimal,stock,idle,3,mem_mib,512,guest_delta_base_mounted,5951
2026-05-13T22:45:44+00:00,minimal,stock,idle,3,mem_mib,512,guest_elapsed_overlay_disk_mounted,33803
2026-05-13T22:45:44+00:00,minimal,stock,idle,3,mem_mib,512,guest_delta_overlay_disk_mounted,7476
2026-05-13T22:45:44+00:00,minimal,stock,idle,3,mem_mib,512,guest_elapsed_overlay_dirs_ready,39013
2026-05-13T22:45:44+00:00,minimal,stock,idle,3,mem_mib,512,guest_delta_overlay_dirs_ready,5209
2026-05-13T22:45:44+00:00,minimal,stock,idle,3,mem_mib,512,guest_elapsed_merged_mountpoint_ready,41966
2026-05-13T22:45:44+00:00,minimal,stock,idle,3,mem_mib,512,guest_delta_merged_mountpoint_ready,2953
2026-05-13T22:45:44+00:00,minimal,stock,idle,3,mem_mib,512,guest_elapsed_overlayfs_mounted,45412
2026-05-13T22:45:44+00:00,minimal,stock,idle,3,mem_mib,512,guest_delta_overlayfs_mounted,3446
2026-05-13T22:45:44+00:00,minimal,stock,idle,3,mem_mib,512,guest_elapsed_pseudo_fs_bound_into_merged,48990
2026-05-13T22:45:44+00:00,minimal,stock,idle,3,mem_mib,512,guest_delta_pseudo_fs_bound_into_merged,3577
2026-05-13T22:45:44+00:00,minimal,stock,idle,3,mem_mib,512,guest_elapsed_merged_self_bound,52474
2026-05-13T22:45:44+00:00,minimal,stock,idle,3,mem_mib,512,guest_delta_merged_self_bound,3483
2026-05-13T22:45:44+00:00,minimal,stock,idle,3,mem_mib,512,guest_elapsed_pivot_rootfs_done,54336
2026-05-13T22:45:44+00:00,minimal,stock,idle,3,mem_mib,512,guest_delta_pivot_rootfs_done,1862
2026-05-13T22:45:44+00:00,minimal,stock,idle,3,mem_mib,512,guest_elapsed_overlay_pivot_complete,56314
2026-05-13T22:45:44+00:00,minimal,stock,idle,3,mem_mib,512,guest_delta_overlay_pivot_complete,1977
2026-05-13T22:45:44+00:00,minimal,stock,idle,3,mem_mib,512,guest_elapsed_network_configured,58349
2026-05-13T22:45:44+00:00,minimal,stock,idle,3,mem_mib,512,guest_delta_network_configured,2035
2026-05-13T22:45:44+00:00,minimal,stock,idle,3,mem_mib,512,guest_elapsed_workspace_absent,60452
2026-05-13T22:45:44+00:00,minimal,stock,idle,3,mem_mib,512,guest_delta_workspace_absent,2102
2026-05-13T22:45:44+00:00,minimal,stock,idle,3,mem_mib,512,guest_elapsed_pid1_setup_complete,61329
2026-05-13T22:45:44+00:00,minimal,stock,idle,3,mem_mib,512,guest_delta_pid1_setup_complete,876
2026-05-13T22:45:44+00:00,minimal,stock,idle,3,mem_mib,512,guest_elapsed_guestd_starting_log,63036
2026-05-13T22:45:44+00:00,minimal,stock,idle,3,mem_mib,512,guest_delta_guestd_starting_log,1707
2026-05-13T22:45:44+00:00,minimal,stock,idle,3,mem_mib,512,guest_elapsed_exec_listener_bound,64154
2026-05-13T22:45:44+00:00,minimal,stock,idle,3,mem_mib,512,guest_delta_exec_listener_bound,1118
2026-05-13T22:45:44+00:00,minimal,stock,idle,3,mem_mib,512,guest_elapsed_ready_signal_sent,66376
2026-05-13T22:45:44+00:00,minimal,stock,idle,3,mem_mib,512,guest_delta_ready_signal_sent,2221
2026-05-13T22:45:45+00:00,minimal,stock,idle,4,mem_mib,512,phase_1_run_root_prep,1561
2026-05-13T22:45:45+00:00,minimal,stock,idle,4,mem_mib,512,phase_2_lease,36
2026-05-13T22:45:45+00:00,minimal,stock,idle,4,mem_mib,512,phase_3b_rootfs_prepare,12468
2026-05-13T22:45:45+00:00,minimal,stock,idle,4,mem_mib,512,phase_3_storage_prep,12527
2026-05-13T22:45:45+00:00,minimal,stock,idle,4,mem_mib,512,phase_4_jailer_materialize,2005
2026-05-13T22:45:45+00:00,minimal,stock,idle,4,mem_mib,512,phase_5_cgroup_probe,0
2026-05-13T22:45:45+00:00,minimal,stock,idle,4,mem_mib,512,phase_6_network_realize,0
2026-05-13T22:45:45+00:00,minimal,stock,idle,4,mem_mib,512,phase_7_outbound_guest_config,0
2026-05-13T22:45:45+00:00,minimal,stock,idle,4,mem_mib,512,phase_9_jailer_launch,31686
2026-05-13T22:45:45+00:00,minimal,stock,idle,4,mem_mib,512,phase_5b_cgroup_create,17910
2026-05-13T22:45:45+00:00,minimal,stock,idle,4,mem_mib,512,phase_10_open_uds,25
2026-05-13T22:45:45+00:00,minimal,stock,idle,4,mem_mib,512,phase_11_put_machine_config,232
2026-05-13T22:45:45+00:00,minimal,stock,idle,4,mem_mib,512,phase_11_put_boot_source,100
2026-05-13T22:45:45+00:00,minimal,stock,idle,4,mem_mib,512,phase_11_put_drive_rootfs,108
2026-05-13T22:45:45+00:00,minimal,stock,idle,4,mem_mib,512,phase_11_put_drive_rootfs_overlay,190
2026-05-13T22:45:45+00:00,minimal,stock,idle,4,mem_mib,512,phase_11_put_entropy,123
2026-05-13T22:45:45+00:00,minimal,stock,idle,4,mem_mib,512,phase_11_put_vsock,176
2026-05-13T22:45:45+00:00,minimal,stock,idle,4,mem_mib,512,phase_11_rest_puts,1621
2026-05-13T22:45:45+00:00,minimal,stock,idle,4,mem_mib,512,phase_11b_ready_listener_bind,88
2026-05-13T22:45:45+00:00,minimal,stock,idle,4,mem_mib,512,phase_11c_boot_identity_record,124
2026-05-13T22:45:45+00:00,minimal,stock,idle,4,mem_mib,512,phase_12a_instance_start,23935
2026-05-13T22:45:45+00:00,minimal,stock,idle,4,mem_mib,512,phase_12b_host_waiting_accept,1007429
2026-05-13T22:45:45+00:00,minimal,stock,idle,4,mem_mib,512,phase_12b_kernel_console_range,945328
2026-05-13T22:45:45+00:00,minimal,stock,idle,4,mem_mib,512,phase_12b_guest_process_start,2
2026-05-13T22:45:45+00:00,minimal,stock,idle,4,mem_mib,512,phase_12b_guest_stdio_redirected,1645
2026-05-13T22:45:45+00:00,minimal,stock,idle,4,mem_mib,512,phase_12b_guest_panic_hook_installed,3320
2026-05-13T22:45:45+00:00,minimal,stock,idle,4,mem_mib,512,phase_12b_guest_pseudo_fs_mounted,13730
2026-05-13T22:45:45+00:00,minimal,stock,idle,4,mem_mib,512,phase_12b_guest_mount_namespace_private,19978
2026-05-13T22:45:45+00:00,minimal,stock,idle,4,mem_mib,512,phase_12b_guest_base_mounted,25638
2026-05-13T22:45:45+00:00,minimal,stock,idle,4,mem_mib,512,phase_12b_guest_overlay_disk_mounted,32967
2026-05-13T22:45:45+00:00,minimal,stock,idle,4,mem_mib,512,phase_12b_guest_overlay_dirs_ready,37996
2026-05-13T22:45:45+00:00,minimal,stock,idle,4,mem_mib,512,phase_12b_guest_merged_mountpoint_ready,40832
2026-05-13T22:45:45+00:00,minimal,stock,idle,4,mem_mib,512,phase_12b_guest_overlayfs_mounted,44139
2026-05-13T22:45:45+00:00,minimal,stock,idle,4,mem_mib,512,phase_12b_guest_pseudo_fs_bound_into_merged,47594
2026-05-13T22:45:45+00:00,minimal,stock,idle,4,mem_mib,512,phase_12b_guest_merged_self_bound,50975
2026-05-13T22:45:45+00:00,minimal,stock,idle,4,mem_mib,512,phase_12b_guest_pivot_rootfs_done,52743
2026-05-13T22:45:45+00:00,minimal,stock,idle,4,mem_mib,512,phase_12b_guest_overlay_pivot_complete,54687
2026-05-13T22:45:45+00:00,minimal,stock,idle,4,mem_mib,512,phase_12b_guest_network_configured,56561
2026-05-13T22:45:45+00:00,minimal,stock,idle,4,mem_mib,512,phase_12b_guest_workspace_absent,58587
2026-05-13T22:45:45+00:00,minimal,stock,idle,4,mem_mib,512,phase_12b_guest_pid1_setup_complete,59461
2026-05-13T22:45:45+00:00,minimal,stock,idle,4,mem_mib,512,phase_12b_guest_guestd_starting_log,61087
2026-05-13T22:45:45+00:00,minimal,stock,idle,4,mem_mib,512,phase_12b_guest_exec_listener_bound,62107
2026-05-13T22:45:45+00:00,minimal,stock,idle,4,mem_mib,512,phase_12b_ready_accept,1009796
2026-05-13T22:45:45+00:00,minimal,stock,idle,4,mem_mib,512,exec_send,18
2026-05-13T22:45:45+00:00,minimal,stock,idle,4,mem_mib,512,exec_recv,11952
2026-05-13T22:45:45+00:00,minimal,stock,idle,4,mem_mib,512,stop_bounded,70414
2026-05-13T22:45:45+00:00,minimal,stock,idle,4,mem_mib,512,stop_release,114
2026-05-13T22:45:45+00:00,minimal,stock,idle,4,mem_mib,512,guest_elapsed_process_start,2
2026-05-13T22:45:45+00:00,minimal,stock,idle,4,mem_mib,512,guest_delta_process_start,2
2026-05-13T22:45:45+00:00,minimal,stock,idle,4,mem_mib,512,guest_elapsed_stdio_redirected,1645
2026-05-13T22:45:45+00:00,minimal,stock,idle,4,mem_mib,512,guest_delta_stdio_redirected,1643
2026-05-13T22:45:45+00:00,minimal,stock,idle,4,mem_mib,512,guest_elapsed_panic_hook_installed,3320
2026-05-13T22:45:45+00:00,minimal,stock,idle,4,mem_mib,512,guest_delta_panic_hook_installed,1675
2026-05-13T22:45:45+00:00,minimal,stock,idle,4,mem_mib,512,guest_elapsed_pseudo_fs_mounted,13730
2026-05-13T22:45:45+00:00,minimal,stock,idle,4,mem_mib,512,guest_delta_pseudo_fs_mounted,10409
2026-05-13T22:45:45+00:00,minimal,stock,idle,4,mem_mib,512,guest_elapsed_mount_namespace_private,19978
2026-05-13T22:45:45+00:00,minimal,stock,idle,4,mem_mib,512,guest_delta_mount_namespace_private,6247
2026-05-13T22:45:45+00:00,minimal,stock,idle,4,mem_mib,512,guest_elapsed_base_mounted,25638
2026-05-13T22:45:45+00:00,minimal,stock,idle,4,mem_mib,512,guest_delta_base_mounted,5660
2026-05-13T22:45:45+00:00,minimal,stock,idle,4,mem_mib,512,guest_elapsed_overlay_disk_mounted,32967
2026-05-13T22:45:45+00:00,minimal,stock,idle,4,mem_mib,512,guest_delta_overlay_disk_mounted,7328
2026-05-13T22:45:45+00:00,minimal,stock,idle,4,mem_mib,512,guest_elapsed_overlay_dirs_ready,37996
2026-05-13T22:45:45+00:00,minimal,stock,idle,4,mem_mib,512,guest_delta_overlay_dirs_ready,5029
2026-05-13T22:45:45+00:00,minimal,stock,idle,4,mem_mib,512,guest_elapsed_merged_mountpoint_ready,40832
2026-05-13T22:45:45+00:00,minimal,stock,idle,4,mem_mib,512,guest_delta_merged_mountpoint_ready,2835
2026-05-13T22:45:45+00:00,minimal,stock,idle,4,mem_mib,512,guest_elapsed_overlayfs_mounted,44139
2026-05-13T22:45:45+00:00,minimal,stock,idle,4,mem_mib,512,guest_delta_overlayfs_mounted,3307
2026-05-13T22:45:45+00:00,minimal,stock,idle,4,mem_mib,512,guest_elapsed_pseudo_fs_bound_into_merged,47594
2026-05-13T22:45:45+00:00,minimal,stock,idle,4,mem_mib,512,guest_delta_pseudo_fs_bound_into_merged,3454
2026-05-13T22:45:45+00:00,minimal,stock,idle,4,mem_mib,512,guest_elapsed_merged_self_bound,50975
2026-05-13T22:45:45+00:00,minimal,stock,idle,4,mem_mib,512,guest_delta_merged_self_bound,3380
2026-05-13T22:45:45+00:00,minimal,stock,idle,4,mem_mib,512,guest_elapsed_pivot_rootfs_done,52743
2026-05-13T22:45:45+00:00,minimal,stock,idle,4,mem_mib,512,guest_delta_pivot_rootfs_done,1767
2026-05-13T22:45:45+00:00,minimal,stock,idle,4,mem_mib,512,guest_elapsed_overlay_pivot_complete,54687
2026-05-13T22:45:45+00:00,minimal,stock,idle,4,mem_mib,512,guest_delta_overlay_pivot_complete,1944
2026-05-13T22:45:45+00:00,minimal,stock,idle,4,mem_mib,512,guest_elapsed_network_configured,56561
2026-05-13T22:45:45+00:00,minimal,stock,idle,4,mem_mib,512,guest_delta_network_configured,1874
2026-05-13T22:45:45+00:00,minimal,stock,idle,4,mem_mib,512,guest_elapsed_workspace_absent,58587
2026-05-13T22:45:45+00:00,minimal,stock,idle,4,mem_mib,512,guest_delta_workspace_absent,2025
2026-05-13T22:45:45+00:00,minimal,stock,idle,4,mem_mib,512,guest_elapsed_pid1_setup_complete,59461
2026-05-13T22:45:45+00:00,minimal,stock,idle,4,mem_mib,512,guest_delta_pid1_setup_complete,873
2026-05-13T22:45:45+00:00,minimal,stock,idle,4,mem_mib,512,guest_elapsed_guestd_starting_log,61087
2026-05-13T22:45:45+00:00,minimal,stock,idle,4,mem_mib,512,guest_delta_guestd_starting_log,1626
2026-05-13T22:45:45+00:00,minimal,stock,idle,4,mem_mib,512,guest_elapsed_exec_listener_bound,62107
2026-05-13T22:45:45+00:00,minimal,stock,idle,4,mem_mib,512,guest_delta_exec_listener_bound,1020
2026-05-13T22:45:45+00:00,minimal,stock,idle,4,mem_mib,512,guest_elapsed_ready_signal_sent,64230
2026-05-13T22:45:45+00:00,minimal,stock,idle,4,mem_mib,512,guest_delta_ready_signal_sent,2123
2026-05-13T22:45:47+00:00,minimal,stock,idle,5,mem_mib,512,phase_1_run_root_prep,42
2026-05-13T22:45:47+00:00,minimal,stock,idle,5,mem_mib,512,phase_2_lease,34
2026-05-13T22:45:47+00:00,minimal,stock,idle,5,mem_mib,512,phase_3b_rootfs_prepare,12868
2026-05-13T22:45:47+00:00,minimal,stock,idle,5,mem_mib,512,phase_3_storage_prep,12924
2026-05-13T22:45:47+00:00,minimal,stock,idle,5,mem_mib,512,phase_4_jailer_materialize,758
2026-05-13T22:45:47+00:00,minimal,stock,idle,5,mem_mib,512,phase_5_cgroup_probe,0
2026-05-13T22:45:47+00:00,minimal,stock,idle,5,mem_mib,512,phase_6_network_realize,0
2026-05-13T22:45:47+00:00,minimal,stock,idle,5,mem_mib,512,phase_7_outbound_guest_config,0
2026-05-13T22:45:47+00:00,minimal,stock,idle,5,mem_mib,512,phase_9_jailer_launch,15658
2026-05-13T22:45:47+00:00,minimal,stock,idle,5,mem_mib,512,phase_5b_cgroup_create,21241
2026-05-13T22:45:47+00:00,minimal,stock,idle,5,mem_mib,512,phase_10_open_uds,29
2026-05-13T22:45:47+00:00,minimal,stock,idle,5,mem_mib,512,phase_11_put_machine_config,172
2026-05-13T22:45:47+00:00,minimal,stock,idle,5,mem_mib,512,phase_11_put_boot_source,83
2026-05-13T22:45:47+00:00,minimal,stock,idle,5,mem_mib,512,phase_11_put_drive_rootfs,86
2026-05-13T22:45:47+00:00,minimal,stock,idle,5,mem_mib,512,phase_11_put_drive_rootfs_overlay,166
2026-05-13T22:45:47+00:00,minimal,stock,idle,5,mem_mib,512,phase_11_put_entropy,88
2026-05-13T22:45:47+00:00,minimal,stock,idle,5,mem_mib,512,phase_11_put_vsock,142
2026-05-13T22:45:47+00:00,minimal,stock,idle,5,mem_mib,512,phase_11_rest_puts,1421
2026-05-13T22:45:47+00:00,minimal,stock,idle,5,mem_mib,512,phase_11b_ready_listener_bind,86
2026-05-13T22:45:47+00:00,minimal,stock,idle,5,mem_mib,512,phase_11c_boot_identity_record,102
2026-05-13T22:45:47+00:00,minimal,stock,idle,5,mem_mib,512,phase_12a_instance_start,19056
2026-05-13T22:45:47+00:00,minimal,stock,idle,5,mem_mib,512,phase_12b_host_waiting_accept,1007198
2026-05-13T22:45:47+00:00,minimal,stock,idle,5,mem_mib,512,phase_12b_kernel_console_range,944717
2026-05-13T22:45:47+00:00,minimal,stock,idle,5,mem_mib,512,phase_12b_guest_process_start,2
2026-05-13T22:45:47+00:00,minimal,stock,idle,5,mem_mib,512,phase_12b_guest_stdio_redirected,481
2026-05-13T22:45:47+00:00,minimal,stock,idle,5,mem_mib,512,phase_12b_guest_panic_hook_installed,486
2026-05-13T22:45:47+00:00,minimal,stock,idle,5,mem_mib,512,phase_12b_guest_pseudo_fs_mounted,12577
2026-05-13T22:45:47+00:00,minimal,stock,idle,5,mem_mib,512,phase_12b_guest_mount_namespace_private,18838
2026-05-13T22:45:47+00:00,minimal,stock,idle,5,mem_mib,512,phase_12b_guest_base_mounted,25080
2026-05-13T22:45:47+00:00,minimal,stock,idle,5,mem_mib,512,phase_12b_guest_overlay_disk_mounted,32545
2026-05-13T22:45:47+00:00,minimal,stock,idle,5,mem_mib,512,phase_12b_guest_overlay_dirs_ready,38125
2026-05-13T22:45:47+00:00,minimal,stock,idle,5,mem_mib,512,phase_12b_guest_merged_mountpoint_ready,40918
2026-05-13T22:45:47+00:00,minimal,stock,idle,5,mem_mib,512,phase_12b_guest_overlayfs_mounted,44201
2026-05-13T22:45:47+00:00,minimal,stock,idle,5,mem_mib,512,phase_12b_guest_pseudo_fs_bound_into_merged,47635
2026-05-13T22:45:47+00:00,minimal,stock,idle,5,mem_mib,512,phase_12b_guest_merged_self_bound,50994
2026-05-13T22:45:47+00:00,minimal,stock,idle,5,mem_mib,512,phase_12b_guest_pivot_rootfs_done,52757
2026-05-13T22:45:47+00:00,minimal,stock,idle,5,mem_mib,512,phase_12b_guest_overlay_pivot_complete,54648
2026-05-13T22:45:47+00:00,minimal,stock,idle,5,mem_mib,512,phase_12b_guest_network_configured,56528
2026-05-13T22:45:47+00:00,minimal,stock,idle,5,mem_mib,512,phase_12b_guest_workspace_absent,58561
2026-05-13T22:45:47+00:00,minimal,stock,idle,5,mem_mib,512,phase_12b_guest_pid1_setup_complete,59425
2026-05-13T22:45:47+00:00,minimal,stock,idle,5,mem_mib,512,phase_12b_guest_guestd_starting_log,61087
2026-05-13T22:45:47+00:00,minimal,stock,idle,5,mem_mib,512,phase_12b_guest_exec_listener_bound,62087
2026-05-13T22:45:47+00:00,minimal,stock,idle,5,mem_mib,512,phase_12b_ready_accept,1009516
2026-05-13T22:45:47+00:00,minimal,stock,idle,5,mem_mib,512,exec_send,10
2026-05-13T22:45:47+00:00,minimal,stock,idle,5,mem_mib,512,exec_recv,11923
2026-05-13T22:45:47+00:00,minimal,stock,idle,5,mem_mib,512,stop_bounded,63565
2026-05-13T22:45:47+00:00,minimal,stock,idle,5,mem_mib,512,stop_release,115
2026-05-13T22:45:47+00:00,minimal,stock,idle,5,mem_mib,512,guest_elapsed_process_start,2
2026-05-13T22:45:47+00:00,minimal,stock,idle,5,mem_mib,512,guest_delta_process_start,2
2026-05-13T22:45:47+00:00,minimal,stock,idle,5,mem_mib,512,guest_elapsed_stdio_redirected,481
2026-05-13T22:45:47+00:00,minimal,stock,idle,5,mem_mib,512,guest_delta_stdio_redirected,479
2026-05-13T22:45:47+00:00,minimal,stock,idle,5,mem_mib,512,guest_elapsed_panic_hook_installed,486
2026-05-13T22:45:47+00:00,minimal,stock,idle,5,mem_mib,512,guest_delta_panic_hook_installed,4
2026-05-13T22:45:47+00:00,minimal,stock,idle,5,mem_mib,512,guest_elapsed_pseudo_fs_mounted,12577
2026-05-13T22:45:47+00:00,minimal,stock,idle,5,mem_mib,512,guest_delta_pseudo_fs_mounted,12091
2026-05-13T22:45:47+00:00,minimal,stock,idle,5,mem_mib,512,guest_elapsed_mount_namespace_private,18838
2026-05-13T22:45:47+00:00,minimal,stock,idle,5,mem_mib,512,guest_delta_mount_namespace_private,6260
2026-05-13T22:45:47+00:00,minimal,stock,idle,5,mem_mib,512,guest_elapsed_base_mounted,25080
2026-05-13T22:45:47+00:00,minimal,stock,idle,5,mem_mib,512,guest_delta_base_mounted,6241
2026-05-13T22:45:47+00:00,minimal,stock,idle,5,mem_mib,512,guest_elapsed_overlay_disk_mounted,32545
2026-05-13T22:45:47+00:00,minimal,stock,idle,5,mem_mib,512,guest_delta_overlay_disk_mounted,7465
2026-05-13T22:45:47+00:00,minimal,stock,idle,5,mem_mib,512,guest_elapsed_overlay_dirs_ready,38125
2026-05-13T22:45:47+00:00,minimal,stock,idle,5,mem_mib,512,guest_delta_overlay_dirs_ready,5580
2026-05-13T22:45:47+00:00,minimal,stock,idle,5,mem_mib,512,guest_elapsed_merged_mountpoint_ready,40918
2026-05-13T22:45:47+00:00,minimal,stock,idle,5,mem_mib,512,guest_delta_merged_mountpoint_ready,2792
2026-05-13T22:45:47+00:00,minimal,stock,idle,5,mem_mib,512,guest_elapsed_overlayfs_mounted,44201
2026-05-13T22:45:47+00:00,minimal,stock,idle,5,mem_mib,512,guest_delta_overlayfs_mounted,3283
2026-05-13T22:45:47+00:00,minimal,stock,idle,5,mem_mib,512,guest_elapsed_pseudo_fs_bound_into_merged,47635
2026-05-13T22:45:47+00:00,minimal,stock,idle,5,mem_mib,512,guest_delta_pseudo_fs_bound_into_merged,3434
2026-05-13T22:45:47+00:00,minimal,stock,idle,5,mem_mib,512,guest_elapsed_merged_self_bound,50994
2026-05-13T22:45:47+00:00,minimal,stock,idle,5,mem_mib,512,guest_delta_merged_self_bound,3358
2026-05-13T22:45:47+00:00,minimal,stock,idle,5,mem_mib,512,guest_elapsed_pivot_rootfs_done,52757
2026-05-13T22:45:47+00:00,minimal,stock,idle,5,mem_mib,512,guest_delta_pivot_rootfs_done,1763
2026-05-13T22:45:47+00:00,minimal,stock,idle,5,mem_mib,512,guest_elapsed_overlay_pivot_complete,54648
2026-05-13T22:45:47+00:00,minimal,stock,idle,5,mem_mib,512,guest_delta_overlay_pivot_complete,1890
2026-05-13T22:45:47+00:00,minimal,stock,idle,5,mem_mib,512,guest_elapsed_network_configured,56528
2026-05-13T22:45:47+00:00,minimal,stock,idle,5,mem_mib,512,guest_delta_network_configured,1880
2026-05-13T22:45:47+00:00,minimal,stock,idle,5,mem_mib,512,guest_elapsed_workspace_absent,58561
2026-05-13T22:45:47+00:00,minimal,stock,idle,5,mem_mib,512,guest_delta_workspace_absent,2032
2026-05-13T22:45:47+00:00,minimal,stock,idle,5,mem_mib,512,guest_elapsed_pid1_setup_complete,59425
2026-05-13T22:45:47+00:00,minimal,stock,idle,5,mem_mib,512,guest_delta_pid1_setup_complete,863
2026-05-13T22:45:47+00:00,minimal,stock,idle,5,mem_mib,512,guest_elapsed_guestd_starting_log,61087
2026-05-13T22:45:47+00:00,minimal,stock,idle,5,mem_mib,512,guest_delta_guestd_starting_log,1662
2026-05-13T22:45:47+00:00,minimal,stock,idle,5,mem_mib,512,guest_elapsed_exec_listener_bound,62087
2026-05-13T22:45:47+00:00,minimal,stock,idle,5,mem_mib,512,guest_delta_exec_listener_bound,999
2026-05-13T22:45:47+00:00,minimal,stock,idle,5,mem_mib,512,guest_elapsed_ready_signal_sent,64204
2026-05-13T22:45:47+00:00,minimal,stock,idle,5,mem_mib,512,guest_delta_ready_signal_sent,2116
2026-05-13T22:45:48+00:00,minimal,stock,idle,6,mem_mib,512,phase_1_run_root_prep,43
2026-05-13T22:45:48+00:00,minimal,stock,idle,6,mem_mib,512,phase_2_lease,34
2026-05-13T22:45:48+00:00,minimal,stock,idle,6,mem_mib,512,phase_3b_rootfs_prepare,12251
2026-05-13T22:45:48+00:00,minimal,stock,idle,6,mem_mib,512,phase_3_storage_prep,12316
2026-05-13T22:45:48+00:00,minimal,stock,idle,6,mem_mib,512,phase_4_jailer_materialize,2325
2026-05-13T22:45:48+00:00,minimal,stock,idle,6,mem_mib,512,phase_5_cgroup_probe,0
2026-05-13T22:45:48+00:00,minimal,stock,idle,6,mem_mib,512,phase_6_network_realize,0
2026-05-13T22:45:48+00:00,minimal,stock,idle,6,mem_mib,512,phase_7_outbound_guest_config,0
2026-05-13T22:45:48+00:00,minimal,stock,idle,6,mem_mib,512,phase_9_jailer_launch,15615
2026-05-13T22:45:48+00:00,minimal,stock,idle,6,mem_mib,512,phase_5b_cgroup_create,21042
2026-05-13T22:45:48+00:00,minimal,stock,idle,6,mem_mib,512,phase_10_open_uds,24
2026-05-13T22:45:48+00:00,minimal,stock,idle,6,mem_mib,512,phase_11_put_machine_config,251
2026-05-13T22:45:48+00:00,minimal,stock,idle,6,mem_mib,512,phase_11_put_boot_source,112
2026-05-13T22:45:48+00:00,minimal,stock,idle,6,mem_mib,512,phase_11_put_drive_rootfs,129
2026-05-13T22:45:48+00:00,minimal,stock,idle,6,mem_mib,512,phase_11_put_drive_rootfs_overlay,163
2026-05-13T22:45:48+00:00,minimal,stock,idle,6,mem_mib,512,phase_11_put_entropy,88
2026-05-13T22:45:48+00:00,minimal,stock,idle,6,mem_mib,512,phase_11_put_vsock,138
2026-05-13T22:45:48+00:00,minimal,stock,idle,6,mem_mib,512,phase_11_rest_puts,1567
2026-05-13T22:45:48+00:00,minimal,stock,idle,6,mem_mib,512,phase_11b_ready_listener_bind,89
2026-05-13T22:45:48+00:00,minimal,stock,idle,6,mem_mib,512,phase_11c_boot_identity_record,97
2026-05-13T22:45:48+00:00,minimal,stock,idle,6,mem_mib,512,phase_12a_instance_start,18945
2026-05-13T22:45:48+00:00,minimal,stock,idle,6,mem_mib,512,phase_12b_host_waiting_accept,1011510
2026-05-13T22:45:48+00:00,minimal,stock,idle,6,mem_mib,512,phase_12b_kernel_console_range,946490
2026-05-13T22:45:48+00:00,minimal,stock,idle,6,mem_mib,512,phase_12b_guest_process_start,2
2026-05-13T22:45:48+00:00,minimal,stock,idle,6,mem_mib,512,phase_12b_guest_stdio_redirected,1652
2026-05-13T22:45:48+00:00,minimal,stock,idle,6,mem_mib,512,phase_12b_guest_panic_hook_installed,3358
2026-05-13T22:45:48+00:00,minimal,stock,idle,6,mem_mib,512,phase_12b_guest_pseudo_fs_mounted,13817
2026-05-13T22:45:48+00:00,minimal,stock,idle,6,mem_mib,512,phase_12b_guest_mount_namespace_private,20137
2026-05-13T22:45:48+00:00,minimal,stock,idle,6,mem_mib,512,phase_12b_guest_base_mounted,26106
2026-05-13T22:45:48+00:00,minimal,stock,idle,6,mem_mib,512,phase_12b_guest_overlay_disk_mounted,33579
2026-05-13T22:45:48+00:00,minimal,stock,idle,6,mem_mib,512,phase_12b_guest_overlay_dirs_ready,39210
2026-05-13T22:45:48+00:00,minimal,stock,idle,6,mem_mib,512,phase_12b_guest_merged_mountpoint_ready,42049
2026-05-13T22:45:48+00:00,minimal,stock,idle,6,mem_mib,512,phase_12b_guest_overlayfs_mounted,45381
2026-05-13T22:45:48+00:00,minimal,stock,idle,6,mem_mib,512,phase_12b_guest_pseudo_fs_bound_into_merged,48867
2026-05-13T22:45:48+00:00,minimal,stock,idle,6,mem_mib,512,phase_12b_guest_merged_self_bound,52288
2026-05-13T22:45:48+00:00,minimal,stock,idle,6,mem_mib,512,phase_12b_guest_pivot_rootfs_done,54058
2026-05-13T22:45:48+00:00,minimal,stock,idle,6,mem_mib,512,phase_12b_guest_overlay_pivot_complete,56004
2026-05-13T22:45:48+00:00,minimal,stock,idle,6,mem_mib,512,phase_12b_guest_network_configured,57889
2026-05-13T22:45:48+00:00,minimal,stock,idle,6,mem_mib,512,phase_12b_guest_workspace_absent,59952
2026-05-13T22:45:48+00:00,minimal,stock,idle,6,mem_mib,512,phase_12b_guest_pid1_setup_complete,60805
2026-05-13T22:45:48+00:00,minimal,stock,idle,6,mem_mib,512,phase_12b_guest_guestd_starting_log,62452
2026-05-13T22:45:48+00:00,minimal,stock,idle,6,mem_mib,512,phase_12b_guest_exec_listener_bound,63499
2026-05-13T22:45:48+00:00,minimal,stock,idle,6,mem_mib,512,phase_12b_ready_accept,1013861
2026-05-13T22:45:48+00:00,minimal,stock,idle,6,mem_mib,512,exec_send,28
2026-05-13T22:45:48+00:00,minimal,stock,idle,6,mem_mib,512,exec_recv,11951
2026-05-13T22:45:48+00:00,minimal,stock,idle,6,mem_mib,512,stop_bounded,67905
2026-05-13T22:45:48+00:00,minimal,stock,idle,6,mem_mib,512,stop_release,121
2026-05-13T22:45:48+00:00,minimal,stock,idle,6,mem_mib,512,guest_elapsed_process_start,2
2026-05-13T22:45:48+00:00,minimal,stock,idle,6,mem_mib,512,guest_delta_process_start,2
2026-05-13T22:45:48+00:00,minimal,stock,idle,6,mem_mib,512,guest_elapsed_stdio_redirected,1652
2026-05-13T22:45:48+00:00,minimal,stock,idle,6,mem_mib,512,guest_delta_stdio_redirected,1649
2026-05-13T22:45:48+00:00,minimal,stock,idle,6,mem_mib,512,guest_elapsed_panic_hook_installed,3358
2026-05-13T22:45:48+00:00,minimal,stock,idle,6,mem_mib,512,guest_delta_panic_hook_installed,1706
2026-05-13T22:45:48+00:00,minimal,stock,idle,6,mem_mib,512,guest_elapsed_pseudo_fs_mounted,13817
2026-05-13T22:45:48+00:00,minimal,stock,idle,6,mem_mib,512,guest_delta_pseudo_fs_mounted,10458
2026-05-13T22:45:48+00:00,minimal,stock,idle,6,mem_mib,512,guest_elapsed_mount_namespace_private,20137
2026-05-13T22:45:48+00:00,minimal,stock,idle,6,mem_mib,512,guest_delta_mount_namespace_private,6319
2026-05-13T22:45:48+00:00,minimal,stock,idle,6,mem_mib,512,guest_elapsed_base_mounted,26106
2026-05-13T22:45:48+00:00,minimal,stock,idle,6,mem_mib,512,guest_delta_base_mounted,5969
2026-05-13T22:45:48+00:00,minimal,stock,idle,6,mem_mib,512,guest_elapsed_overlay_disk_mounted,33579
2026-05-13T22:45:48+00:00,minimal,stock,idle,6,mem_mib,512,guest_delta_overlay_disk_mounted,7472
2026-05-13T22:45:48+00:00,minimal,stock,idle,6,mem_mib,512,guest_elapsed_overlay_dirs_ready,39210
2026-05-13T22:45:48+00:00,minimal,stock,idle,6,mem_mib,512,guest_delta_overlay_dirs_ready,5630
2026-05-13T22:45:48+00:00,minimal,stock,idle,6,mem_mib,512,guest_elapsed_merged_mountpoint_ready,42049
2026-05-13T22:45:48+00:00,minimal,stock,idle,6,mem_mib,512,guest_delta_merged_mountpoint_ready,2839
2026-05-13T22:45:48+00:00,minimal,stock,idle,6,mem_mib,512,guest_elapsed_overlayfs_mounted,45381
2026-05-13T22:45:48+00:00,minimal,stock,idle,6,mem_mib,512,guest_delta_overlayfs_mounted,3331
2026-05-13T22:45:48+00:00,minimal,stock,idle,6,mem_mib,512,guest_elapsed_pseudo_fs_bound_into_merged,48867
2026-05-13T22:45:48+00:00,minimal,stock,idle,6,mem_mib,512,guest_delta_pseudo_fs_bound_into_merged,3485
2026-05-13T22:45:48+00:00,minimal,stock,idle,6,mem_mib,512,guest_elapsed_merged_self_bound,52288
2026-05-13T22:45:48+00:00,minimal,stock,idle,6,mem_mib,512,guest_delta_merged_self_bound,3421
2026-05-13T22:45:48+00:00,minimal,stock,idle,6,mem_mib,512,guest_elapsed_pivot_rootfs_done,54058
2026-05-13T22:45:48+00:00,minimal,stock,idle,6,mem_mib,512,guest_delta_pivot_rootfs_done,1769
2026-05-13T22:45:48+00:00,minimal,stock,idle,6,mem_mib,512,guest_elapsed_overlay_pivot_complete,56004
2026-05-13T22:45:48+00:00,minimal,stock,idle,6,mem_mib,512,guest_delta_overlay_pivot_complete,1946
2026-05-13T22:45:48+00:00,minimal,stock,idle,6,mem_mib,512,guest_elapsed_network_configured,57889
2026-05-13T22:45:48+00:00,minimal,stock,idle,6,mem_mib,512,guest_delta_network_configured,1884
2026-05-13T22:45:48+00:00,minimal,stock,idle,6,mem_mib,512,guest_elapsed_workspace_absent,59952
2026-05-13T22:45:48+00:00,minimal,stock,idle,6,mem_mib,512,guest_delta_workspace_absent,2062
2026-05-13T22:45:48+00:00,minimal,stock,idle,6,mem_mib,512,guest_elapsed_pid1_setup_complete,60805
2026-05-13T22:45:48+00:00,minimal,stock,idle,6,mem_mib,512,guest_delta_pid1_setup_complete,853
2026-05-13T22:45:48+00:00,minimal,stock,idle,6,mem_mib,512,guest_elapsed_guestd_starting_log,62452
2026-05-13T22:45:48+00:00,minimal,stock,idle,6,mem_mib,512,guest_delta_guestd_starting_log,1647
2026-05-13T22:45:48+00:00,minimal,stock,idle,6,mem_mib,512,guest_elapsed_exec_listener_bound,63499
2026-05-13T22:45:48+00:00,minimal,stock,idle,6,mem_mib,512,guest_delta_exec_listener_bound,1046
2026-05-13T22:45:48+00:00,minimal,stock,idle,6,mem_mib,512,guest_elapsed_ready_signal_sent,65645
2026-05-13T22:45:48+00:00,minimal,stock,idle,6,mem_mib,512,guest_delta_ready_signal_sent,2146
2026-05-13T22:45:50+00:00,minimal,stock,idle,7,mem_mib,512,phase_1_run_root_prep,63
2026-05-13T22:45:50+00:00,minimal,stock,idle,7,mem_mib,512,phase_2_lease,62
2026-05-13T22:45:50+00:00,minimal,stock,idle,7,mem_mib,512,phase_3b_rootfs_prepare,10900
2026-05-13T22:45:50+00:00,minimal,stock,idle,7,mem_mib,512,phase_3_storage_prep,10956
2026-05-13T22:45:50+00:00,minimal,stock,idle,7,mem_mib,512,phase_4_jailer_materialize,689
2026-05-13T22:45:50+00:00,minimal,stock,idle,7,mem_mib,512,phase_5_cgroup_probe,0
2026-05-13T22:45:50+00:00,minimal,stock,idle,7,mem_mib,512,phase_6_network_realize,7
2026-05-13T22:45:50+00:00,minimal,stock,idle,7,mem_mib,512,phase_7_outbound_guest_config,0
2026-05-13T22:45:50+00:00,minimal,stock,idle,7,mem_mib,512,phase_9_jailer_launch,15584
2026-05-13T22:45:50+00:00,minimal,stock,idle,7,mem_mib,512,phase_5b_cgroup_create,18420
2026-05-13T22:45:50+00:00,minimal,stock,idle,7,mem_mib,512,phase_10_open_uds,24
2026-05-13T22:45:50+00:00,minimal,stock,idle,7,mem_mib,512,phase_11_put_machine_config,236
2026-05-13T22:45:50+00:00,minimal,stock,idle,7,mem_mib,512,phase_11_put_boot_source,112
2026-05-13T22:45:50+00:00,minimal,stock,idle,7,mem_mib,512,phase_11_put_drive_rootfs,103
2026-05-13T22:45:50+00:00,minimal,stock,idle,7,mem_mib,512,phase_11_put_drive_rootfs_overlay,179
2026-05-13T22:45:50+00:00,minimal,stock,idle,7,mem_mib,512,phase_11_put_entropy,104
2026-05-13T22:45:50+00:00,minimal,stock,idle,7,mem_mib,512,phase_11_put_vsock,170
2026-05-13T22:45:50+00:00,minimal,stock,idle,7,mem_mib,512,phase_11_rest_puts,1668
2026-05-13T22:45:50+00:00,minimal,stock,idle,7,mem_mib,512,phase_11b_ready_listener_bind,92
2026-05-13T22:45:50+00:00,minimal,stock,idle,7,mem_mib,512,phase_11c_boot_identity_record,100
2026-05-13T22:45:50+00:00,minimal,stock,idle,7,mem_mib,512,phase_12a_instance_start,19265
2026-05-13T22:45:50+00:00,minimal,stock,idle,7,mem_mib,512,phase_12b_host_waiting_accept,1011829
2026-05-13T22:45:50+00:00,minimal,stock,idle,7,mem_mib,512,phase_12b_kernel_console_range,949207
2026-05-13T22:45:50+00:00,minimal,stock,idle,7,mem_mib,512,phase_12b_guest_process_start,2
2026-05-13T22:45:50+00:00,minimal,stock,idle,7,mem_mib,512,phase_12b_guest_stdio_redirected,1642
2026-05-13T22:45:50+00:00,minimal,stock,idle,7,mem_mib,512,phase_12b_guest_panic_hook_installed,3332
2026-05-13T22:45:50+00:00,minimal,stock,idle,7,mem_mib,512,phase_12b_guest_pseudo_fs_mounted,13773
2026-05-13T22:45:50+00:00,minimal,stock,idle,7,mem_mib,512,phase_12b_guest_mount_namespace_private,20055
2026-05-13T22:45:50+00:00,minimal,stock,idle,7,mem_mib,512,phase_12b_guest_base_mounted,25735
2026-05-13T22:45:50+00:00,minimal,stock,idle,7,mem_mib,512,phase_12b_guest_overlay_disk_mounted,33112
2026-05-13T22:45:50+00:00,minimal,stock,idle,7,mem_mib,512,phase_12b_guest_overlay_dirs_ready,38731
2026-05-13T22:45:50+00:00,minimal,stock,idle,7,mem_mib,512,phase_12b_guest_merged_mountpoint_ready,43169
2026-05-13T22:45:50+00:00,minimal,stock,idle,7,mem_mib,512,phase_12b_guest_overlayfs_mounted,48266
2026-05-13T22:45:50+00:00,minimal,stock,idle,7,mem_mib,512,phase_12b_guest_pseudo_fs_bound_into_merged,52578
2026-05-13T22:45:50+00:00,minimal,stock,idle,7,mem_mib,512,phase_12b_guest_merged_self_bound,55981
2026-05-13T22:45:50+00:00,minimal,stock,idle,7,mem_mib,512,phase_12b_guest_pivot_rootfs_done,57731
2026-05-13T22:45:50+00:00,minimal,stock,idle,7,mem_mib,512,phase_12b_guest_overlay_pivot_complete,59635
2026-05-13T22:45:50+00:00,minimal,stock,idle,7,mem_mib,512,phase_12b_guest_network_configured,61497
2026-05-13T22:45:50+00:00,minimal,stock,idle,7,mem_mib,512,phase_12b_guest_workspace_absent,63535
2026-05-13T22:45:50+00:00,minimal,stock,idle,7,mem_mib,512,phase_12b_guest_pid1_setup_complete,64377
2026-05-13T22:45:50+00:00,minimal,stock,idle,7,mem_mib,512,phase_12b_guest_guestd_starting_log,65999
2026-05-13T22:45:50+00:00,minimal,stock,idle,7,mem_mib,512,phase_12b_guest_exec_listener_bound,67008
2026-05-13T22:45:50+00:00,minimal,stock,idle,7,mem_mib,512,phase_12b_ready_accept,1014185
2026-05-13T22:45:50+00:00,minimal,stock,idle,7,mem_mib,512,exec_send,18
2026-05-13T22:45:50+00:00,minimal,stock,idle,7,mem_mib,512,exec_recv,12092
2026-05-13T22:45:50+00:00,minimal,stock,idle,7,mem_mib,512,stop_bounded,66337
2026-05-13T22:45:50+00:00,minimal,stock,idle,7,mem_mib,512,stop_release,126
2026-05-13T22:45:50+00:00,minimal,stock,idle,7,mem_mib,512,guest_elapsed_process_start,2
2026-05-13T22:45:50+00:00,minimal,stock,idle,7,mem_mib,512,guest_delta_process_start,2
2026-05-13T22:45:50+00:00,minimal,stock,idle,7,mem_mib,512,guest_elapsed_stdio_redirected,1642
2026-05-13T22:45:50+00:00,minimal,stock,idle,7,mem_mib,512,guest_delta_stdio_redirected,1639
2026-05-13T22:45:50+00:00,minimal,stock,idle,7,mem_mib,512,guest_elapsed_panic_hook_installed,3332
2026-05-13T22:45:50+00:00,minimal,stock,idle,7,mem_mib,512,guest_delta_panic_hook_installed,1690
2026-05-13T22:45:50+00:00,minimal,stock,idle,7,mem_mib,512,guest_elapsed_pseudo_fs_mounted,13773
2026-05-13T22:45:50+00:00,minimal,stock,idle,7,mem_mib,512,guest_delta_pseudo_fs_mounted,10440
2026-05-13T22:45:50+00:00,minimal,stock,idle,7,mem_mib,512,guest_elapsed_mount_namespace_private,20055
2026-05-13T22:45:50+00:00,minimal,stock,idle,7,mem_mib,512,guest_delta_mount_namespace_private,6282
2026-05-13T22:45:50+00:00,minimal,stock,idle,7,mem_mib,512,guest_elapsed_base_mounted,25735
2026-05-13T22:45:50+00:00,minimal,stock,idle,7,mem_mib,512,guest_delta_base_mounted,5679
2026-05-13T22:45:50+00:00,minimal,stock,idle,7,mem_mib,512,guest_elapsed_overlay_disk_mounted,33112
2026-05-13T22:45:50+00:00,minimal,stock,idle,7,mem_mib,512,guest_delta_overlay_disk_mounted,7377
2026-05-13T22:45:50+00:00,minimal,stock,idle,7,mem_mib,512,guest_elapsed_overlay_dirs_ready,38731
2026-05-13T22:45:50+00:00,minimal,stock,idle,7,mem_mib,512,guest_delta_overlay_dirs_ready,5618
2026-05-13T22:45:50+00:00,minimal,stock,idle,7,mem_mib,512,guest_elapsed_merged_mountpoint_ready,43169
2026-05-13T22:45:50+00:00,minimal,stock,idle,7,mem_mib,512,guest_delta_merged_mountpoint_ready,4438
2026-05-13T22:45:50+00:00,minimal,stock,idle,7,mem_mib,512,guest_elapsed_overlayfs_mounted,48266
2026-05-13T22:45:50+00:00,minimal,stock,idle,7,mem_mib,512,guest_delta_overlayfs_mounted,5097
2026-05-13T22:45:50+00:00,minimal,stock,idle,7,mem_mib,512,guest_elapsed_pseudo_fs_bound_into_merged,52578
2026-05-13T22:45:50+00:00,minimal,stock,idle,7,mem_mib,512,guest_delta_pseudo_fs_bound_into_merged,4311
2026-05-13T22:45:50+00:00,minimal,stock,idle,7,mem_mib,512,guest_elapsed_merged_self_bound,55981
2026-05-13T22:45:50+00:00,minimal,stock,idle,7,mem_mib,512,guest_delta_merged_self_bound,3403
2026-05-13T22:45:50+00:00,minimal,stock,idle,7,mem_mib,512,guest_elapsed_pivot_rootfs_done,57731
2026-05-13T22:45:50+00:00,minimal,stock,idle,7,mem_mib,512,guest_delta_pivot_rootfs_done,1749
2026-05-13T22:45:50+00:00,minimal,stock,idle,7,mem_mib,512,guest_elapsed_overlay_pivot_complete,59635
2026-05-13T22:45:50+00:00,minimal,stock,idle,7,mem_mib,512,guest_delta_overlay_pivot_complete,1904
2026-05-13T22:45:50+00:00,minimal,stock,idle,7,mem_mib,512,guest_elapsed_network_configured,61497
2026-05-13T22:45:50+00:00,minimal,stock,idle,7,mem_mib,512,guest_delta_network_configured,1861
2026-05-13T22:45:50+00:00,minimal,stock,idle,7,mem_mib,512,guest_elapsed_workspace_absent,63535
2026-05-13T22:45:50+00:00,minimal,stock,idle,7,mem_mib,512,guest_delta_workspace_absent,2038
2026-05-13T22:45:50+00:00,minimal,stock,idle,7,mem_mib,512,guest_elapsed_pid1_setup_complete,64377
2026-05-13T22:45:50+00:00,minimal,stock,idle,7,mem_mib,512,guest_delta_pid1_setup_complete,841
2026-05-13T22:45:50+00:00,minimal,stock,idle,7,mem_mib,512,guest_elapsed_guestd_starting_log,65999
2026-05-13T22:45:50+00:00,minimal,stock,idle,7,mem_mib,512,guest_delta_guestd_starting_log,1621
2026-05-13T22:45:50+00:00,minimal,stock,idle,7,mem_mib,512,guest_elapsed_exec_listener_bound,67008
2026-05-13T22:45:50+00:00,minimal,stock,idle,7,mem_mib,512,guest_delta_exec_listener_bound,1009
2026-05-13T22:45:50+00:00,minimal,stock,idle,7,mem_mib,512,guest_elapsed_ready_signal_sent,69123
2026-05-13T22:45:50+00:00,minimal,stock,idle,7,mem_mib,512,guest_delta_ready_signal_sent,2114
2026-05-13T22:45:51+00:00,minimal,stock,idle,8,mem_mib,512,phase_1_run_root_prep,43
2026-05-13T22:45:51+00:00,minimal,stock,idle,8,mem_mib,512,phase_2_lease,35
2026-05-13T22:45:51+00:00,minimal,stock,idle,8,mem_mib,512,phase_3b_rootfs_prepare,11860
2026-05-13T22:45:51+00:00,minimal,stock,idle,8,mem_mib,512,phase_3_storage_prep,11916
2026-05-13T22:45:51+00:00,minimal,stock,idle,8,mem_mib,512,phase_4_jailer_materialize,657
2026-05-13T22:45:51+00:00,minimal,stock,idle,8,mem_mib,512,phase_5_cgroup_probe,0
2026-05-13T22:45:51+00:00,minimal,stock,idle,8,mem_mib,512,phase_6_network_realize,6
2026-05-13T22:45:51+00:00,minimal,stock,idle,8,mem_mib,512,phase_7_outbound_guest_config,0
2026-05-13T22:45:51+00:00,minimal,stock,idle,8,mem_mib,512,phase_9_jailer_launch,15463
2026-05-13T22:45:51+00:00,minimal,stock,idle,8,mem_mib,512,phase_5b_cgroup_create,19609
2026-05-13T22:45:51+00:00,minimal,stock,idle,8,mem_mib,512,phase_10_open_uds,24
2026-05-13T22:45:51+00:00,minimal,stock,idle,8,mem_mib,512,phase_11_put_machine_config,160
2026-05-13T22:45:51+00:00,minimal,stock,idle,8,mem_mib,512,phase_11_put_boot_source,79
2026-05-13T22:45:51+00:00,minimal,stock,idle,8,mem_mib,512,phase_11_put_drive_rootfs,85
2026-05-13T22:45:51+00:00,minimal,stock,idle,8,mem_mib,512,phase_11_put_drive_rootfs_overlay,166
2026-05-13T22:45:51+00:00,minimal,stock,idle,8,mem_mib,512,phase_11_put_entropy,84
2026-05-13T22:45:51+00:00,minimal,stock,idle,8,mem_mib,512,phase_11_put_vsock,135
2026-05-13T22:45:51+00:00,minimal,stock,idle,8,mem_mib,512,phase_11_rest_puts,1397
2026-05-13T22:45:51+00:00,minimal,stock,idle,8,mem_mib,512,phase_11b_ready_listener_bind,66
2026-05-13T22:45:51+00:00,minimal,stock,idle,8,mem_mib,512,phase_11c_boot_identity_record,78
2026-05-13T22:45:51+00:00,minimal,stock,idle,8,mem_mib,512,phase_12a_instance_start,14379
2026-05-13T22:45:51+00:00,minimal,stock,idle,8,mem_mib,512,phase_12b_host_waiting_accept,1010049
2026-05-13T22:45:51+00:00,minimal,stock,idle,8,mem_mib,512,phase_12b_kernel_console_range,945422
2026-05-13T22:45:51+00:00,minimal,stock,idle,8,mem_mib,512,phase_12b_guest_process_start,2
2026-05-13T22:45:51+00:00,minimal,stock,idle,8,mem_mib,512,phase_12b_guest_stdio_redirected,1619
2026-05-13T22:45:51+00:00,minimal,stock,idle,8,mem_mib,512,phase_12b_guest_panic_hook_installed,3322
2026-05-13T22:45:51+00:00,minimal,stock,idle,8,mem_mib,512,phase_12b_guest_pseudo_fs_mounted,13830
2026-05-13T22:45:51+00:00,minimal,stock,idle,8,mem_mib,512,phase_12b_guest_mount_namespace_private,20137
2026-05-13T22:45:51+00:00,minimal,stock,idle,8,mem_mib,512,phase_12b_guest_base_mounted,26012
2026-05-13T22:45:51+00:00,minimal,stock,idle,8,mem_mib,512,phase_12b_guest_overlay_disk_mounted,33254
2026-05-13T22:45:51+00:00,minimal,stock,idle,8,mem_mib,512,phase_12b_guest_overlay_dirs_ready,38488
2026-05-13T22:45:51+00:00,minimal,stock,idle,8,mem_mib,512,phase_12b_guest_merged_mountpoint_ready,41392
2026-05-13T22:45:51+00:00,minimal,stock,idle,8,mem_mib,512,phase_12b_guest_overlayfs_mounted,44753
2026-05-13T22:45:51+00:00,minimal,stock,idle,8,mem_mib,512,phase_12b_guest_pseudo_fs_bound_into_merged,48263
2026-05-13T22:45:51+00:00,minimal,stock,idle,8,mem_mib,512,phase_12b_guest_merged_self_bound,51690
2026-05-13T22:45:51+00:00,minimal,stock,idle,8,mem_mib,512,phase_12b_guest_pivot_rootfs_done,53494
2026-05-13T22:45:51+00:00,minimal,stock,idle,8,mem_mib,512,phase_12b_guest_overlay_pivot_complete,55441
2026-05-13T22:45:51+00:00,minimal,stock,idle,8,mem_mib,512,phase_12b_guest_network_configured,57351
2026-05-13T22:45:51+00:00,minimal,stock,idle,8,mem_mib,512,phase_12b_guest_workspace_absent,59449
2026-05-13T22:45:51+00:00,minimal,stock,idle,8,mem_mib,512,phase_12b_guest_pid1_setup_complete,60307
2026-05-13T22:45:51+00:00,minimal,stock,idle,8,mem_mib,512,phase_12b_guest_guestd_starting_log,61984
2026-05-13T22:45:51+00:00,minimal,stock,idle,8,mem_mib,512,phase_12b_guest_exec_listener_bound,63016
2026-05-13T22:45:51+00:00,minimal,stock,idle,8,mem_mib,512,phase_12b_ready_accept,1011287
2026-05-13T22:45:51+00:00,minimal,stock,idle,8,mem_mib,512,exec_send,12
2026-05-13T22:45:51+00:00,minimal,stock,idle,8,mem_mib,512,exec_recv,11988
2026-05-13T22:45:51+00:00,minimal,stock,idle,8,mem_mib,512,stop_bounded,71352
2026-05-13T22:45:51+00:00,minimal,stock,idle,8,mem_mib,512,stop_release,125
2026-05-13T22:45:51+00:00,minimal,stock,idle,8,mem_mib,512,guest_elapsed_process_start,2
2026-05-13T22:45:51+00:00,minimal,stock,idle,8,mem_mib,512,guest_delta_process_start,2
2026-05-13T22:45:51+00:00,minimal,stock,idle,8,mem_mib,512,guest_elapsed_stdio_redirected,1619
2026-05-13T22:45:51+00:00,minimal,stock,idle,8,mem_mib,512,guest_delta_stdio_redirected,1616
2026-05-13T22:45:51+00:00,minimal,stock,idle,8,mem_mib,512,guest_elapsed_panic_hook_installed,3322
2026-05-13T22:45:51+00:00,minimal,stock,idle,8,mem_mib,512,guest_delta_panic_hook_installed,1702
2026-05-13T22:45:51+00:00,minimal,stock,idle,8,mem_mib,512,guest_elapsed_pseudo_fs_mounted,13830
2026-05-13T22:45:51+00:00,minimal,stock,idle,8,mem_mib,512,guest_delta_pseudo_fs_mounted,10508
2026-05-13T22:45:51+00:00,minimal,stock,idle,8,mem_mib,512,guest_elapsed_mount_namespace_private,20137
2026-05-13T22:45:51+00:00,minimal,stock,idle,8,mem_mib,512,guest_delta_mount_namespace_private,6306
2026-05-13T22:45:51+00:00,minimal,stock,idle,8,mem_mib,512,guest_elapsed_base_mounted,26012
2026-05-13T22:45:51+00:00,minimal,stock,idle,8,mem_mib,512,guest_delta_base_mounted,5875
2026-05-13T22:45:51+00:00,minimal,stock,idle,8,mem_mib,512,guest_elapsed_overlay_disk_mounted,33254
2026-05-13T22:45:51+00:00,minimal,stock,idle,8,mem_mib,512,guest_delta_overlay_disk_mounted,7241
2026-05-13T22:45:51+00:00,minimal,stock,idle,8,mem_mib,512,guest_elapsed_overlay_dirs_ready,38488
2026-05-13T22:45:51+00:00,minimal,stock,idle,8,mem_mib,512,guest_delta_overlay_dirs_ready,5234
2026-05-13T22:45:51+00:00,minimal,stock,idle,8,mem_mib,512,guest_elapsed_merged_mountpoint_ready,41392
2026-05-13T22:45:51+00:00,minimal,stock,idle,8,mem_mib,512,guest_delta_merged_mountpoint_ready,2903
2026-05-13T22:45:51+00:00,minimal,stock,idle,8,mem_mib,512,guest_elapsed_overlayfs_mounted,44753
2026-05-13T22:45:51+00:00,minimal,stock,idle,8,mem_mib,512,guest_delta_overlayfs_mounted,3360
2026-05-13T22:45:51+00:00,minimal,stock,idle,8,mem_mib,512,guest_elapsed_pseudo_fs_bound_into_merged,48263
2026-05-13T22:45:51+00:00,minimal,stock,idle,8,mem_mib,512,guest_delta_pseudo_fs_bound_into_merged,3510
2026-05-13T22:45:51+00:00,minimal,stock,idle,8,mem_mib,512,guest_elapsed_merged_self_bound,51690
2026-05-13T22:45:51+00:00,minimal,stock,idle,8,mem_mib,512,guest_delta_merged_self_bound,3426
2026-05-13T22:45:51+00:00,minimal,stock,idle,8,mem_mib,512,guest_elapsed_pivot_rootfs_done,53494
2026-05-13T22:45:51+00:00,minimal,stock,idle,8,mem_mib,512,guest_delta_pivot_rootfs_done,1804
2026-05-13T22:45:51+00:00,minimal,stock,idle,8,mem_mib,512,guest_elapsed_overlay_pivot_complete,55441
2026-05-13T22:45:51+00:00,minimal,stock,idle,8,mem_mib,512,guest_delta_overlay_pivot_complete,1946
2026-05-13T22:45:51+00:00,minimal,stock,idle,8,mem_mib,512,guest_elapsed_network_configured,57351
2026-05-13T22:45:51+00:00,minimal,stock,idle,8,mem_mib,512,guest_delta_network_configured,1910
2026-05-13T22:45:51+00:00,minimal,stock,idle,8,mem_mib,512,guest_elapsed_workspace_absent,59449
2026-05-13T22:45:51+00:00,minimal,stock,idle,8,mem_mib,512,guest_delta_workspace_absent,2097
2026-05-13T22:45:51+00:00,minimal,stock,idle,8,mem_mib,512,guest_elapsed_pid1_setup_complete,60307
2026-05-13T22:45:51+00:00,minimal,stock,idle,8,mem_mib,512,guest_delta_pid1_setup_complete,858
2026-05-13T22:45:51+00:00,minimal,stock,idle,8,mem_mib,512,guest_elapsed_guestd_starting_log,61984
2026-05-13T22:45:51+00:00,minimal,stock,idle,8,mem_mib,512,guest_delta_guestd_starting_log,1676
2026-05-13T22:45:51+00:00,minimal,stock,idle,8,mem_mib,512,guest_elapsed_exec_listener_bound,63016
2026-05-13T22:45:51+00:00,minimal,stock,idle,8,mem_mib,512,guest_delta_exec_listener_bound,1031
2026-05-13T22:45:51+00:00,minimal,stock,idle,8,mem_mib,512,guest_elapsed_ready_signal_sent,65130
2026-05-13T22:45:51+00:00,minimal,stock,idle,8,mem_mib,512,guest_delta_ready_signal_sent,2114
2026-05-13T22:45:52+00:00,minimal,stock,idle,9,mem_mib,512,phase_1_run_root_prep,71
2026-05-13T22:45:52+00:00,minimal,stock,idle,9,mem_mib,512,phase_2_lease,60
2026-05-13T22:45:52+00:00,minimal,stock,idle,9,mem_mib,512,phase_3b_rootfs_prepare,11271
2026-05-13T22:45:52+00:00,minimal,stock,idle,9,mem_mib,512,phase_3_storage_prep,11327
2026-05-13T22:45:52+00:00,minimal,stock,idle,9,mem_mib,512,phase_4_jailer_materialize,2286
2026-05-13T22:45:52+00:00,minimal,stock,idle,9,mem_mib,512,phase_5_cgroup_probe,0
2026-05-13T22:45:52+00:00,minimal,stock,idle,9,mem_mib,512,phase_6_network_realize,0
2026-05-13T22:45:52+00:00,minimal,stock,idle,9,mem_mib,512,phase_7_outbound_guest_config,0
2026-05-13T22:45:52+00:00,minimal,stock,idle,9,mem_mib,512,phase_9_jailer_launch,15469
2026-05-13T22:45:52+00:00,minimal,stock,idle,9,mem_mib,512,phase_5b_cgroup_create,21631
2026-05-13T22:45:52+00:00,minimal,stock,idle,9,mem_mib,512,phase_10_open_uds,24
2026-05-13T22:45:52+00:00,minimal,stock,idle,9,mem_mib,512,phase_11_put_machine_config,162
2026-05-13T22:45:52+00:00,minimal,stock,idle,9,mem_mib,512,phase_11_put_boot_source,81
2026-05-13T22:45:52+00:00,minimal,stock,idle,9,mem_mib,512,phase_11_put_drive_rootfs,87
2026-05-13T22:45:52+00:00,minimal,stock,idle,9,mem_mib,512,phase_11_put_drive_rootfs_overlay,166
2026-05-13T22:45:52+00:00,minimal,stock,idle,9,mem_mib,512,phase_11_put_entropy,84
2026-05-13T22:45:52+00:00,minimal,stock,idle,9,mem_mib,512,phase_11_put_vsock,140
2026-05-13T22:45:52+00:00,minimal,stock,idle,9,mem_mib,512,phase_11_rest_puts,1399
2026-05-13T22:45:52+00:00,minimal,stock,idle,9,mem_mib,512,phase_11b_ready_listener_bind,65
2026-05-13T22:45:52+00:00,minimal,stock,idle,9,mem_mib,512,phase_11c_boot_identity_record,85
2026-05-13T22:45:52+00:00,minimal,stock,idle,9,mem_mib,512,phase_12a_instance_start,13768
2026-05-13T22:45:52+00:00,minimal,stock,idle,9,mem_mib,512,phase_12b_host_waiting_accept,1013075
2026-05-13T22:45:52+00:00,minimal,stock,idle,9,mem_mib,512,phase_12b_kernel_console_range,945639
2026-05-13T22:45:52+00:00,minimal,stock,idle,9,mem_mib,512,phase_12b_guest_process_start,2
2026-05-13T22:45:52+00:00,minimal,stock,idle,9,mem_mib,512,phase_12b_guest_stdio_redirected,1726
2026-05-13T22:45:52+00:00,minimal,stock,idle,9,mem_mib,512,phase_12b_guest_panic_hook_installed,3464
2026-05-13T22:45:52+00:00,minimal,stock,idle,9,mem_mib,512,phase_12b_guest_pseudo_fs_mounted,14232
2026-05-13T22:45:52+00:00,minimal,stock,idle,9,mem_mib,512,phase_12b_guest_mount_namespace_private,20717
2026-05-13T22:45:52+00:00,minimal,stock,idle,9,mem_mib,512,phase_12b_guest_base_mounted,25190
2026-05-13T22:45:52+00:00,minimal,stock,idle,9,mem_mib,512,phase_12b_guest_overlay_disk_mounted,33392
2026-05-13T22:45:52+00:00,minimal,stock,idle,9,mem_mib,512,phase_12b_guest_overlay_dirs_ready,37362
2026-05-13T22:45:52+00:00,minimal,stock,idle,9,mem_mib,512,phase_12b_guest_merged_mountpoint_ready,40263
2026-05-13T22:45:52+00:00,minimal,stock,idle,9,mem_mib,512,phase_12b_guest_overlayfs_mounted,43592
2026-05-13T22:45:52+00:00,minimal,stock,idle,9,mem_mib,512,phase_12b_guest_pseudo_fs_bound_into_merged,47096
2026-05-13T22:45:52+00:00,minimal,stock,idle,9,mem_mib,512,phase_12b_guest_merged_self_bound,50507
2026-05-13T22:45:52+00:00,minimal,stock,idle,9,mem_mib,512,phase_12b_guest_pivot_rootfs_done,52329
2026-05-13T22:45:52+00:00,minimal,stock,idle,9,mem_mib,512,phase_12b_guest_overlay_pivot_complete,54252
2026-05-13T22:45:52+00:00,minimal,stock,idle,9,mem_mib,512,phase_12b_guest_network_configured,56179
2026-05-13T22:45:52+00:00,minimal,stock,idle,9,mem_mib,512,phase_12b_guest_workspace_absent,58238
2026-05-13T22:45:52+00:00,minimal,stock,idle,9,mem_mib,512,phase_12b_guest_pid1_setup_complete,59117
2026-05-13T22:45:52+00:00,minimal,stock,idle,9,mem_mib,512,phase_12b_guest_guestd_starting_log,60809
2026-05-13T22:45:52+00:00,minimal,stock,idle,9,mem_mib,512,phase_12b_guest_exec_listener_bound,61867
2026-05-13T22:45:52+00:00,minimal,stock,idle,9,mem_mib,512,phase_12b_ready_accept,1014477
2026-05-13T22:45:52+00:00,minimal,stock,idle,9,mem_mib,512,exec_send,14
2026-05-13T22:45:52+00:00,minimal,stock,idle,9,mem_mib,512,exec_recv,11991
2026-05-13T22:45:52+00:00,minimal,stock,idle,9,mem_mib,512,stop_bounded,69815
2026-05-13T22:45:52+00:00,minimal,stock,idle,9,mem_mib,512,stop_release,110
2026-05-13T22:45:52+00:00,minimal,stock,idle,9,mem_mib,512,guest_elapsed_process_start,2
2026-05-13T22:45:52+00:00,minimal,stock,idle,9,mem_mib,512,guest_delta_process_start,2
2026-05-13T22:45:52+00:00,minimal,stock,idle,9,mem_mib,512,guest_elapsed_stdio_redirected,1726
2026-05-13T22:45:52+00:00,minimal,stock,idle,9,mem_mib,512,guest_delta_stdio_redirected,1723
2026-05-13T22:45:52+00:00,minimal,stock,idle,9,mem_mib,512,guest_elapsed_panic_hook_installed,3464
2026-05-13T22:45:52+00:00,minimal,stock,idle,9,mem_mib,512,guest_delta_panic_hook_installed,1737
2026-05-13T22:45:52+00:00,minimal,stock,idle,9,mem_mib,512,guest_elapsed_pseudo_fs_mounted,14232
2026-05-13T22:45:52+00:00,minimal,stock,idle,9,mem_mib,512,guest_delta_pseudo_fs_mounted,10767
2026-05-13T22:45:52+00:00,minimal,stock,idle,9,mem_mib,512,guest_elapsed_mount_namespace_private,20717
2026-05-13T22:45:52+00:00,minimal,stock,idle,9,mem_mib,512,guest_delta_mount_namespace_private,6485
2026-05-13T22:45:52+00:00,minimal,stock,idle,9,mem_mib,512,guest_elapsed_base_mounted,25190
2026-05-13T22:45:52+00:00,minimal,stock,idle,9,mem_mib,512,guest_delta_base_mounted,4472
2026-05-13T22:45:52+00:00,minimal,stock,idle,9,mem_mib,512,guest_elapsed_overlay_disk_mounted,33392
2026-05-13T22:45:52+00:00,minimal,stock,idle,9,mem_mib,512,guest_delta_overlay_disk_mounted,8201
2026-05-13T22:45:52+00:00,minimal,stock,idle,9,mem_mib,512,guest_elapsed_overlay_dirs_ready,37362
2026-05-13T22:45:52+00:00,minimal,stock,idle,9,mem_mib,512,guest_delta_overlay_dirs_ready,3970
2026-05-13T22:45:52+00:00,minimal,stock,idle,9,mem_mib,512,guest_elapsed_merged_mountpoint_ready,40263
2026-05-13T22:45:52+00:00,minimal,stock,idle,9,mem_mib,512,guest_delta_merged_mountpoint_ready,2901
2026-05-13T22:45:52+00:00,minimal,stock,idle,9,mem_mib,512,guest_elapsed_overlayfs_mounted,43592
2026-05-13T22:45:52+00:00,minimal,stock,idle,9,mem_mib,512,guest_delta_overlayfs_mounted,3329
2026-05-13T22:45:52+00:00,minimal,stock,idle,9,mem_mib,512,guest_elapsed_pseudo_fs_bound_into_merged,47096
2026-05-13T22:45:52+00:00,minimal,stock,idle,9,mem_mib,512,guest_delta_pseudo_fs_bound_into_merged,3503
2026-05-13T22:45:52+00:00,minimal,stock,idle,9,mem_mib,512,guest_elapsed_merged_self_bound,50507
2026-05-13T22:45:52+00:00,minimal,stock,idle,9,mem_mib,512,guest_delta_merged_self_bound,3410
2026-05-13T22:45:52+00:00,minimal,stock,idle,9,mem_mib,512,guest_elapsed_pivot_rootfs_done,52329
2026-05-13T22:45:52+00:00,minimal,stock,idle,9,mem_mib,512,guest_delta_pivot_rootfs_done,1822
2026-05-13T22:45:52+00:00,minimal,stock,idle,9,mem_mib,512,guest_elapsed_overlay_pivot_complete,54252
2026-05-13T22:45:52+00:00,minimal,stock,idle,9,mem_mib,512,guest_delta_overlay_pivot_complete,1922
2026-05-13T22:45:52+00:00,minimal,stock,idle,9,mem_mib,512,guest_elapsed_network_configured,56179
2026-05-13T22:45:52+00:00,minimal,stock,idle,9,mem_mib,512,guest_delta_network_configured,1926
2026-05-13T22:45:52+00:00,minimal,stock,idle,9,mem_mib,512,guest_elapsed_workspace_absent,58238
2026-05-13T22:45:52+00:00,minimal,stock,idle,9,mem_mib,512,guest_delta_workspace_absent,2058
2026-05-13T22:45:52+00:00,minimal,stock,idle,9,mem_mib,512,guest_elapsed_pid1_setup_complete,59117
2026-05-13T22:45:52+00:00,minimal,stock,idle,9,mem_mib,512,guest_delta_pid1_setup_complete,879
2026-05-13T22:45:52+00:00,minimal,stock,idle,9,mem_mib,512,guest_elapsed_guestd_starting_log,60809
2026-05-13T22:45:52+00:00,minimal,stock,idle,9,mem_mib,512,guest_delta_guestd_starting_log,1692
2026-05-13T22:45:52+00:00,minimal,stock,idle,9,mem_mib,512,guest_elapsed_exec_listener_bound,61867
2026-05-13T22:45:52+00:00,minimal,stock,idle,9,mem_mib,512,guest_delta_exec_listener_bound,1057
2026-05-13T22:45:52+00:00,minimal,stock,idle,9,mem_mib,512,guest_elapsed_ready_signal_sent,64013
2026-05-13T22:45:52+00:00,minimal,stock,idle,9,mem_mib,512,guest_delta_ready_signal_sent,2146
2026-05-13T22:45:54+00:00,minimal,stock,idle,10,mem_mib,512,phase_1_run_root_prep,63
2026-05-13T22:45:54+00:00,minimal,stock,idle,10,mem_mib,512,phase_2_lease,34
2026-05-13T22:45:54+00:00,minimal,stock,idle,10,mem_mib,512,phase_3b_rootfs_prepare,12196
2026-05-13T22:45:54+00:00,minimal,stock,idle,10,mem_mib,512,phase_3_storage_prep,12262
2026-05-13T22:45:54+00:00,minimal,stock,idle,10,mem_mib,512,phase_4_jailer_materialize,834
2026-05-13T22:45:54+00:00,minimal,stock,idle,10,mem_mib,512,phase_5_cgroup_probe,0
2026-05-13T22:45:54+00:00,minimal,stock,idle,10,mem_mib,512,phase_6_network_realize,6
2026-05-13T22:45:54+00:00,minimal,stock,idle,10,mem_mib,512,phase_7_outbound_guest_config,0
2026-05-13T22:45:54+00:00,minimal,stock,idle,10,mem_mib,512,phase_9_jailer_launch,15510
2026-05-13T22:45:54+00:00,minimal,stock,idle,10,mem_mib,512,phase_5b_cgroup_create,21192
2026-05-13T22:45:54+00:00,minimal,stock,idle,10,mem_mib,512,phase_10_open_uds,35
2026-05-13T22:45:54+00:00,minimal,stock,idle,10,mem_mib,512,phase_11_put_machine_config,248
2026-05-13T22:45:54+00:00,minimal,stock,idle,10,mem_mib,512,phase_11_put_boot_source,103
2026-05-13T22:45:54+00:00,minimal,stock,idle,10,mem_mib,512,phase_11_put_drive_rootfs,93
2026-05-13T22:45:54+00:00,minimal,stock,idle,10,mem_mib,512,phase_11_put_drive_rootfs_overlay,164
2026-05-13T22:45:54+00:00,minimal,stock,idle,10,mem_mib,512,phase_11_put_entropy,80
2026-05-13T22:45:54+00:00,minimal,stock,idle,10,mem_mib,512,phase_11_put_vsock,143
2026-05-13T22:45:54+00:00,minimal,stock,idle,10,mem_mib,512,phase_11_rest_puts,1160
2026-05-13T22:45:54+00:00,minimal,stock,idle,10,mem_mib,512,phase_11b_ready_listener_bind,33
2026-05-13T22:45:54+00:00,minimal,stock,idle,10,mem_mib,512,phase_11c_boot_identity_record,41
2026-05-13T22:45:54+00:00,minimal,stock,idle,10,mem_mib,512,phase_12a_instance_start,20199
2026-05-13T22:45:54+00:00,minimal,stock,idle,10,mem_mib,512,phase_12b_host_waiting_accept,1005943
2026-05-13T22:45:54+00:00,minimal,stock,idle,10,mem_mib,512,phase_12b_kernel_console_range,940168
2026-05-13T22:45:54+00:00,minimal,stock,idle,10,mem_mib,512,phase_12b_guest_process_start,2
2026-05-13T22:45:54+00:00,minimal,stock,idle,10,mem_mib,512,phase_12b_guest_stdio_redirected,1587
2026-05-13T22:45:54+00:00,minimal,stock,idle,10,mem_mib,512,phase_12b_guest_panic_hook_installed,3179
2026-05-13T22:45:54+00:00,minimal,stock,idle,10,mem_mib,512,phase_12b_guest_pseudo_fs_mounted,13333
2026-05-13T22:45:54+00:00,minimal,stock,idle,10,mem_mib,512,phase_12b_guest_mount_namespace_private,19339
2026-05-13T22:45:54+00:00,minimal,stock,idle,10,mem_mib,512,phase_12b_guest_base_mounted,25183
2026-05-13T22:45:54+00:00,minimal,stock,idle,10,mem_mib,512,phase_12b_guest_overlay_disk_mounted,32303
2026-05-13T22:45:54+00:00,minimal,stock,idle,10,mem_mib,512,phase_12b_guest_overlay_dirs_ready,37782
2026-05-13T22:45:54+00:00,minimal,stock,idle,10,mem_mib,512,phase_12b_guest_merged_mountpoint_ready,40864
2026-05-13T22:45:54+00:00,minimal,stock,idle,10,mem_mib,512,phase_12b_guest_overlayfs_mounted,44017
2026-05-13T22:45:54+00:00,minimal,stock,idle,10,mem_mib,512,phase_12b_guest_pseudo_fs_bound_into_merged,47327
2026-05-13T22:45:54+00:00,minimal,stock,idle,10,mem_mib,512,phase_12b_guest_merged_self_bound,50576
2026-05-13T22:45:54+00:00,minimal,stock,idle,10,mem_mib,512,phase_12b_guest_pivot_rootfs_done,52282
2026-05-13T22:45:54+00:00,minimal,stock,idle,10,mem_mib,512,phase_12b_guest_overlay_pivot_complete,54097
2026-05-13T22:45:54+00:00,minimal,stock,idle,10,mem_mib,512,phase_12b_guest_network_configured,55927
2026-05-13T22:45:54+00:00,minimal,stock,idle,10,mem_mib,512,phase_12b_guest_workspace_absent,57885
2026-05-13T22:45:54+00:00,minimal,stock,idle,10,mem_mib,512,phase_12b_guest_pid1_setup_complete,58703
2026-05-13T22:45:54+00:00,minimal,stock,idle,10,mem_mib,512,phase_12b_guest_guestd_starting_log,60298
2026-05-13T22:45:54+00:00,minimal,stock,idle,10,mem_mib,512,phase_12b_guest_exec_listener_bound,61303
2026-05-13T22:45:54+00:00,minimal,stock,idle,10,mem_mib,512,phase_12b_ready_accept,1008277
2026-05-13T22:45:54+00:00,minimal,stock,idle,10,mem_mib,512,exec_send,21
2026-05-13T22:45:54+00:00,minimal,stock,idle,10,mem_mib,512,exec_recv,11962
2026-05-13T22:45:54+00:00,minimal,stock,idle,10,mem_mib,512,stop_bounded,86311
2026-05-13T22:45:54+00:00,minimal,stock,idle,10,mem_mib,512,stop_release,120
2026-05-13T22:45:54+00:00,minimal,stock,idle,10,mem_mib,512,guest_elapsed_process_start,2
2026-05-13T22:45:54+00:00,minimal,stock,idle,10,mem_mib,512,guest_delta_process_start,2
2026-05-13T22:45:54+00:00,minimal,stock,idle,10,mem_mib,512,guest_elapsed_stdio_redirected,1587
2026-05-13T22:45:54+00:00,minimal,stock,idle,10,mem_mib,512,guest_delta_stdio_redirected,1584
2026-05-13T22:45:54+00:00,minimal,stock,idle,10,mem_mib,512,guest_elapsed_panic_hook_installed,3179
2026-05-13T22:45:54+00:00,minimal,stock,idle,10,mem_mib,512,guest_delta_panic_hook_installed,1592
2026-05-13T22:45:54+00:00,minimal,stock,idle,10,mem_mib,512,guest_elapsed_pseudo_fs_mounted,13333
2026-05-13T22:45:54+00:00,minimal,stock,idle,10,mem_mib,512,guest_delta_pseudo_fs_mounted,10153
2026-05-13T22:45:54+00:00,minimal,stock,idle,10,mem_mib,512,guest_elapsed_mount_namespace_private,19339
2026-05-13T22:45:54+00:00,minimal,stock,idle,10,mem_mib,512,guest_delta_mount_namespace_private,6006
2026-05-13T22:45:54+00:00,minimal,stock,idle,10,mem_mib,512,guest_elapsed_base_mounted,25183
2026-05-13T22:45:54+00:00,minimal,stock,idle,10,mem_mib,512,guest_delta_base_mounted,5844
2026-05-13T22:45:54+00:00,minimal,stock,idle,10,mem_mib,512,guest_elapsed_overlay_disk_mounted,32303
2026-05-13T22:45:54+00:00,minimal,stock,idle,10,mem_mib,512,guest_delta_overlay_disk_mounted,7119
2026-05-13T22:45:54+00:00,minimal,stock,idle,10,mem_mib,512,guest_elapsed_overlay_dirs_ready,37782
2026-05-13T22:45:54+00:00,minimal,stock,idle,10,mem_mib,512,guest_delta_overlay_dirs_ready,5479
2026-05-13T22:45:54+00:00,minimal,stock,idle,10,mem_mib,512,guest_elapsed_merged_mountpoint_ready,40864
2026-05-13T22:45:54+00:00,minimal,stock,idle,10,mem_mib,512,guest_delta_merged_mountpoint_ready,3081
2026-05-13T22:45:54+00:00,minimal,stock,idle,10,mem_mib,512,guest_elapsed_overlayfs_mounted,44017
2026-05-13T22:45:54+00:00,minimal,stock,idle,10,mem_mib,512,guest_delta_overlayfs_mounted,3153
2026-05-13T22:45:54+00:00,minimal,stock,idle,10,mem_mib,512,guest_elapsed_pseudo_fs_bound_into_merged,47327
2026-05-13T22:45:54+00:00,minimal,stock,idle,10,mem_mib,512,guest_delta_pseudo_fs_bound_into_merged,3310
2026-05-13T22:45:54+00:00,minimal,stock,idle,10,mem_mib,512,guest_elapsed_merged_self_bound,50576
2026-05-13T22:45:54+00:00,minimal,stock,idle,10,mem_mib,512,guest_delta_merged_self_bound,3248
2026-05-13T22:45:54+00:00,minimal,stock,idle,10,mem_mib,512,guest_elapsed_pivot_rootfs_done,52282
2026-05-13T22:45:54+00:00,minimal,stock,idle,10,mem_mib,512,guest_delta_pivot_rootfs_done,1706
2026-05-13T22:45:54+00:00,minimal,stock,idle,10,mem_mib,512,guest_elapsed_overlay_pivot_complete,54097
2026-05-13T22:45:54+00:00,minimal,stock,idle,10,mem_mib,512,guest_delta_overlay_pivot_complete,1814
2026-05-13T22:45:54+00:00,minimal,stock,idle,10,mem_mib,512,guest_elapsed_network_configured,55927
2026-05-13T22:45:54+00:00,minimal,stock,idle,10,mem_mib,512,guest_delta_network_configured,1830
2026-05-13T22:45:54+00:00,minimal,stock,idle,10,mem_mib,512,guest_elapsed_workspace_absent,57885
2026-05-13T22:45:54+00:00,minimal,stock,idle,10,mem_mib,512,guest_delta_workspace_absent,1958
2026-05-13T22:45:54+00:00,minimal,stock,idle,10,mem_mib,512,guest_elapsed_pid1_setup_complete,58703
2026-05-13T22:45:54+00:00,minimal,stock,idle,10,mem_mib,512,guest_delta_pid1_setup_complete,817
2026-05-13T22:45:54+00:00,minimal,stock,idle,10,mem_mib,512,guest_elapsed_guestd_starting_log,60298
2026-05-13T22:45:54+00:00,minimal,stock,idle,10,mem_mib,512,guest_delta_guestd_starting_log,1594
2026-05-13T22:45:54+00:00,minimal,stock,idle,10,mem_mib,512,guest_elapsed_exec_listener_bound,61303
2026-05-13T22:45:54+00:00,minimal,stock,idle,10,mem_mib,512,guest_delta_exec_listener_bound,1004
2026-05-13T22:45:54+00:00,minimal,stock,idle,10,mem_mib,512,guest_elapsed_ready_signal_sent,63358
2026-05-13T22:45:54+00:00,minimal,stock,idle,10,mem_mib,512,guest_delta_ready_signal_sent,2055
2026-05-13T22:45:55+00:00,minimal,stock,idle,11,mem_mib,512,phase_1_run_root_prep,58
2026-05-13T22:45:55+00:00,minimal,stock,idle,11,mem_mib,512,phase_2_lease,52
2026-05-13T22:45:55+00:00,minimal,stock,idle,11,mem_mib,512,phase_3b_rootfs_prepare,14666
2026-05-13T22:45:55+00:00,minimal,stock,idle,11,mem_mib,512,phase_3_storage_prep,14723
2026-05-13T22:45:55+00:00,minimal,stock,idle,11,mem_mib,512,phase_4_jailer_materialize,889
2026-05-13T22:45:55+00:00,minimal,stock,idle,11,mem_mib,512,phase_5_cgroup_probe,0
2026-05-13T22:45:55+00:00,minimal,stock,idle,11,mem_mib,512,phase_6_network_realize,7
2026-05-13T22:45:55+00:00,minimal,stock,idle,11,mem_mib,512,phase_7_outbound_guest_config,0
2026-05-13T22:45:55+00:00,minimal,stock,idle,11,mem_mib,512,phase_9_jailer_launch,15472
2026-05-13T22:45:55+00:00,minimal,stock,idle,11,mem_mib,512,phase_5b_cgroup_create,24364
2026-05-13T22:45:55+00:00,minimal,stock,idle,11,mem_mib,512,phase_10_open_uds,21
2026-05-13T22:45:55+00:00,minimal,stock,idle,11,mem_mib,512,phase_11_put_machine_config,165
2026-05-13T22:45:55+00:00,minimal,stock,idle,11,mem_mib,512,phase_11_put_boot_source,82
2026-05-13T22:45:55+00:00,minimal,stock,idle,11,mem_mib,512,phase_11_put_drive_rootfs,84
2026-05-13T22:45:55+00:00,minimal,stock,idle,11,mem_mib,512,phase_11_put_drive_rootfs_overlay,166
2026-05-13T22:45:55+00:00,minimal,stock,idle,11,mem_mib,512,phase_11_put_entropy,89
2026-05-13T22:45:55+00:00,minimal,stock,idle,11,mem_mib,512,phase_11_put_vsock,142
2026-05-13T22:45:55+00:00,minimal,stock,idle,11,mem_mib,512,phase_11_rest_puts,1425
2026-05-13T22:45:55+00:00,minimal,stock,idle,11,mem_mib,512,phase_11b_ready_listener_bind,85
2026-05-13T22:45:55+00:00,minimal,stock,idle,11,mem_mib,512,phase_11c_boot_identity_record,87
2026-05-13T22:45:55+00:00,minimal,stock,idle,11,mem_mib,512,phase_12a_instance_start,19906
2026-05-13T22:45:55+00:00,minimal,stock,idle,11,mem_mib,512,phase_12b_host_waiting_accept,1013746
2026-05-13T22:45:55+00:00,minimal,stock,idle,11,mem_mib,512,phase_12b_kernel_console_range,950204
2026-05-13T22:45:55+00:00,minimal,stock,idle,11,mem_mib,512,phase_12b_guest_process_start,2
2026-05-13T22:45:55+00:00,minimal,stock,idle,11,mem_mib,512,phase_12b_guest_stdio_redirected,1652
2026-05-13T22:45:55+00:00,minimal,stock,idle,11,mem_mib,512,phase_12b_guest_panic_hook_installed,3367
2026-05-13T22:45:55+00:00,minimal,stock,idle,11,mem_mib,512,phase_12b_guest_pseudo_fs_mounted,13830
2026-05-13T22:45:55+00:00,minimal,stock,idle,11,mem_mib,512,phase_12b_guest_mount_namespace_private,20151
2026-05-13T22:45:55+00:00,minimal,stock,idle,11,mem_mib,512,phase_12b_guest_base_mounted,25926
2026-05-13T22:45:55+00:00,minimal,stock,idle,11,mem_mib,512,phase_12b_guest_overlay_disk_mounted,33437
2026-05-13T22:45:55+00:00,minimal,stock,idle,11,mem_mib,512,phase_12b_guest_overlay_dirs_ready,39137
2026-05-13T22:45:55+00:00,minimal,stock,idle,11,mem_mib,512,phase_12b_guest_merged_mountpoint_ready,43657
2026-05-13T22:45:55+00:00,minimal,stock,idle,11,mem_mib,512,phase_12b_guest_overlayfs_mounted,48744
2026-05-13T22:45:55+00:00,minimal,stock,idle,11,mem_mib,512,phase_12b_guest_pseudo_fs_bound_into_merged,52191
2026-05-13T22:45:55+00:00,minimal,stock,idle,11,mem_mib,512,phase_12b_guest_merged_self_bound,55586
2026-05-13T22:45:55+00:00,minimal,stock,idle,11,mem_mib,512,phase_12b_guest_pivot_rootfs_done,57358
2026-05-13T22:45:55+00:00,minimal,stock,idle,11,mem_mib,512,phase_12b_guest_overlay_pivot_complete,59281
2026-05-13T22:45:55+00:00,minimal,stock,idle,11,mem_mib,512,phase_12b_guest_network_configured,61165
2026-05-13T22:45:55+00:00,minimal,stock,idle,11,mem_mib,512,phase_12b_guest_workspace_absent,63232
2026-05-13T22:45:55+00:00,minimal,stock,idle,11,mem_mib,512,phase_12b_guest_pid1_setup_complete,64085
2026-05-13T22:45:55+00:00,minimal,stock,idle,11,mem_mib,512,phase_12b_guest_guestd_starting_log,65739
2026-05-13T22:45:55+00:00,minimal,stock,idle,11,mem_mib,512,phase_12b_guest_exec_listener_bound,66798
2026-05-13T22:45:55+00:00,minimal,stock,idle,11,mem_mib,512,phase_12b_ready_accept,1016068
2026-05-13T22:45:55+00:00,minimal,stock,idle,11,mem_mib,512,exec_send,18
2026-05-13T22:45:55+00:00,minimal,stock,idle,11,mem_mib,512,exec_recv,12034
2026-05-13T22:45:55+00:00,minimal,stock,idle,11,mem_mib,512,stop_bounded,70747
2026-05-13T22:45:55+00:00,minimal,stock,idle,11,mem_mib,512,stop_release,112
2026-05-13T22:45:55+00:00,minimal,stock,idle,11,mem_mib,512,guest_elapsed_process_start,2
2026-05-13T22:45:55+00:00,minimal,stock,idle,11,mem_mib,512,guest_delta_process_start,2
2026-05-13T22:45:55+00:00,minimal,stock,idle,11,mem_mib,512,guest_elapsed_stdio_redirected,1652
2026-05-13T22:45:55+00:00,minimal,stock,idle,11,mem_mib,512,guest_delta_stdio_redirected,1650
2026-05-13T22:45:55+00:00,minimal,stock,idle,11,mem_mib,512,guest_elapsed_panic_hook_installed,3367
2026-05-13T22:45:55+00:00,minimal,stock,idle,11,mem_mib,512,guest_delta_panic_hook_installed,1714
2026-05-13T22:45:55+00:00,minimal,stock,idle,11,mem_mib,512,guest_elapsed_pseudo_fs_mounted,13830
2026-05-13T22:45:55+00:00,minimal,stock,idle,11,mem_mib,512,guest_delta_pseudo_fs_mounted,10463
2026-05-13T22:45:55+00:00,minimal,stock,idle,11,mem_mib,512,guest_elapsed_mount_namespace_private,20151
2026-05-13T22:45:55+00:00,minimal,stock,idle,11,mem_mib,512,guest_delta_mount_namespace_private,6320
2026-05-13T22:45:55+00:00,minimal,stock,idle,11,mem_mib,512,guest_elapsed_base_mounted,25926
2026-05-13T22:45:55+00:00,minimal,stock,idle,11,mem_mib,512,guest_delta_base_mounted,5775
2026-05-13T22:45:55+00:00,minimal,stock,idle,11,mem_mib,512,guest_elapsed_overlay_disk_mounted,33437
2026-05-13T22:45:55+00:00,minimal,stock,idle,11,mem_mib,512,guest_delta_overlay_disk_mounted,7510
2026-05-13T22:45:55+00:00,minimal,stock,idle,11,mem_mib,512,guest_elapsed_overlay_dirs_ready,39137
2026-05-13T22:45:55+00:00,minimal,stock,idle,11,mem_mib,512,guest_delta_overlay_dirs_ready,5700
2026-05-13T22:45:55+00:00,minimal,stock,idle,11,mem_mib,512,guest_elapsed_merged_mountpoint_ready,43657
2026-05-13T22:45:55+00:00,minimal,stock,idle,11,mem_mib,512,guest_delta_merged_mountpoint_ready,4519
2026-05-13T22:45:55+00:00,minimal,stock,idle,11,mem_mib,512,guest_elapsed_overlayfs_mounted,48744
2026-05-13T22:45:55+00:00,minimal,stock,idle,11,mem_mib,512,guest_delta_overlayfs_mounted,5087
2026-05-13T22:45:55+00:00,minimal,stock,idle,11,mem_mib,512,guest_elapsed_pseudo_fs_bound_into_merged,52191
2026-05-13T22:45:55+00:00,minimal,stock,idle,11,mem_mib,512,guest_delta_pseudo_fs_bound_into_merged,3446
2026-05-13T22:45:55+00:00,minimal,stock,idle,11,mem_mib,512,guest_elapsed_merged_self_bound,55586
2026-05-13T22:45:55+00:00,minimal,stock,idle,11,mem_mib,512,guest_delta_merged_self_bound,3395
2026-05-13T22:45:55+00:00,minimal,stock,idle,11,mem_mib,512,guest_elapsed_pivot_rootfs_done,57358
2026-05-13T22:45:55+00:00,minimal,stock,idle,11,mem_mib,512,guest_delta_pivot_rootfs_done,1771
2026-05-13T22:45:55+00:00,minimal,stock,idle,11,mem_mib,512,guest_elapsed_overlay_pivot_complete,59281
2026-05-13T22:45:55+00:00,minimal,stock,idle,11,mem_mib,512,guest_delta_overlay_pivot_complete,1923
2026-05-13T22:45:55+00:00,minimal,stock,idle,11,mem_mib,512,guest_elapsed_network_configured,61165
2026-05-13T22:45:55+00:00,minimal,stock,idle,11,mem_mib,512,guest_delta_network_configured,1883
2026-05-13T22:45:55+00:00,minimal,stock,idle,11,mem_mib,512,guest_elapsed_workspace_absent,63232
2026-05-13T22:45:55+00:00,minimal,stock,idle,11,mem_mib,512,guest_delta_workspace_absent,2067
2026-05-13T22:45:55+00:00,minimal,stock,idle,11,mem_mib,512,guest_elapsed_pid1_setup_complete,64085
2026-05-13T22:45:55+00:00,minimal,stock,idle,11,mem_mib,512,guest_delta_pid1_setup_complete,852
2026-05-13T22:45:55+00:00,minimal,stock,idle,11,mem_mib,512,guest_elapsed_guestd_starting_log,65739
2026-05-13T22:45:55+00:00,minimal,stock,idle,11,mem_mib,512,guest_delta_guestd_starting_log,1654
2026-05-13T22:45:55+00:00,minimal,stock,idle,11,mem_mib,512,guest_elapsed_exec_listener_bound,66798
2026-05-13T22:45:55+00:00,minimal,stock,idle,11,mem_mib,512,guest_delta_exec_listener_bound,1059
2026-05-13T22:45:55+00:00,minimal,stock,idle,11,mem_mib,512,guest_elapsed_ready_signal_sent,68934
2026-05-13T22:45:55+00:00,minimal,stock,idle,11,mem_mib,512,guest_delta_ready_signal_sent,2135
2026-05-13T22:45:57+00:00,minimal,stock,idle,12,mem_mib,512,phase_1_run_root_prep,41
2026-05-13T22:45:57+00:00,minimal,stock,idle,12,mem_mib,512,phase_2_lease,34
2026-05-13T22:45:57+00:00,minimal,stock,idle,12,mem_mib,512,phase_3b_rootfs_prepare,11258
2026-05-13T22:45:57+00:00,minimal,stock,idle,12,mem_mib,512,phase_3_storage_prep,11314
2026-05-13T22:45:57+00:00,minimal,stock,idle,12,mem_mib,512,phase_4_jailer_materialize,2134
2026-05-13T22:45:57+00:00,minimal,stock,idle,12,mem_mib,512,phase_5_cgroup_probe,0
2026-05-13T22:45:57+00:00,minimal,stock,idle,12,mem_mib,512,phase_6_network_realize,0
2026-05-13T22:45:57+00:00,minimal,stock,idle,12,mem_mib,512,phase_7_outbound_guest_config,0
2026-05-13T22:45:57+00:00,minimal,stock,idle,12,mem_mib,512,phase_9_jailer_launch,15499
2026-05-13T22:45:57+00:00,minimal,stock,idle,12,mem_mib,512,phase_5b_cgroup_create,19368
2026-05-13T22:45:57+00:00,minimal,stock,idle,12,mem_mib,512,phase_10_open_uds,24
2026-05-13T22:45:57+00:00,minimal,stock,idle,12,mem_mib,512,phase_11_put_machine_config,220
2026-05-13T22:45:57+00:00,minimal,stock,idle,12,mem_mib,512,phase_11_put_boot_source,85
2026-05-13T22:45:57+00:00,minimal,stock,idle,12,mem_mib,512,phase_11_put_drive_rootfs,94
2026-05-13T22:45:57+00:00,minimal,stock,idle,12,mem_mib,512,phase_11_put_drive_rootfs_overlay,162
2026-05-13T22:45:57+00:00,minimal,stock,idle,12,mem_mib,512,phase_11_put_entropy,71
2026-05-13T22:45:57+00:00,minimal,stock,idle,12,mem_mib,512,phase_11_put_vsock,127
2026-05-13T22:45:57+00:00,minimal,stock,idle,12,mem_mib,512,phase_11_rest_puts,1085
2026-05-13T22:45:57+00:00,minimal,stock,idle,12,mem_mib,512,phase_11b_ready_listener_bind,33
2026-05-13T22:45:57+00:00,minimal,stock,idle,12,mem_mib,512,phase_11c_boot_identity_record,41
2026-05-13T22:45:57+00:00,minimal,stock,idle,12,mem_mib,512,phase_12a_instance_start,17839
2026-05-13T22:45:57+00:00,minimal,stock,idle,12,mem_mib,512,phase_12b_host_waiting_accept,1015039
2026-05-13T22:45:57+00:00,minimal,stock,idle,12,mem_mib,512,phase_12b_kernel_console_range,946447
2026-05-13T22:45:57+00:00,minimal,stock,idle,12,mem_mib,512,phase_12b_guest_process_start,1
2026-05-13T22:45:57+00:00,minimal,stock,idle,12,mem_mib,512,phase_12b_guest_stdio_redirected,1612
2026-05-13T22:45:57+00:00,minimal,stock,idle,12,mem_mib,512,phase_12b_guest_panic_hook_installed,3307
2026-05-13T22:45:57+00:00,minimal,stock,idle,12,mem_mib,512,phase_12b_guest_pseudo_fs_mounted,13921
2026-05-13T22:45:57+00:00,minimal,stock,idle,12,mem_mib,512,phase_12b_guest_mount_namespace_private,20240
2026-05-13T22:45:57+00:00,minimal,stock,idle,12,mem_mib,512,phase_12b_guest_base_mounted,26247
2026-05-13T22:45:57+00:00,minimal,stock,idle,12,mem_mib,512,phase_12b_guest_overlay_disk_mounted,33662
2026-05-13T22:45:57+00:00,minimal,stock,idle,12,mem_mib,512,phase_12b_guest_overlay_dirs_ready,39080
2026-05-13T22:45:57+00:00,minimal,stock,idle,12,mem_mib,512,phase_12b_guest_merged_mountpoint_ready,41929
2026-05-13T22:45:57+00:00,minimal,stock,idle,12,mem_mib,512,phase_12b_guest_overlayfs_mounted,45217
2026-05-13T22:45:57+00:00,minimal,stock,idle,12,mem_mib,512,phase_12b_guest_pseudo_fs_bound_into_merged,48691
2026-05-13T22:45:57+00:00,minimal,stock,idle,12,mem_mib,512,phase_12b_guest_merged_self_bound,52092
2026-05-13T22:45:57+00:00,minimal,stock,idle,12,mem_mib,512,phase_12b_guest_pivot_rootfs_done,53879
2026-05-13T22:45:57+00:00,minimal,stock,idle,12,mem_mib,512,phase_12b_guest_overlay_pivot_complete,55816
2026-05-13T22:45:57+00:00,minimal,stock,idle,12,mem_mib,512,phase_12b_guest_network_configured,57727
2026-05-13T22:45:57+00:00,minimal,stock,idle,12,mem_mib,512,phase_12b_guest_workspace_absent,59805
2026-05-13T22:45:57+00:00,minimal,stock,idle,12,mem_mib,512,phase_12b_guest_pid1_setup_complete,60656
2026-05-13T22:45:57+00:00,minimal,stock,idle,12,mem_mib,512,phase_12b_guest_guestd_starting_log,62307
2026-05-13T22:45:57+00:00,minimal,stock,idle,12,mem_mib,512,phase_12b_guest_exec_listener_bound,63342
2026-05-13T22:45:57+00:00,minimal,stock,idle,12,mem_mib,512,phase_12b_ready_accept,1017379
2026-05-13T22:45:57+00:00,minimal,stock,idle,12,mem_mib,512,exec_send,9
2026-05-13T22:45:57+00:00,minimal,stock,idle,12,mem_mib,512,exec_recv,11997
2026-05-13T22:45:57+00:00,minimal,stock,idle,12,mem_mib,512,stop_bounded,53704
2026-05-13T22:45:57+00:00,minimal,stock,idle,12,mem_mib,512,stop_release,121
2026-05-13T22:45:57+00:00,minimal,stock,idle,12,mem_mib,512,guest_elapsed_process_start,1
2026-05-13T22:45:57+00:00,minimal,stock,idle,12,mem_mib,512,guest_delta_process_start,1
2026-05-13T22:45:57+00:00,minimal,stock,idle,12,mem_mib,512,guest_elapsed_stdio_redirected,1612
2026-05-13T22:45:57+00:00,minimal,stock,idle,12,mem_mib,512,guest_delta_stdio_redirected,1610
2026-05-13T22:45:57+00:00,minimal,stock,idle,12,mem_mib,512,guest_elapsed_panic_hook_installed,3307
2026-05-13T22:45:57+00:00,minimal,stock,idle,12,mem_mib,512,guest_delta_panic_hook_installed,1695
2026-05-13T22:45:57+00:00,minimal,stock,idle,12,mem_mib,512,guest_elapsed_pseudo_fs_mounted,13921
2026-05-13T22:45:57+00:00,minimal,stock,idle,12,mem_mib,512,guest_delta_pseudo_fs_mounted,10614
2026-05-13T22:45:57+00:00,minimal,stock,idle,12,mem_mib,512,guest_elapsed_mount_namespace_private,20240
2026-05-13T22:45:57+00:00,minimal,stock,idle,12,mem_mib,512,guest_delta_mount_namespace_private,6319
2026-05-13T22:45:57+00:00,minimal,stock,idle,12,mem_mib,512,guest_elapsed_base_mounted,26247
2026-05-13T22:45:57+00:00,minimal,stock,idle,12,mem_mib,512,guest_delta_base_mounted,6006
2026-05-13T22:45:57+00:00,minimal,stock,idle,12,mem_mib,512,guest_elapsed_overlay_disk_mounted,33662
2026-05-13T22:45:57+00:00,minimal,stock,idle,12,mem_mib,512,guest_delta_overlay_disk_mounted,7414
2026-05-13T22:45:57+00:00,minimal,stock,idle,12,mem_mib,512,guest_elapsed_overlay_dirs_ready,39080
2026-05-13T22:45:57+00:00,minimal,stock,idle,12,mem_mib,512,guest_delta_overlay_dirs_ready,5417
2026-05-13T22:45:57+00:00,minimal,stock,idle,12,mem_mib,512,guest_elapsed_merged_mountpoint_ready,41929
2026-05-13T22:45:57+00:00,minimal,stock,idle,12,mem_mib,512,guest_delta_merged_mountpoint_ready,2849
2026-05-13T22:45:57+00:00,minimal,stock,idle,12,mem_mib,512,guest_elapsed_overlayfs_mounted,45217
2026-05-13T22:45:57+00:00,minimal,stock,idle,12,mem_mib,512,guest_delta_overlayfs_mounted,3288
2026-05-13T22:45:57+00:00,minimal,stock,idle,12,mem_mib,512,guest_elapsed_pseudo_fs_bound_into_merged,48691
2026-05-13T22:45:57+00:00,minimal,stock,idle,12,mem_mib,512,guest_delta_pseudo_fs_bound_into_merged,3473
2026-05-13T22:45:57+00:00,minimal,stock,idle,12,mem_mib,512,guest_elapsed_merged_self_bound,52092
2026-05-13T22:45:57+00:00,minimal,stock,idle,12,mem_mib,512,guest_delta_merged_self_bound,3401
2026-05-13T22:45:57+00:00,minimal,stock,idle,12,mem_mib,512,guest_elapsed_pivot_rootfs_done,53879
2026-05-13T22:45:57+00:00,minimal,stock,idle,12,mem_mib,512,guest_delta_pivot_rootfs_done,1786
2026-05-13T22:45:57+00:00,minimal,stock,idle,12,mem_mib,512,guest_elapsed_overlay_pivot_complete,55816
2026-05-13T22:45:57+00:00,minimal,stock,idle,12,mem_mib,512,guest_delta_overlay_pivot_complete,1936
2026-05-13T22:45:57+00:00,minimal,stock,idle,12,mem_mib,512,guest_elapsed_network_configured,57727
2026-05-13T22:45:57+00:00,minimal,stock,idle,12,mem_mib,512,guest_delta_network_configured,1911
2026-05-13T22:45:57+00:00,minimal,stock,idle,12,mem_mib,512,guest_elapsed_workspace_absent,59805
2026-05-13T22:45:57+00:00,minimal,stock,idle,12,mem_mib,512,guest_delta_workspace_absent,2077
2026-05-13T22:45:57+00:00,minimal,stock,idle,12,mem_mib,512,guest_elapsed_pid1_setup_complete,60656
2026-05-13T22:45:57+00:00,minimal,stock,idle,12,mem_mib,512,guest_delta_pid1_setup_complete,851
2026-05-13T22:45:57+00:00,minimal,stock,idle,12,mem_mib,512,guest_elapsed_guestd_starting_log,62307
2026-05-13T22:45:57+00:00,minimal,stock,idle,12,mem_mib,512,guest_delta_guestd_starting_log,1650
2026-05-13T22:45:57+00:00,minimal,stock,idle,12,mem_mib,512,guest_elapsed_exec_listener_bound,63342
2026-05-13T22:45:57+00:00,minimal,stock,idle,12,mem_mib,512,guest_delta_exec_listener_bound,1035
2026-05-13T22:45:57+00:00,minimal,stock,idle,12,mem_mib,512,guest_elapsed_ready_signal_sent,65459
2026-05-13T22:45:57+00:00,minimal,stock,idle,12,mem_mib,512,guest_delta_ready_signal_sent,2116
2026-05-13T22:45:58+00:00,minimal,stock,idle,13,mem_mib,512,phase_1_run_root_prep,34
2026-05-13T22:45:58+00:00,minimal,stock,idle,13,mem_mib,512,phase_2_lease,35
2026-05-13T22:45:58+00:00,minimal,stock,idle,13,mem_mib,512,phase_3b_rootfs_prepare,10992
2026-05-13T22:45:58+00:00,minimal,stock,idle,13,mem_mib,512,phase_3_storage_prep,11053
2026-05-13T22:45:58+00:00,minimal,stock,idle,13,mem_mib,512,phase_4_jailer_materialize,840
2026-05-13T22:45:58+00:00,minimal,stock,idle,13,mem_mib,512,phase_5_cgroup_probe,0
2026-05-13T22:45:58+00:00,minimal,stock,idle,13,mem_mib,512,phase_6_network_realize,0
2026-05-13T22:45:58+00:00,minimal,stock,idle,13,mem_mib,512,phase_7_outbound_guest_config,0
2026-05-13T22:45:58+00:00,minimal,stock,idle,13,mem_mib,512,phase_9_jailer_launch,15496
2026-05-13T22:45:58+00:00,minimal,stock,idle,13,mem_mib,512,phase_5b_cgroup_create,20684
2026-05-13T22:45:58+00:00,minimal,stock,idle,13,mem_mib,512,phase_10_open_uds,28
2026-05-13T22:45:58+00:00,minimal,stock,idle,13,mem_mib,512,phase_11_put_machine_config,228
2026-05-13T22:45:58+00:00,minimal,stock,idle,13,mem_mib,512,phase_11_put_boot_source,92
2026-05-13T22:45:58+00:00,minimal,stock,idle,13,mem_mib,512,phase_11_put_drive_rootfs,80
2026-05-13T22:45:58+00:00,minimal,stock,idle,13,mem_mib,512,phase_11_put_drive_rootfs_overlay,157
2026-05-13T22:45:58+00:00,minimal,stock,idle,13,mem_mib,512,phase_11_put_entropy,76
2026-05-13T22:45:58+00:00,minimal,stock,idle,13,mem_mib,512,phase_11_put_vsock,136
2026-05-13T22:45:58+00:00,minimal,stock,idle,13,mem_mib,512,phase_11_rest_puts,1099
2026-05-13T22:45:58+00:00,minimal,stock,idle,13,mem_mib,512,phase_11b_ready_listener_bind,33
2026-05-13T22:45:58+00:00,minimal,stock,idle,13,mem_mib,512,phase_11c_boot_identity_record,41
2026-05-13T22:45:58+00:00,minimal,stock,idle,13,mem_mib,512,phase_12a_instance_start,13803
2026-05-13T22:45:58+00:00,minimal,stock,idle,13,mem_mib,512,phase_12b_host_waiting_accept,1015175
2026-05-13T22:45:58+00:00,minimal,stock,idle,13,mem_mib,512,phase_12b_kernel_console_range,948784
2026-05-13T22:45:58+00:00,minimal,stock,idle,13,mem_mib,512,phase_12b_guest_process_start,2
2026-05-13T22:45:58+00:00,minimal,stock,idle,13,mem_mib,512,phase_12b_guest_stdio_redirected,1688
2026-05-13T22:45:58+00:00,minimal,stock,idle,13,mem_mib,512,phase_12b_guest_panic_hook_installed,3457
2026-05-13T22:45:58+00:00,minimal,stock,idle,13,mem_mib,512,phase_12b_guest_pseudo_fs_mounted,14259
2026-05-13T22:45:58+00:00,minimal,stock,idle,13,mem_mib,512,phase_12b_guest_mount_namespace_private,20713
2026-05-13T22:45:58+00:00,minimal,stock,idle,13,mem_mib,512,phase_12b_guest_base_mounted,27081
2026-05-13T22:45:58+00:00,minimal,stock,idle,13,mem_mib,512,phase_12b_guest_overlay_disk_mounted,35440
2026-05-13T22:45:58+00:00,minimal,stock,idle,13,mem_mib,512,phase_12b_guest_overlay_dirs_ready,41920
2026-05-13T22:45:58+00:00,minimal,stock,idle,13,mem_mib,512,phase_12b_guest_merged_mountpoint_ready,44808
2026-05-13T22:45:58+00:00,minimal,stock,idle,13,mem_mib,512,phase_12b_guest_overlayfs_mounted,48149
2026-05-13T22:45:58+00:00,minimal,stock,idle,13,mem_mib,512,phase_12b_guest_pseudo_fs_bound_into_merged,51658
2026-05-13T22:45:58+00:00,minimal,stock,idle,13,mem_mib,512,phase_12b_guest_merged_self_bound,55090
2026-05-13T22:45:58+00:00,minimal,stock,idle,13,mem_mib,512,phase_12b_guest_pivot_rootfs_done,56874
2026-05-13T22:45:58+00:00,minimal,stock,idle,13,mem_mib,512,phase_12b_guest_overlay_pivot_complete,58794
2026-05-13T22:45:58+00:00,minimal,stock,idle,13,mem_mib,512,phase_12b_guest_network_configured,60693
2026-05-13T22:45:58+00:00,minimal,stock,idle,13,mem_mib,512,phase_12b_guest_workspace_absent,62776
2026-05-13T22:45:58+00:00,minimal,stock,idle,13,mem_mib,512,phase_12b_guest_pid1_setup_complete,63626
2026-05-13T22:45:58+00:00,minimal,stock,idle,13,mem_mib,512,phase_12b_guest_guestd_starting_log,65288
2026-05-13T22:45:58+00:00,minimal,stock,idle,13,mem_mib,512,phase_12b_guest_exec_listener_bound,66320
2026-05-13T22:45:58+00:00,minimal,stock,idle,13,mem_mib,512,phase_12b_ready_accept,1017497
2026-05-13T22:45:58+00:00,minimal,stock,idle,13,mem_mib,512,exec_send,18
2026-05-13T22:45:58+00:00,minimal,stock,idle,13,mem_mib,512,exec_recv,12021
2026-05-13T22:45:58+00:00,minimal,stock,idle,13,mem_mib,512,stop_bounded,75792
2026-05-13T22:45:58+00:00,minimal,stock,idle,13,mem_mib,512,stop_release,112
2026-05-13T22:45:58+00:00,minimal,stock,idle,13,mem_mib,512,guest_elapsed_process_start,2
2026-05-13T22:45:58+00:00,minimal,stock,idle,13,mem_mib,512,guest_delta_process_start,2
2026-05-13T22:45:58+00:00,minimal,stock,idle,13,mem_mib,512,guest_elapsed_stdio_redirected,1688
2026-05-13T22:45:58+00:00,minimal,stock,idle,13,mem_mib,512,guest_delta_stdio_redirected,1686
2026-05-13T22:45:58+00:00,minimal,stock,idle,13,mem_mib,512,guest_elapsed_panic_hook_installed,3457
2026-05-13T22:45:58+00:00,minimal,stock,idle,13,mem_mib,512,guest_delta_panic_hook_installed,1768
2026-05-13T22:45:58+00:00,minimal,stock,idle,13,mem_mib,512,guest_elapsed_pseudo_fs_mounted,14259
2026-05-13T22:45:58+00:00,minimal,stock,idle,13,mem_mib,512,guest_delta_pseudo_fs_mounted,10801
2026-05-13T22:45:58+00:00,minimal,stock,idle,13,mem_mib,512,guest_elapsed_mount_namespace_private,20713
2026-05-13T22:45:58+00:00,minimal,stock,idle,13,mem_mib,512,guest_delta_mount_namespace_private,6454
2026-05-13T22:45:58+00:00,minimal,stock,idle,13,mem_mib,512,guest_elapsed_base_mounted,27081
2026-05-13T22:45:58+00:00,minimal,stock,idle,13,mem_mib,512,guest_delta_base_mounted,6368
2026-05-13T22:45:58+00:00,minimal,stock,idle,13,mem_mib,512,guest_elapsed_overlay_disk_mounted,35440
2026-05-13T22:45:58+00:00,minimal,stock,idle,13,mem_mib,512,guest_delta_overlay_disk_mounted,8359
2026-05-13T22:45:58+00:00,minimal,stock,idle,13,mem_mib,512,guest_elapsed_overlay_dirs_ready,41920
2026-05-13T22:45:58+00:00,minimal,stock,idle,13,mem_mib,512,guest_delta_overlay_dirs_ready,6479
2026-05-13T22:45:58+00:00,minimal,stock,idle,13,mem_mib,512,guest_elapsed_merged_mountpoint_ready,44808
2026-05-13T22:45:58+00:00,minimal,stock,idle,13,mem_mib,512,guest_delta_merged_mountpoint_ready,2888
2026-05-13T22:45:58+00:00,minimal,stock,idle,13,mem_mib,512,guest_elapsed_overlayfs_mounted,48149
2026-05-13T22:45:58+00:00,minimal,stock,idle,13,mem_mib,512,guest_delta_overlayfs_mounted,3340
2026-05-13T22:45:58+00:00,minimal,stock,idle,13,mem_mib,512,guest_elapsed_pseudo_fs_bound_into_merged,51658
2026-05-13T22:45:58+00:00,minimal,stock,idle,13,mem_mib,512,guest_delta_pseudo_fs_bound_into_merged,3509
2026-05-13T22:45:58+00:00,minimal,stock,idle,13,mem_mib,512,guest_elapsed_merged_self_bound,55090
2026-05-13T22:45:58+00:00,minimal,stock,idle,13,mem_mib,512,guest_delta_merged_self_bound,3432
2026-05-13T22:45:58+00:00,minimal,stock,idle,13,mem_mib,512,guest_elapsed_pivot_rootfs_done,56874
2026-05-13T22:45:58+00:00,minimal,stock,idle,13,mem_mib,512,guest_delta_pivot_rootfs_done,1783
2026-05-13T22:45:58+00:00,minimal,stock,idle,13,mem_mib,512,guest_elapsed_overlay_pivot_complete,58794
2026-05-13T22:45:58+00:00,minimal,stock,idle,13,mem_mib,512,guest_delta_overlay_pivot_complete,1920
2026-05-13T22:45:58+00:00,minimal,stock,idle,13,mem_mib,512,guest_elapsed_network_configured,60693
2026-05-13T22:45:58+00:00,minimal,stock,idle,13,mem_mib,512,guest_delta_network_configured,1898
2026-05-13T22:45:58+00:00,minimal,stock,idle,13,mem_mib,512,guest_elapsed_workspace_absent,62776
2026-05-13T22:45:58+00:00,minimal,stock,idle,13,mem_mib,512,guest_delta_workspace_absent,2082
2026-05-13T22:45:58+00:00,minimal,stock,idle,13,mem_mib,512,guest_elapsed_pid1_setup_complete,63626
2026-05-13T22:45:58+00:00,minimal,stock,idle,13,mem_mib,512,guest_delta_pid1_setup_complete,850
2026-05-13T22:45:58+00:00,minimal,stock,idle,13,mem_mib,512,guest_elapsed_guestd_starting_log,65288
2026-05-13T22:45:58+00:00,minimal,stock,idle,13,mem_mib,512,guest_delta_guestd_starting_log,1661
2026-05-13T22:45:58+00:00,minimal,stock,idle,13,mem_mib,512,guest_elapsed_exec_listener_bound,66320
2026-05-13T22:45:58+00:00,minimal,stock,idle,13,mem_mib,512,guest_delta_exec_listener_bound,1032
2026-05-13T22:45:58+00:00,minimal,stock,idle,13,mem_mib,512,guest_elapsed_ready_signal_sent,68451
2026-05-13T22:45:58+00:00,minimal,stock,idle,13,mem_mib,512,guest_delta_ready_signal_sent,2130
2026-05-13T22:45:59+00:00,minimal,stock,idle,14,mem_mib,512,phase_1_run_root_prep,123
2026-05-13T22:45:59+00:00,minimal,stock,idle,14,mem_mib,512,phase_2_lease,36
2026-05-13T22:45:59+00:00,minimal,stock,idle,14,mem_mib,512,phase_3b_rootfs_prepare,15130
2026-05-13T22:45:59+00:00,minimal,stock,idle,14,mem_mib,512,phase_3_storage_prep,15197
2026-05-13T22:45:59+00:00,minimal,stock,idle,14,mem_mib,512,phase_4_jailer_materialize,806
2026-05-13T22:45:59+00:00,minimal,stock,idle,14,mem_mib,512,phase_5_cgroup_probe,0
2026-05-13T22:45:59+00:00,minimal,stock,idle,14,mem_mib,512,phase_6_network_realize,7
2026-05-13T22:45:59+00:00,minimal,stock,idle,14,mem_mib,512,phase_7_outbound_guest_config,0
2026-05-13T22:45:59+00:00,minimal,stock,idle,14,mem_mib,512,phase_9_jailer_launch,15536
2026-05-13T22:45:59+00:00,minimal,stock,idle,14,mem_mib,512,phase_5b_cgroup_create,18132
2026-05-13T22:45:59+00:00,minimal,stock,idle,14,mem_mib,512,phase_10_open_uds,26
2026-05-13T22:45:59+00:00,minimal,stock,idle,14,mem_mib,512,phase_11_put_machine_config,222
2026-05-13T22:45:59+00:00,minimal,stock,idle,14,mem_mib,512,phase_11_put_boot_source,101
2026-05-13T22:45:59+00:00,minimal,stock,idle,14,mem_mib,512,phase_11_put_drive_rootfs,102
2026-05-13T22:45:59+00:00,minimal,stock,idle,14,mem_mib,512,phase_11_put_drive_rootfs_overlay,196
2026-05-13T22:45:59+00:00,minimal,stock,idle,14,mem_mib,512,phase_11_put_entropy,98
2026-05-13T22:45:59+00:00,minimal,stock,idle,14,mem_mib,512,phase_11_put_vsock,154
2026-05-13T22:45:59+00:00,minimal,stock,idle,14,mem_mib,512,phase_11_rest_puts,1642
2026-05-13T22:45:59+00:00,minimal,stock,idle,14,mem_mib,512,phase_11b_ready_listener_bind,101
2026-05-13T22:45:59+00:00,minimal,stock,idle,14,mem_mib,512,phase_11c_boot_identity_record,118
2026-05-13T22:45:59+00:00,minimal,stock,idle,14,mem_mib,512,phase_12a_instance_start,13855
2026-05-13T22:45:59+00:00,minimal,stock,idle,14,mem_mib,512,phase_12b_host_waiting_accept,1009208
2026-05-13T22:45:59+00:00,minimal,stock,idle,14,mem_mib,512,phase_12b_kernel_console_range,945742
2026-05-13T22:45:59+00:00,minimal,stock,idle,14,mem_mib,512,phase_12b_guest_process_start,2
2026-05-13T22:45:59+00:00,minimal,stock,idle,14,mem_mib,512,phase_12b_guest_stdio_redirected,487
2026-05-13T22:45:59+00:00,minimal,stock,idle,14,mem_mib,512,phase_12b_guest_panic_hook_installed,491
2026-05-13T22:45:59+00:00,minimal,stock,idle,14,mem_mib,512,phase_12b_guest_pseudo_fs_mounted,12688
2026-05-13T22:45:59+00:00,minimal,stock,idle,14,mem_mib,512,phase_12b_guest_mount_namespace_private,19032
2026-05-13T22:45:59+00:00,minimal,stock,idle,14,mem_mib,512,phase_12b_guest_base_mounted,24944
2026-05-13T22:45:59+00:00,minimal,stock,idle,14,mem_mib,512,phase_12b_guest_overlay_disk_mounted,32327
2026-05-13T22:45:59+00:00,minimal,stock,idle,14,mem_mib,512,phase_12b_guest_overlay_dirs_ready,37731
2026-05-13T22:45:59+00:00,minimal,stock,idle,14,mem_mib,512,phase_12b_guest_merged_mountpoint_ready,40590
2026-05-13T22:45:59+00:00,minimal,stock,idle,14,mem_mib,512,phase_12b_guest_overlayfs_mounted,43921
2026-05-13T22:45:59+00:00,minimal,stock,idle,14,mem_mib,512,phase_12b_guest_pseudo_fs_bound_into_merged,47419
2026-05-13T22:45:59+00:00,minimal,stock,idle,14,mem_mib,512,phase_12b_guest_merged_self_bound,50818
2026-05-13T22:45:59+00:00,minimal,stock,idle,14,mem_mib,512,phase_12b_guest_pivot_rootfs_done,52611
2026-05-13T22:45:59+00:00,minimal,stock,idle,14,mem_mib,512,phase_12b_guest_overlay_pivot_complete,54547
2026-05-13T22:45:59+00:00,minimal,stock,idle,14,mem_mib,512,phase_12b_guest_network_configured,56443
2026-05-13T22:45:59+00:00,minimal,stock,idle,14,mem_mib,512,phase_12b_guest_workspace_absent,58516
2026-05-13T22:45:59+00:00,minimal,stock,idle,14,mem_mib,512,phase_12b_guest_pid1_setup_complete,59372
2026-05-13T22:45:59+00:00,minimal,stock,idle,14,mem_mib,512,phase_12b_guest_guestd_starting_log,61032
2026-05-13T22:45:59+00:00,minimal,stock,idle,14,mem_mib,512,phase_12b_guest_exec_listener_bound,62080
2026-05-13T22:45:59+00:00,minimal,stock,idle,14,mem_mib,512,phase_12b_ready_accept,1011515
2026-05-13T22:45:59+00:00,minimal,stock,idle,14,mem_mib,512,exec_send,18
2026-05-13T22:45:59+00:00,minimal,stock,idle,14,mem_mib,512,exec_recv,12100
2026-05-13T22:45:59+00:00,minimal,stock,idle,14,mem_mib,512,stop_bounded,69156
2026-05-13T22:45:59+00:00,minimal,stock,idle,14,mem_mib,512,stop_release,117
2026-05-13T22:45:59+00:00,minimal,stock,idle,14,mem_mib,512,guest_elapsed_process_start,2
2026-05-13T22:45:59+00:00,minimal,stock,idle,14,mem_mib,512,guest_delta_process_start,2
2026-05-13T22:45:59+00:00,minimal,stock,idle,14,mem_mib,512,guest_elapsed_stdio_redirected,487
2026-05-13T22:45:59+00:00,minimal,stock,idle,14,mem_mib,512,guest_delta_stdio_redirected,484
2026-05-13T22:45:59+00:00,minimal,stock,idle,14,mem_mib,512,guest_elapsed_panic_hook_installed,491
2026-05-13T22:45:59+00:00,minimal,stock,idle,14,mem_mib,512,guest_delta_panic_hook_installed,4
2026-05-13T22:45:59+00:00,minimal,stock,idle,14,mem_mib,512,guest_elapsed_pseudo_fs_mounted,12688
2026-05-13T22:45:59+00:00,minimal,stock,idle,14,mem_mib,512,guest_delta_pseudo_fs_mounted,12196
2026-05-13T22:45:59+00:00,minimal,stock,idle,14,mem_mib,512,guest_elapsed_mount_namespace_private,19032
2026-05-13T22:45:59+00:00,minimal,stock,idle,14,mem_mib,512,guest_delta_mount_namespace_private,6344
2026-05-13T22:45:59+00:00,minimal,stock,idle,14,mem_mib,512,guest_elapsed_base_mounted,24944
2026-05-13T22:45:59+00:00,minimal,stock,idle,14,mem_mib,512,guest_delta_base_mounted,5912
2026-05-13T22:45:59+00:00,minimal,stock,idle,14,mem_mib,512,guest_elapsed_overlay_disk_mounted,32327
2026-05-13T22:45:59+00:00,minimal,stock,idle,14,mem_mib,512,guest_delta_overlay_disk_mounted,7383
2026-05-13T22:45:59+00:00,minimal,stock,idle,14,mem_mib,512,guest_elapsed_overlay_dirs_ready,37731
2026-05-13T22:45:59+00:00,minimal,stock,idle,14,mem_mib,512,guest_delta_overlay_dirs_ready,5404
2026-05-13T22:45:59+00:00,minimal,stock,idle,14,mem_mib,512,guest_elapsed_merged_mountpoint_ready,40590
2026-05-13T22:45:59+00:00,minimal,stock,idle,14,mem_mib,512,guest_delta_merged_mountpoint_ready,2858
2026-05-13T22:45:59+00:00,minimal,stock,idle,14,mem_mib,512,guest_elapsed_overlayfs_mounted,43921
2026-05-13T22:45:59+00:00,minimal,stock,idle,14,mem_mib,512,guest_delta_overlayfs_mounted,3331
2026-05-13T22:45:59+00:00,minimal,stock,idle,14,mem_mib,512,guest_elapsed_pseudo_fs_bound_into_merged,47419
2026-05-13T22:45:59+00:00,minimal,stock,idle,14,mem_mib,512,guest_delta_pseudo_fs_bound_into_merged,3497
2026-05-13T22:45:59+00:00,minimal,stock,idle,14,mem_mib,512,guest_elapsed_merged_self_bound,50818
2026-05-13T22:45:59+00:00,minimal,stock,idle,14,mem_mib,512,guest_delta_merged_self_bound,3399
2026-05-13T22:45:59+00:00,minimal,stock,idle,14,mem_mib,512,guest_elapsed_pivot_rootfs_done,52611
2026-05-13T22:45:59+00:00,minimal,stock,idle,14,mem_mib,512,guest_delta_pivot_rootfs_done,1793
2026-05-13T22:45:59+00:00,minimal,stock,idle,14,mem_mib,512,guest_elapsed_overlay_pivot_complete,54547
2026-05-13T22:45:59+00:00,minimal,stock,idle,14,mem_mib,512,guest_delta_overlay_pivot_complete,1935
2026-05-13T22:45:59+00:00,minimal,stock,idle,14,mem_mib,512,guest_elapsed_network_configured,56443
2026-05-13T22:45:59+00:00,minimal,stock,idle,14,mem_mib,512,guest_delta_network_configured,1896
2026-05-13T22:45:59+00:00,minimal,stock,idle,14,mem_mib,512,guest_elapsed_workspace_absent,58516
2026-05-13T22:45:59+00:00,minimal,stock,idle,14,mem_mib,512,guest_delta_workspace_absent,2072
2026-05-13T22:45:59+00:00,minimal,stock,idle,14,mem_mib,512,guest_elapsed_pid1_setup_complete,59372
2026-05-13T22:45:59+00:00,minimal,stock,idle,14,mem_mib,512,guest_delta_pid1_setup_complete,856
2026-05-13T22:45:59+00:00,minimal,stock,idle,14,mem_mib,512,guest_elapsed_guestd_starting_log,61032
2026-05-13T22:45:59+00:00,minimal,stock,idle,14,mem_mib,512,guest_delta_guestd_starting_log,1659
2026-05-13T22:45:59+00:00,minimal,stock,idle,14,mem_mib,512,guest_elapsed_exec_listener_bound,62080
2026-05-13T22:45:59+00:00,minimal,stock,idle,14,mem_mib,512,guest_delta_exec_listener_bound,1048
2026-05-13T22:45:59+00:00,minimal,stock,idle,14,mem_mib,512,guest_elapsed_ready_signal_sent,64216
2026-05-13T22:45:59+00:00,minimal,stock,idle,14,mem_mib,512,guest_delta_ready_signal_sent,2135
2026-05-13T22:46:01+00:00,minimal,stock,idle,15,mem_mib,512,phase_1_run_root_prep,61
2026-05-13T22:46:01+00:00,minimal,stock,idle,15,mem_mib,512,phase_2_lease,36
2026-05-13T22:46:01+00:00,minimal,stock,idle,15,mem_mib,512,phase_3b_rootfs_prepare,13433
2026-05-13T22:46:01+00:00,minimal,stock,idle,15,mem_mib,512,phase_3_storage_prep,13490
2026-05-13T22:46:01+00:00,minimal,stock,idle,15,mem_mib,512,phase_4_jailer_materialize,2436
2026-05-13T22:46:01+00:00,minimal,stock,idle,15,mem_mib,512,phase_5_cgroup_probe,0
2026-05-13T22:46:01+00:00,minimal,stock,idle,15,mem_mib,512,phase_6_network_realize,0
2026-05-13T22:46:01+00:00,minimal,stock,idle,15,mem_mib,512,phase_7_outbound_guest_config,0
2026-05-13T22:46:01+00:00,minimal,stock,idle,15,mem_mib,512,phase_9_jailer_launch,15565
2026-05-13T22:46:01+00:00,minimal,stock,idle,15,mem_mib,512,phase_5b_cgroup_create,17352
2026-05-13T22:46:01+00:00,minimal,stock,idle,15,mem_mib,512,phase_10_open_uds,26
2026-05-13T22:46:01+00:00,minimal,stock,idle,15,mem_mib,512,phase_11_put_machine_config,169
2026-05-13T22:46:01+00:00,minimal,stock,idle,15,mem_mib,512,phase_11_put_boot_source,81
2026-05-13T22:46:01+00:00,minimal,stock,idle,15,mem_mib,512,phase_11_put_drive_rootfs,91
2026-05-13T22:46:01+00:00,minimal,stock,idle,15,mem_mib,512,phase_11_put_drive_rootfs_overlay,194
2026-05-13T22:46:01+00:00,minimal,stock,idle,15,mem_mib,512,phase_11_put_entropy,114
2026-05-13T22:46:01+00:00,minimal,stock,idle,15,mem_mib,512,phase_11_put_vsock,172
2026-05-13T22:46:01+00:00,minimal,stock,idle,15,mem_mib,512,phase_11_rest_puts,1539
2026-05-13T22:46:01+00:00,minimal,stock,idle,15,mem_mib,512,phase_11b_ready_listener_bind,84
2026-05-13T22:46:01+00:00,minimal,stock,idle,15,mem_mib,512,phase_11c_boot_identity_record,91
2026-05-13T22:46:01+00:00,minimal,stock,idle,15,mem_mib,512,phase_12a_instance_start,20316
2026-05-13T22:46:01+00:00,minimal,stock,idle,15,mem_mib,512,phase_12b_host_waiting_accept,1008236
2026-05-13T22:46:01+00:00,minimal,stock,idle,15,mem_mib,512,phase_12b_kernel_console_range,944802
2026-05-13T22:46:01+00:00,minimal,stock,idle,15,mem_mib,512,phase_12b_guest_process_start,2
2026-05-13T22:46:01+00:00,minimal,stock,idle,15,mem_mib,512,phase_12b_guest_stdio_redirected,483
2026-05-13T22:46:01+00:00,minimal,stock,idle,15,mem_mib,512,phase_12b_guest_panic_hook_installed,488
2026-05-13T22:46:01+00:00,minimal,stock,idle,15,mem_mib,512,phase_12b_guest_pseudo_fs_mounted,12562
2026-05-13T22:46:01+00:00,minimal,stock,idle,15,mem_mib,512,phase_12b_guest_mount_namespace_private,18809
2026-05-13T22:46:01+00:00,minimal,stock,idle,15,mem_mib,512,phase_12b_guest_base_mounted,24882
2026-05-13T22:46:01+00:00,minimal,stock,idle,15,mem_mib,512,phase_12b_guest_overlay_disk_mounted,32276
2026-05-13T22:46:01+00:00,minimal,stock,idle,15,mem_mib,512,phase_12b_guest_overlay_dirs_ready,37924
2026-05-13T22:46:01+00:00,minimal,stock,idle,15,mem_mib,512,phase_12b_guest_merged_mountpoint_ready,40960
2026-05-13T22:46:01+00:00,minimal,stock,idle,15,mem_mib,512,phase_12b_guest_overlayfs_mounted,44241
2026-05-13T22:46:01+00:00,minimal,stock,idle,15,mem_mib,512,phase_12b_guest_pseudo_fs_bound_into_merged,47712
2026-05-13T22:46:01+00:00,minimal,stock,idle,15,mem_mib,512,phase_12b_guest_merged_self_bound,51085
2026-05-13T22:46:01+00:00,minimal,stock,idle,15,mem_mib,512,phase_12b_guest_pivot_rootfs_done,52860
2026-05-13T22:46:01+00:00,minimal,stock,idle,15,mem_mib,512,phase_12b_guest_overlay_pivot_complete,54792
2026-05-13T22:46:01+00:00,minimal,stock,idle,15,mem_mib,512,phase_12b_guest_network_configured,56695
2026-05-13T22:46:01+00:00,minimal,stock,idle,15,mem_mib,512,phase_12b_guest_workspace_absent,58742
2026-05-13T22:46:01+00:00,minimal,stock,idle,15,mem_mib,512,phase_12b_guest_pid1_setup_complete,59614
2026-05-13T22:46:01+00:00,minimal,stock,idle,15,mem_mib,512,phase_12b_guest_guestd_starting_log,61265
2026-05-13T22:46:01+00:00,minimal,stock,idle,15,mem_mib,512,phase_12b_guest_exec_listener_bound,62287
2026-05-13T22:46:01+00:00,minimal,stock,idle,15,mem_mib,512,phase_12b_ready_accept,1010553
2026-05-13T22:46:01+00:00,minimal,stock,idle,15,mem_mib,512,exec_send,22
2026-05-13T22:46:01+00:00,minimal,stock,idle,15,mem_mib,512,exec_recv,11875
2026-05-13T22:46:01+00:00,minimal,stock,idle,15,mem_mib,512,stop_bounded,64806
2026-05-13T22:46:01+00:00,minimal,stock,idle,15,mem_mib,512,stop_release,119
2026-05-13T22:46:01+00:00,minimal,stock,idle,15,mem_mib,512,guest_elapsed_process_start,2
2026-05-13T22:46:01+00:00,minimal,stock,idle,15,mem_mib,512,guest_delta_process_start,2
2026-05-13T22:46:01+00:00,minimal,stock,idle,15,mem_mib,512,guest_elapsed_stdio_redirected,483
2026-05-13T22:46:01+00:00,minimal,stock,idle,15,mem_mib,512,guest_delta_stdio_redirected,481
2026-05-13T22:46:01+00:00,minimal,stock,idle,15,mem_mib,512,guest_elapsed_panic_hook_installed,488
2026-05-13T22:46:01+00:00,minimal,stock,idle,15,mem_mib,512,guest_delta_panic_hook_installed,4
2026-05-13T22:46:01+00:00,minimal,stock,idle,15,mem_mib,512,guest_elapsed_pseudo_fs_mounted,12562
2026-05-13T22:46:01+00:00,minimal,stock,idle,15,mem_mib,512,guest_delta_pseudo_fs_mounted,12074
2026-05-13T22:46:01+00:00,minimal,stock,idle,15,mem_mib,512,guest_elapsed_mount_namespace_private,18809
2026-05-13T22:46:01+00:00,minimal,stock,idle,15,mem_mib,512,guest_delta_mount_namespace_private,6246
2026-05-13T22:46:01+00:00,minimal,stock,idle,15,mem_mib,512,guest_elapsed_base_mounted,24882
2026-05-13T22:46:01+00:00,minimal,stock,idle,15,mem_mib,512,guest_delta_base_mounted,6072
2026-05-13T22:46:01+00:00,minimal,stock,idle,15,mem_mib,512,guest_elapsed_overlay_disk_mounted,32276
2026-05-13T22:46:01+00:00,minimal,stock,idle,15,mem_mib,512,guest_delta_overlay_disk_mounted,7394
2026-05-13T22:46:01+00:00,minimal,stock,idle,15,mem_mib,512,guest_elapsed_overlay_dirs_ready,37924
2026-05-13T22:46:01+00:00,minimal,stock,idle,15,mem_mib,512,guest_delta_overlay_dirs_ready,5647
2026-05-13T22:46:01+00:00,minimal,stock,idle,15,mem_mib,512,guest_elapsed_merged_mountpoint_ready,40960
2026-05-13T22:46:01+00:00,minimal,stock,idle,15,mem_mib,512,guest_delta_merged_mountpoint_ready,3036
2026-05-13T22:46:01+00:00,minimal,stock,idle,15,mem_mib,512,guest_elapsed_overlayfs_mounted,44241
2026-05-13T22:46:01+00:00,minimal,stock,idle,15,mem_mib,512,guest_delta_overlayfs_mounted,3280
2026-05-13T22:46:01+00:00,minimal,stock,idle,15,mem_mib,512,guest_elapsed_pseudo_fs_bound_into_merged,47712
2026-05-13T22:46:01+00:00,minimal,stock,idle,15,mem_mib,512,guest_delta_pseudo_fs_bound_into_merged,3471
2026-05-13T22:46:01+00:00,minimal,stock,idle,15,mem_mib,512,guest_elapsed_merged_self_bound,51085
2026-05-13T22:46:01+00:00,minimal,stock,idle,15,mem_mib,512,guest_delta_merged_self_bound,3372
2026-05-13T22:46:01+00:00,minimal,stock,idle,15,mem_mib,512,guest_elapsed_pivot_rootfs_done,52860
2026-05-13T22:46:01+00:00,minimal,stock,idle,15,mem_mib,512,guest_delta_pivot_rootfs_done,1775
2026-05-13T22:46:01+00:00,minimal,stock,idle,15,mem_mib,512,guest_elapsed_overlay_pivot_complete,54792
2026-05-13T22:46:01+00:00,minimal,stock,idle,15,mem_mib,512,guest_delta_overlay_pivot_complete,1931
2026-05-13T22:46:01+00:00,minimal,stock,idle,15,mem_mib,512,guest_elapsed_network_configured,56695
2026-05-13T22:46:01+00:00,minimal,stock,idle,15,mem_mib,512,guest_delta_network_configured,1902
2026-05-13T22:46:01+00:00,minimal,stock,idle,15,mem_mib,512,guest_elapsed_workspace_absent,58742
2026-05-13T22:46:01+00:00,minimal,stock,idle,15,mem_mib,512,guest_delta_workspace_absent,2047
2026-05-13T22:46:01+00:00,minimal,stock,idle,15,mem_mib,512,guest_elapsed_pid1_setup_complete,59614
2026-05-13T22:46:01+00:00,minimal,stock,idle,15,mem_mib,512,guest_delta_pid1_setup_complete,871
2026-05-13T22:46:01+00:00,minimal,stock,idle,15,mem_mib,512,guest_elapsed_guestd_starting_log,61265
2026-05-13T22:46:01+00:00,minimal,stock,idle,15,mem_mib,512,guest_delta_guestd_starting_log,1651
2026-05-13T22:46:01+00:00,minimal,stock,idle,15,mem_mib,512,guest_elapsed_exec_listener_bound,62287
2026-05-13T22:46:01+00:00,minimal,stock,idle,15,mem_mib,512,guest_delta_exec_listener_bound,1021
2026-05-13T22:46:01+00:00,minimal,stock,idle,15,mem_mib,512,guest_elapsed_ready_signal_sent,64423
2026-05-13T22:46:01+00:00,minimal,stock,idle,15,mem_mib,512,guest_delta_ready_signal_sent,2136
2026-05-13T22:46:02+00:00,minimal,stock,idle,16,mem_mib,512,phase_1_run_root_prep,41
2026-05-13T22:46:02+00:00,minimal,stock,idle,16,mem_mib,512,phase_2_lease,32
2026-05-13T22:46:02+00:00,minimal,stock,idle,16,mem_mib,512,phase_3b_rootfs_prepare,11945
2026-05-13T22:46:02+00:00,minimal,stock,idle,16,mem_mib,512,phase_3_storage_prep,12002
2026-05-13T22:46:02+00:00,minimal,stock,idle,16,mem_mib,512,phase_4_jailer_materialize,696
2026-05-13T22:46:02+00:00,minimal,stock,idle,16,mem_mib,512,phase_5_cgroup_probe,0
2026-05-13T22:46:02+00:00,minimal,stock,idle,16,mem_mib,512,phase_6_network_realize,6
2026-05-13T22:46:02+00:00,minimal,stock,idle,16,mem_mib,512,phase_7_outbound_guest_config,0
2026-05-13T22:46:02+00:00,minimal,stock,idle,16,mem_mib,512,phase_9_jailer_launch,15502
2026-05-13T22:46:02+00:00,minimal,stock,idle,16,mem_mib,512,phase_5b_cgroup_create,16093
2026-05-13T22:46:02+00:00,minimal,stock,idle,16,mem_mib,512,phase_10_open_uds,24
2026-05-13T22:46:02+00:00,minimal,stock,idle,16,mem_mib,512,phase_11_put_machine_config,169
2026-05-13T22:46:02+00:00,minimal,stock,idle,16,mem_mib,512,phase_11_put_boot_source,90
2026-05-13T22:46:02+00:00,minimal,stock,idle,16,mem_mib,512,phase_11_put_drive_rootfs,83
2026-05-13T22:46:02+00:00,minimal,stock,idle,16,mem_mib,512,phase_11_put_drive_rootfs_overlay,163
2026-05-13T22:46:02+00:00,minimal,stock,idle,16,mem_mib,512,phase_11_put_entropy,85
2026-05-13T22:46:02+00:00,minimal,stock,idle,16,mem_mib,512,phase_11_put_vsock,149
2026-05-13T22:46:02+00:00,minimal,stock,idle,16,mem_mib,512,phase_11_rest_puts,1435
2026-05-13T22:46:02+00:00,minimal,stock,idle,16,mem_mib,512,phase_11b_ready_listener_bind,76
2026-05-13T22:46:02+00:00,minimal,stock,idle,16,mem_mib,512,phase_11c_boot_identity_record,99
2026-05-13T22:46:02+00:00,minimal,stock,idle,16,mem_mib,512,phase_12a_instance_start,14018
2026-05-13T22:46:02+00:00,minimal,stock,idle,16,mem_mib,512,phase_12b_host_waiting_accept,1012822
2026-05-13T22:46:02+00:00,minimal,stock,idle,16,mem_mib,512,phase_12b_kernel_console_range,946811
2026-05-13T22:46:02+00:00,minimal,stock,idle,16,mem_mib,512,phase_12b_guest_process_start,2
2026-05-13T22:46:02+00:00,minimal,stock,idle,16,mem_mib,512,phase_12b_guest_stdio_redirected,1643
2026-05-13T22:46:02+00:00,minimal,stock,idle,16,mem_mib,512,phase_12b_guest_panic_hook_installed,3354
2026-05-13T22:46:02+00:00,minimal,stock,idle,16,mem_mib,512,phase_12b_guest_pseudo_fs_mounted,13942
2026-05-13T22:46:02+00:00,minimal,stock,idle,16,mem_mib,512,phase_12b_guest_mount_namespace_private,20267
2026-05-13T22:46:02+00:00,minimal,stock,idle,16,mem_mib,512,phase_12b_guest_base_mounted,26384
2026-05-13T22:46:02+00:00,minimal,stock,idle,16,mem_mib,512,phase_12b_guest_overlay_disk_mounted,34673
2026-05-13T22:46:02+00:00,minimal,stock,idle,16,mem_mib,512,phase_12b_guest_overlay_dirs_ready,40034
2026-05-13T22:46:02+00:00,minimal,stock,idle,16,mem_mib,512,phase_12b_guest_merged_mountpoint_ready,42899
2026-05-13T22:46:02+00:00,minimal,stock,idle,16,mem_mib,512,phase_12b_guest_overlayfs_mounted,46200
2026-05-13T22:46:02+00:00,minimal,stock,idle,16,mem_mib,512,phase_12b_guest_pseudo_fs_bound_into_merged,49673
2026-05-13T22:46:02+00:00,minimal,stock,idle,16,mem_mib,512,phase_12b_guest_merged_self_bound,53037
2026-05-13T22:46:02+00:00,minimal,stock,idle,16,mem_mib,512,phase_12b_guest_pivot_rootfs_done,54835
2026-05-13T22:46:02+00:00,minimal,stock,idle,16,mem_mib,512,phase_12b_guest_overlay_pivot_complete,56730
2026-05-13T22:46:02+00:00,minimal,stock,idle,16,mem_mib,512,phase_12b_guest_network_configured,58592
2026-05-13T22:46:02+00:00,minimal,stock,idle,16,mem_mib,512,phase_12b_guest_workspace_absent,60632
2026-05-13T22:46:02+00:00,minimal,stock,idle,16,mem_mib,512,phase_12b_guest_pid1_setup_complete,61468
2026-05-13T22:46:02+00:00,minimal,stock,idle,16,mem_mib,512,phase_12b_guest_guestd_starting_log,63123
2026-05-13T22:46:02+00:00,minimal,stock,idle,16,mem_mib,512,phase_12b_guest_exec_listener_bound,64139
2026-05-13T22:46:02+00:00,minimal,stock,idle,16,mem_mib,512,phase_12b_ready_accept,1015128
2026-05-13T22:46:02+00:00,minimal,stock,idle,16,mem_mib,512,exec_send,19
2026-05-13T22:46:02+00:00,minimal,stock,idle,16,mem_mib,512,exec_recv,12145
2026-05-13T22:46:02+00:00,minimal,stock,idle,16,mem_mib,512,stop_bounded,68019
2026-05-13T22:46:02+00:00,minimal,stock,idle,16,mem_mib,512,stop_release,116
2026-05-13T22:46:02+00:00,minimal,stock,idle,16,mem_mib,512,guest_elapsed_process_start,2
2026-05-13T22:46:02+00:00,minimal,stock,idle,16,mem_mib,512,guest_delta_process_start,2
2026-05-13T22:46:02+00:00,minimal,stock,idle,16,mem_mib,512,guest_elapsed_stdio_redirected,1643
2026-05-13T22:46:02+00:00,minimal,stock,idle,16,mem_mib,512,guest_delta_stdio_redirected,1641
2026-05-13T22:46:02+00:00,minimal,stock,idle,16,mem_mib,512,guest_elapsed_panic_hook_installed,3354
2026-05-13T22:46:02+00:00,minimal,stock,idle,16,mem_mib,512,guest_delta_panic_hook_installed,1710
2026-05-13T22:46:02+00:00,minimal,stock,idle,16,mem_mib,512,guest_elapsed_pseudo_fs_mounted,13942
2026-05-13T22:46:02+00:00,minimal,stock,idle,16,mem_mib,512,guest_delta_pseudo_fs_mounted,10588
2026-05-13T22:46:02+00:00,minimal,stock,idle,16,mem_mib,512,guest_elapsed_mount_namespace_private,20267
2026-05-13T22:46:02+00:00,minimal,stock,idle,16,mem_mib,512,guest_delta_mount_namespace_private,6325
2026-05-13T22:46:02+00:00,minimal,stock,idle,16,mem_mib,512,guest_elapsed_base_mounted,26384
2026-05-13T22:46:02+00:00,minimal,stock,idle,16,mem_mib,512,guest_delta_base_mounted,6116
2026-05-13T22:46:02+00:00,minimal,stock,idle,16,mem_mib,512,guest_elapsed_overlay_disk_mounted,34673
2026-05-13T22:46:02+00:00,minimal,stock,idle,16,mem_mib,512,guest_delta_overlay_disk_mounted,8289
2026-05-13T22:46:02+00:00,minimal,stock,idle,16,mem_mib,512,guest_elapsed_overlay_dirs_ready,40034
2026-05-13T22:46:02+00:00,minimal,stock,idle,16,mem_mib,512,guest_delta_overlay_dirs_ready,5360
2026-05-13T22:46:02+00:00,minimal,stock,idle,16,mem_mib,512,guest_elapsed_merged_mountpoint_ready,42899
2026-05-13T22:46:02+00:00,minimal,stock,idle,16,mem_mib,512,guest_delta_merged_mountpoint_ready,2864
2026-05-13T22:46:02+00:00,minimal,stock,idle,16,mem_mib,512,guest_elapsed_overlayfs_mounted,46200
2026-05-13T22:46:02+00:00,minimal,stock,idle,16,mem_mib,512,guest_delta_overlayfs_mounted,3301
2026-05-13T22:46:02+00:00,minimal,stock,idle,16,mem_mib,512,guest_elapsed_pseudo_fs_bound_into_merged,49673
2026-05-13T22:46:02+00:00,minimal,stock,idle,16,mem_mib,512,guest_delta_pseudo_fs_bound_into_merged,3472
2026-05-13T22:46:02+00:00,minimal,stock,idle,16,mem_mib,512,guest_elapsed_merged_self_bound,53037
2026-05-13T22:46:02+00:00,minimal,stock,idle,16,mem_mib,512,guest_delta_merged_self_bound,3364
2026-05-13T22:46:02+00:00,minimal,stock,idle,16,mem_mib,512,guest_elapsed_pivot_rootfs_done,54835
2026-05-13T22:46:02+00:00,minimal,stock,idle,16,mem_mib,512,guest_delta_pivot_rootfs_done,1798
2026-05-13T22:46:02+00:00,minimal,stock,idle,16,mem_mib,512,guest_elapsed_overlay_pivot_complete,56730
2026-05-13T22:46:02+00:00,minimal,stock,idle,16,mem_mib,512,guest_delta_overlay_pivot_complete,1894
2026-05-13T22:46:02+00:00,minimal,stock,idle,16,mem_mib,512,guest_elapsed_network_configured,58592
2026-05-13T22:46:02+00:00,minimal,stock,idle,16,mem_mib,512,guest_delta_network_configured,1861
2026-05-13T22:46:02+00:00,minimal,stock,idle,16,mem_mib,512,guest_elapsed_workspace_absent,60632
2026-05-13T22:46:02+00:00,minimal,stock,idle,16,mem_mib,512,guest_delta_workspace_absent,2040
2026-05-13T22:46:02+00:00,minimal,stock,idle,16,mem_mib,512,guest_elapsed_pid1_setup_complete,61468
2026-05-13T22:46:02+00:00,minimal,stock,idle,16,mem_mib,512,guest_delta_pid1_setup_complete,836
2026-05-13T22:46:02+00:00,minimal,stock,idle,16,mem_mib,512,guest_elapsed_guestd_starting_log,63123
2026-05-13T22:46:02+00:00,minimal,stock,idle,16,mem_mib,512,guest_delta_guestd_starting_log,1654
2026-05-13T22:46:02+00:00,minimal,stock,idle,16,mem_mib,512,guest_elapsed_exec_listener_bound,64139
2026-05-13T22:46:02+00:00,minimal,stock,idle,16,mem_mib,512,guest_delta_exec_listener_bound,1016
2026-05-13T22:46:02+00:00,minimal,stock,idle,16,mem_mib,512,guest_elapsed_ready_signal_sent,66250
2026-05-13T22:46:02+00:00,minimal,stock,idle,16,mem_mib,512,guest_delta_ready_signal_sent,2110
2026-05-13T22:46:03+00:00,minimal,stock,idle,17,mem_mib,512,phase_1_run_root_prep,57
2026-05-13T22:46:03+00:00,minimal,stock,idle,17,mem_mib,512,phase_2_lease,33
2026-05-13T22:46:03+00:00,minimal,stock,idle,17,mem_mib,512,phase_3b_rootfs_prepare,13904
2026-05-13T22:46:03+00:00,minimal,stock,idle,17,mem_mib,512,phase_3_storage_prep,13970
2026-05-13T22:46:03+00:00,minimal,stock,idle,17,mem_mib,512,phase_4_jailer_materialize,857
2026-05-13T22:46:03+00:00,minimal,stock,idle,17,mem_mib,512,phase_5_cgroup_probe,0
2026-05-13T22:46:03+00:00,minimal,stock,idle,17,mem_mib,512,phase_6_network_realize,7
2026-05-13T22:46:03+00:00,minimal,stock,idle,17,mem_mib,512,phase_7_outbound_guest_config,0
2026-05-13T22:46:03+00:00,minimal,stock,idle,17,mem_mib,512,phase_9_jailer_launch,31608
2026-05-13T22:46:03+00:00,minimal,stock,idle,17,mem_mib,512,phase_5b_cgroup_create,20629
2026-05-13T22:46:03+00:00,minimal,stock,idle,17,mem_mib,512,phase_10_open_uds,30
2026-05-13T22:46:03+00:00,minimal,stock,idle,17,mem_mib,512,phase_11_put_machine_config,160
2026-05-13T22:46:03+00:00,minimal,stock,idle,17,mem_mib,512,phase_11_put_boot_source,79
2026-05-13T22:46:03+00:00,minimal,stock,idle,17,mem_mib,512,phase_11_put_drive_rootfs,86
2026-05-13T22:46:03+00:00,minimal,stock,idle,17,mem_mib,512,phase_11_put_drive_rootfs_overlay,158
2026-05-13T22:46:03+00:00,minimal,stock,idle,17,mem_mib,512,phase_11_put_entropy,73
2026-05-13T22:46:03+00:00,minimal,stock,idle,17,mem_mib,512,phase_11_put_vsock,132
2026-05-13T22:46:03+00:00,minimal,stock,idle,17,mem_mib,512,phase_11_rest_puts,1016
2026-05-13T22:46:03+00:00,minimal,stock,idle,17,mem_mib,512,phase_11b_ready_listener_bind,32
2026-05-13T22:46:03+00:00,minimal,stock,idle,17,mem_mib,512,phase_11c_boot_identity_record,42
2026-05-13T22:46:03+00:00,minimal,stock,idle,17,mem_mib,512,phase_12a_instance_start,19405
2026-05-13T22:46:03+00:00,minimal,stock,idle,17,mem_mib,512,phase_12b_host_waiting_accept,978889
2026-05-13T22:46:03+00:00,minimal,stock,idle,17,mem_mib,512,phase_12b_kernel_console_range,915642
2026-05-13T22:46:03+00:00,minimal,stock,idle,17,mem_mib,512,phase_12b_guest_process_start,2
2026-05-13T22:46:03+00:00,minimal,stock,idle,17,mem_mib,512,phase_12b_guest_stdio_redirected,1648
2026-05-13T22:46:03+00:00,minimal,stock,idle,17,mem_mib,512,phase_12b_guest_panic_hook_installed,3424
2026-05-13T22:46:03+00:00,minimal,stock,idle,17,mem_mib,512,phase_12b_guest_pseudo_fs_mounted,14095
2026-05-13T22:46:03+00:00,minimal,stock,idle,17,mem_mib,512,phase_12b_guest_mount_namespace_private,20438
2026-05-13T22:46:03+00:00,minimal,stock,idle,17,mem_mib,512,phase_12b_guest_base_mounted,26704
2026-05-13T22:46:03+00:00,minimal,stock,idle,17,mem_mib,512,phase_12b_guest_overlay_disk_mounted,34071
2026-05-13T22:46:03+00:00,minimal,stock,idle,17,mem_mib,512,phase_12b_guest_overlay_dirs_ready,39738
2026-05-13T22:46:03+00:00,minimal,stock,idle,17,mem_mib,512,phase_12b_guest_merged_mountpoint_ready,43074
2026-05-13T22:46:03+00:00,minimal,stock,idle,17,mem_mib,512,phase_12b_guest_overlayfs_mounted,46407
2026-05-13T22:46:03+00:00,minimal,stock,idle,17,mem_mib,512,phase_12b_guest_pseudo_fs_bound_into_merged,49859
2026-05-13T22:46:03+00:00,minimal,stock,idle,17,mem_mib,512,phase_12b_guest_merged_self_bound,53264
2026-05-13T22:46:03+00:00,minimal,stock,idle,17,mem_mib,512,phase_12b_guest_pivot_rootfs_done,55053
2026-05-13T22:46:03+00:00,minimal,stock,idle,17,mem_mib,512,phase_12b_guest_overlay_pivot_complete,56954
2026-05-13T22:46:03+00:00,minimal,stock,idle,17,mem_mib,512,phase_12b_guest_network_configured,58890
2026-05-13T22:46:03+00:00,minimal,stock,idle,17,mem_mib,512,phase_12b_guest_workspace_absent,60923
2026-05-13T22:46:03+00:00,minimal,stock,idle,17,mem_mib,512,phase_12b_guest_pid1_setup_complete,61771
2026-05-13T22:46:03+00:00,minimal,stock,idle,17,mem_mib,512,phase_12b_guest_guestd_starting_log,63429
2026-05-13T22:46:03+00:00,minimal,stock,idle,17,mem_mib,512,phase_12b_guest_exec_listener_bound,64445
2026-05-13T22:46:03+00:00,minimal,stock,idle,17,mem_mib,512,phase_12b_ready_accept,981243
2026-05-13T22:46:03+00:00,minimal,stock,idle,17,mem_mib,512,exec_send,19
2026-05-13T22:46:03+00:00,minimal,stock,idle,17,mem_mib,512,exec_recv,11975
2026-05-13T22:46:03+00:00,minimal,stock,idle,17,mem_mib,512,stop_bounded,70172
2026-05-13T22:46:03+00:00,minimal,stock,idle,17,mem_mib,512,stop_release,113
2026-05-13T22:46:03+00:00,minimal,stock,idle,17,mem_mib,512,guest_elapsed_process_start,2
2026-05-13T22:46:03+00:00,minimal,stock,idle,17,mem_mib,512,guest_delta_process_start,2
2026-05-13T22:46:03+00:00,minimal,stock,idle,17,mem_mib,512,guest_elapsed_stdio_redirected,1648
2026-05-13T22:46:03+00:00,minimal,stock,idle,17,mem_mib,512,guest_delta_stdio_redirected,1645
2026-05-13T22:46:03+00:00,minimal,stock,idle,17,mem_mib,512,guest_elapsed_panic_hook_installed,3424
2026-05-13T22:46:03+00:00,minimal,stock,idle,17,mem_mib,512,guest_delta_panic_hook_installed,1776
2026-05-13T22:46:03+00:00,minimal,stock,idle,17,mem_mib,512,guest_elapsed_pseudo_fs_mounted,14095
2026-05-13T22:46:03+00:00,minimal,stock,idle,17,mem_mib,512,guest_delta_pseudo_fs_mounted,10670
2026-05-13T22:46:03+00:00,minimal,stock,idle,17,mem_mib,512,guest_elapsed_mount_namespace_private,20438
2026-05-13T22:46:03+00:00,minimal,stock,idle,17,mem_mib,512,guest_delta_mount_namespace_private,6342
2026-05-13T22:46:03+00:00,minimal,stock,idle,17,mem_mib,512,guest_elapsed_base_mounted,26704
2026-05-13T22:46:03+00:00,minimal,stock,idle,17,mem_mib,512,guest_delta_base_mounted,6265
2026-05-13T22:46:03+00:00,minimal,stock,idle,17,mem_mib,512,guest_elapsed_overlay_disk_mounted,34071
2026-05-13T22:46:03+00:00,minimal,stock,idle,17,mem_mib,512,guest_delta_overlay_disk_mounted,7367
2026-05-13T22:46:03+00:00,minimal,stock,idle,17,mem_mib,512,guest_elapsed_overlay_dirs_ready,39738
2026-05-13T22:46:03+00:00,minimal,stock,idle,17,mem_mib,512,guest_delta_overlay_dirs_ready,5666
2026-05-13T22:46:03+00:00,minimal,stock,idle,17,mem_mib,512,guest_elapsed_merged_mountpoint_ready,43074
2026-05-13T22:46:03+00:00,minimal,stock,idle,17,mem_mib,512,guest_delta_merged_mountpoint_ready,3336
2026-05-13T22:46:03+00:00,minimal,stock,idle,17,mem_mib,512,guest_elapsed_overlayfs_mounted,46407
2026-05-13T22:46:03+00:00,minimal,stock,idle,17,mem_mib,512,guest_delta_overlayfs_mounted,3333
2026-05-13T22:46:03+00:00,minimal,stock,idle,17,mem_mib,512,guest_elapsed_pseudo_fs_bound_into_merged,49859
2026-05-13T22:46:03+00:00,minimal,stock,idle,17,mem_mib,512,guest_delta_pseudo_fs_bound_into_merged,3451
2026-05-13T22:46:03+00:00,minimal,stock,idle,17,mem_mib,512,guest_elapsed_merged_self_bound,53264
2026-05-13T22:46:03+00:00,minimal,stock,idle,17,mem_mib,512,guest_delta_merged_self_bound,3404
2026-05-13T22:46:03+00:00,minimal,stock,idle,17,mem_mib,512,guest_elapsed_pivot_rootfs_done,55053
2026-05-13T22:46:03+00:00,minimal,stock,idle,17,mem_mib,512,guest_delta_pivot_rootfs_done,1788
2026-05-13T22:46:03+00:00,minimal,stock,idle,17,mem_mib,512,guest_elapsed_overlay_pivot_complete,56954
2026-05-13T22:46:03+00:00,minimal,stock,idle,17,mem_mib,512,guest_delta_overlay_pivot_complete,1901
2026-05-13T22:46:03+00:00,minimal,stock,idle,17,mem_mib,512,guest_elapsed_network_configured,58890
2026-05-13T22:46:03+00:00,minimal,stock,idle,17,mem_mib,512,guest_delta_network_configured,1935
2026-05-13T22:46:03+00:00,minimal,stock,idle,17,mem_mib,512,guest_elapsed_workspace_absent,60923
2026-05-13T22:46:03+00:00,minimal,stock,idle,17,mem_mib,512,guest_delta_workspace_absent,2033
2026-05-13T22:46:03+00:00,minimal,stock,idle,17,mem_mib,512,guest_elapsed_pid1_setup_complete,61771
2026-05-13T22:46:03+00:00,minimal,stock,idle,17,mem_mib,512,guest_delta_pid1_setup_complete,847
2026-05-13T22:46:03+00:00,minimal,stock,idle,17,mem_mib,512,guest_elapsed_guestd_starting_log,63429
2026-05-13T22:46:03+00:00,minimal,stock,idle,17,mem_mib,512,guest_delta_guestd_starting_log,1658
2026-05-13T22:46:03+00:00,minimal,stock,idle,17,mem_mib,512,guest_elapsed_exec_listener_bound,64445
2026-05-13T22:46:03+00:00,minimal,stock,idle,17,mem_mib,512,guest_delta_exec_listener_bound,1016
2026-05-13T22:46:03+00:00,minimal,stock,idle,17,mem_mib,512,guest_elapsed_ready_signal_sent,66577
2026-05-13T22:46:03+00:00,minimal,stock,idle,17,mem_mib,512,guest_delta_ready_signal_sent,2131
2026-05-13T22:46:05+00:00,minimal,stock,idle,18,mem_mib,512,phase_1_run_root_prep,50
2026-05-13T22:46:05+00:00,minimal,stock,idle,18,mem_mib,512,phase_2_lease,35
2026-05-13T22:46:05+00:00,minimal,stock,idle,18,mem_mib,512,phase_3b_rootfs_prepare,13588
2026-05-13T22:46:05+00:00,minimal,stock,idle,18,mem_mib,512,phase_3_storage_prep,13644
2026-05-13T22:46:05+00:00,minimal,stock,idle,18,mem_mib,512,phase_4_jailer_materialize,668
2026-05-13T22:46:05+00:00,minimal,stock,idle,18,mem_mib,512,phase_5_cgroup_probe,0
2026-05-13T22:46:05+00:00,minimal,stock,idle,18,mem_mib,512,phase_6_network_realize,0
2026-05-13T22:46:05+00:00,minimal,stock,idle,18,mem_mib,512,phase_7_outbound_guest_config,0
2026-05-13T22:46:05+00:00,minimal,stock,idle,18,mem_mib,512,phase_9_jailer_launch,15483
2026-05-13T22:46:05+00:00,minimal,stock,idle,18,mem_mib,512,phase_5b_cgroup_create,28214
2026-05-13T22:46:05+00:00,minimal,stock,idle,18,mem_mib,512,phase_10_open_uds,20
2026-05-13T22:46:05+00:00,minimal,stock,idle,18,mem_mib,512,phase_11_put_machine_config,174
2026-05-13T22:46:05+00:00,minimal,stock,idle,18,mem_mib,512,phase_11_put_boot_source,82
2026-05-13T22:46:05+00:00,minimal,stock,idle,18,mem_mib,512,phase_11_put_drive_rootfs,88
2026-05-13T22:46:05+00:00,minimal,stock,idle,18,mem_mib,512,phase_11_put_drive_rootfs_overlay,166
2026-05-13T22:46:05+00:00,minimal,stock,idle,18,mem_mib,512,phase_11_put_entropy,94
2026-05-13T22:46:05+00:00,minimal,stock,idle,18,mem_mib,512,phase_11_put_vsock,144
2026-05-13T22:46:05+00:00,minimal,stock,idle,18,mem_mib,512,phase_11_rest_puts,1431
2026-05-13T22:46:05+00:00,minimal,stock,idle,18,mem_mib,512,phase_11b_ready_listener_bind,79
2026-05-13T22:46:05+00:00,minimal,stock,idle,18,mem_mib,512,phase_11c_boot_identity_record,107
2026-05-13T22:46:05+00:00,minimal,stock,idle,18,mem_mib,512,phase_12a_instance_start,22235
2026-05-13T22:46:05+00:00,minimal,stock,idle,18,mem_mib,512,phase_12b_host_waiting_accept,1009284
2026-05-13T22:46:05+00:00,minimal,stock,idle,18,mem_mib,512,phase_12b_kernel_console_range,946498
2026-05-13T22:46:05+00:00,minimal,stock,idle,18,mem_mib,512,phase_12b_guest_process_start,2
2026-05-13T22:46:05+00:00,minimal,stock,idle,18,mem_mib,512,phase_12b_guest_stdio_redirected,1632
2026-05-13T22:46:05+00:00,minimal,stock,idle,18,mem_mib,512,phase_12b_guest_panic_hook_installed,3333
2026-05-13T22:46:05+00:00,minimal,stock,idle,18,mem_mib,512,phase_12b_guest_pseudo_fs_mounted,13772
2026-05-13T22:46:05+00:00,minimal,stock,idle,18,mem_mib,512,phase_12b_guest_mount_namespace_private,20072
2026-05-13T22:46:05+00:00,minimal,stock,idle,18,mem_mib,512,phase_12b_guest_base_mounted,25907
2026-05-13T22:46:05+00:00,minimal,stock,idle,18,mem_mib,512,phase_12b_guest_overlay_disk_mounted,33362
2026-05-13T22:46:05+00:00,minimal,stock,idle,18,mem_mib,512,phase_12b_guest_overlay_dirs_ready,38869
2026-05-13T22:46:05+00:00,minimal,stock,idle,18,mem_mib,512,phase_12b_guest_merged_mountpoint_ready,41743
2026-05-13T22:46:05+00:00,minimal,stock,idle,18,mem_mib,512,phase_12b_guest_overlayfs_mounted,45087
2026-05-13T22:46:05+00:00,minimal,stock,idle,18,mem_mib,512,phase_12b_guest_pseudo_fs_bound_into_merged,48590
2026-05-13T22:46:05+00:00,minimal,stock,idle,18,mem_mib,512,phase_12b_guest_merged_self_bound,52018
2026-05-13T22:46:05+00:00,minimal,stock,idle,18,mem_mib,512,phase_12b_guest_pivot_rootfs_done,53811
2026-05-13T22:46:05+00:00,minimal,stock,idle,18,mem_mib,512,phase_12b_guest_overlay_pivot_complete,55757
2026-05-13T22:46:05+00:00,minimal,stock,idle,18,mem_mib,512,phase_12b_guest_network_configured,57673
2026-05-13T22:46:05+00:00,minimal,stock,idle,18,mem_mib,512,phase_12b_guest_workspace_absent,59756
2026-05-13T22:46:05+00:00,minimal,stock,idle,18,mem_mib,512,phase_12b_guest_pid1_setup_complete,60617
2026-05-13T22:46:05+00:00,minimal,stock,idle,18,mem_mib,512,phase_12b_guest_guestd_starting_log,62282
2026-05-13T22:46:05+00:00,minimal,stock,idle,18,mem_mib,512,phase_12b_guest_exec_listener_bound,63342
2026-05-13T22:46:05+00:00,minimal,stock,idle,18,mem_mib,512,phase_12b_ready_accept,1011635
2026-05-13T22:46:05+00:00,minimal,stock,idle,18,mem_mib,512,exec_send,23
2026-05-13T22:46:05+00:00,minimal,stock,idle,18,mem_mib,512,exec_recv,12128
2026-05-13T22:46:05+00:00,minimal,stock,idle,18,mem_mib,512,stop_bounded,54710
2026-05-13T22:46:05+00:00,minimal,stock,idle,18,mem_mib,512,stop_release,120
2026-05-13T22:46:05+00:00,minimal,stock,idle,18,mem_mib,512,guest_elapsed_process_start,2
2026-05-13T22:46:05+00:00,minimal,stock,idle,18,mem_mib,512,guest_delta_process_start,2
2026-05-13T22:46:05+00:00,minimal,stock,idle,18,mem_mib,512,guest_elapsed_stdio_redirected,1632
2026-05-13T22:46:05+00:00,minimal,stock,idle,18,mem_mib,512,guest_delta_stdio_redirected,1630
2026-05-13T22:46:05+00:00,minimal,stock,idle,18,mem_mib,512,guest_elapsed_panic_hook_installed,3333
2026-05-13T22:46:05+00:00,minimal,stock,idle,18,mem_mib,512,guest_delta_panic_hook_installed,1700
2026-05-13T22:46:05+00:00,minimal,stock,idle,18,mem_mib,512,guest_elapsed_pseudo_fs_mounted,13772
2026-05-13T22:46:05+00:00,minimal,stock,idle,18,mem_mib,512,guest_delta_pseudo_fs_mounted,10438
2026-05-13T22:46:05+00:00,minimal,stock,idle,18,mem_mib,512,guest_elapsed_mount_namespace_private,20072
2026-05-13T22:46:05+00:00,minimal,stock,idle,18,mem_mib,512,guest_delta_mount_namespace_private,6300
2026-05-13T22:46:05+00:00,minimal,stock,idle,18,mem_mib,512,guest_elapsed_base_mounted,25907
2026-05-13T22:46:05+00:00,minimal,stock,idle,18,mem_mib,512,guest_delta_base_mounted,5834
2026-05-13T22:46:05+00:00,minimal,stock,idle,18,mem_mib,512,guest_elapsed_overlay_disk_mounted,33362
2026-05-13T22:46:05+00:00,minimal,stock,idle,18,mem_mib,512,guest_delta_overlay_disk_mounted,7454
2026-05-13T22:46:05+00:00,minimal,stock,idle,18,mem_mib,512,guest_elapsed_overlay_dirs_ready,38869
2026-05-13T22:46:05+00:00,minimal,stock,idle,18,mem_mib,512,guest_delta_overlay_dirs_ready,5506
2026-05-13T22:46:05+00:00,minimal,stock,idle,18,mem_mib,512,guest_elapsed_merged_mountpoint_ready,41743
2026-05-13T22:46:05+00:00,minimal,stock,idle,18,mem_mib,512,guest_delta_merged_mountpoint_ready,2874
2026-05-13T22:46:05+00:00,minimal,stock,idle,18,mem_mib,512,guest_elapsed_overlayfs_mounted,45087
2026-05-13T22:46:05+00:00,minimal,stock,idle,18,mem_mib,512,guest_delta_overlayfs_mounted,3344
2026-05-13T22:46:05+00:00,minimal,stock,idle,18,mem_mib,512,guest_elapsed_pseudo_fs_bound_into_merged,48590
2026-05-13T22:46:05+00:00,minimal,stock,idle,18,mem_mib,512,guest_delta_pseudo_fs_bound_into_merged,3502
2026-05-13T22:46:05+00:00,minimal,stock,idle,18,mem_mib,512,guest_elapsed_merged_self_bound,52018
2026-05-13T22:46:05+00:00,minimal,stock,idle,18,mem_mib,512,guest_delta_merged_self_bound,3428
2026-05-13T22:46:05+00:00,minimal,stock,idle,18,mem_mib,512,guest_elapsed_pivot_rootfs_done,53811
2026-05-13T22:46:05+00:00,minimal,stock,idle,18,mem_mib,512,guest_delta_pivot_rootfs_done,1792
2026-05-13T22:46:05+00:00,minimal,stock,idle,18,mem_mib,512,guest_elapsed_overlay_pivot_complete,55757
2026-05-13T22:46:05+00:00,minimal,stock,idle,18,mem_mib,512,guest_delta_overlay_pivot_complete,1946
2026-05-13T22:46:05+00:00,minimal,stock,idle,18,mem_mib,512,guest_elapsed_network_configured,57673
2026-05-13T22:46:05+00:00,minimal,stock,idle,18,mem_mib,512,guest_delta_network_configured,1915
2026-05-13T22:46:05+00:00,minimal,stock,idle,18,mem_mib,512,guest_elapsed_workspace_absent,59756
2026-05-13T22:46:05+00:00,minimal,stock,idle,18,mem_mib,512,guest_delta_workspace_absent,2083
2026-05-13T22:46:05+00:00,minimal,stock,idle,18,mem_mib,512,guest_elapsed_pid1_setup_complete,60617
2026-05-13T22:46:05+00:00,minimal,stock,idle,18,mem_mib,512,guest_delta_pid1_setup_complete,860
2026-05-13T22:46:05+00:00,minimal,stock,idle,18,mem_mib,512,guest_elapsed_guestd_starting_log,62282
2026-05-13T22:46:05+00:00,minimal,stock,idle,18,mem_mib,512,guest_delta_guestd_starting_log,1665
2026-05-13T22:46:05+00:00,minimal,stock,idle,18,mem_mib,512,guest_elapsed_exec_listener_bound,63342
2026-05-13T22:46:05+00:00,minimal,stock,idle,18,mem_mib,512,guest_delta_exec_listener_bound,1059
2026-05-13T22:46:05+00:00,minimal,stock,idle,18,mem_mib,512,guest_elapsed_ready_signal_sent,65493
2026-05-13T22:46:05+00:00,minimal,stock,idle,18,mem_mib,512,guest_delta_ready_signal_sent,2151
2026-05-13T22:46:06+00:00,minimal,stock,idle,19,mem_mib,512,phase_1_run_root_prep,42
2026-05-13T22:46:06+00:00,minimal,stock,idle,19,mem_mib,512,phase_2_lease,43
2026-05-13T22:46:06+00:00,minimal,stock,idle,19,mem_mib,512,phase_3b_rootfs_prepare,10553
2026-05-13T22:46:06+00:00,minimal,stock,idle,19,mem_mib,512,phase_3_storage_prep,10611
2026-05-13T22:46:06+00:00,minimal,stock,idle,19,mem_mib,512,phase_4_jailer_materialize,750
2026-05-13T22:46:06+00:00,minimal,stock,idle,19,mem_mib,512,phase_5_cgroup_probe,0
2026-05-13T22:46:06+00:00,minimal,stock,idle,19,mem_mib,512,phase_6_network_realize,6
2026-05-13T22:46:06+00:00,minimal,stock,idle,19,mem_mib,512,phase_7_outbound_guest_config,0
2026-05-13T22:46:06+00:00,minimal,stock,idle,19,mem_mib,512,phase_9_jailer_launch,15468
2026-05-13T22:46:06+00:00,minimal,stock,idle,19,mem_mib,512,phase_5b_cgroup_create,21306
2026-05-13T22:46:06+00:00,minimal,stock,idle,19,mem_mib,512,phase_10_open_uds,16
2026-05-13T22:46:06+00:00,minimal,stock,idle,19,mem_mib,512,phase_11_put_machine_config,166
2026-05-13T22:46:06+00:00,minimal,stock,idle,19,mem_mib,512,phase_11_put_boot_source,107
2026-05-13T22:46:06+00:00,minimal,stock,idle,19,mem_mib,512,phase_11_put_drive_rootfs,105
2026-05-13T22:46:06+00:00,minimal,stock,idle,19,mem_mib,512,phase_11_put_drive_rootfs_overlay,183
2026-05-13T22:46:06+00:00,minimal,stock,idle,19,mem_mib,512,phase_11_put_entropy,114
2026-05-13T22:46:06+00:00,minimal,stock,idle,19,mem_mib,512,phase_11_put_vsock,215
2026-05-13T22:46:06+00:00,minimal,stock,idle,19,mem_mib,512,phase_11_rest_puts,1571
2026-05-13T22:46:06+00:00,minimal,stock,idle,19,mem_mib,512,phase_11b_ready_listener_bind,100
2026-05-13T22:46:06+00:00,minimal,stock,idle,19,mem_mib,512,phase_11c_boot_identity_record,95
2026-05-13T22:46:06+00:00,minimal,stock,idle,19,mem_mib,512,phase_12a_instance_start,21723
2026-05-13T22:46:06+00:00,minimal,stock,idle,19,mem_mib,512,phase_12b_host_waiting_accept,1009828
2026-05-13T22:46:06+00:00,minimal,stock,idle,19,mem_mib,512,phase_12b_kernel_console_range,943979
2026-05-13T22:46:06+00:00,minimal,stock,idle,19,mem_mib,512,phase_12b_guest_process_start,2
2026-05-13T22:46:06+00:00,minimal,stock,idle,19,mem_mib,512,phase_12b_guest_stdio_redirected,1669
2026-05-13T22:46:06+00:00,minimal,stock,idle,19,mem_mib,512,phase_12b_guest_panic_hook_installed,3273
2026-05-13T22:46:06+00:00,minimal,stock,idle,19,mem_mib,512,phase_12b_guest_pseudo_fs_mounted,13607
2026-05-13T22:46:06+00:00,minimal,stock,idle,19,mem_mib,512,phase_12b_guest_mount_namespace_private,20015
2026-05-13T22:46:06+00:00,minimal,stock,idle,19,mem_mib,512,phase_12b_guest_base_mounted,25074
2026-05-13T22:46:06+00:00,minimal,stock,idle,19,mem_mib,512,phase_12b_guest_overlay_disk_mounted,32469
2026-05-13T22:46:06+00:00,minimal,stock,idle,19,mem_mib,512,phase_12b_guest_overlay_dirs_ready,37705
2026-05-13T22:46:06+00:00,minimal,stock,idle,19,mem_mib,512,phase_12b_guest_merged_mountpoint_ready,40552
2026-05-13T22:46:06+00:00,minimal,stock,idle,19,mem_mib,512,phase_12b_guest_overlayfs_mounted,43916
2026-05-13T22:46:06+00:00,minimal,stock,idle,19,mem_mib,512,phase_12b_guest_pseudo_fs_bound_into_merged,47408
2026-05-13T22:46:06+00:00,minimal,stock,idle,19,mem_mib,512,phase_12b_guest_merged_self_bound,50840
2026-05-13T22:46:06+00:00,minimal,stock,idle,19,mem_mib,512,phase_12b_guest_pivot_rootfs_done,52640
2026-05-13T22:46:06+00:00,minimal,stock,idle,19,mem_mib,512,phase_12b_guest_overlay_pivot_complete,54612
2026-05-13T22:46:06+00:00,minimal,stock,idle,19,mem_mib,512,phase_12b_guest_network_configured,56718
2026-05-13T22:46:06+00:00,minimal,stock,idle,19,mem_mib,512,phase_12b_guest_workspace_absent,58798
2026-05-13T22:46:06+00:00,minimal,stock,idle,19,mem_mib,512,phase_12b_guest_pid1_setup_complete,59660
2026-05-13T22:46:06+00:00,minimal,stock,idle,19,mem_mib,512,phase_12b_guest_guestd_starting_log,61368
2026-05-13T22:46:06+00:00,minimal,stock,idle,19,mem_mib,512,phase_12b_guest_exec_listener_bound,62411
2026-05-13T22:46:06+00:00,minimal,stock,idle,19,mem_mib,512,phase_12b_ready_accept,1012151
2026-05-13T22:46:06+00:00,minimal,stock,idle,19,mem_mib,512,exec_send,18
2026-05-13T22:46:06+00:00,minimal,stock,idle,19,mem_mib,512,exec_recv,12127
2026-05-13T22:46:06+00:00,minimal,stock,idle,19,mem_mib,512,stop_bounded,68496
2026-05-13T22:46:06+00:00,minimal,stock,idle,19,mem_mib,512,stop_release,110
2026-05-13T22:46:06+00:00,minimal,stock,idle,19,mem_mib,512,guest_elapsed_process_start,2
2026-05-13T22:46:06+00:00,minimal,stock,idle,19,mem_mib,512,guest_delta_process_start,2
2026-05-13T22:46:06+00:00,minimal,stock,idle,19,mem_mib,512,guest_elapsed_stdio_redirected,1669
2026-05-13T22:46:06+00:00,minimal,stock,idle,19,mem_mib,512,guest_delta_stdio_redirected,1666
2026-05-13T22:46:06+00:00,minimal,stock,idle,19,mem_mib,512,guest_elapsed_panic_hook_installed,3273
2026-05-13T22:46:06+00:00,minimal,stock,idle,19,mem_mib,512,guest_delta_panic_hook_installed,1604
2026-05-13T22:46:06+00:00,minimal,stock,idle,19,mem_mib,512,guest_elapsed_pseudo_fs_mounted,13607
2026-05-13T22:46:06+00:00,minimal,stock,idle,19,mem_mib,512,guest_delta_pseudo_fs_mounted,10334
2026-05-13T22:46:06+00:00,minimal,stock,idle,19,mem_mib,512,guest_elapsed_mount_namespace_private,20015
2026-05-13T22:46:06+00:00,minimal,stock,idle,19,mem_mib,512,guest_delta_mount_namespace_private,6407
2026-05-13T22:46:06+00:00,minimal,stock,idle,19,mem_mib,512,guest_elapsed_base_mounted,25074
2026-05-13T22:46:06+00:00,minimal,stock,idle,19,mem_mib,512,guest_delta_base_mounted,5058
2026-05-13T22:46:06+00:00,minimal,stock,idle,19,mem_mib,512,guest_elapsed_overlay_disk_mounted,32469
2026-05-13T22:46:06+00:00,minimal,stock,idle,19,mem_mib,512,guest_delta_overlay_disk_mounted,7395
2026-05-13T22:46:06+00:00,minimal,stock,idle,19,mem_mib,512,guest_elapsed_overlay_dirs_ready,37705
2026-05-13T22:46:06+00:00,minimal,stock,idle,19,mem_mib,512,guest_delta_overlay_dirs_ready,5235
2026-05-13T22:46:06+00:00,minimal,stock,idle,19,mem_mib,512,guest_elapsed_merged_mountpoint_ready,40552
2026-05-13T22:46:06+00:00,minimal,stock,idle,19,mem_mib,512,guest_delta_merged_mountpoint_ready,2846
2026-05-13T22:46:06+00:00,minimal,stock,idle,19,mem_mib,512,guest_elapsed_overlayfs_mounted,43916
2026-05-13T22:46:06+00:00,minimal,stock,idle,19,mem_mib,512,guest_delta_overlayfs_mounted,3363
2026-05-13T22:46:06+00:00,minimal,stock,idle,19,mem_mib,512,guest_elapsed_pseudo_fs_bound_into_merged,47408
2026-05-13T22:46:06+00:00,minimal,stock,idle,19,mem_mib,512,guest_delta_pseudo_fs_bound_into_merged,3492
2026-05-13T22:46:06+00:00,minimal,stock,idle,19,mem_mib,512,guest_elapsed_merged_self_bound,50840
2026-05-13T22:46:06+00:00,minimal,stock,idle,19,mem_mib,512,guest_delta_merged_self_bound,3432
2026-05-13T22:46:06+00:00,minimal,stock,idle,19,mem_mib,512,guest_elapsed_pivot_rootfs_done,52640
2026-05-13T22:46:06+00:00,minimal,stock,idle,19,mem_mib,512,guest_delta_pivot_rootfs_done,1799
2026-05-13T22:46:06+00:00,minimal,stock,idle,19,mem_mib,512,guest_elapsed_overlay_pivot_complete,54612
2026-05-13T22:46:06+00:00,minimal,stock,idle,19,mem_mib,512,guest_delta_overlay_pivot_complete,1972
2026-05-13T22:46:06+00:00,minimal,stock,idle,19,mem_mib,512,guest_elapsed_network_configured,56718
2026-05-13T22:46:06+00:00,minimal,stock,idle,19,mem_mib,512,guest_delta_network_configured,2105
2026-05-13T22:46:06+00:00,minimal,stock,idle,19,mem_mib,512,guest_elapsed_workspace_absent,58798
2026-05-13T22:46:06+00:00,minimal,stock,idle,19,mem_mib,512,guest_delta_workspace_absent,2079
2026-05-13T22:46:06+00:00,minimal,stock,idle,19,mem_mib,512,guest_elapsed_pid1_setup_complete,59660
2026-05-13T22:46:06+00:00,minimal,stock,idle,19,mem_mib,512,guest_delta_pid1_setup_complete,862
2026-05-13T22:46:06+00:00,minimal,stock,idle,19,mem_mib,512,guest_elapsed_guestd_starting_log,61368
2026-05-13T22:46:06+00:00,minimal,stock,idle,19,mem_mib,512,guest_delta_guestd_starting_log,1708
2026-05-13T22:46:06+00:00,minimal,stock,idle,19,mem_mib,512,guest_elapsed_exec_listener_bound,62411
2026-05-13T22:46:06+00:00,minimal,stock,idle,19,mem_mib,512,guest_delta_exec_listener_bound,1042
2026-05-13T22:46:06+00:00,minimal,stock,idle,19,mem_mib,512,guest_elapsed_ready_signal_sent,64541
2026-05-13T22:46:06+00:00,minimal,stock,idle,19,mem_mib,512,guest_delta_ready_signal_sent,2130
2026-05-13T22:46:08+00:00,minimal,stock,idle,20,mem_mib,512,phase_1_run_root_prep,64
2026-05-13T22:46:08+00:00,minimal,stock,idle,20,mem_mib,512,phase_2_lease,34
2026-05-13T22:46:08+00:00,minimal,stock,idle,20,mem_mib,512,phase_3b_rootfs_prepare,15313
2026-05-13T22:46:08+00:00,minimal,stock,idle,20,mem_mib,512,phase_3_storage_prep,15382
2026-05-13T22:46:08+00:00,minimal,stock,idle,20,mem_mib,512,phase_4_jailer_materialize,1229
2026-05-13T22:46:08+00:00,minimal,stock,idle,20,mem_mib,512,phase_5_cgroup_probe,0
2026-05-13T22:46:08+00:00,minimal,stock,idle,20,mem_mib,512,phase_6_network_realize,0
2026-05-13T22:46:08+00:00,minimal,stock,idle,20,mem_mib,512,phase_7_outbound_guest_config,0
2026-05-13T22:46:08+00:00,minimal,stock,idle,20,mem_mib,512,phase_9_jailer_launch,15437
2026-05-13T22:46:08+00:00,minimal,stock,idle,20,mem_mib,512,phase_5b_cgroup_create,18473
2026-05-13T22:46:08+00:00,minimal,stock,idle,20,mem_mib,512,phase_10_open_uds,34
2026-05-13T22:46:08+00:00,minimal,stock,idle,20,mem_mib,512,phase_11_put_machine_config,171
2026-05-13T22:46:08+00:00,minimal,stock,idle,20,mem_mib,512,phase_11_put_boot_source,148
2026-05-13T22:46:08+00:00,minimal,stock,idle,20,mem_mib,512,phase_11_put_drive_rootfs,112
2026-05-13T22:46:08+00:00,minimal,stock,idle,20,mem_mib,512,phase_11_put_drive_rootfs_overlay,196
2026-05-13T22:46:08+00:00,minimal,stock,idle,20,mem_mib,512,phase_11_put_entropy,100
2026-05-13T22:46:08+00:00,minimal,stock,idle,20,mem_mib,512,phase_11_put_vsock,164
2026-05-13T22:46:08+00:00,minimal,stock,idle,20,mem_mib,512,phase_11_rest_puts,1620
2026-05-13T22:46:08+00:00,minimal,stock,idle,20,mem_mib,512,phase_11b_ready_listener_bind,78
2026-05-13T22:46:08+00:00,minimal,stock,idle,20,mem_mib,512,phase_11c_boot_identity_record,91
2026-05-13T22:46:08+00:00,minimal,stock,idle,20,mem_mib,512,phase_12a_instance_start,19154
2026-05-13T22:46:08+00:00,minimal,stock,idle,20,mem_mib,512,phase_12b_host_waiting_accept,1012204
2026-05-13T22:46:08+00:00,minimal,stock,idle,20,mem_mib,512,phase_12b_kernel_console_range,947528
2026-05-13T22:46:08+00:00,minimal,stock,idle,20,mem_mib,512,phase_12b_guest_process_start,2
2026-05-13T22:46:08+00:00,minimal,stock,idle,20,mem_mib,512,phase_12b_guest_stdio_redirected,1644
2026-05-13T22:46:08+00:00,minimal,stock,idle,20,mem_mib,512,phase_12b_guest_panic_hook_installed,3328
2026-05-13T22:46:08+00:00,minimal,stock,idle,20,mem_mib,512,phase_12b_guest_pseudo_fs_mounted,13999
2026-05-13T22:46:08+00:00,minimal,stock,idle,20,mem_mib,512,phase_12b_guest_mount_namespace_private,20286
2026-05-13T22:46:08+00:00,minimal,stock,idle,20,mem_mib,512,phase_12b_guest_base_mounted,26550
2026-05-13T22:46:08+00:00,minimal,stock,idle,20,mem_mib,512,phase_12b_guest_overlay_disk_mounted,34038
2026-05-13T22:46:08+00:00,minimal,stock,idle,20,mem_mib,512,phase_12b_guest_overlay_dirs_ready,39774
2026-05-13T22:46:08+00:00,minimal,stock,idle,20,mem_mib,512,phase_12b_guest_merged_mountpoint_ready,43443
2026-05-13T22:46:08+00:00,minimal,stock,idle,20,mem_mib,512,phase_12b_guest_overlayfs_mounted,46717
2026-05-13T22:46:08+00:00,minimal,stock,idle,20,mem_mib,512,phase_12b_guest_pseudo_fs_bound_into_merged,50182
2026-05-13T22:46:08+00:00,minimal,stock,idle,20,mem_mib,512,phase_12b_guest_merged_self_bound,53575
2026-05-13T22:46:08+00:00,minimal,stock,idle,20,mem_mib,512,phase_12b_guest_pivot_rootfs_done,55348
2026-05-13T22:46:08+00:00,minimal,stock,idle,20,mem_mib,512,phase_12b_guest_overlay_pivot_complete,57245
2026-05-13T22:46:08+00:00,minimal,stock,idle,20,mem_mib,512,phase_12b_guest_network_configured,59132
2026-05-13T22:46:08+00:00,minimal,stock,idle,20,mem_mib,512,phase_12b_guest_workspace_absent,61158
2026-05-13T22:46:08+00:00,minimal,stock,idle,20,mem_mib,512,phase_12b_guest_pid1_setup_complete,62009
2026-05-13T22:46:08+00:00,minimal,stock,idle,20,mem_mib,512,phase_12b_guest_guestd_starting_log,63677
2026-05-13T22:46:08+00:00,minimal,stock,idle,20,mem_mib,512,phase_12b_guest_exec_listener_bound,64730
2026-05-13T22:46:08+00:00,minimal,stock,idle,20,mem_mib,512,phase_12b_ready_accept,1014505
2026-05-13T22:46:08+00:00,minimal,stock,idle,20,mem_mib,512,exec_send,19
2026-05-13T22:46:08+00:00,minimal,stock,idle,20,mem_mib,512,exec_recv,11935
2026-05-13T22:46:08+00:00,minimal,stock,idle,20,mem_mib,512,stop_bounded,67919
2026-05-13T22:46:08+00:00,minimal,stock,idle,20,mem_mib,512,stop_release,111
2026-05-13T22:46:08+00:00,minimal,stock,idle,20,mem_mib,512,guest_elapsed_process_start,2
2026-05-13T22:46:08+00:00,minimal,stock,idle,20,mem_mib,512,guest_delta_process_start,2
2026-05-13T22:46:08+00:00,minimal,stock,idle,20,mem_mib,512,guest_elapsed_stdio_redirected,1644
2026-05-13T22:46:08+00:00,minimal,stock,idle,20,mem_mib,512,guest_delta_stdio_redirected,1642
2026-05-13T22:46:08+00:00,minimal,stock,idle,20,mem_mib,512,guest_elapsed_panic_hook_installed,3328
2026-05-13T22:46:08+00:00,minimal,stock,idle,20,mem_mib,512,guest_delta_panic_hook_installed,1683
2026-05-13T22:46:08+00:00,minimal,stock,idle,20,mem_mib,512,guest_elapsed_pseudo_fs_mounted,13999
2026-05-13T22:46:08+00:00,minimal,stock,idle,20,mem_mib,512,guest_delta_pseudo_fs_mounted,10671
2026-05-13T22:46:08+00:00,minimal,stock,idle,20,mem_mib,512,guest_elapsed_mount_namespace_private,20286
2026-05-13T22:46:08+00:00,minimal,stock,idle,20,mem_mib,512,guest_delta_mount_namespace_private,6287
2026-05-13T22:46:08+00:00,minimal,stock,idle,20,mem_mib,512,guest_elapsed_base_mounted,26550
2026-05-13T22:46:08+00:00,minimal,stock,idle,20,mem_mib,512,guest_delta_base_mounted,6263
2026-05-13T22:46:08+00:00,minimal,stock,idle,20,mem_mib,512,guest_elapsed_overlay_disk_mounted,34038
2026-05-13T22:46:08+00:00,minimal,stock,idle,20,mem_mib,512,guest_delta_overlay_disk_mounted,7487
2026-05-13T22:46:08+00:00,minimal,stock,idle,20,mem_mib,512,guest_elapsed_overlay_dirs_ready,39774
2026-05-13T22:46:08+00:00,minimal,stock,idle,20,mem_mib,512,guest_delta_overlay_dirs_ready,5735
2026-05-13T22:46:08+00:00,minimal,stock,idle,20,mem_mib,512,guest_elapsed_merged_mountpoint_ready,43443
2026-05-13T22:46:08+00:00,minimal,stock,idle,20,mem_mib,512,guest_delta_merged_mountpoint_ready,3669
2026-05-13T22:46:08+00:00,minimal,stock,idle,20,mem_mib,512,guest_elapsed_overlayfs_mounted,46717
2026-05-13T22:46:08+00:00,minimal,stock,idle,20,mem_mib,512,guest_delta_overlayfs_mounted,3274
2026-05-13T22:46:08+00:00,minimal,stock,idle,20,mem_mib,512,guest_elapsed_pseudo_fs_bound_into_merged,50182
2026-05-13T22:46:08+00:00,minimal,stock,idle,20,mem_mib,512,guest_delta_pseudo_fs_bound_into_merged,3465
2026-05-13T22:46:08+00:00,minimal,stock,idle,20,mem_mib,512,guest_elapsed_merged_self_bound,53575
2026-05-13T22:46:08+00:00,minimal,stock,idle,20,mem_mib,512,guest_delta_merged_self_bound,3392
2026-05-13T22:46:08+00:00,minimal,stock,idle,20,mem_mib,512,guest_elapsed_pivot_rootfs_done,55348
2026-05-13T22:46:08+00:00,minimal,stock,idle,20,mem_mib,512,guest_delta_pivot_rootfs_done,1772
2026-05-13T22:46:08+00:00,minimal,stock,idle,20,mem_mib,512,guest_elapsed_overlay_pivot_complete,57245
2026-05-13T22:46:08+00:00,minimal,stock,idle,20,mem_mib,512,guest_delta_overlay_pivot_complete,1897
2026-05-13T22:46:08+00:00,minimal,stock,idle,20,mem_mib,512,guest_elapsed_network_configured,59132
2026-05-13T22:46:08+00:00,minimal,stock,idle,20,mem_mib,512,guest_delta_network_configured,1887
2026-05-13T22:46:08+00:00,minimal,stock,idle,20,mem_mib,512,guest_elapsed_workspace_absent,61158
2026-05-13T22:46:08+00:00,minimal,stock,idle,20,mem_mib,512,guest_delta_workspace_absent,2025
2026-05-13T22:46:08+00:00,minimal,stock,idle,20,mem_mib,512,guest_elapsed_pid1_setup_complete,62009
2026-05-13T22:46:08+00:00,minimal,stock,idle,20,mem_mib,512,guest_delta_pid1_setup_complete,850
2026-05-13T22:46:08+00:00,minimal,stock,idle,20,mem_mib,512,guest_elapsed_guestd_starting_log,63677
2026-05-13T22:46:08+00:00,minimal,stock,idle,20,mem_mib,512,guest_delta_guestd_starting_log,1668
2026-05-13T22:46:08+00:00,minimal,stock,idle,20,mem_mib,512,guest_elapsed_exec_listener_bound,64730
2026-05-13T22:46:08+00:00,minimal,stock,idle,20,mem_mib,512,guest_delta_exec_listener_bound,1052
2026-05-13T22:46:08+00:00,minimal,stock,idle,20,mem_mib,512,guest_elapsed_ready_signal_sent,66869
2026-05-13T22:46:08+00:00,minimal,stock,idle,20,mem_mib,512,guest_delta_ready_signal_sent,2138
2026-05-13T22:46:09+00:00,minimal,stock,idle,21,mem_mib,512,phase_1_run_root_prep,42
2026-05-13T22:46:09+00:00,minimal,stock,idle,21,mem_mib,512,phase_2_lease,33
2026-05-13T22:46:09+00:00,minimal,stock,idle,21,mem_mib,512,phase_3b_rootfs_prepare,13441
2026-05-13T22:46:09+00:00,minimal,stock,idle,21,mem_mib,512,phase_3_storage_prep,13500
2026-05-13T22:46:09+00:00,minimal,stock,idle,21,mem_mib,512,phase_4_jailer_materialize,781
2026-05-13T22:46:09+00:00,minimal,stock,idle,21,mem_mib,512,phase_5_cgroup_probe,0
2026-05-13T22:46:09+00:00,minimal,stock,idle,21,mem_mib,512,phase_6_network_realize,0
2026-05-13T22:46:09+00:00,minimal,stock,idle,21,mem_mib,512,phase_7_outbound_guest_config,0
2026-05-13T22:46:09+00:00,minimal,stock,idle,21,mem_mib,512,phase_9_jailer_launch,15616
2026-05-13T22:46:09+00:00,minimal,stock,idle,21,mem_mib,512,phase_5b_cgroup_create,25824
2026-05-13T22:46:09+00:00,minimal,stock,idle,21,mem_mib,512,phase_10_open_uds,33
2026-05-13T22:46:09+00:00,minimal,stock,idle,21,mem_mib,512,phase_11_put_machine_config,191
2026-05-13T22:46:09+00:00,minimal,stock,idle,21,mem_mib,512,phase_11_put_boot_source,84
2026-05-13T22:46:09+00:00,minimal,stock,idle,21,mem_mib,512,phase_11_put_drive_rootfs,109
2026-05-13T22:46:09+00:00,minimal,stock,idle,21,mem_mib,512,phase_11_put_drive_rootfs_overlay,189
2026-05-13T22:46:09+00:00,minimal,stock,idle,21,mem_mib,512,phase_11_put_entropy,117
2026-05-13T22:46:09+00:00,minimal,stock,idle,21,mem_mib,512,phase_11_put_vsock,168
2026-05-13T22:46:09+00:00,minimal,stock,idle,21,mem_mib,512,phase_11_rest_puts,1522
2026-05-13T22:46:09+00:00,minimal,stock,idle,21,mem_mib,512,phase_11b_ready_listener_bind,117
2026-05-13T22:46:09+00:00,minimal,stock,idle,21,mem_mib,512,phase_11c_boot_identity_record,117
2026-05-13T22:46:09+00:00,minimal,stock,idle,21,mem_mib,512,phase_12a_instance_start,18548
2026-05-13T22:46:09+00:00,minimal,stock,idle,21,mem_mib,512,phase_12b_host_waiting_accept,1010986
2026-05-13T22:46:09+00:00,minimal,stock,idle,21,mem_mib,512,phase_12b_kernel_console_range,945382
2026-05-13T22:46:09+00:00,minimal,stock,idle,21,mem_mib,512,phase_12b_guest_process_start,2
2026-05-13T22:46:09+00:00,minimal,stock,idle,21,mem_mib,512,phase_12b_guest_stdio_redirected,1627
2026-05-13T22:46:09+00:00,minimal,stock,idle,21,mem_mib,512,phase_12b_guest_panic_hook_installed,3329
2026-05-13T22:46:09+00:00,minimal,stock,idle,21,mem_mib,512,phase_12b_guest_pseudo_fs_mounted,13830
2026-05-13T22:46:09+00:00,minimal,stock,idle,21,mem_mib,512,phase_12b_guest_mount_namespace_private,20200
2026-05-13T22:46:09+00:00,minimal,stock,idle,21,mem_mib,512,phase_12b_guest_base_mounted,26383
2026-05-13T22:46:09+00:00,minimal,stock,idle,21,mem_mib,512,phase_12b_guest_overlay_disk_mounted,35155
2026-05-13T22:46:09+00:00,minimal,stock,idle,21,mem_mib,512,phase_12b_guest_overlay_dirs_ready,41449
2026-05-13T22:46:09+00:00,minimal,stock,idle,21,mem_mib,512,phase_12b_guest_merged_mountpoint_ready,44307
2026-05-13T22:46:09+00:00,minimal,stock,idle,21,mem_mib,512,phase_12b_guest_overlayfs_mounted,47641
2026-05-13T22:46:09+00:00,minimal,stock,idle,21,mem_mib,512,phase_12b_guest_pseudo_fs_bound_into_merged,51130
2026-05-13T22:46:09+00:00,minimal,stock,idle,21,mem_mib,512,phase_12b_guest_merged_self_bound,54529
2026-05-13T22:46:09+00:00,minimal,stock,idle,21,mem_mib,512,phase_12b_guest_pivot_rootfs_done,56319
2026-05-13T22:46:09+00:00,minimal,stock,idle,21,mem_mib,512,phase_12b_guest_overlay_pivot_complete,58230
2026-05-13T22:46:09+00:00,minimal,stock,idle,21,mem_mib,512,phase_12b_guest_network_configured,60139
2026-05-13T22:46:09+00:00,minimal,stock,idle,21,mem_mib,512,phase_12b_guest_workspace_absent,62178
2026-05-13T22:46:09+00:00,minimal,stock,idle,21,mem_mib,512,phase_12b_guest_pid1_setup_complete,63057
2026-05-13T22:46:09+00:00,minimal,stock,idle,21,mem_mib,512,phase_12b_guest_guestd_starting_log,64712
2026-05-13T22:46:09+00:00,minimal,stock,idle,21,mem_mib,512,phase_12b_guest_exec_listener_bound,65744
2026-05-13T22:46:09+00:00,minimal,stock,idle,21,mem_mib,512,phase_12b_ready_accept,1013265
2026-05-13T22:46:09+00:00,minimal,stock,idle,21,mem_mib,512,exec_send,24
2026-05-13T22:46:09+00:00,minimal,stock,idle,21,mem_mib,512,exec_recv,12001
2026-05-13T22:46:09+00:00,minimal,stock,idle,21,mem_mib,512,stop_bounded,61264
2026-05-13T22:46:09+00:00,minimal,stock,idle,21,mem_mib,512,stop_release,112
2026-05-13T22:46:09+00:00,minimal,stock,idle,21,mem_mib,512,guest_elapsed_process_start,2
2026-05-13T22:46:09+00:00,minimal,stock,idle,21,mem_mib,512,guest_delta_process_start,2
2026-05-13T22:46:09+00:00,minimal,stock,idle,21,mem_mib,512,guest_elapsed_stdio_redirected,1627
2026-05-13T22:46:09+00:00,minimal,stock,idle,21,mem_mib,512,guest_delta_stdio_redirected,1624
2026-05-13T22:46:09+00:00,minimal,stock,idle,21,mem_mib,512,guest_elapsed_panic_hook_installed,3329
2026-05-13T22:46:09+00:00,minimal,stock,idle,21,mem_mib,512,guest_delta_panic_hook_installed,1701
2026-05-13T22:46:09+00:00,minimal,stock,idle,21,mem_mib,512,guest_elapsed_pseudo_fs_mounted,13830
2026-05-13T22:46:09+00:00,minimal,stock,idle,21,mem_mib,512,guest_delta_pseudo_fs_mounted,10501
2026-05-13T22:46:09+00:00,minimal,stock,idle,21,mem_mib,512,guest_elapsed_mount_namespace_private,20200
2026-05-13T22:46:09+00:00,minimal,stock,idle,21,mem_mib,512,guest_delta_mount_namespace_private,6370
2026-05-13T22:46:09+00:00,minimal,stock,idle,21,mem_mib,512,guest_elapsed_base_mounted,26383
2026-05-13T22:46:09+00:00,minimal,stock,idle,21,mem_mib,512,guest_delta_base_mounted,6182
2026-05-13T22:46:09+00:00,minimal,stock,idle,21,mem_mib,512,guest_elapsed_overlay_disk_mounted,35155
2026-05-13T22:46:09+00:00,minimal,stock,idle,21,mem_mib,512,guest_delta_overlay_disk_mounted,8771
2026-05-13T22:46:09+00:00,minimal,stock,idle,21,mem_mib,512,guest_elapsed_overlay_dirs_ready,41449
2026-05-13T22:46:09+00:00,minimal,stock,idle,21,mem_mib,512,guest_delta_overlay_dirs_ready,6294
2026-05-13T22:46:09+00:00,minimal,stock,idle,21,mem_mib,512,guest_elapsed_merged_mountpoint_ready,44307
2026-05-13T22:46:09+00:00,minimal,stock,idle,21,mem_mib,512,guest_delta_merged_mountpoint_ready,2858
2026-05-13T22:46:09+00:00,minimal,stock,idle,21,mem_mib,512,guest_elapsed_overlayfs_mounted,47641
2026-05-13T22:46:09+00:00,minimal,stock,idle,21,mem_mib,512,guest_delta_overlayfs_mounted,3333
2026-05-13T22:46:09+00:00,minimal,stock,idle,21,mem_mib,512,guest_elapsed_pseudo_fs_bound_into_merged,51130
2026-05-13T22:46:09+00:00,minimal,stock,idle,21,mem_mib,512,guest_delta_pseudo_fs_bound_into_merged,3489
2026-05-13T22:46:09+00:00,minimal,stock,idle,21,mem_mib,512,guest_elapsed_merged_self_bound,54529
2026-05-13T22:46:09+00:00,minimal,stock,idle,21,mem_mib,512,guest_delta_merged_self_bound,3398
2026-05-13T22:46:09+00:00,minimal,stock,idle,21,mem_mib,512,guest_elapsed_pivot_rootfs_done,56319
2026-05-13T22:46:09+00:00,minimal,stock,idle,21,mem_mib,512,guest_delta_pivot_rootfs_done,1789
2026-05-13T22:46:09+00:00,minimal,stock,idle,21,mem_mib,512,guest_elapsed_overlay_pivot_complete,58230
2026-05-13T22:46:09+00:00,minimal,stock,idle,21,mem_mib,512,guest_delta_overlay_pivot_complete,1910
2026-05-13T22:46:09+00:00,minimal,stock,idle,21,mem_mib,512,guest_elapsed_network_configured,60139
2026-05-13T22:46:09+00:00,minimal,stock,idle,21,mem_mib,512,guest_delta_network_configured,1909
2026-05-13T22:46:09+00:00,minimal,stock,idle,21,mem_mib,512,guest_elapsed_workspace_absent,62178
2026-05-13T22:46:09+00:00,minimal,stock,idle,21,mem_mib,512,guest_delta_workspace_absent,2039
2026-05-13T22:46:09+00:00,minimal,stock,idle,21,mem_mib,512,guest_elapsed_pid1_setup_complete,63057
2026-05-13T22:46:09+00:00,minimal,stock,idle,21,mem_mib,512,guest_delta_pid1_setup_complete,878
2026-05-13T22:46:09+00:00,minimal,stock,idle,21,mem_mib,512,guest_elapsed_guestd_starting_log,64712
2026-05-13T22:46:09+00:00,minimal,stock,idle,21,mem_mib,512,guest_delta_guestd_starting_log,1655
2026-05-13T22:46:09+00:00,minimal,stock,idle,21,mem_mib,512,guest_elapsed_exec_listener_bound,65744
2026-05-13T22:46:09+00:00,minimal,stock,idle,21,mem_mib,512,guest_delta_exec_listener_bound,1031
2026-05-13T22:46:09+00:00,minimal,stock,idle,21,mem_mib,512,guest_elapsed_ready_signal_sent,67884
2026-05-13T22:46:09+00:00,minimal,stock,idle,21,mem_mib,512,guest_delta_ready_signal_sent,2140
2026-05-13T22:46:10+00:00,minimal,stock,idle,22,mem_mib,512,phase_1_run_root_prep,40
2026-05-13T22:46:10+00:00,minimal,stock,idle,22,mem_mib,512,phase_2_lease,32
2026-05-13T22:46:10+00:00,minimal,stock,idle,22,mem_mib,512,phase_3b_rootfs_prepare,11728
2026-05-13T22:46:10+00:00,minimal,stock,idle,22,mem_mib,512,phase_3_storage_prep,11825
2026-05-13T22:46:10+00:00,minimal,stock,idle,22,mem_mib,512,phase_4_jailer_materialize,4136
2026-05-13T22:46:10+00:00,minimal,stock,idle,22,mem_mib,512,phase_5_cgroup_probe,0
2026-05-13T22:46:10+00:00,minimal,stock,idle,22,mem_mib,512,phase_6_network_realize,0
2026-05-13T22:46:10+00:00,minimal,stock,idle,22,mem_mib,512,phase_7_outbound_guest_config,0
2026-05-13T22:46:10+00:00,minimal,stock,idle,22,mem_mib,512,phase_9_jailer_launch,15496
2026-05-13T22:46:10+00:00,minimal,stock,idle,22,mem_mib,512,phase_5b_cgroup_create,6671
2026-05-13T22:46:10+00:00,minimal,stock,idle,22,mem_mib,512,phase_10_open_uds,26
2026-05-13T22:46:10+00:00,minimal,stock,idle,22,mem_mib,512,phase_11_put_machine_config,188
2026-05-13T22:46:10+00:00,minimal,stock,idle,22,mem_mib,512,phase_11_put_boot_source,83
2026-05-13T22:46:10+00:00,minimal,stock,idle,22,mem_mib,512,phase_11_put_drive_rootfs,92
2026-05-13T22:46:10+00:00,minimal,stock,idle,22,mem_mib,512,phase_11_put_drive_rootfs_overlay,163
2026-05-13T22:46:10+00:00,minimal,stock,idle,22,mem_mib,512,phase_11_put_entropy,88
2026-05-13T22:46:10+00:00,minimal,stock,idle,22,mem_mib,512,phase_11_put_vsock,139
2026-05-13T22:46:10+00:00,minimal,stock,idle,22,mem_mib,512,phase_11_rest_puts,1449
2026-05-13T22:46:10+00:00,minimal,stock,idle,22,mem_mib,512,phase_11b_ready_listener_bind,84
2026-05-13T22:46:10+00:00,minimal,stock,idle,22,mem_mib,512,phase_11c_boot_identity_record,109
2026-05-13T22:46:10+00:00,minimal,stock,idle,22,mem_mib,512,phase_12a_instance_start,14731
2026-05-13T22:46:10+00:00,minimal,stock,idle,22,mem_mib,512,phase_12b_host_waiting_accept,1010442
2026-05-13T22:46:10+00:00,minimal,stock,idle,22,mem_mib,512,phase_12b_kernel_console_range,945854
2026-05-13T22:46:10+00:00,minimal,stock,idle,22,mem_mib,512,phase_12b_guest_process_start,2
2026-05-13T22:46:10+00:00,minimal,stock,idle,22,mem_mib,512,phase_12b_guest_stdio_redirected,1632
2026-05-13T22:46:10+00:00,minimal,stock,idle,22,mem_mib,512,phase_12b_guest_panic_hook_installed,3332
2026-05-13T22:46:10+00:00,minimal,stock,idle,22,mem_mib,512,phase_12b_guest_pseudo_fs_mounted,13784
2026-05-13T22:46:10+00:00,minimal,stock,idle,22,mem_mib,512,phase_12b_guest_mount_namespace_private,20110
2026-05-13T22:46:10+00:00,minimal,stock,idle,22,mem_mib,512,phase_12b_guest_base_mounted,25545
2026-05-13T22:46:10+00:00,minimal,stock,idle,22,mem_mib,512,phase_12b_guest_overlay_disk_mounted,32953
2026-05-13T22:46:10+00:00,minimal,stock,idle,22,mem_mib,512,phase_12b_guest_overlay_dirs_ready,38353
2026-05-13T22:46:10+00:00,minimal,stock,idle,22,mem_mib,512,phase_12b_guest_merged_mountpoint_ready,41192
2026-05-13T22:46:10+00:00,minimal,stock,idle,22,mem_mib,512,phase_12b_guest_overlayfs_mounted,44508
2026-05-13T22:46:10+00:00,minimal,stock,idle,22,mem_mib,512,phase_12b_guest_pseudo_fs_bound_into_merged,48000
2026-05-13T22:46:10+00:00,minimal,stock,idle,22,mem_mib,512,phase_12b_guest_merged_self_bound,51415
2026-05-13T22:46:10+00:00,minimal,stock,idle,22,mem_mib,512,phase_12b_guest_pivot_rootfs_done,53195
2026-05-13T22:46:10+00:00,minimal,stock,idle,22,mem_mib,512,phase_12b_guest_overlay_pivot_complete,55121
2026-05-13T22:46:10+00:00,minimal,stock,idle,22,mem_mib,512,phase_12b_guest_network_configured,57005
2026-05-13T22:46:10+00:00,minimal,stock,idle,22,mem_mib,512,phase_12b_guest_workspace_absent,59135
2026-05-13T22:46:10+00:00,minimal,stock,idle,22,mem_mib,512,phase_12b_guest_pid1_setup_complete,60004
2026-05-13T22:46:10+00:00,minimal,stock,idle,22,mem_mib,512,phase_12b_guest_guestd_starting_log,61656
2026-05-13T22:46:10+00:00,minimal,stock,idle,22,mem_mib,512,phase_12b_guest_exec_listener_bound,62679
2026-05-13T22:46:10+00:00,minimal,stock,idle,22,mem_mib,512,phase_12b_ready_accept,1012732
2026-05-13T22:46:10+00:00,minimal,stock,idle,22,mem_mib,512,exec_send,19
2026-05-13T22:46:10+00:00,minimal,stock,idle,22,mem_mib,512,exec_recv,12082
2026-05-13T22:46:10+00:00,minimal,stock,idle,22,mem_mib,512,stop_bounded,68608
2026-05-13T22:46:10+00:00,minimal,stock,idle,22,mem_mib,512,stop_release,109
2026-05-13T22:46:10+00:00,minimal,stock,idle,22,mem_mib,512,guest_elapsed_process_start,2
2026-05-13T22:46:10+00:00,minimal,stock,idle,22,mem_mib,512,guest_delta_process_start,2
2026-05-13T22:46:10+00:00,minimal,stock,idle,22,mem_mib,512,guest_elapsed_stdio_redirected,1632
2026-05-13T22:46:10+00:00,minimal,stock,idle,22,mem_mib,512,guest_delta_stdio_redirected,1629
2026-05-13T22:46:10+00:00,minimal,stock,idle,22,mem_mib,512,guest_elapsed_panic_hook_installed,3332
2026-05-13T22:46:10+00:00,minimal,stock,idle,22,mem_mib,512,guest_delta_panic_hook_installed,1700
2026-05-13T22:46:10+00:00,minimal,stock,idle,22,mem_mib,512,guest_elapsed_pseudo_fs_mounted,13784
2026-05-13T22:46:10+00:00,minimal,stock,idle,22,mem_mib,512,guest_delta_pseudo_fs_mounted,10452
2026-05-13T22:46:10+00:00,minimal,stock,idle,22,mem_mib,512,guest_elapsed_mount_namespace_private,20110
2026-05-13T22:46:10+00:00,minimal,stock,idle,22,mem_mib,512,guest_delta_mount_namespace_private,6325
2026-05-13T22:46:10+00:00,minimal,stock,idle,22,mem_mib,512,guest_elapsed_base_mounted,25545
2026-05-13T22:46:10+00:00,minimal,stock,idle,22,mem_mib,512,guest_delta_base_mounted,5434
2026-05-13T22:46:10+00:00,minimal,stock,idle,22,mem_mib,512,guest_elapsed_overlay_disk_mounted,32953
2026-05-13T22:46:10+00:00,minimal,stock,idle,22,mem_mib,512,guest_delta_overlay_disk_mounted,7407
2026-05-13T22:46:10+00:00,minimal,stock,idle,22,mem_mib,512,guest_elapsed_overlay_dirs_ready,38353
2026-05-13T22:46:10+00:00,minimal,stock,idle,22,mem_mib,512,guest_delta_overlay_dirs_ready,5399
2026-05-13T22:46:10+00:00,minimal,stock,idle,22,mem_mib,512,guest_elapsed_merged_mountpoint_ready,41192
2026-05-13T22:46:10+00:00,minimal,stock,idle,22,mem_mib,512,guest_delta_merged_mountpoint_ready,2839
2026-05-13T22:46:10+00:00,minimal,stock,idle,22,mem_mib,512,guest_elapsed_overlayfs_mounted,44508
2026-05-13T22:46:10+00:00,minimal,stock,idle,22,mem_mib,512,guest_delta_overlayfs_mounted,3316
2026-05-13T22:46:10+00:00,minimal,stock,idle,22,mem_mib,512,guest_elapsed_pseudo_fs_bound_into_merged,48000
2026-05-13T22:46:10+00:00,minimal,stock,idle,22,mem_mib,512,guest_delta_pseudo_fs_bound_into_merged,3491
2026-05-13T22:46:10+00:00,minimal,stock,idle,22,mem_mib,512,guest_elapsed_merged_self_bound,51415
2026-05-13T22:46:10+00:00,minimal,stock,idle,22,mem_mib,512,guest_delta_merged_self_bound,3415
2026-05-13T22:46:10+00:00,minimal,stock,idle,22,mem_mib,512,guest_elapsed_pivot_rootfs_done,53195
2026-05-13T22:46:10+00:00,minimal,stock,idle,22,mem_mib,512,guest_delta_pivot_rootfs_done,1780
2026-05-13T22:46:10+00:00,minimal,stock,idle,22,mem_mib,512,guest_elapsed_overlay_pivot_complete,55121
2026-05-13T22:46:10+00:00,minimal,stock,idle,22,mem_mib,512,guest_delta_overlay_pivot_complete,1925
2026-05-13T22:46:10+00:00,minimal,stock,idle,22,mem_mib,512,guest_elapsed_network_configured,57005
2026-05-13T22:46:10+00:00,minimal,stock,idle,22,mem_mib,512,guest_delta_network_configured,1883
2026-05-13T22:46:10+00:00,minimal,stock,idle,22,mem_mib,512,guest_elapsed_workspace_absent,59135
2026-05-13T22:46:10+00:00,minimal,stock,idle,22,mem_mib,512,guest_delta_workspace_absent,2129
2026-05-13T22:46:10+00:00,minimal,stock,idle,22,mem_mib,512,guest_elapsed_pid1_setup_complete,60004
2026-05-13T22:46:10+00:00,minimal,stock,idle,22,mem_mib,512,guest_delta_pid1_setup_complete,869
2026-05-13T22:46:10+00:00,minimal,stock,idle,22,mem_mib,512,guest_elapsed_guestd_starting_log,61656
2026-05-13T22:46:10+00:00,minimal,stock,idle,22,mem_mib,512,guest_delta_guestd_starting_log,1651
2026-05-13T22:46:10+00:00,minimal,stock,idle,22,mem_mib,512,guest_elapsed_exec_listener_bound,62679
2026-05-13T22:46:10+00:00,minimal,stock,idle,22,mem_mib,512,guest_delta_exec_listener_bound,1022
2026-05-13T22:46:10+00:00,minimal,stock,idle,22,mem_mib,512,guest_elapsed_ready_signal_sent,64820
2026-05-13T22:46:10+00:00,minimal,stock,idle,22,mem_mib,512,guest_delta_ready_signal_sent,2140
2026-05-13T22:46:12+00:00,minimal,stock,idle,23,mem_mib,512,phase_1_run_root_prep,61
2026-05-13T22:46:12+00:00,minimal,stock,idle,23,mem_mib,512,phase_2_lease,61
2026-05-13T22:46:12+00:00,minimal,stock,idle,23,mem_mib,512,phase_3b_rootfs_prepare,12475
2026-05-13T22:46:12+00:00,minimal,stock,idle,23,mem_mib,512,phase_3_storage_prep,12535
2026-05-13T22:46:12+00:00,minimal,stock,idle,23,mem_mib,512,phase_4_jailer_materialize,870
2026-05-13T22:46:12+00:00,minimal,stock,idle,23,mem_mib,512,phase_5_cgroup_probe,0
2026-05-13T22:46:12+00:00,minimal,stock,idle,23,mem_mib,512,phase_6_network_realize,0
2026-05-13T22:46:12+00:00,minimal,stock,idle,23,mem_mib,512,phase_7_outbound_guest_config,0
2026-05-13T22:46:12+00:00,minimal,stock,idle,23,mem_mib,512,phase_9_jailer_launch,31690
2026-05-13T22:46:12+00:00,minimal,stock,idle,23,mem_mib,512,phase_5b_cgroup_create,17839
2026-05-13T22:46:12+00:00,minimal,stock,idle,23,mem_mib,512,phase_10_open_uds,24
2026-05-13T22:46:12+00:00,minimal,stock,idle,23,mem_mib,512,phase_11_put_machine_config,173
2026-05-13T22:46:12+00:00,minimal,stock,idle,23,mem_mib,512,phase_11_put_boot_source,83
2026-05-13T22:46:12+00:00,minimal,stock,idle,23,mem_mib,512,phase_11_put_drive_rootfs,93
2026-05-13T22:46:12+00:00,minimal,stock,idle,23,mem_mib,512,phase_11_put_drive_rootfs_overlay,176
2026-05-13T22:46:12+00:00,minimal,stock,idle,23,mem_mib,512,phase_11_put_entropy,83
2026-05-13T22:46:12+00:00,minimal,stock,idle,23,mem_mib,512,phase_11_put_vsock,154
2026-05-13T22:46:12+00:00,minimal,stock,idle,23,mem_mib,512,phase_11_rest_puts,1437
2026-05-13T22:46:12+00:00,minimal,stock,idle,23,mem_mib,512,phase_11b_ready_listener_bind,83
2026-05-13T22:46:12+00:00,minimal,stock,idle,23,mem_mib,512,phase_11c_boot_identity_record,93
2026-05-13T22:46:12+00:00,minimal,stock,idle,23,mem_mib,512,phase_12a_instance_start,20412
2026-05-13T22:46:12+00:00,minimal,stock,idle,23,mem_mib,512,phase_12b_host_waiting_accept,1010815
2026-05-13T22:46:12+00:00,minimal,stock,idle,23,mem_mib,512,phase_12b_kernel_console_range,949186
2026-05-13T22:46:12+00:00,minimal,stock,idle,23,mem_mib,512,phase_12b_guest_process_start,2
2026-05-13T22:46:12+00:00,minimal,stock,idle,23,mem_mib,512,phase_12b_guest_stdio_redirected,1636
2026-05-13T22:46:12+00:00,minimal,stock,idle,23,mem_mib,512,phase_12b_guest_panic_hook_installed,3350
2026-05-13T22:46:12+00:00,minimal,stock,idle,23,mem_mib,512,phase_12b_guest_pseudo_fs_mounted,14026
2026-05-13T22:46:12+00:00,minimal,stock,idle,23,mem_mib,512,phase_12b_guest_mount_namespace_private,20402
2026-05-13T22:46:12+00:00,minimal,stock,idle,23,mem_mib,512,phase_12b_guest_base_mounted,26687
2026-05-13T22:46:12+00:00,minimal,stock,idle,23,mem_mib,512,phase_12b_guest_overlay_disk_mounted,34965
2026-05-13T22:46:12+00:00,minimal,stock,idle,23,mem_mib,512,phase_12b_guest_overlay_dirs_ready,41313
2026-05-13T22:46:12+00:00,minimal,stock,idle,23,mem_mib,512,phase_12b_guest_merged_mountpoint_ready,44205
2026-05-13T22:46:12+00:00,minimal,stock,idle,23,mem_mib,512,phase_12b_guest_overlayfs_mounted,47550
2026-05-13T22:46:12+00:00,minimal,stock,idle,23,mem_mib,512,phase_12b_guest_pseudo_fs_bound_into_merged,51056
2026-05-13T22:46:12+00:00,minimal,stock,idle,23,mem_mib,512,phase_12b_guest_merged_self_bound,54468
2026-05-13T22:46:12+00:00,minimal,stock,idle,23,mem_mib,512,phase_12b_guest_pivot_rootfs_done,56271
2026-05-13T22:46:12+00:00,minimal,stock,idle,23,mem_mib,512,phase_12b_guest_overlay_pivot_complete,58216
2026-05-13T22:46:12+00:00,minimal,stock,idle,23,mem_mib,512,phase_12b_guest_network_configured,60133
2026-05-13T22:46:12+00:00,minimal,stock,idle,23,mem_mib,512,phase_12b_guest_workspace_absent,62189
2026-05-13T22:46:12+00:00,minimal,stock,idle,23,mem_mib,512,phase_12b_guest_pid1_setup_complete,63068
2026-05-13T22:46:12+00:00,minimal,stock,idle,23,mem_mib,512,phase_12b_guest_guestd_starting_log,64723
2026-05-13T22:46:12+00:00,minimal,stock,idle,23,mem_mib,512,phase_12b_guest_exec_listener_bound,65731
2026-05-13T22:46:12+00:00,minimal,stock,idle,23,mem_mib,512,phase_12b_ready_accept,1012038
2026-05-13T22:46:12+00:00,minimal,stock,idle,23,mem_mib,512,exec_send,12
2026-05-13T22:46:12+00:00,minimal,stock,idle,23,mem_mib,512,exec_recv,12004
2026-05-13T22:46:12+00:00,minimal,stock,idle,23,mem_mib,512,stop_bounded,65687
2026-05-13T22:46:12+00:00,minimal,stock,idle,23,mem_mib,512,stop_release,123
2026-05-13T22:46:12+00:00,minimal,stock,idle,23,mem_mib,512,guest_elapsed_process_start,2
2026-05-13T22:46:12+00:00,minimal,stock,idle,23,mem_mib,512,guest_delta_process_start,2
2026-05-13T22:46:12+00:00,minimal,stock,idle,23,mem_mib,512,guest_elapsed_stdio_redirected,1636
2026-05-13T22:46:12+00:00,minimal,stock,idle,23,mem_mib,512,guest_delta_stdio_redirected,1633
2026-05-13T22:46:12+00:00,minimal,stock,idle,23,mem_mib,512,guest_elapsed_panic_hook_installed,3350
2026-05-13T22:46:12+00:00,minimal,stock,idle,23,mem_mib,512,guest_delta_panic_hook_installed,1714
2026-05-13T22:46:12+00:00,minimal,stock,idle,23,mem_mib,512,guest_elapsed_pseudo_fs_mounted,14026
2026-05-13T22:46:12+00:00,minimal,stock,idle,23,mem_mib,512,guest_delta_pseudo_fs_mounted,10676
2026-05-13T22:46:12+00:00,minimal,stock,idle,23,mem_mib,512,guest_elapsed_mount_namespace_private,20402
2026-05-13T22:46:12+00:00,minimal,stock,idle,23,mem_mib,512,guest_delta_mount_namespace_private,6375
2026-05-13T22:46:12+00:00,minimal,stock,idle,23,mem_mib,512,guest_elapsed_base_mounted,26687
2026-05-13T22:46:12+00:00,minimal,stock,idle,23,mem_mib,512,guest_delta_base_mounted,6285
2026-05-13T22:46:12+00:00,minimal,stock,idle,23,mem_mib,512,guest_elapsed_overlay_disk_mounted,34965
2026-05-13T22:46:12+00:00,minimal,stock,idle,23,mem_mib,512,guest_delta_overlay_disk_mounted,8277
2026-05-13T22:46:12+00:00,minimal,stock,idle,23,mem_mib,512,guest_elapsed_overlay_dirs_ready,41313
2026-05-13T22:46:12+00:00,minimal,stock,idle,23,mem_mib,512,guest_delta_overlay_dirs_ready,6348
2026-05-13T22:46:12+00:00,minimal,stock,idle,23,mem_mib,512,guest_elapsed_merged_mountpoint_ready,44205
2026-05-13T22:46:12+00:00,minimal,stock,idle,23,mem_mib,512,guest_delta_merged_mountpoint_ready,2892
2026-05-13T22:46:12+00:00,minimal,stock,idle,23,mem_mib,512,guest_elapsed_overlayfs_mounted,47550
2026-05-13T22:46:12+00:00,minimal,stock,idle,23,mem_mib,512,guest_delta_overlayfs_mounted,3344
2026-05-13T22:46:12+00:00,minimal,stock,idle,23,mem_mib,512,guest_elapsed_pseudo_fs_bound_into_merged,51056
2026-05-13T22:46:12+00:00,minimal,stock,idle,23,mem_mib,512,guest_delta_pseudo_fs_bound_into_merged,3506
2026-05-13T22:46:12+00:00,minimal,stock,idle,23,mem_mib,512,guest_elapsed_merged_self_bound,54468
2026-05-13T22:46:12+00:00,minimal,stock,idle,23,mem_mib,512,guest_delta_merged_self_bound,3411
2026-05-13T22:46:12+00:00,minimal,stock,idle,23,mem_mib,512,guest_elapsed_pivot_rootfs_done,56271
2026-05-13T22:46:12+00:00,minimal,stock,idle,23,mem_mib,512,guest_delta_pivot_rootfs_done,1802
2026-05-13T22:46:12+00:00,minimal,stock,idle,23,mem_mib,512,guest_elapsed_overlay_pivot_complete,58216
2026-05-13T22:46:12+00:00,minimal,stock,idle,23,mem_mib,512,guest_delta_overlay_pivot_complete,1945
2026-05-13T22:46:12+00:00,minimal,stock,idle,23,mem_mib,512,guest_elapsed_network_configured,60133
2026-05-13T22:46:12+00:00,minimal,stock,idle,23,mem_mib,512,guest_delta_network_configured,1916
2026-05-13T22:46:12+00:00,minimal,stock,idle,23,mem_mib,512,guest_elapsed_workspace_absent,62189
2026-05-13T22:46:12+00:00,minimal,stock,idle,23,mem_mib,512,guest_delta_workspace_absent,2056
2026-05-13T22:46:12+00:00,minimal,stock,idle,23,mem_mib,512,guest_elapsed_pid1_setup_complete,63068
2026-05-13T22:46:12+00:00,minimal,stock,idle,23,mem_mib,512,guest_delta_pid1_setup_complete,879
2026-05-13T22:46:12+00:00,minimal,stock,idle,23,mem_mib,512,guest_elapsed_guestd_starting_log,64723
2026-05-13T22:46:12+00:00,minimal,stock,idle,23,mem_mib,512,guest_delta_guestd_starting_log,1654
2026-05-13T22:46:12+00:00,minimal,stock,idle,23,mem_mib,512,guest_elapsed_exec_listener_bound,65731
2026-05-13T22:46:12+00:00,minimal,stock,idle,23,mem_mib,512,guest_delta_exec_listener_bound,1007
2026-05-13T22:46:12+00:00,minimal,stock,idle,23,mem_mib,512,guest_elapsed_ready_signal_sent,67839
2026-05-13T22:46:12+00:00,minimal,stock,idle,23,mem_mib,512,guest_delta_ready_signal_sent,2108
2026-05-13T22:46:13+00:00,minimal,stock,idle,24,mem_mib,512,phase_1_run_root_prep,37
2026-05-13T22:46:13+00:00,minimal,stock,idle,24,mem_mib,512,phase_2_lease,34
2026-05-13T22:46:13+00:00,minimal,stock,idle,24,mem_mib,512,phase_3b_rootfs_prepare,13317
2026-05-13T22:46:13+00:00,minimal,stock,idle,24,mem_mib,512,phase_3_storage_prep,13415
2026-05-13T22:46:13+00:00,minimal,stock,idle,24,mem_mib,512,phase_4_jailer_materialize,1660
2026-05-13T22:46:13+00:00,minimal,stock,idle,24,mem_mib,512,phase_5_cgroup_probe,0
2026-05-13T22:46:13+00:00,minimal,stock,idle,24,mem_mib,512,phase_6_network_realize,0
2026-05-13T22:46:13+00:00,minimal,stock,idle,24,mem_mib,512,phase_7_outbound_guest_config,0
2026-05-13T22:46:13+00:00,minimal,stock,idle,24,mem_mib,512,phase_9_jailer_launch,15516
2026-05-13T22:46:13+00:00,minimal,stock,idle,24,mem_mib,512,phase_5b_cgroup_create,21365
2026-05-13T22:46:13+00:00,minimal,stock,idle,24,mem_mib,512,phase_10_open_uds,24
2026-05-13T22:46:13+00:00,minimal,stock,idle,24,mem_mib,512,phase_11_put_machine_config,256
2026-05-13T22:46:13+00:00,minimal,stock,idle,24,mem_mib,512,phase_11_put_boot_source,99
2026-05-13T22:46:13+00:00,minimal,stock,idle,24,mem_mib,512,phase_11_put_drive_rootfs,102
2026-05-13T22:46:13+00:00,minimal,stock,idle,24,mem_mib,512,phase_11_put_drive_rootfs_overlay,183
2026-05-13T22:46:13+00:00,minimal,stock,idle,24,mem_mib,512,phase_11_put_entropy,110
2026-05-13T22:46:13+00:00,minimal,stock,idle,24,mem_mib,512,phase_11_put_vsock,156
2026-05-13T22:46:13+00:00,minimal,stock,idle,24,mem_mib,512,phase_11_rest_puts,1572
2026-05-13T22:46:13+00:00,minimal,stock,idle,24,mem_mib,512,phase_11b_ready_listener_bind,69
2026-05-13T22:46:13+00:00,minimal,stock,idle,24,mem_mib,512,phase_11c_boot_identity_record,86
2026-05-13T22:46:13+00:00,minimal,stock,idle,24,mem_mib,512,phase_12a_instance_start,19508
2026-05-13T22:46:13+00:00,minimal,stock,idle,24,mem_mib,512,phase_12b_host_waiting_accept,1011769
2026-05-13T22:46:13+00:00,minimal,stock,idle,24,mem_mib,512,phase_12b_kernel_console_range,949561
2026-05-13T22:46:13+00:00,minimal,stock,idle,24,mem_mib,512,phase_12b_guest_process_start,2
2026-05-13T22:46:13+00:00,minimal,stock,idle,24,mem_mib,512,phase_12b_guest_stdio_redirected,1650
2026-05-13T22:46:13+00:00,minimal,stock,idle,24,mem_mib,512,phase_12b_guest_panic_hook_installed,3318
2026-05-13T22:46:13+00:00,minimal,stock,idle,24,mem_mib,512,phase_12b_guest_pseudo_fs_mounted,13846
2026-05-13T22:46:13+00:00,minimal,stock,idle,24,mem_mib,512,phase_12b_guest_mount_namespace_private,20175
2026-05-13T22:46:13+00:00,minimal,stock,idle,24,mem_mib,512,phase_12b_guest_base_mounted,26033
2026-05-13T22:46:13+00:00,minimal,stock,idle,24,mem_mib,512,phase_12b_guest_overlay_disk_mounted,33362
2026-05-13T22:46:13+00:00,minimal,stock,idle,24,mem_mib,512,phase_12b_guest_overlay_dirs_ready,38975
2026-05-13T22:46:13+00:00,minimal,stock,idle,24,mem_mib,512,phase_12b_guest_merged_mountpoint_ready,43428
2026-05-13T22:46:13+00:00,minimal,stock,idle,24,mem_mib,512,phase_12b_guest_overlayfs_mounted,48562
2026-05-13T22:46:13+00:00,minimal,stock,idle,24,mem_mib,512,phase_12b_guest_pseudo_fs_bound_into_merged,52789
2026-05-13T22:46:13+00:00,minimal,stock,idle,24,mem_mib,512,phase_12b_guest_merged_self_bound,56228
2026-05-13T22:46:13+00:00,minimal,stock,idle,24,mem_mib,512,phase_12b_guest_pivot_rootfs_done,58021
2026-05-13T22:46:13+00:00,minimal,stock,idle,24,mem_mib,512,phase_12b_guest_overlay_pivot_complete,59959
2026-05-13T22:46:13+00:00,minimal,stock,idle,24,mem_mib,512,phase_12b_guest_network_configured,61876
2026-05-13T22:46:13+00:00,minimal,stock,idle,24,mem_mib,512,phase_12b_guest_workspace_absent,63976
2026-05-13T22:46:13+00:00,minimal,stock,idle,24,mem_mib,512,phase_12b_guest_pid1_setup_complete,64841
2026-05-13T22:46:13+00:00,minimal,stock,idle,24,mem_mib,512,phase_12b_guest_guestd_starting_log,66515
2026-05-13T22:46:13+00:00,minimal,stock,idle,24,mem_mib,512,phase_12b_guest_exec_listener_bound,67557
2026-05-13T22:46:13+00:00,minimal,stock,idle,24,mem_mib,512,phase_12b_ready_accept,1014160
2026-05-13T22:46:13+00:00,minimal,stock,idle,24,mem_mib,512,exec_send,19
2026-05-13T22:46:13+00:00,minimal,stock,idle,24,mem_mib,512,exec_recv,11932
2026-05-13T22:46:13+00:00,minimal,stock,idle,24,mem_mib,512,stop_bounded,54040
2026-05-13T22:46:13+00:00,minimal,stock,idle,24,mem_mib,512,stop_release,117
2026-05-13T22:46:13+00:00,minimal,stock,idle,24,mem_mib,512,guest_elapsed_process_start,2
2026-05-13T22:46:13+00:00,minimal,stock,idle,24,mem_mib,512,guest_delta_process_start,2
2026-05-13T22:46:13+00:00,minimal,stock,idle,24,mem_mib,512,guest_elapsed_stdio_redirected,1650
2026-05-13T22:46:13+00:00,minimal,stock,idle,24,mem_mib,512,guest_delta_stdio_redirected,1647
2026-05-13T22:46:13+00:00,minimal,stock,idle,24,mem_mib,512,guest_elapsed_panic_hook_installed,3318
2026-05-13T22:46:13+00:00,minimal,stock,idle,24,mem_mib,512,guest_delta_panic_hook_installed,1668
2026-05-13T22:46:13+00:00,minimal,stock,idle,24,mem_mib,512,guest_elapsed_pseudo_fs_mounted,13846
2026-05-13T22:46:13+00:00,minimal,stock,idle,24,mem_mib,512,guest_delta_pseudo_fs_mounted,10528
2026-05-13T22:46:13+00:00,minimal,stock,idle,24,mem_mib,512,guest_elapsed_mount_namespace_private,20175
2026-05-13T22:46:13+00:00,minimal,stock,idle,24,mem_mib,512,guest_delta_mount_namespace_private,6329
2026-05-13T22:46:13+00:00,minimal,stock,idle,24,mem_mib,512,guest_elapsed_base_mounted,26033
2026-05-13T22:46:13+00:00,minimal,stock,idle,24,mem_mib,512,guest_delta_base_mounted,5857
2026-05-13T22:46:13+00:00,minimal,stock,idle,24,mem_mib,512,guest_elapsed_overlay_disk_mounted,33362
2026-05-13T22:46:13+00:00,minimal,stock,idle,24,mem_mib,512,guest_delta_overlay_disk_mounted,7328
2026-05-13T22:46:13+00:00,minimal,stock,idle,24,mem_mib,512,guest_elapsed_overlay_dirs_ready,38975
2026-05-13T22:46:13+00:00,minimal,stock,idle,24,mem_mib,512,guest_delta_overlay_dirs_ready,5612
2026-05-13T22:46:13+00:00,minimal,stock,idle,24,mem_mib,512,guest_elapsed_merged_mountpoint_ready,43428
2026-05-13T22:46:13+00:00,minimal,stock,idle,24,mem_mib,512,guest_delta_merged_mountpoint_ready,4452
2026-05-13T22:46:13+00:00,minimal,stock,idle,24,mem_mib,512,guest_elapsed_overlayfs_mounted,48562
2026-05-13T22:46:13+00:00,minimal,stock,idle,24,mem_mib,512,guest_delta_overlayfs_mounted,5134
2026-05-13T22:46:13+00:00,minimal,stock,idle,24,mem_mib,512,guest_elapsed_pseudo_fs_bound_into_merged,52789
2026-05-13T22:46:13+00:00,minimal,stock,idle,24,mem_mib,512,guest_delta_pseudo_fs_bound_into_merged,4226
2026-05-13T22:46:13+00:00,minimal,stock,idle,24,mem_mib,512,guest_elapsed_merged_self_bound,56228
2026-05-13T22:46:13+00:00,minimal,stock,idle,24,mem_mib,512,guest_delta_merged_self_bound,3439
2026-05-13T22:46:13+00:00,minimal,stock,idle,24,mem_mib,512,guest_elapsed_pivot_rootfs_done,58021
2026-05-13T22:46:13+00:00,minimal,stock,idle,24,mem_mib,512,guest_delta_pivot_rootfs_done,1792
2026-05-13T22:46:13+00:00,minimal,stock,idle,24,mem_mib,512,guest_elapsed_overlay_pivot_complete,59959
2026-05-13T22:46:13+00:00,minimal,stock,idle,24,mem_mib,512,guest_delta_overlay_pivot_complete,1937
2026-05-13T22:46:13+00:00,minimal,stock,idle,24,mem_mib,512,guest_elapsed_network_configured,61876
2026-05-13T22:46:13+00:00,minimal,stock,idle,24,mem_mib,512,guest_delta_network_configured,1917
2026-05-13T22:46:13+00:00,minimal,stock,idle,24,mem_mib,512,guest_elapsed_workspace_absent,63976
2026-05-13T22:46:13+00:00,minimal,stock,idle,24,mem_mib,512,guest_delta_workspace_absent,2100
2026-05-13T22:46:13+00:00,minimal,stock,idle,24,mem_mib,512,guest_elapsed_pid1_setup_complete,64841
2026-05-13T22:46:13+00:00,minimal,stock,idle,24,mem_mib,512,guest_delta_pid1_setup_complete,864
2026-05-13T22:46:13+00:00,minimal,stock,idle,24,mem_mib,512,guest_elapsed_guestd_starting_log,66515
2026-05-13T22:46:13+00:00,minimal,stock,idle,24,mem_mib,512,guest_delta_guestd_starting_log,1674
2026-05-13T22:46:13+00:00,minimal,stock,idle,24,mem_mib,512,guest_elapsed_exec_listener_bound,67557
2026-05-13T22:46:13+00:00,minimal,stock,idle,24,mem_mib,512,guest_delta_exec_listener_bound,1041
2026-05-13T22:46:13+00:00,minimal,stock,idle,24,mem_mib,512,guest_elapsed_ready_signal_sent,69686
2026-05-13T22:46:13+00:00,minimal,stock,idle,24,mem_mib,512,guest_delta_ready_signal_sent,2129
2026-05-13T22:46:15+00:00,minimal,stock,idle,25,mem_mib,512,phase_1_run_root_prep,55
2026-05-13T22:46:15+00:00,minimal,stock,idle,25,mem_mib,512,phase_2_lease,47
2026-05-13T22:46:15+00:00,minimal,stock,idle,25,mem_mib,512,phase_3b_rootfs_prepare,11222
2026-05-13T22:46:15+00:00,minimal,stock,idle,25,mem_mib,512,phase_3_storage_prep,11279
2026-05-13T22:46:15+00:00,minimal,stock,idle,25,mem_mib,512,phase_4_jailer_materialize,2398
2026-05-13T22:46:15+00:00,minimal,stock,idle,25,mem_mib,512,phase_5_cgroup_probe,0
2026-05-13T22:46:15+00:00,minimal,stock,idle,25,mem_mib,512,phase_6_network_realize,0
2026-05-13T22:46:15+00:00,minimal,stock,idle,25,mem_mib,512,phase_7_outbound_guest_config,0
2026-05-13T22:46:15+00:00,minimal,stock,idle,25,mem_mib,512,phase_9_jailer_launch,15508
2026-05-13T22:46:15+00:00,minimal,stock,idle,25,mem_mib,512,phase_5b_cgroup_create,20354
2026-05-13T22:46:15+00:00,minimal,stock,idle,25,mem_mib,512,phase_10_open_uds,27
2026-05-13T22:46:15+00:00,minimal,stock,idle,25,mem_mib,512,phase_11_put_machine_config,176
2026-05-13T22:46:15+00:00,minimal,stock,idle,25,mem_mib,512,phase_11_put_boot_source,81
2026-05-13T22:46:15+00:00,minimal,stock,idle,25,mem_mib,512,phase_11_put_drive_rootfs,85
2026-05-13T22:46:15+00:00,minimal,stock,idle,25,mem_mib,512,phase_11_put_drive_rootfs_overlay,164
2026-05-13T22:46:15+00:00,minimal,stock,idle,25,mem_mib,512,phase_11_put_entropy,84
2026-05-13T22:46:15+00:00,minimal,stock,idle,25,mem_mib,512,phase_11_put_vsock,139
2026-05-13T22:46:15+00:00,minimal,stock,idle,25,mem_mib,512,phase_11_rest_puts,1437
2026-05-13T22:46:15+00:00,minimal,stock,idle,25,mem_mib,512,phase_11b_ready_listener_bind,78
2026-05-13T22:46:15+00:00,minimal,stock,idle,25,mem_mib,512,phase_11c_boot_identity_record,99
2026-05-13T22:46:15+00:00,minimal,stock,idle,25,mem_mib,512,phase_12a_instance_start,13889
2026-05-13T22:46:15+00:00,minimal,stock,idle,25,mem_mib,512,phase_12b_host_waiting_accept,1010430
2026-05-13T22:46:15+00:00,minimal,stock,idle,25,mem_mib,512,phase_12b_kernel_console_range,946882
2026-05-13T22:46:15+00:00,minimal,stock,idle,25,mem_mib,512,phase_12b_guest_process_start,0
2026-05-13T22:46:15+00:00,minimal,stock,idle,25,mem_mib,512,phase_12b_guest_stdio_redirected,1654
2026-05-13T22:46:15+00:00,minimal,stock,idle,25,mem_mib,512,phase_12b_guest_panic_hook_installed,3355
2026-05-13T22:46:15+00:00,minimal,stock,idle,25,mem_mib,512,phase_12b_guest_pseudo_fs_mounted,13980
2026-05-13T22:46:15+00:00,minimal,stock,idle,25,mem_mib,512,phase_12b_guest_mount_namespace_private,20374
2026-05-13T22:46:15+00:00,minimal,stock,idle,25,mem_mib,512,phase_12b_guest_base_mounted,25908
2026-05-13T22:46:15+00:00,minimal,stock,idle,25,mem_mib,512,phase_12b_guest_overlay_disk_mounted,33424
2026-05-13T22:46:15+00:00,minimal,stock,idle,25,mem_mib,512,phase_12b_guest_overlay_dirs_ready,37102
2026-05-13T22:46:15+00:00,minimal,stock,idle,25,mem_mib,512,phase_12b_guest_merged_mountpoint_ready,39987
2026-05-13T22:46:15+00:00,minimal,stock,idle,25,mem_mib,512,phase_12b_guest_overlayfs_mounted,43306
2026-05-13T22:46:15+00:00,minimal,stock,idle,25,mem_mib,512,phase_12b_guest_pseudo_fs_bound_into_merged,46824
2026-05-13T22:46:15+00:00,minimal,stock,idle,25,mem_mib,512,phase_12b_guest_merged_self_bound,50241
2026-05-13T22:46:15+00:00,minimal,stock,idle,25,mem_mib,512,phase_12b_guest_pivot_rootfs_done,52051
2026-05-13T22:46:15+00:00,minimal,stock,idle,25,mem_mib,512,phase_12b_guest_overlay_pivot_complete,53970
2026-05-13T22:46:15+00:00,minimal,stock,idle,25,mem_mib,512,phase_12b_guest_network_configured,55900
2026-05-13T22:46:15+00:00,minimal,stock,idle,25,mem_mib,512,phase_12b_guest_workspace_absent,57935
2026-05-13T22:46:15+00:00,minimal,stock,idle,25,mem_mib,512,phase_12b_guest_pid1_setup_complete,58803
2026-05-13T22:46:15+00:00,minimal,stock,idle,25,mem_mib,512,phase_12b_guest_guestd_starting_log,60446
2026-05-13T22:46:15+00:00,minimal,stock,idle,25,mem_mib,512,phase_12b_guest_exec_listener_bound,61463
2026-05-13T22:46:15+00:00,minimal,stock,idle,25,mem_mib,512,phase_12b_ready_accept,1012741
2026-05-13T22:46:15+00:00,minimal,stock,idle,25,mem_mib,512,exec_send,18
2026-05-13T22:46:15+00:00,minimal,stock,idle,25,mem_mib,512,exec_recv,12054
2026-05-13T22:46:15+00:00,minimal,stock,idle,25,mem_mib,512,stop_bounded,64438
2026-05-13T22:46:15+00:00,minimal,stock,idle,25,mem_mib,512,stop_release,114
2026-05-13T22:46:15+00:00,minimal,stock,idle,25,mem_mib,512,guest_elapsed_process_start,0
2026-05-13T22:46:15+00:00,minimal,stock,idle,25,mem_mib,512,guest_delta_process_start,0
2026-05-13T22:46:15+00:00,minimal,stock,idle,25,mem_mib,512,guest_elapsed_stdio_redirected,1654
2026-05-13T22:46:15+00:00,minimal,stock,idle,25,mem_mib,512,guest_delta_stdio_redirected,1653
2026-05-13T22:46:15+00:00,minimal,stock,idle,25,mem_mib,512,guest_elapsed_panic_hook_installed,3355
2026-05-13T22:46:15+00:00,minimal,stock,idle,25,mem_mib,512,guest_delta_panic_hook_installed,1701
2026-05-13T22:46:15+00:00,minimal,stock,idle,25,mem_mib,512,guest_elapsed_pseudo_fs_mounted,13980
2026-05-13T22:46:15+00:00,minimal,stock,idle,25,mem_mib,512,guest_delta_pseudo_fs_mounted,10624
2026-05-13T22:46:15+00:00,minimal,stock,idle,25,mem_mib,512,guest_elapsed_mount_namespace_private,20374
2026-05-13T22:46:15+00:00,minimal,stock,idle,25,mem_mib,512,guest_delta_mount_namespace_private,6393
2026-05-13T22:46:15+00:00,minimal,stock,idle,25,mem_mib,512,guest_elapsed_base_mounted,25908
2026-05-13T22:46:15+00:00,minimal,stock,idle,25,mem_mib,512,guest_delta_base_mounted,5534
2026-05-13T22:46:15+00:00,minimal,stock,idle,25,mem_mib,512,guest_elapsed_overlay_disk_mounted,33424
2026-05-13T22:46:15+00:00,minimal,stock,idle,25,mem_mib,512,guest_delta_overlay_disk_mounted,7515
2026-05-13T22:46:15+00:00,minimal,stock,idle,25,mem_mib,512,guest_elapsed_overlay_dirs_ready,37102
2026-05-13T22:46:15+00:00,minimal,stock,idle,25,mem_mib,512,guest_delta_overlay_dirs_ready,3678
2026-05-13T22:46:15+00:00,minimal,stock,idle,25,mem_mib,512,guest_elapsed_merged_mountpoint_ready,39987
2026-05-13T22:46:15+00:00,minimal,stock,idle,25,mem_mib,512,guest_delta_merged_mountpoint_ready,2885
2026-05-13T22:46:15+00:00,minimal,stock,idle,25,mem_mib,512,guest_elapsed_overlayfs_mounted,43306
2026-05-13T22:46:15+00:00,minimal,stock,idle,25,mem_mib,512,guest_delta_overlayfs_mounted,3318
2026-05-13T22:46:15+00:00,minimal,stock,idle,25,mem_mib,512,guest_elapsed_pseudo_fs_bound_into_merged,46824
2026-05-13T22:46:15+00:00,minimal,stock,idle,25,mem_mib,512,guest_delta_pseudo_fs_bound_into_merged,3518
2026-05-13T22:46:15+00:00,minimal,stock,idle,25,mem_mib,512,guest_elapsed_merged_self_bound,50241
2026-05-13T22:46:15+00:00,minimal,stock,idle,25,mem_mib,512,guest_delta_merged_self_bound,3416
2026-05-13T22:46:15+00:00,minimal,stock,idle,25,mem_mib,512,guest_elapsed_pivot_rootfs_done,52051
2026-05-13T22:46:15+00:00,minimal,stock,idle,25,mem_mib,512,guest_delta_pivot_rootfs_done,1809
2026-05-13T22:46:15+00:00,minimal,stock,idle,25,mem_mib,512,guest_elapsed_overlay_pivot_complete,53970
2026-05-13T22:46:15+00:00,minimal,stock,idle,25,mem_mib,512,guest_delta_overlay_pivot_complete,1919
2026-05-13T22:46:15+00:00,minimal,stock,idle,25,mem_mib,512,guest_elapsed_network_configured,55900
2026-05-13T22:46:15+00:00,minimal,stock,idle,25,mem_mib,512,guest_delta_network_configured,1929
2026-05-13T22:46:15+00:00,minimal,stock,idle,25,mem_mib,512,guest_elapsed_workspace_absent,57935
2026-05-13T22:46:15+00:00,minimal,stock,idle,25,mem_mib,512,guest_delta_workspace_absent,2034
2026-05-13T22:46:15+00:00,minimal,stock,idle,25,mem_mib,512,guest_elapsed_pid1_setup_complete,58803
2026-05-13T22:46:15+00:00,minimal,stock,idle,25,mem_mib,512,guest_delta_pid1_setup_complete,868
2026-05-13T22:46:15+00:00,minimal,stock,idle,25,mem_mib,512,guest_elapsed_guestd_starting_log,60446
2026-05-13T22:46:15+00:00,minimal,stock,idle,25,mem_mib,512,guest_delta_guestd_starting_log,1643
2026-05-13T22:46:15+00:00,minimal,stock,idle,25,mem_mib,512,guest_elapsed_exec_listener_bound,61463
2026-05-13T22:46:15+00:00,minimal,stock,idle,25,mem_mib,512,guest_delta_exec_listener_bound,1016
2026-05-13T22:46:15+00:00,minimal,stock,idle,25,mem_mib,512,guest_elapsed_ready_signal_sent,63596
2026-05-13T22:46:15+00:00,minimal,stock,idle,25,mem_mib,512,guest_delta_ready_signal_sent,2133
2026-05-13T22:46:16+00:00,minimal,stock,idle,26,mem_mib,512,phase_1_run_root_prep,1222
2026-05-13T22:46:16+00:00,minimal,stock,idle,26,mem_mib,512,phase_2_lease,34
2026-05-13T22:46:16+00:00,minimal,stock,idle,26,mem_mib,512,phase_3b_rootfs_prepare,11693
2026-05-13T22:46:16+00:00,minimal,stock,idle,26,mem_mib,512,phase_3_storage_prep,11750
2026-05-13T22:46:16+00:00,minimal,stock,idle,26,mem_mib,512,phase_4_jailer_materialize,1325
2026-05-13T22:46:16+00:00,minimal,stock,idle,26,mem_mib,512,phase_5_cgroup_probe,0
2026-05-13T22:46:16+00:00,minimal,stock,idle,26,mem_mib,512,phase_6_network_realize,6
2026-05-13T22:46:16+00:00,minimal,stock,idle,26,mem_mib,512,phase_7_outbound_guest_config,0
2026-05-13T22:46:16+00:00,minimal,stock,idle,26,mem_mib,512,phase_9_jailer_launch,15496
2026-05-13T22:46:16+00:00,minimal,stock,idle,26,mem_mib,512,phase_5b_cgroup_create,16341
2026-05-13T22:46:16+00:00,minimal,stock,idle,26,mem_mib,512,phase_10_open_uds,21
2026-05-13T22:46:16+00:00,minimal,stock,idle,26,mem_mib,512,phase_11_put_machine_config,163
2026-05-13T22:46:16+00:00,minimal,stock,idle,26,mem_mib,512,phase_11_put_boot_source,75
2026-05-13T22:46:16+00:00,minimal,stock,idle,26,mem_mib,512,phase_11_put_drive_rootfs,77
2026-05-13T22:46:16+00:00,minimal,stock,idle,26,mem_mib,512,phase_11_put_drive_rootfs_overlay,164
2026-05-13T22:46:16+00:00,minimal,stock,idle,26,mem_mib,512,phase_11_put_entropy,77
2026-05-13T22:46:16+00:00,minimal,stock,idle,26,mem_mib,512,phase_11_put_vsock,131
2026-05-13T22:46:16+00:00,minimal,stock,idle,26,mem_mib,512,phase_11_rest_puts,1047
2026-05-13T22:46:16+00:00,minimal,stock,idle,26,mem_mib,512,phase_11b_ready_listener_bind,66
2026-05-13T22:46:16+00:00,minimal,stock,idle,26,mem_mib,512,phase_11c_boot_identity_record,59
2026-05-13T22:46:16+00:00,minimal,stock,idle,26,mem_mib,512,phase_12a_instance_start,18951
2026-05-13T22:46:16+00:00,minimal,stock,idle,26,mem_mib,512,phase_12b_host_waiting_accept,1009623
2026-05-13T22:46:16+00:00,minimal,stock,idle,26,mem_mib,512,phase_12b_kernel_console_range,944238
2026-05-13T22:46:16+00:00,minimal,stock,idle,26,mem_mib,512,phase_12b_guest_process_start,0
2026-05-13T22:46:16+00:00,minimal,stock,idle,26,mem_mib,512,phase_12b_guest_stdio_redirected,1636
2026-05-13T22:46:16+00:00,minimal,stock,idle,26,mem_mib,512,phase_12b_guest_panic_hook_installed,3329
2026-05-13T22:46:16+00:00,minimal,stock,idle,26,mem_mib,512,phase_12b_guest_pseudo_fs_mounted,13735
2026-05-13T22:46:16+00:00,minimal,stock,idle,26,mem_mib,512,phase_12b_guest_mount_namespace_private,20014
2026-05-13T22:46:16+00:00,minimal,stock,idle,26,mem_mib,512,phase_12b_guest_base_mounted,26025
2026-05-13T22:46:16+00:00,minimal,stock,idle,26,mem_mib,512,phase_12b_guest_overlay_disk_mounted,33315
2026-05-13T22:46:16+00:00,minimal,stock,idle,26,mem_mib,512,phase_12b_guest_overlay_dirs_ready,38733
2026-05-13T22:46:16+00:00,minimal,stock,idle,26,mem_mib,512,phase_12b_guest_merged_mountpoint_ready,41622
2026-05-13T22:46:16+00:00,minimal,stock,idle,26,mem_mib,512,phase_12b_guest_overlayfs_mounted,44950
2026-05-13T22:46:16+00:00,minimal,stock,idle,26,mem_mib,512,phase_12b_guest_pseudo_fs_bound_into_merged,48449
2026-05-13T22:46:16+00:00,minimal,stock,idle,26,mem_mib,512,phase_12b_guest_merged_self_bound,51865
2026-05-13T22:46:16+00:00,minimal,stock,idle,26,mem_mib,512,phase_12b_guest_pivot_rootfs_done,53634
2026-05-13T22:46:16+00:00,minimal,stock,idle,26,mem_mib,512,phase_12b_guest_overlay_pivot_complete,55551
2026-05-13T22:46:16+00:00,minimal,stock,idle,26,mem_mib,512,phase_12b_guest_network_configured,57439
2026-05-13T22:46:16+00:00,minimal,stock,idle,26,mem_mib,512,phase_12b_guest_workspace_absent,59491
2026-05-13T22:46:16+00:00,minimal,stock,idle,26,mem_mib,512,phase_12b_guest_pid1_setup_complete,60341
2026-05-13T22:46:16+00:00,minimal,stock,idle,26,mem_mib,512,phase_12b_guest_guestd_starting_log,61979
2026-05-13T22:46:16+00:00,minimal,stock,idle,26,mem_mib,512,phase_12b_guest_exec_listener_bound,63002
2026-05-13T22:46:16+00:00,minimal,stock,idle,26,mem_mib,512,phase_12b_ready_accept,1011921
2026-05-13T22:46:16+00:00,minimal,stock,idle,26,mem_mib,512,exec_send,18
2026-05-13T22:46:16+00:00,minimal,stock,idle,26,mem_mib,512,exec_recv,11906
2026-05-13T22:46:16+00:00,minimal,stock,idle,26,mem_mib,512,stop_bounded,74193
2026-05-13T22:46:16+00:00,minimal,stock,idle,26,mem_mib,512,stop_release,109
2026-05-13T22:46:16+00:00,minimal,stock,idle,26,mem_mib,512,guest_elapsed_process_start,0
2026-05-13T22:46:16+00:00,minimal,stock,idle,26,mem_mib,512,guest_delta_process_start,0
2026-05-13T22:46:16+00:00,minimal,stock,idle,26,mem_mib,512,guest_elapsed_stdio_redirected,1636
2026-05-13T22:46:16+00:00,minimal,stock,idle,26,mem_mib,512,guest_delta_stdio_redirected,1636
2026-05-13T22:46:16+00:00,minimal,stock,idle,26,mem_mib,512,guest_elapsed_panic_hook_installed,3329
2026-05-13T22:46:16+00:00,minimal,stock,idle,26,mem_mib,512,guest_delta_panic_hook_installed,1692
2026-05-13T22:46:16+00:00,minimal,stock,idle,26,mem_mib,512,guest_elapsed_pseudo_fs_mounted,13735
2026-05-13T22:46:16+00:00,minimal,stock,idle,26,mem_mib,512,guest_delta_pseudo_fs_mounted,10406
2026-05-13T22:46:16+00:00,minimal,stock,idle,26,mem_mib,512,guest_elapsed_mount_namespace_private,20014
2026-05-13T22:46:16+00:00,minimal,stock,idle,26,mem_mib,512,guest_delta_mount_namespace_private,6278
2026-05-13T22:46:16+00:00,minimal,stock,idle,26,mem_mib,512,guest_elapsed_base_mounted,26025
2026-05-13T22:46:16+00:00,minimal,stock,idle,26,mem_mib,512,guest_delta_base_mounted,6011
2026-05-13T22:46:16+00:00,minimal,stock,idle,26,mem_mib,512,guest_elapsed_overlay_disk_mounted,33315
2026-05-13T22:46:16+00:00,minimal,stock,idle,26,mem_mib,512,guest_delta_overlay_disk_mounted,7289
2026-05-13T22:46:16+00:00,minimal,stock,idle,26,mem_mib,512,guest_elapsed_overlay_dirs_ready,38733
2026-05-13T22:46:16+00:00,minimal,stock,idle,26,mem_mib,512,guest_delta_overlay_dirs_ready,5417
2026-05-13T22:46:16+00:00,minimal,stock,idle,26,mem_mib,512,guest_elapsed_merged_mountpoint_ready,41622
2026-05-13T22:46:16+00:00,minimal,stock,idle,26,mem_mib,512,guest_delta_merged_mountpoint_ready,2889
2026-05-13T22:46:16+00:00,minimal,stock,idle,26,mem_mib,512,guest_elapsed_overlayfs_mounted,44950
2026-05-13T22:46:16+00:00,minimal,stock,idle,26,mem_mib,512,guest_delta_overlayfs_mounted,3327
2026-05-13T22:46:16+00:00,minimal,stock,idle,26,mem_mib,512,guest_elapsed_pseudo_fs_bound_into_merged,48449
2026-05-13T22:46:16+00:00,minimal,stock,idle,26,mem_mib,512,guest_delta_pseudo_fs_bound_into_merged,3498
2026-05-13T22:46:16+00:00,minimal,stock,idle,26,mem_mib,512,guest_elapsed_merged_self_bound,51865
2026-05-13T22:46:16+00:00,minimal,stock,idle,26,mem_mib,512,guest_delta_merged_self_bound,3415
2026-05-13T22:46:16+00:00,minimal,stock,idle,26,mem_mib,512,guest_elapsed_pivot_rootfs_done,53634
2026-05-13T22:46:16+00:00,minimal,stock,idle,26,mem_mib,512,guest_delta_pivot_rootfs_done,1769
2026-05-13T22:46:16+00:00,minimal,stock,idle,26,mem_mib,512,guest_elapsed_overlay_pivot_complete,55551
2026-05-13T22:46:16+00:00,minimal,stock,idle,26,mem_mib,512,guest_delta_overlay_pivot_complete,1916
2026-05-13T22:46:16+00:00,minimal,stock,idle,26,mem_mib,512,guest_elapsed_network_configured,57439
2026-05-13T22:46:16+00:00,minimal,stock,idle,26,mem_mib,512,guest_delta_network_configured,1887
2026-05-13T22:46:16+00:00,minimal,stock,idle,26,mem_mib,512,guest_elapsed_workspace_absent,59491
2026-05-13T22:46:16+00:00,minimal,stock,idle,26,mem_mib,512,guest_delta_workspace_absent,2052
2026-05-13T22:46:16+00:00,minimal,stock,idle,26,mem_mib,512,guest_elapsed_pid1_setup_complete,60341
2026-05-13T22:46:16+00:00,minimal,stock,idle,26,mem_mib,512,guest_delta_pid1_setup_complete,850
2026-05-13T22:46:16+00:00,minimal,stock,idle,26,mem_mib,512,guest_elapsed_guestd_starting_log,61979
2026-05-13T22:46:16+00:00,minimal,stock,idle,26,mem_mib,512,guest_delta_guestd_starting_log,1637
2026-05-13T22:46:16+00:00,minimal,stock,idle,26,mem_mib,512,guest_elapsed_exec_listener_bound,63002
2026-05-13T22:46:16+00:00,minimal,stock,idle,26,mem_mib,512,guest_delta_exec_listener_bound,1022
2026-05-13T22:46:16+00:00,minimal,stock,idle,26,mem_mib,512,guest_elapsed_ready_signal_sent,65125
2026-05-13T22:46:16+00:00,minimal,stock,idle,26,mem_mib,512,guest_delta_ready_signal_sent,2122
2026-05-13T22:46:17+00:00,minimal,stock,idle,27,mem_mib,512,phase_1_run_root_prep,61
2026-05-13T22:46:17+00:00,minimal,stock,idle,27,mem_mib,512,phase_2_lease,34
2026-05-13T22:46:17+00:00,minimal,stock,idle,27,mem_mib,512,phase_3b_rootfs_prepare,11528
2026-05-13T22:46:17+00:00,minimal,stock,idle,27,mem_mib,512,phase_3_storage_prep,11589
2026-05-13T22:46:17+00:00,minimal,stock,idle,27,mem_mib,512,phase_4_jailer_materialize,711
2026-05-13T22:46:17+00:00,minimal,stock,idle,27,mem_mib,512,phase_5_cgroup_probe,0
2026-05-13T22:46:17+00:00,minimal,stock,idle,27,mem_mib,512,phase_6_network_realize,6
2026-05-13T22:46:17+00:00,minimal,stock,idle,27,mem_mib,512,phase_7_outbound_guest_config,0
2026-05-13T22:46:17+00:00,minimal,stock,idle,27,mem_mib,512,phase_9_jailer_launch,15543
2026-05-13T22:46:17+00:00,minimal,stock,idle,27,mem_mib,512,phase_5b_cgroup_create,17177
2026-05-13T22:46:17+00:00,minimal,stock,idle,27,mem_mib,512,phase_10_open_uds,27
2026-05-13T22:46:17+00:00,minimal,stock,idle,27,mem_mib,512,phase_11_put_machine_config,182
2026-05-13T22:46:17+00:00,minimal,stock,idle,27,mem_mib,512,phase_11_put_boot_source,82
2026-05-13T22:46:17+00:00,minimal,stock,idle,27,mem_mib,512,phase_11_put_drive_rootfs,91
2026-05-13T22:46:17+00:00,minimal,stock,idle,27,mem_mib,512,phase_11_put_drive_rootfs_overlay,165
2026-05-13T22:46:17+00:00,minimal,stock,idle,27,mem_mib,512,phase_11_put_entropy,83
2026-05-13T22:46:17+00:00,minimal,stock,idle,27,mem_mib,512,phase_11_put_vsock,153
2026-05-13T22:46:17+00:00,minimal,stock,idle,27,mem_mib,512,phase_11_rest_puts,1473
2026-05-13T22:46:17+00:00,minimal,stock,idle,27,mem_mib,512,phase_11b_ready_listener_bind,81
2026-05-13T22:46:17+00:00,minimal,stock,idle,27,mem_mib,512,phase_11c_boot_identity_record,98
2026-05-13T22:46:17+00:00,minimal,stock,idle,27,mem_mib,512,phase_12a_instance_start,18455
2026-05-13T22:46:17+00:00,minimal,stock,idle,27,mem_mib,512,phase_12b_host_waiting_accept,1010466
2026-05-13T22:46:17+00:00,minimal,stock,idle,27,mem_mib,512,phase_12b_kernel_console_range,945473
2026-05-13T22:46:17+00:00,minimal,stock,idle,27,mem_mib,512,phase_12b_guest_process_start,2
2026-05-13T22:46:17+00:00,minimal,stock,idle,27,mem_mib,512,phase_12b_guest_stdio_redirected,1642
2026-05-13T22:46:17+00:00,minimal,stock,idle,27,mem_mib,512,phase_12b_guest_panic_hook_installed,3344
2026-05-13T22:46:17+00:00,minimal,stock,idle,27,mem_mib,512,phase_12b_guest_pseudo_fs_mounted,13850
2026-05-13T22:46:17+00:00,minimal,stock,idle,27,mem_mib,512,phase_12b_guest_mount_namespace_private,20176
2026-05-13T22:46:17+00:00,minimal,stock,idle,27,mem_mib,512,phase_12b_guest_base_mounted,25902
2026-05-13T22:46:17+00:00,minimal,stock,idle,27,mem_mib,512,phase_12b_guest_overlay_disk_mounted,33354
2026-05-13T22:46:17+00:00,minimal,stock,idle,27,mem_mib,512,phase_12b_guest_overlay_dirs_ready,38065
2026-05-13T22:46:17+00:00,minimal,stock,idle,27,mem_mib,512,phase_12b_guest_merged_mountpoint_ready,40887
2026-05-13T22:46:17+00:00,minimal,stock,idle,27,mem_mib,512,phase_12b_guest_overlayfs_mounted,44181
2026-05-13T22:46:17+00:00,minimal,stock,idle,27,mem_mib,512,phase_12b_guest_pseudo_fs_bound_into_merged,47633
2026-05-13T22:46:17+00:00,minimal,stock,idle,27,mem_mib,512,phase_12b_guest_merged_self_bound,51008
2026-05-13T22:46:17+00:00,minimal,stock,idle,27,mem_mib,512,phase_12b_guest_pivot_rootfs_done,52774
2026-05-13T22:46:17+00:00,minimal,stock,idle,27,mem_mib,512,phase_12b_guest_overlay_pivot_complete,54680
2026-05-13T22:46:17+00:00,minimal,stock,idle,27,mem_mib,512,phase_12b_guest_network_configured,56565
2026-05-13T22:46:17+00:00,minimal,stock,idle,27,mem_mib,512,phase_12b_guest_workspace_absent,58607
2026-05-13T22:46:17+00:00,minimal,stock,idle,27,mem_mib,512,phase_12b_guest_pid1_setup_complete,59484
2026-05-13T22:46:17+00:00,minimal,stock,idle,27,mem_mib,512,phase_12b_guest_guestd_starting_log,61134
2026-05-13T22:46:17+00:00,minimal,stock,idle,27,mem_mib,512,phase_12b_guest_exec_listener_bound,62178
2026-05-13T22:46:17+00:00,minimal,stock,idle,27,mem_mib,512,phase_12b_ready_accept,1012784
2026-05-13T22:46:17+00:00,minimal,stock,idle,27,mem_mib,512,exec_send,25
2026-05-13T22:46:17+00:00,minimal,stock,idle,27,mem_mib,512,exec_recv,11991
2026-05-13T22:46:17+00:00,minimal,stock,idle,27,mem_mib,512,stop_bounded,74013
2026-05-13T22:46:17+00:00,minimal,stock,idle,27,mem_mib,512,stop_release,110
2026-05-13T22:46:17+00:00,minimal,stock,idle,27,mem_mib,512,guest_elapsed_process_start,2
2026-05-13T22:46:17+00:00,minimal,stock,idle,27,mem_mib,512,guest_delta_process_start,2
2026-05-13T22:46:17+00:00,minimal,stock,idle,27,mem_mib,512,guest_elapsed_stdio_redirected,1642
2026-05-13T22:46:17+00:00,minimal,stock,idle,27,mem_mib,512,guest_delta_stdio_redirected,1639
2026-05-13T22:46:17+00:00,minimal,stock,idle,27,mem_mib,512,guest_elapsed_panic_hook_installed,3344
2026-05-13T22:46:17+00:00,minimal,stock,idle,27,mem_mib,512,guest_delta_panic_hook_installed,1702
2026-05-13T22:46:17+00:00,minimal,stock,idle,27,mem_mib,512,guest_elapsed_pseudo_fs_mounted,13850
2026-05-13T22:46:17+00:00,minimal,stock,idle,27,mem_mib,512,guest_delta_pseudo_fs_mounted,10506
2026-05-13T22:46:17+00:00,minimal,stock,idle,27,mem_mib,512,guest_elapsed_mount_namespace_private,20176
2026-05-13T22:46:17+00:00,minimal,stock,idle,27,mem_mib,512,guest_delta_mount_namespace_private,6325
2026-05-13T22:46:17+00:00,minimal,stock,idle,27,mem_mib,512,guest_elapsed_base_mounted,25902
2026-05-13T22:46:17+00:00,minimal,stock,idle,27,mem_mib,512,guest_delta_base_mounted,5725
2026-05-13T22:46:17+00:00,minimal,stock,idle,27,mem_mib,512,guest_elapsed_overlay_disk_mounted,33354
2026-05-13T22:46:17+00:00,minimal,stock,idle,27,mem_mib,512,guest_delta_overlay_disk_mounted,7452
2026-05-13T22:46:17+00:00,minimal,stock,idle,27,mem_mib,512,guest_elapsed_overlay_dirs_ready,38065
2026-05-13T22:46:17+00:00,minimal,stock,idle,27,mem_mib,512,guest_delta_overlay_dirs_ready,4711
2026-05-13T22:46:17+00:00,minimal,stock,idle,27,mem_mib,512,guest_elapsed_merged_mountpoint_ready,40887
2026-05-13T22:46:17+00:00,minimal,stock,idle,27,mem_mib,512,guest_delta_merged_mountpoint_ready,2822
2026-05-13T22:46:17+00:00,minimal,stock,idle,27,mem_mib,512,guest_elapsed_overlayfs_mounted,44181
2026-05-13T22:46:17+00:00,minimal,stock,idle,27,mem_mib,512,guest_delta_overlayfs_mounted,3293
2026-05-13T22:46:17+00:00,minimal,stock,idle,27,mem_mib,512,guest_elapsed_pseudo_fs_bound_into_merged,47633
2026-05-13T22:46:17+00:00,minimal,stock,idle,27,mem_mib,512,guest_delta_pseudo_fs_bound_into_merged,3452
2026-05-13T22:46:17+00:00,minimal,stock,idle,27,mem_mib,512,guest_elapsed_merged_self_bound,51008
2026-05-13T22:46:17+00:00,minimal,stock,idle,27,mem_mib,512,guest_delta_merged_self_bound,3374
2026-05-13T22:46:17+00:00,minimal,stock,idle,27,mem_mib,512,guest_elapsed_pivot_rootfs_done,52774
2026-05-13T22:46:17+00:00,minimal,stock,idle,27,mem_mib,512,guest_delta_pivot_rootfs_done,1766
2026-05-13T22:46:17+00:00,minimal,stock,idle,27,mem_mib,512,guest_elapsed_overlay_pivot_complete,54680
2026-05-13T22:46:17+00:00,minimal,stock,idle,27,mem_mib,512,guest_delta_overlay_pivot_complete,1906
2026-05-13T22:46:17+00:00,minimal,stock,idle,27,mem_mib,512,guest_elapsed_network_configured,56565
2026-05-13T22:46:17+00:00,minimal,stock,idle,27,mem_mib,512,guest_delta_network_configured,1884
2026-05-13T22:46:17+00:00,minimal,stock,idle,27,mem_mib,512,guest_elapsed_workspace_absent,58607
2026-05-13T22:46:17+00:00,minimal,stock,idle,27,mem_mib,512,guest_delta_workspace_absent,2042
2026-05-13T22:46:17+00:00,minimal,stock,idle,27,mem_mib,512,guest_elapsed_pid1_setup_complete,59484
2026-05-13T22:46:17+00:00,minimal,stock,idle,27,mem_mib,512,guest_delta_pid1_setup_complete,876
2026-05-13T22:46:17+00:00,minimal,stock,idle,27,mem_mib,512,guest_elapsed_guestd_starting_log,61134
2026-05-13T22:46:17+00:00,minimal,stock,idle,27,mem_mib,512,guest_delta_guestd_starting_log,1650
2026-05-13T22:46:17+00:00,minimal,stock,idle,27,mem_mib,512,guest_elapsed_exec_listener_bound,62178
2026-05-13T22:46:17+00:00,minimal,stock,idle,27,mem_mib,512,guest_delta_exec_listener_bound,1043
2026-05-13T22:46:17+00:00,minimal,stock,idle,27,mem_mib,512,guest_elapsed_ready_signal_sent,64334
2026-05-13T22:46:17+00:00,minimal,stock,idle,27,mem_mib,512,guest_delta_ready_signal_sent,2156
2026-05-13T22:46:19+00:00,minimal,stock,idle,28,mem_mib,512,phase_1_run_root_prep,60
2026-05-13T22:46:19+00:00,minimal,stock,idle,28,mem_mib,512,phase_2_lease,32
2026-05-13T22:46:19+00:00,minimal,stock,idle,28,mem_mib,512,phase_3b_rootfs_prepare,11796
2026-05-13T22:46:19+00:00,minimal,stock,idle,28,mem_mib,512,phase_3_storage_prep,11852
2026-05-13T22:46:19+00:00,minimal,stock,idle,28,mem_mib,512,phase_4_jailer_materialize,722
2026-05-13T22:46:19+00:00,minimal,stock,idle,28,mem_mib,512,phase_5_cgroup_probe,0
2026-05-13T22:46:19+00:00,minimal,stock,idle,28,mem_mib,512,phase_6_network_realize,0
2026-05-13T22:46:19+00:00,minimal,stock,idle,28,mem_mib,512,phase_7_outbound_guest_config,0
2026-05-13T22:46:19+00:00,minimal,stock,idle,28,mem_mib,512,phase_9_jailer_launch,15500
2026-05-13T22:46:19+00:00,minimal,stock,idle,28,mem_mib,512,phase_5b_cgroup_create,42466
2026-05-13T22:46:19+00:00,minimal,stock,idle,28,mem_mib,512,phase_10_open_uds,45
2026-05-13T22:46:19+00:00,minimal,stock,idle,28,mem_mib,512,phase_11_put_machine_config,159
2026-05-13T22:46:19+00:00,minimal,stock,idle,28,mem_mib,512,phase_11_put_boot_source,111
2026-05-13T22:46:19+00:00,minimal,stock,idle,28,mem_mib,512,phase_11_put_drive_rootfs,131
2026-05-13T22:46:19+00:00,minimal,stock,idle,28,mem_mib,512,phase_11_put_drive_rootfs_overlay,252
2026-05-13T22:46:19+00:00,minimal,stock,idle,28,mem_mib,512,phase_11_put_entropy,121
2026-05-13T22:46:19+00:00,minimal,stock,idle,28,mem_mib,512,phase_11_put_vsock,218
2026-05-13T22:46:19+00:00,minimal,stock,idle,28,mem_mib,512,phase_11_rest_puts,1368
2026-05-13T22:46:19+00:00,minimal,stock,idle,28,mem_mib,512,phase_11b_ready_listener_bind,55
2026-05-13T22:46:19+00:00,minimal,stock,idle,28,mem_mib,512,phase_11c_boot_identity_record,64
2026-05-13T22:46:19+00:00,minimal,stock,idle,28,mem_mib,512,phase_12a_instance_start,18975
2026-05-13T22:46:19+00:00,minimal,stock,idle,28,mem_mib,512,phase_12b_host_waiting_accept,1008575
2026-05-13T22:46:19+00:00,minimal,stock,idle,28,mem_mib,512,phase_12b_kernel_console_range,946383
2026-05-13T22:46:19+00:00,minimal,stock,idle,28,mem_mib,512,phase_12b_guest_process_start,2
2026-05-13T22:46:19+00:00,minimal,stock,idle,28,mem_mib,512,phase_12b_guest_stdio_redirected,1647
2026-05-13T22:46:19+00:00,minimal,stock,idle,28,mem_mib,512,phase_12b_guest_panic_hook_installed,3335
2026-05-13T22:46:19+00:00,minimal,stock,idle,28,mem_mib,512,phase_12b_guest_pseudo_fs_mounted,14003
2026-05-13T22:46:19+00:00,minimal,stock,idle,28,mem_mib,512,phase_12b_guest_mount_namespace_private,20308
2026-05-13T22:46:19+00:00,minimal,stock,idle,28,mem_mib,512,phase_12b_guest_base_mounted,25808
2026-05-13T22:46:19+00:00,minimal,stock,idle,28,mem_mib,512,phase_12b_guest_overlay_disk_mounted,33216
2026-05-13T22:46:19+00:00,minimal,stock,idle,28,mem_mib,512,phase_12b_guest_overlay_dirs_ready,38596
2026-05-13T22:46:19+00:00,minimal,stock,idle,28,mem_mib,512,phase_12b_guest_merged_mountpoint_ready,41500
2026-05-13T22:46:19+00:00,minimal,stock,idle,28,mem_mib,512,phase_12b_guest_overlayfs_mounted,44858
2026-05-13T22:46:19+00:00,minimal,stock,idle,28,mem_mib,512,phase_12b_guest_pseudo_fs_bound_into_merged,48372
2026-05-13T22:46:19+00:00,minimal,stock,idle,28,mem_mib,512,phase_12b_guest_merged_self_bound,51833
2026-05-13T22:46:19+00:00,minimal,stock,idle,28,mem_mib,512,phase_12b_guest_pivot_rootfs_done,53634
2026-05-13T22:46:19+00:00,minimal,stock,idle,28,mem_mib,512,phase_12b_guest_overlay_pivot_complete,55581
2026-05-13T22:46:19+00:00,minimal,stock,idle,28,mem_mib,512,phase_12b_guest_network_configured,57482
2026-05-13T22:46:19+00:00,minimal,stock,idle,28,mem_mib,512,phase_12b_guest_workspace_absent,59564
2026-05-13T22:46:19+00:00,minimal,stock,idle,28,mem_mib,512,phase_12b_guest_pid1_setup_complete,60423
2026-05-13T22:46:19+00:00,minimal,stock,idle,28,mem_mib,512,phase_12b_guest_guestd_starting_log,62078
2026-05-13T22:46:19+00:00,minimal,stock,idle,28,mem_mib,512,phase_12b_guest_exec_listener_bound,63124
2026-05-13T22:46:19+00:00,minimal,stock,idle,28,mem_mib,512,phase_12b_ready_accept,1009825
2026-05-13T22:46:19+00:00,minimal,stock,idle,28,mem_mib,512,exec_send,12
2026-05-13T22:46:19+00:00,minimal,stock,idle,28,mem_mib,512,exec_recv,12016
2026-05-13T22:46:19+00:00,minimal,stock,idle,28,mem_mib,512,stop_bounded,73250
2026-05-13T22:46:19+00:00,minimal,stock,idle,28,mem_mib,512,stop_release,111
2026-05-13T22:46:19+00:00,minimal,stock,idle,28,mem_mib,512,guest_elapsed_process_start,2
2026-05-13T22:46:19+00:00,minimal,stock,idle,28,mem_mib,512,guest_delta_process_start,2
2026-05-13T22:46:19+00:00,minimal,stock,idle,28,mem_mib,512,guest_elapsed_stdio_redirected,1647
2026-05-13T22:46:19+00:00,minimal,stock,idle,28,mem_mib,512,guest_delta_stdio_redirected,1645
2026-05-13T22:46:19+00:00,minimal,stock,idle,28,mem_mib,512,guest_elapsed_panic_hook_installed,3335
2026-05-13T22:46:19+00:00,minimal,stock,idle,28,mem_mib,512,guest_delta_panic_hook_installed,1688
2026-05-13T22:46:19+00:00,minimal,stock,idle,28,mem_mib,512,guest_elapsed_pseudo_fs_mounted,14003
2026-05-13T22:46:19+00:00,minimal,stock,idle,28,mem_mib,512,guest_delta_pseudo_fs_mounted,10667
2026-05-13T22:46:19+00:00,minimal,stock,idle,28,mem_mib,512,guest_elapsed_mount_namespace_private,20308
2026-05-13T22:46:19+00:00,minimal,stock,idle,28,mem_mib,512,guest_delta_mount_namespace_private,6304
2026-05-13T22:46:19+00:00,minimal,stock,idle,28,mem_mib,512,guest_elapsed_base_mounted,25808
2026-05-13T22:46:19+00:00,minimal,stock,idle,28,mem_mib,512,guest_delta_base_mounted,5499
2026-05-13T22:46:19+00:00,minimal,stock,idle,28,mem_mib,512,guest_elapsed_overlay_disk_mounted,33216
2026-05-13T22:46:19+00:00,minimal,stock,idle,28,mem_mib,512,guest_delta_overlay_disk_mounted,7408
2026-05-13T22:46:19+00:00,minimal,stock,idle,28,mem_mib,512,guest_elapsed_overlay_dirs_ready,38596
2026-05-13T22:46:19+00:00,minimal,stock,idle,28,mem_mib,512,guest_delta_overlay_dirs_ready,5379
2026-05-13T22:46:19+00:00,minimal,stock,idle,28,mem_mib,512,guest_elapsed_merged_mountpoint_ready,41500
2026-05-13T22:46:19+00:00,minimal,stock,idle,28,mem_mib,512,guest_delta_merged_mountpoint_ready,2904
2026-05-13T22:46:19+00:00,minimal,stock,idle,28,mem_mib,512,guest_elapsed_overlayfs_mounted,44858
2026-05-13T22:46:19+00:00,minimal,stock,idle,28,mem_mib,512,guest_delta_overlayfs_mounted,3357
2026-05-13T22:46:19+00:00,minimal,stock,idle,28,mem_mib,512,guest_elapsed_pseudo_fs_bound_into_merged,48372
2026-05-13T22:46:19+00:00,minimal,stock,idle,28,mem_mib,512,guest_delta_pseudo_fs_bound_into_merged,3514
2026-05-13T22:46:19+00:00,minimal,stock,idle,28,mem_mib,512,guest_elapsed_merged_self_bound,51833
2026-05-13T22:46:19+00:00,minimal,stock,idle,28,mem_mib,512,guest_delta_merged_self_bound,3461
2026-05-13T22:46:19+00:00,minimal,stock,idle,28,mem_mib,512,guest_elapsed_pivot_rootfs_done,53634
2026-05-13T22:46:19+00:00,minimal,stock,idle,28,mem_mib,512,guest_delta_pivot_rootfs_done,1800
2026-05-13T22:46:19+00:00,minimal,stock,idle,28,mem_mib,512,guest_elapsed_overlay_pivot_complete,55581
2026-05-13T22:46:19+00:00,minimal,stock,idle,28,mem_mib,512,guest_delta_overlay_pivot_complete,1946
2026-05-13T22:46:19+00:00,minimal,stock,idle,28,mem_mib,512,guest_elapsed_network_configured,57482
2026-05-13T22:46:19+00:00,minimal,stock,idle,28,mem_mib,512,guest_delta_network_configured,1900
2026-05-13T22:46:19+00:00,minimal,stock,idle,28,mem_mib,512,guest_elapsed_workspace_absent,59564
2026-05-13T22:46:19+00:00,minimal,stock,idle,28,mem_mib,512,guest_delta_workspace_absent,2081
2026-05-13T22:46:19+00:00,minimal,stock,idle,28,mem_mib,512,guest_elapsed_pid1_setup_complete,60423
2026-05-13T22:46:19+00:00,minimal,stock,idle,28,mem_mib,512,guest_delta_pid1_setup_complete,859
2026-05-13T22:46:19+00:00,minimal,stock,idle,28,mem_mib,512,guest_elapsed_guestd_starting_log,62078
2026-05-13T22:46:19+00:00,minimal,stock,idle,28,mem_mib,512,guest_delta_guestd_starting_log,1655
2026-05-13T22:46:19+00:00,minimal,stock,idle,28,mem_mib,512,guest_elapsed_exec_listener_bound,63124
2026-05-13T22:46:19+00:00,minimal,stock,idle,28,mem_mib,512,guest_delta_exec_listener_bound,1045
2026-05-13T22:46:19+00:00,minimal,stock,idle,28,mem_mib,512,guest_elapsed_ready_signal_sent,65256
2026-05-13T22:46:19+00:00,minimal,stock,idle,28,mem_mib,512,guest_delta_ready_signal_sent,2132
2026-05-13T22:46:20+00:00,minimal,stock,idle,29,mem_mib,512,phase_1_run_root_prep,63
2026-05-13T22:46:20+00:00,minimal,stock,idle,29,mem_mib,512,phase_2_lease,60
2026-05-13T22:46:20+00:00,minimal,stock,idle,29,mem_mib,512,phase_3b_rootfs_prepare,11359
2026-05-13T22:46:20+00:00,minimal,stock,idle,29,mem_mib,512,phase_3_storage_prep,11438
2026-05-13T22:46:20+00:00,minimal,stock,idle,29,mem_mib,512,phase_4_jailer_materialize,683
2026-05-13T22:46:20+00:00,minimal,stock,idle,29,mem_mib,512,phase_5_cgroup_probe,0
2026-05-13T22:46:20+00:00,minimal,stock,idle,29,mem_mib,512,phase_6_network_realize,6
2026-05-13T22:46:20+00:00,minimal,stock,idle,29,mem_mib,512,phase_7_outbound_guest_config,0
2026-05-13T22:46:20+00:00,minimal,stock,idle,29,mem_mib,512,phase_9_jailer_launch,15484
2026-05-13T22:46:20+00:00,minimal,stock,idle,29,mem_mib,512,phase_5b_cgroup_create,18238
2026-05-13T22:46:20+00:00,minimal,stock,idle,29,mem_mib,512,phase_10_open_uds,21
2026-05-13T22:46:20+00:00,minimal,stock,idle,29,mem_mib,512,phase_11_put_machine_config,193
2026-05-13T22:46:20+00:00,minimal,stock,idle,29,mem_mib,512,phase_11_put_boot_source,91
2026-05-13T22:46:20+00:00,minimal,stock,idle,29,mem_mib,512,phase_11_put_drive_rootfs,106
2026-05-13T22:46:20+00:00,minimal,stock,idle,29,mem_mib,512,phase_11_put_drive_rootfs_overlay,179
2026-05-13T22:46:20+00:00,minimal,stock,idle,29,mem_mib,512,phase_11_put_entropy,108
2026-05-13T22:46:20+00:00,minimal,stock,idle,29,mem_mib,512,phase_11_put_vsock,165
2026-05-13T22:46:20+00:00,minimal,stock,idle,29,mem_mib,512,phase_11_rest_puts,1589
2026-05-13T22:46:20+00:00,minimal,stock,idle,29,mem_mib,512,phase_11b_ready_listener_bind,86
2026-05-13T22:46:20+00:00,minimal,stock,idle,29,mem_mib,512,phase_11c_boot_identity_record,97
2026-05-13T22:46:20+00:00,minimal,stock,idle,29,mem_mib,512,phase_12a_instance_start,20198
2026-05-13T22:46:20+00:00,minimal,stock,idle,29,mem_mib,512,phase_12b_host_waiting_accept,1010105
2026-05-13T22:46:20+00:00,minimal,stock,idle,29,mem_mib,512,phase_12b_kernel_console_range,945878
2026-05-13T22:46:20+00:00,minimal,stock,idle,29,mem_mib,512,phase_12b_guest_process_start,2
2026-05-13T22:46:20+00:00,minimal,stock,idle,29,mem_mib,512,phase_12b_guest_stdio_redirected,1641
2026-05-13T22:46:20+00:00,minimal,stock,idle,29,mem_mib,512,phase_12b_guest_panic_hook_installed,3332
2026-05-13T22:46:20+00:00,minimal,stock,idle,29,mem_mib,512,phase_12b_guest_pseudo_fs_mounted,13816
2026-05-13T22:46:20+00:00,minimal,stock,idle,29,mem_mib,512,phase_12b_guest_mount_namespace_private,20120
2026-05-13T22:46:20+00:00,minimal,stock,idle,29,mem_mib,512,phase_12b_guest_base_mounted,25921
2026-05-13T22:46:20+00:00,minimal,stock,idle,29,mem_mib,512,phase_12b_guest_overlay_disk_mounted,33474
2026-05-13T22:46:20+00:00,minimal,stock,idle,29,mem_mib,512,phase_12b_guest_overlay_dirs_ready,38587
2026-05-13T22:46:20+00:00,minimal,stock,idle,29,mem_mib,512,phase_12b_guest_merged_mountpoint_ready,41423
2026-05-13T22:46:20+00:00,minimal,stock,idle,29,mem_mib,512,phase_12b_guest_overlayfs_mounted,44710
2026-05-13T22:46:20+00:00,minimal,stock,idle,29,mem_mib,512,phase_12b_guest_pseudo_fs_bound_into_merged,48189
2026-05-13T22:46:20+00:00,minimal,stock,idle,29,mem_mib,512,phase_12b_guest_merged_self_bound,51594
2026-05-13T22:46:20+00:00,minimal,stock,idle,29,mem_mib,512,phase_12b_guest_pivot_rootfs_done,53363
2026-05-13T22:46:20+00:00,minimal,stock,idle,29,mem_mib,512,phase_12b_guest_overlay_pivot_complete,55281
2026-05-13T22:46:20+00:00,minimal,stock,idle,29,mem_mib,512,phase_12b_guest_network_configured,57160
2026-05-13T22:46:20+00:00,minimal,stock,idle,29,mem_mib,512,phase_12b_guest_workspace_absent,59214
2026-05-13T22:46:20+00:00,minimal,stock,idle,29,mem_mib,512,phase_12b_guest_pid1_setup_complete,60079
2026-05-13T22:46:20+00:00,minimal,stock,idle,29,mem_mib,512,phase_12b_guest_guestd_starting_log,61722
2026-05-13T22:46:20+00:00,minimal,stock,idle,29,mem_mib,512,phase_12b_guest_exec_listener_bound,62738
2026-05-13T22:46:20+00:00,minimal,stock,idle,29,mem_mib,512,phase_12b_ready_accept,1012414
2026-05-13T22:46:20+00:00,minimal,stock,idle,29,mem_mib,512,exec_send,21
2026-05-13T22:46:20+00:00,minimal,stock,idle,29,mem_mib,512,exec_recv,11976
2026-05-13T22:46:20+00:00,minimal,stock,idle,29,mem_mib,512,stop_bounded,76513
2026-05-13T22:46:20+00:00,minimal,stock,idle,29,mem_mib,512,stop_release,110
2026-05-13T22:46:20+00:00,minimal,stock,idle,29,mem_mib,512,guest_elapsed_process_start,2
2026-05-13T22:46:20+00:00,minimal,stock,idle,29,mem_mib,512,guest_delta_process_start,2
2026-05-13T22:46:20+00:00,minimal,stock,idle,29,mem_mib,512,guest_elapsed_stdio_redirected,1641
2026-05-13T22:46:20+00:00,minimal,stock,idle,29,mem_mib,512,guest_delta_stdio_redirected,1638
2026-05-13T22:46:20+00:00,minimal,stock,idle,29,mem_mib,512,guest_elapsed_panic_hook_installed,3332
2026-05-13T22:46:20+00:00,minimal,stock,idle,29,mem_mib,512,guest_delta_panic_hook_installed,1691
2026-05-13T22:46:20+00:00,minimal,stock,idle,29,mem_mib,512,guest_elapsed_pseudo_fs_mounted,13816
2026-05-13T22:46:20+00:00,minimal,stock,idle,29,mem_mib,512,guest_delta_pseudo_fs_mounted,10484
2026-05-13T22:46:20+00:00,minimal,stock,idle,29,mem_mib,512,guest_elapsed_mount_namespace_private,20120
2026-05-13T22:46:20+00:00,minimal,stock,idle,29,mem_mib,512,guest_delta_mount_namespace_private,6303
2026-05-13T22:46:20+00:00,minimal,stock,idle,29,mem_mib,512,guest_elapsed_base_mounted,25921
2026-05-13T22:46:20+00:00,minimal,stock,idle,29,mem_mib,512,guest_delta_base_mounted,5801
2026-05-13T22:46:20+00:00,minimal,stock,idle,29,mem_mib,512,guest_elapsed_overlay_disk_mounted,33474
2026-05-13T22:46:20+00:00,minimal,stock,idle,29,mem_mib,512,guest_delta_overlay_disk_mounted,7552
2026-05-13T22:46:20+00:00,minimal,stock,idle,29,mem_mib,512,guest_elapsed_overlay_dirs_ready,38587
2026-05-13T22:46:20+00:00,minimal,stock,idle,29,mem_mib,512,guest_delta_overlay_dirs_ready,5112
2026-05-13T22:46:20+00:00,minimal,stock,idle,29,mem_mib,512,guest_elapsed_merged_mountpoint_ready,41423
2026-05-13T22:46:20+00:00,minimal,stock,idle,29,mem_mib,512,guest_delta_merged_mountpoint_ready,2836
2026-05-13T22:46:20+00:00,minimal,stock,idle,29,mem_mib,512,guest_elapsed_overlayfs_mounted,44710
2026-05-13T22:46:20+00:00,minimal,stock,idle,29,mem_mib,512,guest_delta_overlayfs_mounted,3286
2026-05-13T22:46:20+00:00,minimal,stock,idle,29,mem_mib,512,guest_elapsed_pseudo_fs_bound_into_merged,48189
2026-05-13T22:46:20+00:00,minimal,stock,idle,29,mem_mib,512,guest_delta_pseudo_fs_bound_into_merged,3479
2026-05-13T22:46:20+00:00,minimal,stock,idle,29,mem_mib,512,guest_elapsed_merged_self_bound,51594
2026-05-13T22:46:20+00:00,minimal,stock,idle,29,mem_mib,512,guest_delta_merged_self_bound,3405
2026-05-13T22:46:20+00:00,minimal,stock,idle,29,mem_mib,512,guest_elapsed_pivot_rootfs_done,53363
2026-05-13T22:46:20+00:00,minimal,stock,idle,29,mem_mib,512,guest_delta_pivot_rootfs_done,1769
2026-05-13T22:46:20+00:00,minimal,stock,idle,29,mem_mib,512,guest_elapsed_overlay_pivot_complete,55281
2026-05-13T22:46:20+00:00,minimal,stock,idle,29,mem_mib,512,guest_delta_overlay_pivot_complete,1917
2026-05-13T22:46:20+00:00,minimal,stock,idle,29,mem_mib,512,guest_elapsed_network_configured,57160
2026-05-13T22:46:20+00:00,minimal,stock,idle,29,mem_mib,512,guest_delta_network_configured,1879
2026-05-13T22:46:20+00:00,minimal,stock,idle,29,mem_mib,512,guest_elapsed_workspace_absent,59214
2026-05-13T22:46:20+00:00,minimal,stock,idle,29,mem_mib,512,guest_delta_workspace_absent,2054
2026-05-13T22:46:20+00:00,minimal,stock,idle,29,mem_mib,512,guest_elapsed_pid1_setup_complete,60079
2026-05-13T22:46:20+00:00,minimal,stock,idle,29,mem_mib,512,guest_delta_pid1_setup_complete,864
2026-05-13T22:46:20+00:00,minimal,stock,idle,29,mem_mib,512,guest_elapsed_guestd_starting_log,61722
2026-05-13T22:46:20+00:00,minimal,stock,idle,29,mem_mib,512,guest_delta_guestd_starting_log,1643
2026-05-13T22:46:20+00:00,minimal,stock,idle,29,mem_mib,512,guest_elapsed_exec_listener_bound,62738
2026-05-13T22:46:20+00:00,minimal,stock,idle,29,mem_mib,512,guest_delta_exec_listener_bound,1015
2026-05-13T22:46:20+00:00,minimal,stock,idle,29,mem_mib,512,guest_elapsed_ready_signal_sent,64865
2026-05-13T22:46:20+00:00,minimal,stock,idle,29,mem_mib,512,guest_delta_ready_signal_sent,2127
2026-05-13T22:46:22+00:00,minimal,stock,idle,30,mem_mib,512,phase_1_run_root_prep,658
2026-05-13T22:46:22+00:00,minimal,stock,idle,30,mem_mib,512,phase_2_lease,33
2026-05-13T22:46:22+00:00,minimal,stock,idle,30,mem_mib,512,phase_3b_rootfs_prepare,12870
2026-05-13T22:46:22+00:00,minimal,stock,idle,30,mem_mib,512,phase_3_storage_prep,12927
2026-05-13T22:46:22+00:00,minimal,stock,idle,30,mem_mib,512,phase_4_jailer_materialize,1286
2026-05-13T22:46:22+00:00,minimal,stock,idle,30,mem_mib,512,phase_5_cgroup_probe,0
2026-05-13T22:46:22+00:00,minimal,stock,idle,30,mem_mib,512,phase_6_network_realize,0
2026-05-13T22:46:22+00:00,minimal,stock,idle,30,mem_mib,512,phase_7_outbound_guest_config,0
2026-05-13T22:46:22+00:00,minimal,stock,idle,30,mem_mib,512,phase_9_jailer_launch,15547
2026-05-13T22:46:22+00:00,minimal,stock,idle,30,mem_mib,512,phase_5b_cgroup_create,26180
2026-05-13T22:46:22+00:00,minimal,stock,idle,30,mem_mib,512,phase_10_open_uds,30
2026-05-13T22:46:22+00:00,minimal,stock,idle,30,mem_mib,512,phase_11_put_machine_config,233
2026-05-13T22:46:22+00:00,minimal,stock,idle,30,mem_mib,512,phase_11_put_boot_source,101
2026-05-13T22:46:22+00:00,minimal,stock,idle,30,mem_mib,512,phase_11_put_drive_rootfs,109
2026-05-13T22:46:22+00:00,minimal,stock,idle,30,mem_mib,512,phase_11_put_drive_rootfs_overlay,209
2026-05-13T22:46:22+00:00,minimal,stock,idle,30,mem_mib,512,phase_11_put_entropy,105
2026-05-13T22:46:22+00:00,minimal,stock,idle,30,mem_mib,512,phase_11_put_vsock,163
2026-05-13T22:46:22+00:00,minimal,stock,idle,30,mem_mib,512,phase_11_rest_puts,1588
2026-05-13T22:46:22+00:00,minimal,stock,idle,30,mem_mib,512,phase_11b_ready_listener_bind,97
2026-05-13T22:46:22+00:00,minimal,stock,idle,30,mem_mib,512,phase_11c_boot_identity_record,111
2026-05-13T22:46:22+00:00,minimal,stock,idle,30,mem_mib,512,phase_12a_instance_start,14239
2026-05-13T22:46:22+00:00,minimal,stock,idle,30,mem_mib,512,phase_12b_host_waiting_accept,1011640
2026-05-13T22:46:22+00:00,minimal,stock,idle,30,mem_mib,512,phase_12b_kernel_console_range,945478
2026-05-13T22:46:22+00:00,minimal,stock,idle,30,mem_mib,512,phase_12b_guest_process_start,2
2026-05-13T22:46:22+00:00,minimal,stock,idle,30,mem_mib,512,phase_12b_guest_stdio_redirected,1646
2026-05-13T22:46:22+00:00,minimal,stock,idle,30,mem_mib,512,phase_12b_guest_panic_hook_installed,3337
2026-05-13T22:46:22+00:00,minimal,stock,idle,30,mem_mib,512,phase_12b_guest_pseudo_fs_mounted,13772
2026-05-13T22:46:22+00:00,minimal,stock,idle,30,mem_mib,512,phase_12b_guest_mount_namespace_private,20062
2026-05-13T22:46:22+00:00,minimal,stock,idle,30,mem_mib,512,phase_12b_guest_base_mounted,26145
2026-05-13T22:46:22+00:00,minimal,stock,idle,30,mem_mib,512,phase_12b_guest_overlay_disk_mounted,33458
2026-05-13T22:46:22+00:00,minimal,stock,idle,30,mem_mib,512,phase_12b_guest_overlay_dirs_ready,39025
2026-05-13T22:46:22+00:00,minimal,stock,idle,30,mem_mib,512,phase_12b_guest_merged_mountpoint_ready,41860
2026-05-13T22:46:22+00:00,minimal,stock,idle,30,mem_mib,512,phase_12b_guest_overlayfs_mounted,45132
2026-05-13T22:46:22+00:00,minimal,stock,idle,30,mem_mib,512,phase_12b_guest_pseudo_fs_bound_into_merged,48581
2026-05-13T22:46:22+00:00,minimal,stock,idle,30,mem_mib,512,phase_12b_guest_merged_self_bound,51961
2026-05-13T22:46:22+00:00,minimal,stock,idle,30,mem_mib,512,phase_12b_guest_pivot_rootfs_done,53719
2026-05-13T22:46:22+00:00,minimal,stock,idle,30,mem_mib,512,phase_12b_guest_overlay_pivot_complete,55626
2026-05-13T22:46:22+00:00,minimal,stock,idle,30,mem_mib,512,phase_12b_guest_network_configured,57493
2026-05-13T22:46:22+00:00,minimal,stock,idle,30,mem_mib,512,phase_12b_guest_workspace_absent,59559
2026-05-13T22:46:22+00:00,minimal,stock,idle,30,mem_mib,512,phase_12b_guest_pid1_setup_complete,60408
2026-05-13T22:46:22+00:00,minimal,stock,idle,30,mem_mib,512,phase_12b_guest_guestd_starting_log,62056
2026-05-13T22:46:22+00:00,minimal,stock,idle,30,mem_mib,512,phase_12b_guest_exec_listener_bound,63063
2026-05-13T22:46:22+00:00,minimal,stock,idle,30,mem_mib,512,phase_12b_ready_accept,1013942
2026-05-13T22:46:22+00:00,minimal,stock,idle,30,mem_mib,512,exec_send,22
2026-05-13T22:46:22+00:00,minimal,stock,idle,30,mem_mib,512,exec_recv,11993
2026-05-13T22:46:22+00:00,minimal,stock,idle,30,mem_mib,512,stop_bounded,74908
2026-05-13T22:46:22+00:00,minimal,stock,idle,30,mem_mib,512,stop_release,116
2026-05-13T22:46:22+00:00,minimal,stock,idle,30,mem_mib,512,guest_elapsed_process_start,2
2026-05-13T22:46:22+00:00,minimal,stock,idle,30,mem_mib,512,guest_delta_process_start,2
2026-05-13T22:46:22+00:00,minimal,stock,idle,30,mem_mib,512,guest_elapsed_stdio_redirected,1646
2026-05-13T22:46:22+00:00,minimal,stock,idle,30,mem_mib,512,guest_delta_stdio_redirected,1643
2026-05-13T22:46:22+00:00,minimal,stock,idle,30,mem_mib,512,guest_elapsed_panic_hook_installed,3337
2026-05-13T22:46:22+00:00,minimal,stock,idle,30,mem_mib,512,guest_delta_panic_hook_installed,1691
2026-05-13T22:46:22+00:00,minimal,stock,idle,30,mem_mib,512,guest_elapsed_pseudo_fs_mounted,13772
2026-05-13T22:46:22+00:00,minimal,stock,idle,30,mem_mib,512,guest_delta_pseudo_fs_mounted,10434
2026-05-13T22:46:22+00:00,minimal,stock,idle,30,mem_mib,512,guest_elapsed_mount_namespace_private,20062
2026-05-13T22:46:22+00:00,minimal,stock,idle,30,mem_mib,512,guest_delta_mount_namespace_private,6290
2026-05-13T22:46:22+00:00,minimal,stock,idle,30,mem_mib,512,guest_elapsed_base_mounted,26145
2026-05-13T22:46:22+00:00,minimal,stock,idle,30,mem_mib,512,guest_delta_base_mounted,6083
2026-05-13T22:46:22+00:00,minimal,stock,idle,30,mem_mib,512,guest_elapsed_overlay_disk_mounted,33458
2026-05-13T22:46:22+00:00,minimal,stock,idle,30,mem_mib,512,guest_delta_overlay_disk_mounted,7312
2026-05-13T22:46:22+00:00,minimal,stock,idle,30,mem_mib,512,guest_elapsed_overlay_dirs_ready,39025
2026-05-13T22:46:22+00:00,minimal,stock,idle,30,mem_mib,512,guest_delta_overlay_dirs_ready,5566
2026-05-13T22:46:22+00:00,minimal,stock,idle,30,mem_mib,512,guest_elapsed_merged_mountpoint_ready,41860
2026-05-13T22:46:22+00:00,minimal,stock,idle,30,mem_mib,512,guest_delta_merged_mountpoint_ready,2835
2026-05-13T22:46:22+00:00,minimal,stock,idle,30,mem_mib,512,guest_elapsed_overlayfs_mounted,45132
2026-05-13T22:46:22+00:00,minimal,stock,idle,30,mem_mib,512,guest_delta_overlayfs_mounted,3271
2026-05-13T22:46:22+00:00,minimal,stock,idle,30,mem_mib,512,guest_elapsed_pseudo_fs_bound_into_merged,48581
2026-05-13T22:46:22+00:00,minimal,stock,idle,30,mem_mib,512,guest_delta_pseudo_fs_bound_into_merged,3449
2026-05-13T22:46:22+00:00,minimal,stock,idle,30,mem_mib,512,guest_elapsed_merged_self_bound,51961
2026-05-13T22:46:22+00:00,minimal,stock,idle,30,mem_mib,512,guest_delta_merged_self_bound,3380
2026-05-13T22:46:22+00:00,minimal,stock,idle,30,mem_mib,512,guest_elapsed_pivot_rootfs_done,53719
2026-05-13T22:46:22+00:00,minimal,stock,idle,30,mem_mib,512,guest_delta_pivot_rootfs_done,1757
2026-05-13T22:46:22+00:00,minimal,stock,idle,30,mem_mib,512,guest_elapsed_overlay_pivot_complete,55626
2026-05-13T22:46:22+00:00,minimal,stock,idle,30,mem_mib,512,guest_delta_overlay_pivot_complete,1906
2026-05-13T22:46:22+00:00,minimal,stock,idle,30,mem_mib,512,guest_elapsed_network_configured,57493
2026-05-13T22:46:22+00:00,minimal,stock,idle,30,mem_mib,512,guest_delta_network_configured,1867
2026-05-13T22:46:22+00:00,minimal,stock,idle,30,mem_mib,512,guest_elapsed_workspace_absent,59559
2026-05-13T22:46:22+00:00,minimal,stock,idle,30,mem_mib,512,guest_delta_workspace_absent,2065
2026-05-13T22:46:22+00:00,minimal,stock,idle,30,mem_mib,512,guest_elapsed_pid1_setup_complete,60408
2026-05-13T22:46:22+00:00,minimal,stock,idle,30,mem_mib,512,guest_delta_pid1_setup_complete,848
2026-05-13T22:46:22+00:00,minimal,stock,idle,30,mem_mib,512,guest_elapsed_guestd_starting_log,62056
2026-05-13T22:46:22+00:00,minimal,stock,idle,30,mem_mib,512,guest_delta_guestd_starting_log,1648
2026-05-13T22:46:22+00:00,minimal,stock,idle,30,mem_mib,512,guest_elapsed_exec_listener_bound,63063
2026-05-13T22:46:22+00:00,minimal,stock,idle,30,mem_mib,512,guest_delta_exec_listener_bound,1006
2026-05-13T22:46:22+00:00,minimal,stock,idle,30,mem_mib,512,guest_elapsed_ready_signal_sent,65176
2026-05-13T22:46:22+00:00,minimal,stock,idle,30,mem_mib,512,guest_delta_ready_signal_sent,2112
2026-05-13T22:46:23+00:00,minimal,stock,idle,31,mem_mib,512,phase_1_run_root_prep,44
2026-05-13T22:46:23+00:00,minimal,stock,idle,31,mem_mib,512,phase_2_lease,35
2026-05-13T22:46:23+00:00,minimal,stock,idle,31,mem_mib,512,phase_3b_rootfs_prepare,11513
2026-05-13T22:46:23+00:00,minimal,stock,idle,31,mem_mib,512,phase_3_storage_prep,11570
2026-05-13T22:46:23+00:00,minimal,stock,idle,31,mem_mib,512,phase_4_jailer_materialize,4192
2026-05-13T22:46:23+00:00,minimal,stock,idle,31,mem_mib,512,phase_5_cgroup_probe,0
2026-05-13T22:46:23+00:00,minimal,stock,idle,31,mem_mib,512,phase_6_network_realize,6
2026-05-13T22:46:23+00:00,minimal,stock,idle,31,mem_mib,512,phase_7_outbound_guest_config,0
2026-05-13T22:46:23+00:00,minimal,stock,idle,31,mem_mib,512,phase_9_jailer_launch,15504
2026-05-13T22:46:23+00:00,minimal,stock,idle,31,mem_mib,512,phase_5b_cgroup_create,23143
2026-05-13T22:46:23+00:00,minimal,stock,idle,31,mem_mib,512,phase_10_open_uds,22
2026-05-13T22:46:23+00:00,minimal,stock,idle,31,mem_mib,512,phase_11_put_machine_config,200
2026-05-13T22:46:23+00:00,minimal,stock,idle,31,mem_mib,512,phase_11_put_boot_source,80
2026-05-13T22:46:23+00:00,minimal,stock,idle,31,mem_mib,512,phase_11_put_drive_rootfs,89
2026-05-13T22:46:23+00:00,minimal,stock,idle,31,mem_mib,512,phase_11_put_drive_rootfs_overlay,169
2026-05-13T22:46:23+00:00,minimal,stock,idle,31,mem_mib,512,phase_11_put_entropy,86
2026-05-13T22:46:23+00:00,minimal,stock,idle,31,mem_mib,512,phase_11_put_vsock,129
2026-05-13T22:46:23+00:00,minimal,stock,idle,31,mem_mib,512,phase_11_rest_puts,1077
2026-05-13T22:46:23+00:00,minimal,stock,idle,31,mem_mib,512,phase_11b_ready_listener_bind,33
2026-05-13T22:46:23+00:00,minimal,stock,idle,31,mem_mib,512,phase_11c_boot_identity_record,36
2026-05-13T22:46:23+00:00,minimal,stock,idle,31,mem_mib,512,phase_12a_instance_start,19631
2026-05-13T22:46:23+00:00,minimal,stock,idle,31,mem_mib,512,phase_12b_host_waiting_accept,1013461
2026-05-13T22:46:23+00:00,minimal,stock,idle,31,mem_mib,512,phase_12b_kernel_console_range,950587
2026-05-13T22:46:23+00:00,minimal,stock,idle,31,mem_mib,512,phase_12b_guest_process_start,2
2026-05-13T22:46:23+00:00,minimal,stock,idle,31,mem_mib,512,phase_12b_guest_stdio_redirected,1644
2026-05-13T22:46:23+00:00,minimal,stock,idle,31,mem_mib,512,phase_12b_guest_panic_hook_installed,3308
2026-05-13T22:46:23+00:00,minimal,stock,idle,31,mem_mib,512,phase_12b_guest_pseudo_fs_mounted,13761
2026-05-13T22:46:23+00:00,minimal,stock,idle,31,mem_mib,512,phase_12b_guest_mount_namespace_private,20040
2026-05-13T22:46:23+00:00,minimal,stock,idle,31,mem_mib,512,phase_12b_guest_base_mounted,25949
2026-05-13T22:46:23+00:00,minimal,stock,idle,31,mem_mib,512,phase_12b_guest_overlay_disk_mounted,33184
2026-05-13T22:46:23+00:00,minimal,stock,idle,31,mem_mib,512,phase_12b_guest_overlay_dirs_ready,38772
2026-05-13T22:46:23+00:00,minimal,stock,idle,31,mem_mib,512,phase_12b_guest_merged_mountpoint_ready,43223
2026-05-13T22:46:23+00:00,minimal,stock,idle,31,mem_mib,512,phase_12b_guest_overlayfs_mounted,48370
2026-05-13T22:46:23+00:00,minimal,stock,idle,31,mem_mib,512,phase_12b_guest_pseudo_fs_bound_into_merged,53093
2026-05-13T22:46:23+00:00,minimal,stock,idle,31,mem_mib,512,phase_12b_guest_merged_self_bound,56529
2026-05-13T22:46:23+00:00,minimal,stock,idle,31,mem_mib,512,phase_12b_guest_pivot_rootfs_done,58327
2026-05-13T22:46:23+00:00,minimal,stock,idle,31,mem_mib,512,phase_12b_guest_overlay_pivot_complete,60271
2026-05-13T22:46:23+00:00,minimal,stock,idle,31,mem_mib,512,phase_12b_guest_network_configured,62171
2026-05-13T22:46:23+00:00,minimal,stock,idle,31,mem_mib,512,phase_12b_guest_workspace_absent,64252
2026-05-13T22:46:23+00:00,minimal,stock,idle,31,mem_mib,512,phase_12b_guest_pid1_setup_complete,65119
2026-05-13T22:46:23+00:00,minimal,stock,idle,31,mem_mib,512,phase_12b_guest_guestd_starting_log,66787
2026-05-13T22:46:23+00:00,minimal,stock,idle,31,mem_mib,512,phase_12b_guest_exec_listener_bound,67828
2026-05-13T22:46:23+00:00,minimal,stock,idle,31,mem_mib,512,phase_12b_ready_accept,1014801
2026-05-13T22:46:23+00:00,minimal,stock,idle,31,mem_mib,512,exec_send,12
2026-05-13T22:46:23+00:00,minimal,stock,idle,31,mem_mib,512,exec_recv,11950
2026-05-13T22:46:23+00:00,minimal,stock,idle,31,mem_mib,512,stop_bounded,63035
2026-05-13T22:46:23+00:00,minimal,stock,idle,31,mem_mib,512,stop_release,114
2026-05-13T22:46:23+00:00,minimal,stock,idle,31,mem_mib,512,guest_elapsed_process_start,2
2026-05-13T22:46:23+00:00,minimal,stock,idle,31,mem_mib,512,guest_delta_process_start,2
2026-05-13T22:46:23+00:00,minimal,stock,idle,31,mem_mib,512,guest_elapsed_stdio_redirected,1644
2026-05-13T22:46:23+00:00,minimal,stock,idle,31,mem_mib,512,guest_delta_stdio_redirected,1641
2026-05-13T22:46:23+00:00,minimal,stock,idle,31,mem_mib,512,guest_elapsed_panic_hook_installed,3308
2026-05-13T22:46:23+00:00,minimal,stock,idle,31,mem_mib,512,guest_delta_panic_hook_installed,1664
2026-05-13T22:46:23+00:00,minimal,stock,idle,31,mem_mib,512,guest_elapsed_pseudo_fs_mounted,13761
2026-05-13T22:46:23+00:00,minimal,stock,idle,31,mem_mib,512,guest_delta_pseudo_fs_mounted,10452
2026-05-13T22:46:23+00:00,minimal,stock,idle,31,mem_mib,512,guest_elapsed_mount_namespace_private,20040
2026-05-13T22:46:23+00:00,minimal,stock,idle,31,mem_mib,512,guest_delta_mount_namespace_private,6279
2026-05-13T22:46:23+00:00,minimal,stock,idle,31,mem_mib,512,guest_elapsed_base_mounted,25949
2026-05-13T22:46:23+00:00,minimal,stock,idle,31,mem_mib,512,guest_delta_base_mounted,5908
2026-05-13T22:46:23+00:00,minimal,stock,idle,31,mem_mib,512,guest_elapsed_overlay_disk_mounted,33184
2026-05-13T22:46:23+00:00,minimal,stock,idle,31,mem_mib,512,guest_delta_overlay_disk_mounted,7235
2026-05-13T22:46:23+00:00,minimal,stock,idle,31,mem_mib,512,guest_elapsed_overlay_dirs_ready,38772
2026-05-13T22:46:23+00:00,minimal,stock,idle,31,mem_mib,512,guest_delta_overlay_dirs_ready,5588
2026-05-13T22:46:23+00:00,minimal,stock,idle,31,mem_mib,512,guest_elapsed_merged_mountpoint_ready,43223
2026-05-13T22:46:23+00:00,minimal,stock,idle,31,mem_mib,512,guest_delta_merged_mountpoint_ready,4451
2026-05-13T22:46:23+00:00,minimal,stock,idle,31,mem_mib,512,guest_elapsed_overlayfs_mounted,48370
2026-05-13T22:46:23+00:00,minimal,stock,idle,31,mem_mib,512,guest_delta_overlayfs_mounted,5147
2026-05-13T22:46:23+00:00,minimal,stock,idle,31,mem_mib,512,guest_elapsed_pseudo_fs_bound_into_merged,53093
2026-05-13T22:46:23+00:00,minimal,stock,idle,31,mem_mib,512,guest_delta_pseudo_fs_bound_into_merged,4723
2026-05-13T22:46:23+00:00,minimal,stock,idle,31,mem_mib,512,guest_elapsed_merged_self_bound,56529
2026-05-13T22:46:23+00:00,minimal,stock,idle,31,mem_mib,512,guest_delta_merged_self_bound,3435
2026-05-13T22:46:23+00:00,minimal,stock,idle,31,mem_mib,512,guest_elapsed_pivot_rootfs_done,58327
2026-05-13T22:46:23+00:00,minimal,stock,idle,31,mem_mib,512,guest_delta_pivot_rootfs_done,1797
2026-05-13T22:46:23+00:00,minimal,stock,idle,31,mem_mib,512,guest_elapsed_overlay_pivot_complete,60271
2026-05-13T22:46:23+00:00,minimal,stock,idle,31,mem_mib,512,guest_delta_overlay_pivot_complete,1944
2026-05-13T22:46:23+00:00,minimal,stock,idle,31,mem_mib,512,guest_elapsed_network_configured,62171
2026-05-13T22:46:23+00:00,minimal,stock,idle,31,mem_mib,512,guest_delta_network_configured,1900
2026-05-13T22:46:23+00:00,minimal,stock,idle,31,mem_mib,512,guest_elapsed_workspace_absent,64252
2026-05-13T22:46:23+00:00,minimal,stock,idle,31,mem_mib,512,guest_delta_workspace_absent,2080
2026-05-13T22:46:23+00:00,minimal,stock,idle,31,mem_mib,512,guest_elapsed_pid1_setup_complete,65119
2026-05-13T22:46:23+00:00,minimal,stock,idle,31,mem_mib,512,guest_delta_pid1_setup_complete,866
2026-05-13T22:46:23+00:00,minimal,stock,idle,31,mem_mib,512,guest_elapsed_guestd_starting_log,66787
2026-05-13T22:46:23+00:00,minimal,stock,idle,31,mem_mib,512,guest_delta_guestd_starting_log,1667
2026-05-13T22:46:23+00:00,minimal,stock,idle,31,mem_mib,512,guest_elapsed_exec_listener_bound,67828
2026-05-13T22:46:23+00:00,minimal,stock,idle,31,mem_mib,512,guest_delta_exec_listener_bound,1041
2026-05-13T22:46:23+00:00,minimal,stock,idle,31,mem_mib,512,guest_elapsed_ready_signal_sent,69951
2026-05-13T22:46:23+00:00,minimal,stock,idle,31,mem_mib,512,guest_delta_ready_signal_sent,2122
2026-05-13T22:46:24+00:00,minimal,stock,idle,32,mem_mib,512,phase_1_run_root_prep,41
2026-05-13T22:46:24+00:00,minimal,stock,idle,32,mem_mib,512,phase_2_lease,33
2026-05-13T22:46:24+00:00,minimal,stock,idle,32,mem_mib,512,phase_3b_rootfs_prepare,11397
2026-05-13T22:46:24+00:00,minimal,stock,idle,32,mem_mib,512,phase_3_storage_prep,11473
2026-05-13T22:46:24+00:00,minimal,stock,idle,32,mem_mib,512,phase_4_jailer_materialize,1078
2026-05-13T22:46:24+00:00,minimal,stock,idle,32,mem_mib,512,phase_5_cgroup_probe,0
2026-05-13T22:46:24+00:00,minimal,stock,idle,32,mem_mib,512,phase_6_network_realize,0
2026-05-13T22:46:24+00:00,minimal,stock,idle,32,mem_mib,512,phase_7_outbound_guest_config,0
2026-05-13T22:46:24+00:00,minimal,stock,idle,32,mem_mib,512,phase_9_jailer_launch,15573
2026-05-13T22:46:24+00:00,minimal,stock,idle,32,mem_mib,512,phase_5b_cgroup_create,18255
2026-05-13T22:46:24+00:00,minimal,stock,idle,32,mem_mib,512,phase_10_open_uds,25
2026-05-13T22:46:24+00:00,minimal,stock,idle,32,mem_mib,512,phase_11_put_machine_config,176
2026-05-13T22:46:24+00:00,minimal,stock,idle,32,mem_mib,512,phase_11_put_boot_source,89
2026-05-13T22:46:24+00:00,minimal,stock,idle,32,mem_mib,512,phase_11_put_drive_rootfs,92
2026-05-13T22:46:24+00:00,minimal,stock,idle,32,mem_mib,512,phase_11_put_drive_rootfs_overlay,167
2026-05-13T22:46:24+00:00,minimal,stock,idle,32,mem_mib,512,phase_11_put_entropy,85
2026-05-13T22:46:24+00:00,minimal,stock,idle,32,mem_mib,512,phase_11_put_vsock,144
2026-05-13T22:46:24+00:00,minimal,stock,idle,32,mem_mib,512,phase_11_rest_puts,1439
2026-05-13T22:46:24+00:00,minimal,stock,idle,32,mem_mib,512,phase_11b_ready_listener_bind,83
2026-05-13T22:46:24+00:00,minimal,stock,idle,32,mem_mib,512,phase_11c_boot_identity_record,109
2026-05-13T22:46:24+00:00,minimal,stock,idle,32,mem_mib,512,phase_12a_instance_start,20351
2026-05-13T22:46:24+00:00,minimal,stock,idle,32,mem_mib,512,phase_12b_host_waiting_accept,1008632
2026-05-13T22:46:24+00:00,minimal,stock,idle,32,mem_mib,512,phase_12b_kernel_console_range,944698
2026-05-13T22:46:24+00:00,minimal,stock,idle,32,mem_mib,512,phase_12b_guest_process_start,2
2026-05-13T22:46:24+00:00,minimal,stock,idle,32,mem_mib,512,phase_12b_guest_stdio_redirected,1639
2026-05-13T22:46:24+00:00,minimal,stock,idle,32,mem_mib,512,phase_12b_guest_panic_hook_installed,3330
2026-05-13T22:46:24+00:00,minimal,stock,idle,32,mem_mib,512,phase_12b_guest_mount_namespace_private,19739
2026-05-13T22:46:24+00:00,minimal,stock,idle,32,mem_mib,512,phase_12b_guest_base_mounted,25181
2026-05-13T22:46:24+00:00,minimal,stock,idle,32,mem_mib,512,phase_12b_guest_overlay_disk_mounted,32541
2026-05-13T22:46:24+00:00,minimal,stock,idle,32,mem_mib,512,phase_12b_guest_overlay_dirs_ready,37600
2026-05-13T22:46:24+00:00,minimal,stock,idle,32,mem_mib,512,phase_12b_guest_merged_mountpoint_ready,40442
2026-05-13T22:46:24+00:00,minimal,stock,idle,32,mem_mib,512,phase_12b_guest_overlayfs_mounted,43732
2026-05-13T22:46:24+00:00,minimal,stock,idle,32,mem_mib,512,phase_12b_guest_pseudo_fs_bound_into_merged,47211
2026-05-13T22:46:24+00:00,minimal,stock,idle,32,mem_mib,512,phase_12b_guest_merged_self_bound,50585
2026-05-13T22:46:24+00:00,minimal,stock,idle,32,mem_mib,512,phase_12b_guest_pivot_rootfs_done,52370
2026-05-13T22:46:24+00:00,minimal,stock,idle,32,mem_mib,512,phase_12b_guest_overlay_pivot_complete,54288
2026-05-13T22:46:24+00:00,minimal,stock,idle,32,mem_mib,512,phase_12b_guest_network_configured,56196
2026-05-13T22:46:24+00:00,minimal,stock,idle,32,mem_mib,512,phase_12b_guest_workspace_absent,58244
2026-05-13T22:46:24+00:00,minimal,stock,idle,32,mem_mib,512,phase_12b_guest_pid1_setup_complete,59115
2026-05-13T22:46:24+00:00,minimal,stock,idle,32,mem_mib,512,phase_12b_guest_guestd_starting_log,60761
2026-05-13T22:46:24+00:00,minimal,stock,idle,32,mem_mib,512,phase_12b_guest_exec_listener_bound,61793
2026-05-13T22:46:24+00:00,minimal,stock,idle,32,mem_mib,512,phase_12b_ready_accept,1010814
2026-05-13T22:46:24+00:00,minimal,stock,idle,32,mem_mib,512,exec_send,18
2026-05-13T22:46:24+00:00,minimal,stock,idle,32,mem_mib,512,exec_recv,11992
2026-05-13T22:46:24+00:00,minimal,stock,idle,32,mem_mib,512,stop_bounded,70742
2026-05-13T22:46:24+00:00,minimal,stock,idle,32,mem_mib,512,stop_release,112
2026-05-13T22:46:24+00:00,minimal,stock,idle,32,mem_mib,512,guest_elapsed_process_start,2
2026-05-13T22:46:24+00:00,minimal,stock,idle,32,mem_mib,512,guest_delta_process_start,2
2026-05-13T22:46:24+00:00,minimal,stock,idle,32,mem_mib,512,guest_elapsed_stdio_redirected,1639
2026-05-13T22:46:24+00:00,minimal,stock,idle,32,mem_mib,512,guest_delta_stdio_redirected,1636
2026-05-13T22:46:24+00:00,minimal,stock,idle,32,mem_mib,512,guest_elapsed_panic_hook_installed,3330
2026-05-13T22:46:24+00:00,minimal,stock,idle,32,mem_mib,512,guest_delta_panic_hook_installed,1690
2026-05-13T22:46:24+00:00,minimal,stock,idle,32,mem_mib,512,guest_elapsed_mount_namespace_private,19739
2026-05-13T22:46:24+00:00,minimal,stock,idle,32,mem_mib,512,guest_delta_mount_namespace_private,5898
2026-05-13T22:46:24+00:00,minimal,stock,idle,32,mem_mib,512,guest_elapsed_base_mounted,25181
2026-05-13T22:46:24+00:00,minimal,stock,idle,32,mem_mib,512,guest_delta_base_mounted,5441
2026-05-13T22:46:24+00:00,minimal,stock,idle,32,mem_mib,512,guest_elapsed_overlay_disk_mounted,32541
2026-05-13T22:46:24+00:00,minimal,stock,idle,32,mem_mib,512,guest_delta_overlay_disk_mounted,7360
2026-05-13T22:46:24+00:00,minimal,stock,idle,32,mem_mib,512,guest_elapsed_overlay_dirs_ready,37600
2026-05-13T22:46:24+00:00,minimal,stock,idle,32,mem_mib,512,guest_delta_overlay_dirs_ready,5058
2026-05-13T22:46:24+00:00,minimal,stock,idle,32,mem_mib,512,guest_elapsed_merged_mountpoint_ready,40442
2026-05-13T22:46:24+00:00,minimal,stock,idle,32,mem_mib,512,guest_delta_merged_mountpoint_ready,2842
2026-05-13T22:46:24+00:00,minimal,stock,idle,32,mem_mib,512,guest_elapsed_overlayfs_mounted,43732
2026-05-13T22:46:24+00:00,minimal,stock,idle,32,mem_mib,512,guest_delta_overlayfs_mounted,3290
2026-05-13T22:46:24+00:00,minimal,stock,idle,32,mem_mib,512,guest_elapsed_pseudo_fs_bound_into_merged,47211
2026-05-13T22:46:24+00:00,minimal,stock,idle,32,mem_mib,512,guest_delta_pseudo_fs_bound_into_merged,3479
2026-05-13T22:46:24+00:00,minimal,stock,idle,32,mem_mib,512,guest_elapsed_merged_self_bound,50585
2026-05-13T22:46:24+00:00,minimal,stock,idle,32,mem_mib,512,guest_delta_merged_self_bound,3373
2026-05-13T22:46:24+00:00,minimal,stock,idle,32,mem_mib,512,guest_elapsed_pivot_rootfs_done,52370
2026-05-13T22:46:24+00:00,minimal,stock,idle,32,mem_mib,512,guest_delta_pivot_rootfs_done,1785
2026-05-13T22:46:24+00:00,minimal,stock,idle,32,mem_mib,512,guest_elapsed_overlay_pivot_complete,54288
2026-05-13T22:46:24+00:00,minimal,stock,idle,32,mem_mib,512,guest_delta_overlay_pivot_complete,1917
2026-05-13T22:46:24+00:00,minimal,stock,idle,32,mem_mib,512,guest_elapsed_network_configured,56196
2026-05-13T22:46:24+00:00,minimal,stock,idle,32,mem_mib,512,guest_delta_network_configured,1908
2026-05-13T22:46:24+00:00,minimal,stock,idle,32,mem_mib,512,guest_elapsed_workspace_absent,58244
2026-05-13T22:46:24+00:00,minimal,stock,idle,32,mem_mib,512,guest_delta_workspace_absent,2047
2026-05-13T22:46:24+00:00,minimal,stock,idle,32,mem_mib,512,guest_elapsed_pid1_setup_complete,59115
2026-05-13T22:46:24+00:00,minimal,stock,idle,32,mem_mib,512,guest_delta_pid1_setup_complete,871
2026-05-13T22:46:24+00:00,minimal,stock,idle,32,mem_mib,512,guest_elapsed_guestd_starting_log,60761
2026-05-13T22:46:24+00:00,minimal,stock,idle,32,mem_mib,512,guest_delta_guestd_starting_log,1645
2026-05-13T22:46:24+00:00,minimal,stock,idle,32,mem_mib,512,guest_elapsed_exec_listener_bound,61793
2026-05-13T22:46:24+00:00,minimal,stock,idle,32,mem_mib,512,guest_delta_exec_listener_bound,1032
2026-05-13T22:46:24+00:00,minimal,stock,idle,32,mem_mib,512,guest_elapsed_ready_signal_sent,63945
2026-05-13T22:46:24+00:00,minimal,stock,idle,32,mem_mib,512,guest_delta_ready_signal_sent,2151
2026-05-13T22:46:29+00:00,minimal,stock,idle,3,mem_mib,1024,phase_1_run_root_prep,62
2026-05-13T22:46:29+00:00,minimal,stock,idle,3,mem_mib,1024,phase_2_lease,32
2026-05-13T22:46:29+00:00,minimal,stock,idle,3,mem_mib,1024,phase_3b_rootfs_prepare,12590
2026-05-13T22:46:29+00:00,minimal,stock,idle,3,mem_mib,1024,phase_3_storage_prep,12657
2026-05-13T22:46:29+00:00,minimal,stock,idle,3,mem_mib,1024,phase_4_jailer_materialize,710
2026-05-13T22:46:29+00:00,minimal,stock,idle,3,mem_mib,1024,phase_5_cgroup_probe,0
2026-05-13T22:46:29+00:00,minimal,stock,idle,3,mem_mib,1024,phase_6_network_realize,5
2026-05-13T22:46:29+00:00,minimal,stock,idle,3,mem_mib,1024,phase_7_outbound_guest_config,0
2026-05-13T22:46:29+00:00,minimal,stock,idle,3,mem_mib,1024,phase_9_jailer_launch,15479
2026-05-13T22:46:29+00:00,minimal,stock,idle,3,mem_mib,1024,phase_5b_cgroup_create,20138
2026-05-13T22:46:29+00:00,minimal,stock,idle,3,mem_mib,1024,phase_10_open_uds,21
2026-05-13T22:46:29+00:00,minimal,stock,idle,3,mem_mib,1024,phase_11_put_machine_config,170
2026-05-13T22:46:29+00:00,minimal,stock,idle,3,mem_mib,1024,phase_11_put_boot_source,84
2026-05-13T22:46:29+00:00,minimal,stock,idle,3,mem_mib,1024,phase_11_put_drive_rootfs,82
2026-05-13T22:46:29+00:00,minimal,stock,idle,3,mem_mib,1024,phase_11_put_drive_rootfs_overlay,162
2026-05-13T22:46:29+00:00,minimal,stock,idle,3,mem_mib,1024,phase_11_put_entropy,82
2026-05-13T22:46:29+00:00,minimal,stock,idle,3,mem_mib,1024,phase_11_put_vsock,144
2026-05-13T22:46:29+00:00,minimal,stock,idle,3,mem_mib,1024,phase_11_rest_puts,1422
2026-05-13T22:46:29+00:00,minimal,stock,idle,3,mem_mib,1024,phase_11b_ready_listener_bind,83
2026-05-13T22:46:29+00:00,minimal,stock,idle,3,mem_mib,1024,phase_11c_boot_identity_record,90
2026-05-13T22:46:29+00:00,minimal,stock,idle,3,mem_mib,1024,phase_12a_instance_start,19057
2026-05-13T22:46:29+00:00,minimal,stock,idle,3,mem_mib,1024,phase_12b_host_waiting_accept,1011489
2026-05-13T22:46:29+00:00,minimal,stock,idle,3,mem_mib,1024,phase_12b_kernel_console_range,946301
2026-05-13T22:46:29+00:00,minimal,stock,idle,3,mem_mib,1024,phase_12b_guest_process_start,2
2026-05-13T22:46:29+00:00,minimal,stock,idle,3,mem_mib,1024,phase_12b_guest_stdio_redirected,1639
2026-05-13T22:46:29+00:00,minimal,stock,idle,3,mem_mib,1024,phase_12b_guest_panic_hook_installed,3330
2026-05-13T22:46:29+00:00,minimal,stock,idle,3,mem_mib,1024,phase_12b_guest_pseudo_fs_mounted,13809
2026-05-13T22:46:29+00:00,minimal,stock,idle,3,mem_mib,1024,phase_12b_guest_mount_namespace_private,20110
2026-05-13T22:46:29+00:00,minimal,stock,idle,3,mem_mib,1024,phase_12b_guest_base_mounted,25735
2026-05-13T22:46:29+00:00,minimal,stock,idle,3,mem_mib,1024,phase_12b_guest_overlay_disk_mounted,33095
2026-05-13T22:46:29+00:00,minimal,stock,idle,3,mem_mib,1024,phase_12b_guest_overlay_dirs_ready,38781
2026-05-13T22:46:29+00:00,minimal,stock,idle,3,mem_mib,1024,phase_12b_guest_merged_mountpoint_ready,41607
2026-05-13T22:46:29+00:00,minimal,stock,idle,3,mem_mib,1024,phase_12b_guest_overlayfs_mounted,44915
2026-05-13T22:46:29+00:00,minimal,stock,idle,3,mem_mib,1024,phase_12b_guest_pseudo_fs_bound_into_merged,48394
2026-05-13T22:46:29+00:00,minimal,stock,idle,3,mem_mib,1024,phase_12b_guest_merged_self_bound,51795
2026-05-13T22:46:29+00:00,minimal,stock,idle,3,mem_mib,1024,phase_12b_guest_pivot_rootfs_done,53574
2026-05-13T22:46:29+00:00,minimal,stock,idle,3,mem_mib,1024,phase_12b_guest_overlay_pivot_complete,55493
2026-05-13T22:46:29+00:00,minimal,stock,idle,3,mem_mib,1024,phase_12b_guest_network_configured,57439
2026-05-13T22:46:29+00:00,minimal,stock,idle,3,mem_mib,1024,phase_12b_guest_workspace_absent,59496
2026-05-13T22:46:29+00:00,minimal,stock,idle,3,mem_mib,1024,phase_12b_guest_pid1_setup_complete,60355
2026-05-13T22:46:29+00:00,minimal,stock,idle,3,mem_mib,1024,phase_12b_guest_guestd_starting_log,62003
2026-05-13T22:46:29+00:00,minimal,stock,idle,3,mem_mib,1024,phase_12b_guest_exec_listener_bound,63065
2026-05-13T22:46:29+00:00,minimal,stock,idle,3,mem_mib,1024,phase_12b_ready_accept,1013866
2026-05-13T22:46:29+00:00,minimal,stock,idle,3,mem_mib,1024,exec_send,19
2026-05-13T22:46:29+00:00,minimal,stock,idle,3,mem_mib,1024,exec_recv,12122
2026-05-13T22:46:29+00:00,minimal,stock,idle,3,mem_mib,1024,stop_bounded,62504
2026-05-13T22:46:29+00:00,minimal,stock,idle,3,mem_mib,1024,stop_release,112
2026-05-13T22:46:29+00:00,minimal,stock,idle,3,mem_mib,1024,guest_elapsed_process_start,2
2026-05-13T22:46:29+00:00,minimal,stock,idle,3,mem_mib,1024,guest_delta_process_start,2
2026-05-13T22:46:29+00:00,minimal,stock,idle,3,mem_mib,1024,guest_elapsed_stdio_redirected,1639
2026-05-13T22:46:29+00:00,minimal,stock,idle,3,mem_mib,1024,guest_delta_stdio_redirected,1636
2026-05-13T22:46:29+00:00,minimal,stock,idle,3,mem_mib,1024,guest_elapsed_panic_hook_installed,3330
2026-05-13T22:46:29+00:00,minimal,stock,idle,3,mem_mib,1024,guest_delta_panic_hook_installed,1691
2026-05-13T22:46:29+00:00,minimal,stock,idle,3,mem_mib,1024,guest_elapsed_pseudo_fs_mounted,13809
2026-05-13T22:46:29+00:00,minimal,stock,idle,3,mem_mib,1024,guest_delta_pseudo_fs_mounted,10478
2026-05-13T22:46:29+00:00,minimal,stock,idle,3,mem_mib,1024,guest_elapsed_mount_namespace_private,20110
2026-05-13T22:46:29+00:00,minimal,stock,idle,3,mem_mib,1024,guest_delta_mount_namespace_private,6301
2026-05-13T22:46:29+00:00,minimal,stock,idle,3,mem_mib,1024,guest_elapsed_base_mounted,25735
2026-05-13T22:46:29+00:00,minimal,stock,idle,3,mem_mib,1024,guest_delta_base_mounted,5624
2026-05-13T22:46:29+00:00,minimal,stock,idle,3,mem_mib,1024,guest_elapsed_overlay_disk_mounted,33095
2026-05-13T22:46:29+00:00,minimal,stock,idle,3,mem_mib,1024,guest_delta_overlay_disk_mounted,7360
2026-05-13T22:46:29+00:00,minimal,stock,idle,3,mem_mib,1024,guest_elapsed_overlay_dirs_ready,38781
2026-05-13T22:46:29+00:00,minimal,stock,idle,3,mem_mib,1024,guest_delta_overlay_dirs_ready,5686
2026-05-13T22:46:29+00:00,minimal,stock,idle,3,mem_mib,1024,guest_elapsed_merged_mountpoint_ready,41607
2026-05-13T22:46:29+00:00,minimal,stock,idle,3,mem_mib,1024,guest_delta_merged_mountpoint_ready,2825
2026-05-13T22:46:29+00:00,minimal,stock,idle,3,mem_mib,1024,guest_elapsed_overlayfs_mounted,44915
2026-05-13T22:46:29+00:00,minimal,stock,idle,3,mem_mib,1024,guest_delta_overlayfs_mounted,3308
2026-05-13T22:46:29+00:00,minimal,stock,idle,3,mem_mib,1024,guest_elapsed_pseudo_fs_bound_into_merged,48394
2026-05-13T22:46:29+00:00,minimal,stock,idle,3,mem_mib,1024,guest_delta_pseudo_fs_bound_into_merged,3479
2026-05-13T22:46:29+00:00,minimal,stock,idle,3,mem_mib,1024,guest_elapsed_merged_self_bound,51795
2026-05-13T22:46:29+00:00,minimal,stock,idle,3,mem_mib,1024,guest_delta_merged_self_bound,3401
2026-05-13T22:46:29+00:00,minimal,stock,idle,3,mem_mib,1024,guest_elapsed_pivot_rootfs_done,53574
2026-05-13T22:46:29+00:00,minimal,stock,idle,3,mem_mib,1024,guest_delta_pivot_rootfs_done,1778
2026-05-13T22:46:29+00:00,minimal,stock,idle,3,mem_mib,1024,guest_elapsed_overlay_pivot_complete,55493
2026-05-13T22:46:29+00:00,minimal,stock,idle,3,mem_mib,1024,guest_delta_overlay_pivot_complete,1919
2026-05-13T22:46:29+00:00,minimal,stock,idle,3,mem_mib,1024,guest_elapsed_network_configured,57439
2026-05-13T22:46:29+00:00,minimal,stock,idle,3,mem_mib,1024,guest_delta_network_configured,1946
2026-05-13T22:46:29+00:00,minimal,stock,idle,3,mem_mib,1024,guest_elapsed_workspace_absent,59496
2026-05-13T22:46:29+00:00,minimal,stock,idle,3,mem_mib,1024,guest_delta_workspace_absent,2056
2026-05-13T22:46:29+00:00,minimal,stock,idle,3,mem_mib,1024,guest_elapsed_pid1_setup_complete,60355
2026-05-13T22:46:29+00:00,minimal,stock,idle,3,mem_mib,1024,guest_delta_pid1_setup_complete,859
2026-05-13T22:46:29+00:00,minimal,stock,idle,3,mem_mib,1024,guest_elapsed_guestd_starting_log,62003
2026-05-13T22:46:29+00:00,minimal,stock,idle,3,mem_mib,1024,guest_delta_guestd_starting_log,1647
2026-05-13T22:46:29+00:00,minimal,stock,idle,3,mem_mib,1024,guest_elapsed_exec_listener_bound,63065
2026-05-13T22:46:29+00:00,minimal,stock,idle,3,mem_mib,1024,guest_delta_exec_listener_bound,1062
2026-05-13T22:46:29+00:00,minimal,stock,idle,3,mem_mib,1024,guest_elapsed_ready_signal_sent,65203
2026-05-13T22:46:29+00:00,minimal,stock,idle,3,mem_mib,1024,guest_delta_ready_signal_sent,2138
2026-05-13T22:46:30+00:00,minimal,stock,idle,4,mem_mib,1024,phase_1_run_root_prep,43
2026-05-13T22:46:30+00:00,minimal,stock,idle,4,mem_mib,1024,phase_2_lease,36
2026-05-13T22:46:30+00:00,minimal,stock,idle,4,mem_mib,1024,phase_3b_rootfs_prepare,10711
2026-05-13T22:46:30+00:00,minimal,stock,idle,4,mem_mib,1024,phase_3_storage_prep,10768
2026-05-13T22:46:30+00:00,minimal,stock,idle,4,mem_mib,1024,phase_4_jailer_materialize,2374
2026-05-13T22:46:30+00:00,minimal,stock,idle,4,mem_mib,1024,phase_5_cgroup_probe,0
2026-05-13T22:46:30+00:00,minimal,stock,idle,4,mem_mib,1024,phase_6_network_realize,0
2026-05-13T22:46:30+00:00,minimal,stock,idle,4,mem_mib,1024,phase_7_outbound_guest_config,0
2026-05-13T22:46:30+00:00,minimal,stock,idle,4,mem_mib,1024,phase_9_jailer_launch,15470
2026-05-13T22:46:30+00:00,minimal,stock,idle,4,mem_mib,1024,phase_5b_cgroup_create,21585
2026-05-13T22:46:30+00:00,minimal,stock,idle,4,mem_mib,1024,phase_10_open_uds,29
2026-05-13T22:46:30+00:00,minimal,stock,idle,4,mem_mib,1024,phase_11_put_machine_config,227
2026-05-13T22:46:30+00:00,minimal,stock,idle,4,mem_mib,1024,phase_11_put_boot_source,87
2026-05-13T22:46:30+00:00,minimal,stock,idle,4,mem_mib,1024,phase_11_put_drive_rootfs,92
2026-05-13T22:46:30+00:00,minimal,stock,idle,4,mem_mib,1024,phase_11_put_drive_rootfs_overlay,180
2026-05-13T22:46:30+00:00,minimal,stock,idle,4,mem_mib,1024,phase_11_put_entropy,93
2026-05-13T22:46:30+00:00,minimal,stock,idle,4,mem_mib,1024,phase_11_put_vsock,151
2026-05-13T22:46:30+00:00,minimal,stock,idle,4,mem_mib,1024,phase_11_rest_puts,1485
2026-05-13T22:46:30+00:00,minimal,stock,idle,4,mem_mib,1024,phase_11b_ready_listener_bind,73
2026-05-13T22:46:30+00:00,minimal,stock,idle,4,mem_mib,1024,phase_11c_boot_identity_record,86
2026-05-13T22:46:30+00:00,minimal,stock,idle,4,mem_mib,1024,phase_12a_instance_start,18591
2026-05-13T22:46:30+00:00,minimal,stock,idle,4,mem_mib,1024,phase_12b_host_waiting_accept,986435
2026-05-13T22:46:30+00:00,minimal,stock,idle,4,mem_mib,1024,phase_12b_kernel_console_range,920331
2026-05-13T22:46:30+00:00,minimal,stock,idle,4,mem_mib,1024,phase_12b_guest_process_start,1
2026-05-13T22:46:30+00:00,minimal,stock,idle,4,mem_mib,1024,phase_12b_guest_stdio_redirected,849
2026-05-13T22:46:30+00:00,minimal,stock,idle,4,mem_mib,1024,phase_12b_guest_panic_hook_installed,1669
2026-05-13T22:46:30+00:00,minimal,stock,idle,4,mem_mib,1024,phase_12b_guest_pseudo_fs_mounted,7034
2026-05-13T22:46:30+00:00,minimal,stock,idle,4,mem_mib,1024,phase_12b_guest_mount_namespace_private,10203
2026-05-13T22:46:30+00:00,minimal,stock,idle,4,mem_mib,1024,phase_12b_guest_base_mounted,13381
2026-05-13T22:46:30+00:00,minimal,stock,idle,4,mem_mib,1024,phase_12b_guest_overlay_disk_mounted,18166
2026-05-13T22:46:30+00:00,minimal,stock,idle,4,mem_mib,1024,phase_12b_guest_overlay_dirs_ready,22341
2026-05-13T22:46:30+00:00,minimal,stock,idle,4,mem_mib,1024,phase_12b_guest_merged_mountpoint_ready,25221
2026-05-13T22:46:30+00:00,minimal,stock,idle,4,mem_mib,1024,phase_12b_guest_overlayfs_mounted,28545
2026-05-13T22:46:30+00:00,minimal,stock,idle,4,mem_mib,1024,phase_12b_guest_pseudo_fs_bound_into_merged,31059
2026-05-13T22:46:30+00:00,minimal,stock,idle,4,mem_mib,1024,phase_12b_guest_merged_self_bound,35073
2026-05-13T22:46:30+00:00,minimal,stock,idle,4,mem_mib,1024,phase_12b_guest_pivot_rootfs_done,36850
2026-05-13T22:46:30+00:00,minimal,stock,idle,4,mem_mib,1024,phase_12b_guest_overlay_pivot_complete,38769
2026-05-13T22:46:30+00:00,minimal,stock,idle,4,mem_mib,1024,phase_12b_guest_network_configured,40653
2026-05-13T22:46:30+00:00,minimal,stock,idle,4,mem_mib,1024,phase_12b_guest_workspace_absent,42722
2026-05-13T22:46:30+00:00,minimal,stock,idle,4,mem_mib,1024,phase_12b_guest_pid1_setup_complete,43575
2026-05-13T22:46:30+00:00,minimal,stock,idle,4,mem_mib,1024,phase_12b_guest_guestd_starting_log,45243
2026-05-13T22:46:30+00:00,minimal,stock,idle,4,mem_mib,1024,phase_12b_guest_exec_listener_bound,46263
2026-05-13T22:46:30+00:00,minimal,stock,idle,4,mem_mib,1024,phase_12b_ready_accept,988755
2026-05-13T22:46:30+00:00,minimal,stock,idle,4,mem_mib,1024,exec_send,18
2026-05-13T22:46:30+00:00,minimal,stock,idle,4,mem_mib,1024,exec_recv,12186
2026-05-13T22:46:30+00:00,minimal,stock,idle,4,mem_mib,1024,stop_bounded,47408
2026-05-13T22:46:30+00:00,minimal,stock,idle,4,mem_mib,1024,stop_release,119
2026-05-13T22:46:30+00:00,minimal,stock,idle,4,mem_mib,1024,guest_elapsed_process_start,1
2026-05-13T22:46:30+00:00,minimal,stock,idle,4,mem_mib,1024,guest_delta_process_start,1
2026-05-13T22:46:30+00:00,minimal,stock,idle,4,mem_mib,1024,guest_elapsed_stdio_redirected,849
2026-05-13T22:46:30+00:00,minimal,stock,idle,4,mem_mib,1024,guest_delta_stdio_redirected,848
2026-05-13T22:46:30+00:00,minimal,stock,idle,4,mem_mib,1024,guest_elapsed_panic_hook_installed,1669
2026-05-13T22:46:30+00:00,minimal,stock,idle,4,mem_mib,1024,guest_delta_panic_hook_installed,819
2026-05-13T22:46:30+00:00,minimal,stock,idle,4,mem_mib,1024,guest_elapsed_pseudo_fs_mounted,7034
2026-05-13T22:46:30+00:00,minimal,stock,idle,4,mem_mib,1024,guest_delta_pseudo_fs_mounted,5365
2026-05-13T22:46:30+00:00,minimal,stock,idle,4,mem_mib,1024,guest_elapsed_mount_namespace_private,10203
2026-05-13T22:46:30+00:00,minimal,stock,idle,4,mem_mib,1024,guest_delta_mount_namespace_private,3168
2026-05-13T22:46:30+00:00,minimal,stock,idle,4,mem_mib,1024,guest_elapsed_base_mounted,13381
2026-05-13T22:46:30+00:00,minimal,stock,idle,4,mem_mib,1024,guest_delta_base_mounted,3178
2026-05-13T22:46:30+00:00,minimal,stock,idle,4,mem_mib,1024,guest_elapsed_overlay_disk_mounted,18166
2026-05-13T22:46:30+00:00,minimal,stock,idle,4,mem_mib,1024,guest_delta_overlay_disk_mounted,4784
2026-05-13T22:46:30+00:00,minimal,stock,idle,4,mem_mib,1024,guest_elapsed_overlay_dirs_ready,22341
2026-05-13T22:46:30+00:00,minimal,stock,idle,4,mem_mib,1024,guest_delta_overlay_dirs_ready,4175
2026-05-13T22:46:30+00:00,minimal,stock,idle,4,mem_mib,1024,guest_elapsed_merged_mountpoint_ready,25221
2026-05-13T22:46:30+00:00,minimal,stock,idle,4,mem_mib,1024,guest_delta_merged_mountpoint_ready,2879
2026-05-13T22:46:30+00:00,minimal,stock,idle,4,mem_mib,1024,guest_elapsed_overlayfs_mounted,28545
2026-05-13T22:46:30+00:00,minimal,stock,idle,4,mem_mib,1024,guest_delta_overlayfs_mounted,3323
2026-05-13T22:46:30+00:00,minimal,stock,idle,4,mem_mib,1024,guest_elapsed_pseudo_fs_bound_into_merged,31059
2026-05-13T22:46:30+00:00,minimal,stock,idle,4,mem_mib,1024,guest_delta_pseudo_fs_bound_into_merged,2514
2026-05-13T22:46:30+00:00,minimal,stock,idle,4,mem_mib,1024,guest_elapsed_merged_self_bound,35073
2026-05-13T22:46:30+00:00,minimal,stock,idle,4,mem_mib,1024,guest_delta_merged_self_bound,4013
2026-05-13T22:46:30+00:00,minimal,stock,idle,4,mem_mib,1024,guest_elapsed_pivot_rootfs_done,36850
2026-05-13T22:46:30+00:00,minimal,stock,idle,4,mem_mib,1024,guest_delta_pivot_rootfs_done,1777
2026-05-13T22:46:30+00:00,minimal,stock,idle,4,mem_mib,1024,guest_elapsed_overlay_pivot_complete,38769
2026-05-13T22:46:30+00:00,minimal,stock,idle,4,mem_mib,1024,guest_delta_overlay_pivot_complete,1918
2026-05-13T22:46:30+00:00,minimal,stock,idle,4,mem_mib,1024,guest_elapsed_network_configured,40653
2026-05-13T22:46:30+00:00,minimal,stock,idle,4,mem_mib,1024,guest_delta_network_configured,1884
2026-05-13T22:46:30+00:00,minimal,stock,idle,4,mem_mib,1024,guest_elapsed_workspace_absent,42722
2026-05-13T22:46:30+00:00,minimal,stock,idle,4,mem_mib,1024,guest_delta_workspace_absent,2068
2026-05-13T22:46:30+00:00,minimal,stock,idle,4,mem_mib,1024,guest_elapsed_pid1_setup_complete,43575
2026-05-13T22:46:30+00:00,minimal,stock,idle,4,mem_mib,1024,guest_delta_pid1_setup_complete,853
2026-05-13T22:46:30+00:00,minimal,stock,idle,4,mem_mib,1024,guest_elapsed_guestd_starting_log,45243
2026-05-13T22:46:30+00:00,minimal,stock,idle,4,mem_mib,1024,guest_delta_guestd_starting_log,1667
2026-05-13T22:46:30+00:00,minimal,stock,idle,4,mem_mib,1024,guest_elapsed_exec_listener_bound,46263
2026-05-13T22:46:30+00:00,minimal,stock,idle,4,mem_mib,1024,guest_delta_exec_listener_bound,1020
2026-05-13T22:46:30+00:00,minimal,stock,idle,4,mem_mib,1024,guest_elapsed_ready_signal_sent,48359
2026-05-13T22:46:30+00:00,minimal,stock,idle,4,mem_mib,1024,guest_delta_ready_signal_sent,2096
2026-05-13T22:46:31+00:00,minimal,stock,idle,5,mem_mib,1024,phase_1_run_root_prep,76
2026-05-13T22:46:31+00:00,minimal,stock,idle,5,mem_mib,1024,phase_2_lease,34
2026-05-13T22:46:31+00:00,minimal,stock,idle,5,mem_mib,1024,phase_3b_rootfs_prepare,17737
2026-05-13T22:46:31+00:00,minimal,stock,idle,5,mem_mib,1024,phase_3_storage_prep,17804
2026-05-13T22:46:31+00:00,minimal,stock,idle,5,mem_mib,1024,phase_4_jailer_materialize,1108
2026-05-13T22:46:31+00:00,minimal,stock,idle,5,mem_mib,1024,phase_5_cgroup_probe,0
2026-05-13T22:46:31+00:00,minimal,stock,idle,5,mem_mib,1024,phase_6_network_realize,0
2026-05-13T22:46:31+00:00,minimal,stock,idle,5,mem_mib,1024,phase_7_outbound_guest_config,0
2026-05-13T22:46:31+00:00,minimal,stock,idle,5,mem_mib,1024,phase_9_jailer_launch,31631
2026-05-13T22:46:31+00:00,minimal,stock,idle,5,mem_mib,1024,phase_5b_cgroup_create,27145
2026-05-13T22:46:31+00:00,minimal,stock,idle,5,mem_mib,1024,phase_10_open_uds,20
2026-05-13T22:46:31+00:00,minimal,stock,idle,5,mem_mib,1024,phase_11_put_machine_config,159
2026-05-13T22:46:31+00:00,minimal,stock,idle,5,mem_mib,1024,phase_11_put_boot_source,79
2026-05-13T22:46:31+00:00,minimal,stock,idle,5,mem_mib,1024,phase_11_put_drive_rootfs,96
2026-05-13T22:46:31+00:00,minimal,stock,idle,5,mem_mib,1024,phase_11_put_drive_rootfs_overlay,240
2026-05-13T22:46:31+00:00,minimal,stock,idle,5,mem_mib,1024,phase_11_put_entropy,138
2026-05-13T22:46:31+00:00,minimal,stock,idle,5,mem_mib,1024,phase_11_put_vsock,214
2026-05-13T22:46:31+00:00,minimal,stock,idle,5,mem_mib,1024,phase_11_rest_puts,1528
2026-05-13T22:46:31+00:00,minimal,stock,idle,5,mem_mib,1024,phase_11b_ready_listener_bind,69
2026-05-13T22:46:31+00:00,minimal,stock,idle,5,mem_mib,1024,phase_11c_boot_identity_record,108
2026-05-13T22:46:31+00:00,minimal,stock,idle,5,mem_mib,1024,phase_12a_instance_start,22012
2026-05-13T22:46:31+00:00,minimal,stock,idle,5,mem_mib,1024,phase_12b_host_waiting_accept,1011416
2026-05-13T22:46:31+00:00,minimal,stock,idle,5,mem_mib,1024,phase_12b_kernel_console_range,947381
2026-05-13T22:46:31+00:00,minimal,stock,idle,5,mem_mib,1024,phase_12b_guest_process_start,2
2026-05-13T22:46:31+00:00,minimal,stock,idle,5,mem_mib,1024,phase_12b_guest_stdio_redirected,1804
2026-05-13T22:46:31+00:00,minimal,stock,idle,5,mem_mib,1024,phase_12b_guest_panic_hook_installed,3458
2026-05-13T22:46:31+00:00,minimal,stock,idle,5,mem_mib,1024,phase_12b_guest_pseudo_fs_mounted,14110
2026-05-13T22:46:31+00:00,minimal,stock,idle,5,mem_mib,1024,phase_12b_guest_mount_namespace_private,20377
2026-05-13T22:46:31+00:00,minimal,stock,idle,5,mem_mib,1024,phase_12b_guest_base_mounted,25744
2026-05-13T22:46:31+00:00,minimal,stock,idle,5,mem_mib,1024,phase_12b_guest_overlay_disk_mounted,33215
2026-05-13T22:46:31+00:00,minimal,stock,idle,5,mem_mib,1024,phase_12b_guest_overlay_dirs_ready,37907
2026-05-13T22:46:31+00:00,minimal,stock,idle,5,mem_mib,1024,phase_12b_guest_merged_mountpoint_ready,40782
2026-05-13T22:46:31+00:00,minimal,stock,idle,5,mem_mib,1024,phase_12b_guest_overlayfs_mounted,44139
2026-05-13T22:46:31+00:00,minimal,stock,idle,5,mem_mib,1024,phase_12b_guest_pseudo_fs_bound_into_merged,47654
2026-05-13T22:46:31+00:00,minimal,stock,idle,5,mem_mib,1024,phase_12b_guest_merged_self_bound,51088
2026-05-13T22:46:31+00:00,minimal,stock,idle,5,mem_mib,1024,phase_12b_guest_pivot_rootfs_done,52905
2026-05-13T22:46:31+00:00,minimal,stock,idle,5,mem_mib,1024,phase_12b_guest_overlay_pivot_complete,54833
2026-05-13T22:46:31+00:00,minimal,stock,idle,5,mem_mib,1024,phase_12b_guest_network_configured,56751
2026-05-13T22:46:31+00:00,minimal,stock,idle,5,mem_mib,1024,phase_12b_guest_workspace_absent,58830
2026-05-13T22:46:31+00:00,minimal,stock,idle,5,mem_mib,1024,phase_12b_guest_pid1_setup_complete,59689
2026-05-13T22:46:31+00:00,minimal,stock,idle,5,mem_mib,1024,phase_12b_guest_guestd_starting_log,61362
2026-05-13T22:46:31+00:00,minimal,stock,idle,5,mem_mib,1024,phase_12b_guest_exec_listener_bound,62406
2026-05-13T22:46:31+00:00,minimal,stock,idle,5,mem_mib,1024,phase_12b_ready_accept,1013801
2026-05-13T22:46:31+00:00,minimal,stock,idle,5,mem_mib,1024,exec_send,18
2026-05-13T22:46:31+00:00,minimal,stock,idle,5,mem_mib,1024,exec_recv,11957
2026-05-13T22:46:31+00:00,minimal,stock,idle,5,mem_mib,1024,stop_bounded,70467
2026-05-13T22:46:31+00:00,minimal,stock,idle,5,mem_mib,1024,stop_release,155
2026-05-13T22:46:31+00:00,minimal,stock,idle,5,mem_mib,1024,guest_elapsed_process_start,2
2026-05-13T22:46:31+00:00,minimal,stock,idle,5,mem_mib,1024,guest_delta_process_start,2
2026-05-13T22:46:31+00:00,minimal,stock,idle,5,mem_mib,1024,guest_elapsed_stdio_redirected,1804
2026-05-13T22:46:31+00:00,minimal,stock,idle,5,mem_mib,1024,guest_delta_stdio_redirected,1801
2026-05-13T22:46:31+00:00,minimal,stock,idle,5,mem_mib,1024,guest_elapsed_panic_hook_installed,3458
2026-05-13T22:46:31+00:00,minimal,stock,idle,5,mem_mib,1024,guest_delta_panic_hook_installed,1654
2026-05-13T22:46:31+00:00,minimal,stock,idle,5,mem_mib,1024,guest_elapsed_pseudo_fs_mounted,14110
2026-05-13T22:46:31+00:00,minimal,stock,idle,5,mem_mib,1024,guest_delta_pseudo_fs_mounted,10651
2026-05-13T22:46:31+00:00,minimal,stock,idle,5,mem_mib,1024,guest_elapsed_mount_namespace_private,20377
2026-05-13T22:46:31+00:00,minimal,stock,idle,5,mem_mib,1024,guest_delta_mount_namespace_private,6267
2026-05-13T22:46:31+00:00,minimal,stock,idle,5,mem_mib,1024,guest_elapsed_base_mounted,25744
2026-05-13T22:46:31+00:00,minimal,stock,idle,5,mem_mib,1024,guest_delta_base_mounted,5366
2026-05-13T22:46:31+00:00,minimal,stock,idle,5,mem_mib,1024,guest_elapsed_overlay_disk_mounted,33215
2026-05-13T22:46:31+00:00,minimal,stock,idle,5,mem_mib,1024,guest_delta_overlay_disk_mounted,7470
2026-05-13T22:46:31+00:00,minimal,stock,idle,5,mem_mib,1024,guest_elapsed_overlay_dirs_ready,37907
2026-05-13T22:46:31+00:00,minimal,stock,idle,5,mem_mib,1024,guest_delta_overlay_dirs_ready,4691
2026-05-13T22:46:31+00:00,minimal,stock,idle,5,mem_mib,1024,guest_elapsed_merged_mountpoint_ready,40782
2026-05-13T22:46:31+00:00,minimal,stock,idle,5,mem_mib,1024,guest_delta_merged_mountpoint_ready,2875
2026-05-13T22:46:31+00:00,minimal,stock,idle,5,mem_mib,1024,guest_elapsed_overlayfs_mounted,44139
2026-05-13T22:46:31+00:00,minimal,stock,idle,5,mem_mib,1024,guest_delta_overlayfs_mounted,3357
2026-05-13T22:46:31+00:00,minimal,stock,idle,5,mem_mib,1024,guest_elapsed_pseudo_fs_bound_into_merged,47654
2026-05-13T22:46:31+00:00,minimal,stock,idle,5,mem_mib,1024,guest_delta_pseudo_fs_bound_into_merged,3514
2026-05-13T22:46:31+00:00,minimal,stock,idle,5,mem_mib,1024,guest_elapsed_merged_self_bound,51088
2026-05-13T22:46:31+00:00,minimal,stock,idle,5,mem_mib,1024,guest_delta_merged_self_bound,3434
2026-05-13T22:46:31+00:00,minimal,stock,idle,5,mem_mib,1024,guest_elapsed_pivot_rootfs_done,52905
2026-05-13T22:46:31+00:00,minimal,stock,idle,5,mem_mib,1024,guest_delta_pivot_rootfs_done,1817
2026-05-13T22:46:31+00:00,minimal,stock,idle,5,mem_mib,1024,guest_elapsed_overlay_pivot_complete,54833
2026-05-13T22:46:31+00:00,minimal,stock,idle,5,mem_mib,1024,guest_delta_overlay_pivot_complete,1927
2026-05-13T22:46:31+00:00,minimal,stock,idle,5,mem_mib,1024,guest_elapsed_network_configured,56751
2026-05-13T22:46:31+00:00,minimal,stock,idle,5,mem_mib,1024,guest_delta_network_configured,1918
2026-05-13T22:46:31+00:00,minimal,stock,idle,5,mem_mib,1024,guest_elapsed_workspace_absent,58830
2026-05-13T22:46:31+00:00,minimal,stock,idle,5,mem_mib,1024,guest_delta_workspace_absent,2079
2026-05-13T22:46:31+00:00,minimal,stock,idle,5,mem_mib,1024,guest_elapsed_pid1_setup_complete,59689
2026-05-13T22:46:31+00:00,minimal,stock,idle,5,mem_mib,1024,guest_delta_pid1_setup_complete,858
2026-05-13T22:46:31+00:00,minimal,stock,idle,5,mem_mib,1024,guest_elapsed_guestd_starting_log,61362
2026-05-13T22:46:31+00:00,minimal,stock,idle,5,mem_mib,1024,guest_delta_guestd_starting_log,1673
2026-05-13T22:46:31+00:00,minimal,stock,idle,5,mem_mib,1024,guest_elapsed_exec_listener_bound,62406
2026-05-13T22:46:31+00:00,minimal,stock,idle,5,mem_mib,1024,guest_delta_exec_listener_bound,1043
2026-05-13T22:46:31+00:00,minimal,stock,idle,5,mem_mib,1024,guest_elapsed_ready_signal_sent,64533
2026-05-13T22:46:31+00:00,minimal,stock,idle,5,mem_mib,1024,guest_delta_ready_signal_sent,2126
2026-05-13T22:46:33+00:00,minimal,stock,idle,6,mem_mib,1024,phase_1_run_root_prep,62
2026-05-13T22:46:33+00:00,minimal,stock,idle,6,mem_mib,1024,phase_2_lease,33
2026-05-13T22:46:33+00:00,minimal,stock,idle,6,mem_mib,1024,phase_3b_rootfs_prepare,11034
2026-05-13T22:46:33+00:00,minimal,stock,idle,6,mem_mib,1024,phase_3_storage_prep,11089
2026-05-13T22:46:33+00:00,minimal,stock,idle,6,mem_mib,1024,phase_4_jailer_materialize,752
2026-05-13T22:46:33+00:00,minimal,stock,idle,6,mem_mib,1024,phase_5_cgroup_probe,0
2026-05-13T22:46:33+00:00,minimal,stock,idle,6,mem_mib,1024,phase_6_network_realize,0
2026-05-13T22:46:33+00:00,minimal,stock,idle,6,mem_mib,1024,phase_7_outbound_guest_config,0
2026-05-13T22:46:33+00:00,minimal,stock,idle,6,mem_mib,1024,phase_9_jailer_launch,15493
2026-05-13T22:46:33+00:00,minimal,stock,idle,6,mem_mib,1024,phase_5b_cgroup_create,26876
2026-05-13T22:46:33+00:00,minimal,stock,idle,6,mem_mib,1024,phase_10_open_uds,24
2026-05-13T22:46:33+00:00,minimal,stock,idle,6,mem_mib,1024,phase_11_put_machine_config,181
2026-05-13T22:46:33+00:00,minimal,stock,idle,6,mem_mib,1024,phase_11_put_boot_source,82
2026-05-13T22:46:33+00:00,minimal,stock,idle,6,mem_mib,1024,phase_11_put_drive_rootfs,85
2026-05-13T22:46:33+00:00,minimal,stock,idle,6,mem_mib,1024,phase_11_put_drive_rootfs_overlay,164
2026-05-13T22:46:33+00:00,minimal,stock,idle,6,mem_mib,1024,phase_11_put_entropy,82
2026-05-13T22:46:33+00:00,minimal,stock,idle,6,mem_mib,1024,phase_11_put_vsock,143
2026-05-13T22:46:33+00:00,minimal,stock,idle,6,mem_mib,1024,phase_11_rest_puts,1423
2026-05-13T22:46:33+00:00,minimal,stock,idle,6,mem_mib,1024,phase_11b_ready_listener_bind,70
2026-05-13T22:46:33+00:00,minimal,stock,idle,6,mem_mib,1024,phase_11c_boot_identity_record,97
2026-05-13T22:46:33+00:00,minimal,stock,idle,6,mem_mib,1024,phase_12a_instance_start,18547
2026-05-13T22:46:33+00:00,minimal,stock,idle,6,mem_mib,1024,phase_12b_host_waiting_accept,1015795
2026-05-13T22:46:33+00:00,minimal,stock,idle,6,mem_mib,1024,phase_12b_kernel_console_range,950991
2026-05-13T22:46:33+00:00,minimal,stock,idle,6,mem_mib,1024,phase_12b_guest_process_start,2
2026-05-13T22:46:33+00:00,minimal,stock,idle,6,mem_mib,1024,phase_12b_guest_stdio_redirected,1451
2026-05-13T22:46:33+00:00,minimal,stock,idle,6,mem_mib,1024,phase_12b_guest_panic_hook_installed,3148
2026-05-13T22:46:33+00:00,minimal,stock,idle,6,mem_mib,1024,phase_12b_guest_pseudo_fs_mounted,13712
2026-05-13T22:46:33+00:00,minimal,stock,idle,6,mem_mib,1024,phase_12b_guest_mount_namespace_private,20023
2026-05-13T22:46:33+00:00,minimal,stock,idle,6,mem_mib,1024,phase_12b_guest_base_mounted,26087
2026-05-13T22:46:33+00:00,minimal,stock,idle,6,mem_mib,1024,phase_12b_guest_overlay_dirs_ready,39017
2026-05-13T22:46:33+00:00,minimal,stock,idle,6,mem_mib,1024,phase_12b_guest_merged_mountpoint_ready,43482
2026-05-13T22:46:33+00:00,minimal,stock,idle,6,mem_mib,1024,phase_12b_guest_overlayfs_mounted,48641
2026-05-13T22:46:33+00:00,minimal,stock,idle,6,mem_mib,1024,phase_12b_guest_pseudo_fs_bound_into_merged,52775
2026-05-13T22:46:33+00:00,minimal,stock,idle,6,mem_mib,1024,phase_12b_guest_merged_self_bound,56163
2026-05-13T22:46:33+00:00,minimal,stock,idle,6,mem_mib,1024,phase_12b_guest_pivot_rootfs_done,57944
2026-05-13T22:46:33+00:00,minimal,stock,idle,6,mem_mib,1024,phase_12b_guest_overlay_pivot_complete,59858
2026-05-13T22:46:33+00:00,minimal,stock,idle,6,mem_mib,1024,phase_12b_guest_network_configured,61751
2026-05-13T22:46:33+00:00,minimal,stock,idle,6,mem_mib,1024,phase_12b_guest_workspace_absent,63814
2026-05-13T22:46:33+00:00,minimal,stock,idle,6,mem_mib,1024,phase_12b_guest_pid1_setup_complete,64673
2026-05-13T22:46:33+00:00,minimal,stock,idle,6,mem_mib,1024,phase_12b_guest_guestd_starting_log,66331
2026-05-13T22:46:33+00:00,minimal,stock,idle,6,mem_mib,1024,phase_12b_guest_exec_listener_bound,67415
2026-05-13T22:46:33+00:00,minimal,stock,idle,6,mem_mib,1024,phase_12b_ready_accept,1018016
2026-05-13T22:46:33+00:00,minimal,stock,idle,6,mem_mib,1024,exec_send,8
2026-05-13T22:46:33+00:00,minimal,stock,idle,6,mem_mib,1024,exec_recv,12013
2026-05-13T22:46:33+00:00,minimal,stock,idle,6,mem_mib,1024,stop_bounded,53407
2026-05-13T22:46:33+00:00,minimal,stock,idle,6,mem_mib,1024,stop_release,116
2026-05-13T22:46:33+00:00,minimal,stock,idle,6,mem_mib,1024,guest_elapsed_process_start,2
2026-05-13T22:46:33+00:00,minimal,stock,idle,6,mem_mib,1024,guest_delta_process_start,2
2026-05-13T22:46:33+00:00,minimal,stock,idle,6,mem_mib,1024,guest_elapsed_stdio_redirected,1451
2026-05-13T22:46:33+00:00,minimal,stock,idle,6,mem_mib,1024,guest_delta_stdio_redirected,1449
2026-05-13T22:46:33+00:00,minimal,stock,idle,6,mem_mib,1024,guest_elapsed_panic_hook_installed,3148
2026-05-13T22:46:33+00:00,minimal,stock,idle,6,mem_mib,1024,guest_delta_panic_hook_installed,1696
2026-05-13T22:46:33+00:00,minimal,stock,idle,6,mem_mib,1024,guest_elapsed_pseudo_fs_mounted,13712
2026-05-13T22:46:33+00:00,minimal,stock,idle,6,mem_mib,1024,guest_delta_pseudo_fs_mounted,10564
2026-05-13T22:46:33+00:00,minimal,stock,idle,6,mem_mib,1024,guest_elapsed_mount_namespace_private,20023
2026-05-13T22:46:33+00:00,minimal,stock,idle,6,mem_mib,1024,guest_delta_mount_namespace_private,6310
2026-05-13T22:46:33+00:00,minimal,stock,idle,6,mem_mib,1024,guest_elapsed_base_mounted,26087
2026-05-13T22:46:33+00:00,minimal,stock,idle,6,mem_mib,1024,guest_delta_base_mounted,6064
2026-05-13T22:46:33+00:00,minimal,stock,idle,6,mem_mib,1024,guest_elapsed_overlay_dirs_ready,39017
2026-05-13T22:46:33+00:00,minimal,stock,idle,6,mem_mib,1024,guest_delta_overlay_dirs_ready,5444
2026-05-13T22:46:33+00:00,minimal,stock,idle,6,mem_mib,1024,guest_elapsed_merged_mountpoint_ready,43482
2026-05-13T22:46:33+00:00,minimal,stock,idle,6,mem_mib,1024,guest_delta_merged_mountpoint_ready,4464
2026-05-13T22:46:33+00:00,minimal,stock,idle,6,mem_mib,1024,guest_elapsed_overlayfs_mounted,48641
2026-05-13T22:46:33+00:00,minimal,stock,idle,6,mem_mib,1024,guest_delta_overlayfs_mounted,5158
2026-05-13T22:46:33+00:00,minimal,stock,idle,6,mem_mib,1024,guest_elapsed_pseudo_fs_bound_into_merged,52775
2026-05-13T22:46:33+00:00,minimal,stock,idle,6,mem_mib,1024,guest_delta_pseudo_fs_bound_into_merged,4133
2026-05-13T22:46:33+00:00,minimal,stock,idle,6,mem_mib,1024,guest_elapsed_merged_self_bound,56163
2026-05-13T22:46:33+00:00,minimal,stock,idle,6,mem_mib,1024,guest_delta_merged_self_bound,3388
2026-05-13T22:46:33+00:00,minimal,stock,idle,6,mem_mib,1024,guest_elapsed_pivot_rootfs_done,57944
2026-05-13T22:46:33+00:00,minimal,stock,idle,6,mem_mib,1024,guest_delta_pivot_rootfs_done,1780
2026-05-13T22:46:33+00:00,minimal,stock,idle,6,mem_mib,1024,guest_elapsed_overlay_pivot_complete,59858
2026-05-13T22:46:33+00:00,minimal,stock,idle,6,mem_mib,1024,guest_delta_overlay_pivot_complete,1913
2026-05-13T22:46:33+00:00,minimal,stock,idle,6,mem_mib,1024,guest_elapsed_network_configured,61751
2026-05-13T22:46:33+00:00,minimal,stock,idle,6,mem_mib,1024,guest_delta_network_configured,1893
2026-05-13T22:46:33+00:00,minimal,stock,idle,6,mem_mib,1024,guest_elapsed_workspace_absent,63814
2026-05-13T22:46:33+00:00,minimal,stock,idle,6,mem_mib,1024,guest_delta_workspace_absent,2063
2026-05-13T22:46:33+00:00,minimal,stock,idle,6,mem_mib,1024,guest_elapsed_pid1_setup_complete,64673
2026-05-13T22:46:33+00:00,minimal,stock,idle,6,mem_mib,1024,guest_delta_pid1_setup_complete,858
2026-05-13T22:46:33+00:00,minimal,stock,idle,6,mem_mib,1024,guest_elapsed_guestd_starting_log,66331
2026-05-13T22:46:33+00:00,minimal,stock,idle,6,mem_mib,1024,guest_delta_guestd_starting_log,1657
2026-05-13T22:46:33+00:00,minimal,stock,idle,6,mem_mib,1024,guest_elapsed_exec_listener_bound,67415
2026-05-13T22:46:33+00:00,minimal,stock,idle,6,mem_mib,1024,guest_delta_exec_listener_bound,1084
2026-05-13T22:46:33+00:00,minimal,stock,idle,6,mem_mib,1024,guest_elapsed_ready_signal_sent,69580
2026-05-13T22:46:33+00:00,minimal,stock,idle,6,mem_mib,1024,guest_delta_ready_signal_sent,2164
2026-05-13T22:46:34+00:00,minimal,stock,idle,7,mem_mib,1024,phase_1_run_root_prep,47
2026-05-13T22:46:34+00:00,minimal,stock,idle,7,mem_mib,1024,phase_2_lease,34
2026-05-13T22:46:34+00:00,minimal,stock,idle,7,mem_mib,1024,phase_3b_rootfs_prepare,10695
2026-05-13T22:46:34+00:00,minimal,stock,idle,7,mem_mib,1024,phase_3_storage_prep,10751
2026-05-13T22:46:34+00:00,minimal,stock,idle,7,mem_mib,1024,phase_4_jailer_materialize,620
2026-05-13T22:46:34+00:00,minimal,stock,idle,7,mem_mib,1024,phase_5_cgroup_probe,0
2026-05-13T22:46:34+00:00,minimal,stock,idle,7,mem_mib,1024,phase_6_network_realize,5
2026-05-13T22:46:34+00:00,minimal,stock,idle,7,mem_mib,1024,phase_7_outbound_guest_config,0
2026-05-13T22:46:34+00:00,minimal,stock,idle,7,mem_mib,1024,phase_9_jailer_launch,31636
2026-05-13T22:46:34+00:00,minimal,stock,idle,7,mem_mib,1024,phase_5b_cgroup_create,24289
2026-05-13T22:46:34+00:00,minimal,stock,idle,7,mem_mib,1024,phase_10_open_uds,28
2026-05-13T22:46:34+00:00,minimal,stock,idle,7,mem_mib,1024,phase_11_put_machine_config,172
2026-05-13T22:46:34+00:00,minimal,stock,idle,7,mem_mib,1024,phase_11_put_boot_source,80
2026-05-13T22:46:34+00:00,minimal,stock,idle,7,mem_mib,1024,phase_11_put_drive_rootfs,90
2026-05-13T22:46:34+00:00,minimal,stock,idle,7,mem_mib,1024,phase_11_put_drive_rootfs_overlay,166
2026-05-13T22:46:34+00:00,minimal,stock,idle,7,mem_mib,1024,phase_11_put_entropy,97
2026-05-13T22:46:34+00:00,minimal,stock,idle,7,mem_mib,1024,phase_11_put_vsock,139
2026-05-13T22:46:34+00:00,minimal,stock,idle,7,mem_mib,1024,phase_11_rest_puts,1425
2026-05-13T22:46:34+00:00,minimal,stock,idle,7,mem_mib,1024,phase_11b_ready_listener_bind,89
2026-05-13T22:46:34+00:00,minimal,stock,idle,7,mem_mib,1024,phase_11c_boot_identity_record,100
2026-05-13T22:46:34+00:00,minimal,stock,idle,7,mem_mib,1024,phase_12a_instance_start,24647
2026-05-13T22:46:34+00:00,minimal,stock,idle,7,mem_mib,1024,phase_12b_host_waiting_accept,1023771
2026-05-13T22:46:34+00:00,minimal,stock,idle,7,mem_mib,1024,phase_12b_kernel_console_range,958416
2026-05-13T22:46:34+00:00,minimal,stock,idle,7,mem_mib,1024,phase_12b_guest_process_start,2
2026-05-13T22:46:34+00:00,minimal,stock,idle,7,mem_mib,1024,phase_12b_guest_stdio_redirected,1676
2026-05-13T22:46:34+00:00,minimal,stock,idle,7,mem_mib,1024,phase_12b_guest_panic_hook_installed,3441
2026-05-13T22:46:34+00:00,minimal,stock,idle,7,mem_mib,1024,phase_12b_guest_pseudo_fs_mounted,14545
2026-05-13T22:46:34+00:00,minimal,stock,idle,7,mem_mib,1024,phase_12b_guest_mount_namespace_private,21154
2026-05-13T22:46:34+00:00,minimal,stock,idle,7,mem_mib,1024,phase_12b_guest_base_mounted,27674
2026-05-13T22:46:34+00:00,minimal,stock,idle,7,mem_mib,1024,phase_12b_guest_overlay_disk_mounted,36134
2026-05-13T22:46:34+00:00,minimal,stock,idle,7,mem_mib,1024,phase_12b_guest_overlay_dirs_ready,42827
2026-05-13T22:46:34+00:00,minimal,stock,idle,7,mem_mib,1024,phase_12b_guest_merged_mountpoint_ready,47979
2026-05-13T22:46:34+00:00,minimal,stock,idle,7,mem_mib,1024,phase_12b_guest_overlayfs_mounted,53960
2026-05-13T22:46:34+00:00,minimal,stock,idle,7,mem_mib,1024,phase_12b_guest_pseudo_fs_bound_into_merged,59645
2026-05-13T22:46:34+00:00,minimal,stock,idle,7,mem_mib,1024,phase_12b_guest_merged_self_bound,63035
2026-05-13T22:46:34+00:00,minimal,stock,idle,7,mem_mib,1024,phase_12b_guest_pivot_rootfs_done,64920
2026-05-13T22:46:34+00:00,minimal,stock,idle,7,mem_mib,1024,phase_12b_guest_overlay_pivot_complete,66927
2026-05-13T22:46:34+00:00,minimal,stock,idle,7,mem_mib,1024,phase_12b_guest_network_configured,68849
2026-05-13T22:46:34+00:00,minimal,stock,idle,7,mem_mib,1024,phase_12b_guest_workspace_absent,70904
2026-05-13T22:46:34+00:00,minimal,stock,idle,7,mem_mib,1024,phase_12b_guest_pid1_setup_complete,71753
2026-05-13T22:46:34+00:00,minimal,stock,idle,7,mem_mib,1024,phase_12b_guest_guestd_starting_log,73421
2026-05-13T22:46:34+00:00,minimal,stock,idle,7,mem_mib,1024,phase_12b_guest_exec_listener_bound,74485
2026-05-13T22:46:34+00:00,minimal,stock,idle,7,mem_mib,1024,phase_12b_ready_accept,1026110
2026-05-13T22:46:34+00:00,minimal,stock,idle,7,mem_mib,1024,exec_send,22
2026-05-13T22:46:34+00:00,minimal,stock,idle,7,mem_mib,1024,exec_recv,12050
2026-05-13T22:46:34+00:00,minimal,stock,idle,7,mem_mib,1024,stop_bounded,65879
2026-05-13T22:46:34+00:00,minimal,stock,idle,7,mem_mib,1024,stop_release,117
2026-05-13T22:46:34+00:00,minimal,stock,idle,7,mem_mib,1024,guest_elapsed_process_start,2
2026-05-13T22:46:34+00:00,minimal,stock,idle,7,mem_mib,1024,guest_delta_process_start,2
2026-05-13T22:46:34+00:00,minimal,stock,idle,7,mem_mib,1024,guest_elapsed_stdio_redirected,1676
2026-05-13T22:46:34+00:00,minimal,stock,idle,7,mem_mib,1024,guest_delta_stdio_redirected,1673
2026-05-13T22:46:34+00:00,minimal,stock,idle,7,mem_mib,1024,guest_elapsed_panic_hook_installed,3441
2026-05-13T22:46:34+00:00,minimal,stock,idle,7,mem_mib,1024,guest_delta_panic_hook_installed,1764
2026-05-13T22:46:34+00:00,minimal,stock,idle,7,mem_mib,1024,guest_elapsed_pseudo_fs_mounted,14545
2026-05-13T22:46:34+00:00,minimal,stock,idle,7,mem_mib,1024,guest_delta_pseudo_fs_mounted,11104
2026-05-13T22:46:34+00:00,minimal,stock,idle,7,mem_mib,1024,guest_elapsed_mount_namespace_private,21154
2026-05-13T22:46:34+00:00,minimal,stock,idle,7,mem_mib,1024,guest_delta_mount_namespace_private,6608
2026-05-13T22:46:34+00:00,minimal,stock,idle,7,mem_mib,1024,guest_elapsed_base_mounted,27674
2026-05-13T22:46:34+00:00,minimal,stock,idle,7,mem_mib,1024,guest_delta_base_mounted,6520
2026-05-13T22:46:34+00:00,minimal,stock,idle,7,mem_mib,1024,guest_elapsed_overlay_disk_mounted,36134
2026-05-13T22:46:34+00:00,minimal,stock,idle,7,mem_mib,1024,guest_delta_overlay_disk_mounted,8459
2026-05-13T22:46:34+00:00,minimal,stock,idle,7,mem_mib,1024,guest_elapsed_overlay_dirs_ready,42827
2026-05-13T22:46:34+00:00,minimal,stock,idle,7,mem_mib,1024,guest_delta_overlay_dirs_ready,6693
2026-05-13T22:46:34+00:00,minimal,stock,idle,7,mem_mib,1024,guest_elapsed_merged_mountpoint_ready,47979
2026-05-13T22:46:34+00:00,minimal,stock,idle,7,mem_mib,1024,guest_delta_merged_mountpoint_ready,5151
2026-05-13T22:46:34+00:00,minimal,stock,idle,7,mem_mib,1024,guest_elapsed_overlayfs_mounted,53960
2026-05-13T22:46:34+00:00,minimal,stock,idle,7,mem_mib,1024,guest_delta_overlayfs_mounted,5981
2026-05-13T22:46:34+00:00,minimal,stock,idle,7,mem_mib,1024,guest_elapsed_pseudo_fs_bound_into_merged,59645
2026-05-13T22:46:34+00:00,minimal,stock,idle,7,mem_mib,1024,guest_delta_pseudo_fs_bound_into_merged,5684
2026-05-13T22:46:34+00:00,minimal,stock,idle,7,mem_mib,1024,guest_elapsed_merged_self_bound,63035
2026-05-13T22:46:34+00:00,minimal,stock,idle,7,mem_mib,1024,guest_delta_merged_self_bound,3389
2026-05-13T22:46:34+00:00,minimal,stock,idle,7,mem_mib,1024,guest_elapsed_pivot_rootfs_done,64920
2026-05-13T22:46:34+00:00,minimal,stock,idle,7,mem_mib,1024,guest_delta_pivot_rootfs_done,1885
2026-05-13T22:46:34+00:00,minimal,stock,idle,7,mem_mib,1024,guest_elapsed_overlay_pivot_complete,66927
2026-05-13T22:46:34+00:00,minimal,stock,idle,7,mem_mib,1024,guest_delta_overlay_pivot_complete,2007
2026-05-13T22:46:34+00:00,minimal,stock,idle,7,mem_mib,1024,guest_elapsed_network_configured,68849
2026-05-13T22:46:34+00:00,minimal,stock,idle,7,mem_mib,1024,guest_delta_network_configured,1921
2026-05-13T22:46:34+00:00,minimal,stock,idle,7,mem_mib,1024,guest_elapsed_workspace_absent,70904
2026-05-13T22:46:34+00:00,minimal,stock,idle,7,mem_mib,1024,guest_delta_workspace_absent,2055
2026-05-13T22:46:34+00:00,minimal,stock,idle,7,mem_mib,1024,guest_elapsed_pid1_setup_complete,71753
2026-05-13T22:46:34+00:00,minimal,stock,idle,7,mem_mib,1024,guest_delta_pid1_setup_complete,849
2026-05-13T22:46:34+00:00,minimal,stock,idle,7,mem_mib,1024,guest_elapsed_guestd_starting_log,73421
2026-05-13T22:46:34+00:00,minimal,stock,idle,7,mem_mib,1024,guest_delta_guestd_starting_log,1667
2026-05-13T22:46:34+00:00,minimal,stock,idle,7,mem_mib,1024,guest_elapsed_exec_listener_bound,74485
2026-05-13T22:46:34+00:00,minimal,stock,idle,7,mem_mib,1024,guest_delta_exec_listener_bound,1064
2026-05-13T22:46:34+00:00,minimal,stock,idle,7,mem_mib,1024,guest_elapsed_ready_signal_sent,76647
2026-05-13T22:46:34+00:00,minimal,stock,idle,7,mem_mib,1024,guest_delta_ready_signal_sent,2162
2026-05-13T22:46:35+00:00,minimal,stock,idle,8,mem_mib,1024,phase_1_run_root_prep,60
2026-05-13T22:46:35+00:00,minimal,stock,idle,8,mem_mib,1024,phase_2_lease,61
2026-05-13T22:46:35+00:00,minimal,stock,idle,8,mem_mib,1024,phase_3b_rootfs_prepare,12221
2026-05-13T22:46:35+00:00,minimal,stock,idle,8,mem_mib,1024,phase_3_storage_prep,12278
2026-05-13T22:46:35+00:00,minimal,stock,idle,8,mem_mib,1024,phase_4_jailer_materialize,1009
2026-05-13T22:46:35+00:00,minimal,stock,idle,8,mem_mib,1024,phase_5_cgroup_probe,0
2026-05-13T22:46:35+00:00,minimal,stock,idle,8,mem_mib,1024,phase_6_network_realize,0
2026-05-13T22:46:35+00:00,minimal,stock,idle,8,mem_mib,1024,phase_7_outbound_guest_config,0
2026-05-13T22:46:35+00:00,minimal,stock,idle,8,mem_mib,1024,phase_9_jailer_launch,15553
2026-05-13T22:46:35+00:00,minimal,stock,idle,8,mem_mib,1024,phase_5b_cgroup_create,22293
2026-05-13T22:46:35+00:00,minimal,stock,idle,8,mem_mib,1024,phase_10_open_uds,29
2026-05-13T22:46:35+00:00,minimal,stock,idle,8,mem_mib,1024,phase_11_put_machine_config,215
2026-05-13T22:46:35+00:00,minimal,stock,idle,8,mem_mib,1024,phase_11_put_boot_source,98
2026-05-13T22:46:35+00:00,minimal,stock,idle,8,mem_mib,1024,phase_11_put_drive_rootfs,106
2026-05-13T22:46:35+00:00,minimal,stock,idle,8,mem_mib,1024,phase_11_put_drive_rootfs_overlay,181
2026-05-13T22:46:35+00:00,minimal,stock,idle,8,mem_mib,1024,phase_11_put_entropy,104
2026-05-13T22:46:35+00:00,minimal,stock,idle,8,mem_mib,1024,phase_11_put_vsock,199
2026-05-13T22:46:35+00:00,minimal,stock,idle,8,mem_mib,1024,phase_11_rest_puts,1677
2026-05-13T22:46:35+00:00,minimal,stock,idle,8,mem_mib,1024,phase_11b_ready_listener_bind,98
2026-05-13T22:46:35+00:00,minimal,stock,idle,8,mem_mib,1024,phase_11c_boot_identity_record,134
2026-05-13T22:46:35+00:00,minimal,stock,idle,8,mem_mib,1024,phase_12a_instance_start,18695
2026-05-13T22:46:35+00:00,minimal,stock,idle,8,mem_mib,1024,phase_12b_host_waiting_accept,1005544
2026-05-13T22:46:35+00:00,minimal,stock,idle,8,mem_mib,1024,phase_12b_kernel_console_range,940351
2026-05-13T22:46:35+00:00,minimal,stock,idle,8,mem_mib,1024,phase_12b_guest_process_start,2
2026-05-13T22:46:35+00:00,minimal,stock,idle,8,mem_mib,1024,phase_12b_guest_stdio_redirected,1581
2026-05-13T22:46:35+00:00,minimal,stock,idle,8,mem_mib,1024,phase_12b_guest_panic_hook_installed,3192
2026-05-13T22:46:35+00:00,minimal,stock,idle,8,mem_mib,1024,phase_12b_guest_pseudo_fs_mounted,13302
2026-05-13T22:46:35+00:00,minimal,stock,idle,8,mem_mib,1024,phase_12b_guest_mount_namespace_private,19385
2026-05-13T22:46:35+00:00,minimal,stock,idle,8,mem_mib,1024,phase_12b_guest_base_mounted,25274
2026-05-13T22:46:35+00:00,minimal,stock,idle,8,mem_mib,1024,phase_12b_guest_overlay_disk_mounted,32347
2026-05-13T22:46:35+00:00,minimal,stock,idle,8,mem_mib,1024,phase_12b_guest_overlay_dirs_ready,37861
2026-05-13T22:46:35+00:00,minimal,stock,idle,8,mem_mib,1024,phase_12b_guest_merged_mountpoint_ready,40975
2026-05-13T22:46:35+00:00,minimal,stock,idle,8,mem_mib,1024,phase_12b_guest_overlayfs_mounted,44144
2026-05-13T22:46:35+00:00,minimal,stock,idle,8,mem_mib,1024,phase_12b_guest_pseudo_fs_bound_into_merged,47437
2026-05-13T22:46:35+00:00,minimal,stock,idle,8,mem_mib,1024,phase_12b_guest_merged_self_bound,50689
2026-05-13T22:46:35+00:00,minimal,stock,idle,8,mem_mib,1024,phase_12b_guest_pivot_rootfs_done,52402
2026-05-13T22:46:35+00:00,minimal,stock,idle,8,mem_mib,1024,phase_12b_guest_overlay_pivot_complete,54233
2026-05-13T22:46:35+00:00,minimal,stock,idle,8,mem_mib,1024,phase_12b_guest_network_configured,56060
2026-05-13T22:46:35+00:00,minimal,stock,idle,8,mem_mib,1024,phase_12b_guest_workspace_absent,58027
2026-05-13T22:46:35+00:00,minimal,stock,idle,8,mem_mib,1024,phase_12b_guest_pid1_setup_complete,58842
2026-05-13T22:46:35+00:00,minimal,stock,idle,8,mem_mib,1024,phase_12b_guest_guestd_starting_log,60434
2026-05-13T22:46:35+00:00,minimal,stock,idle,8,mem_mib,1024,phase_12b_guest_exec_listener_bound,61440
2026-05-13T22:46:35+00:00,minimal,stock,idle,8,mem_mib,1024,phase_12b_ready_accept,1007938
2026-05-13T22:46:35+00:00,minimal,stock,idle,8,mem_mib,1024,exec_send,18
2026-05-13T22:46:35+00:00,minimal,stock,idle,8,mem_mib,1024,exec_recv,11938
2026-05-13T22:46:35+00:00,minimal,stock,idle,8,mem_mib,1024,stop_bounded,76713
2026-05-13T22:46:35+00:00,minimal,stock,idle,8,mem_mib,1024,stop_release,114
2026-05-13T22:46:35+00:00,minimal,stock,idle,8,mem_mib,1024,guest_elapsed_process_start,2
2026-05-13T22:46:35+00:00,minimal,stock,idle,8,mem_mib,1024,guest_delta_process_start,2
2026-05-13T22:46:35+00:00,minimal,stock,idle,8,mem_mib,1024,guest_elapsed_stdio_redirected,1581
2026-05-13T22:46:35+00:00,minimal,stock,idle,8,mem_mib,1024,guest_delta_stdio_redirected,1579
2026-05-13T22:46:35+00:00,minimal,stock,idle,8,mem_mib,1024,guest_elapsed_panic_hook_installed,3192
2026-05-13T22:46:35+00:00,minimal,stock,idle,8,mem_mib,1024,guest_delta_panic_hook_installed,1611
2026-05-13T22:46:35+00:00,minimal,stock,idle,8,mem_mib,1024,guest_elapsed_pseudo_fs_mounted,13302
2026-05-13T22:46:35+00:00,minimal,stock,idle,8,mem_mib,1024,guest_delta_pseudo_fs_mounted,10110
2026-05-13T22:46:35+00:00,minimal,stock,idle,8,mem_mib,1024,guest_elapsed_mount_namespace_private,19385
2026-05-13T22:46:35+00:00,minimal,stock,idle,8,mem_mib,1024,guest_delta_mount_namespace_private,6082
2026-05-13T22:46:35+00:00,minimal,stock,idle,8,mem_mib,1024,guest_elapsed_base_mounted,25274
2026-05-13T22:46:35+00:00,minimal,stock,idle,8,mem_mib,1024,guest_delta_base_mounted,5889
2026-05-13T22:46:35+00:00,minimal,stock,idle,8,mem_mib,1024,guest_elapsed_overlay_disk_mounted,32347
2026-05-13T22:46:35+00:00,minimal,stock,idle,8,mem_mib,1024,guest_delta_overlay_disk_mounted,7073
2026-05-13T22:46:35+00:00,minimal,stock,idle,8,mem_mib,1024,guest_elapsed_overlay_dirs_ready,37861
2026-05-13T22:46:35+00:00,minimal,stock,idle,8,mem_mib,1024,guest_delta_overlay_dirs_ready,5513
2026-05-13T22:46:35+00:00,minimal,stock,idle,8,mem_mib,1024,guest_elapsed_merged_mountpoint_ready,40975
2026-05-13T22:46:35+00:00,minimal,stock,idle,8,mem_mib,1024,guest_delta_merged_mountpoint_ready,3114
2026-05-13T22:46:35+00:00,minimal,stock,idle,8,mem_mib,1024,guest_elapsed_overlayfs_mounted,44144
2026-05-13T22:46:35+00:00,minimal,stock,idle,8,mem_mib,1024,guest_delta_overlayfs_mounted,3168
2026-05-13T22:46:35+00:00,minimal,stock,idle,8,mem_mib,1024,guest_elapsed_pseudo_fs_bound_into_merged,47437
2026-05-13T22:46:35+00:00,minimal,stock,idle,8,mem_mib,1024,guest_delta_pseudo_fs_bound_into_merged,3292
2026-05-13T22:46:35+00:00,minimal,stock,idle,8,mem_mib,1024,guest_elapsed_merged_self_bound,50689
2026-05-13T22:46:35+00:00,minimal,stock,idle,8,mem_mib,1024,guest_delta_merged_self_bound,3252
2026-05-13T22:46:35+00:00,minimal,stock,idle,8,mem_mib,1024,guest_elapsed_pivot_rootfs_done,52402
2026-05-13T22:46:35+00:00,minimal,stock,idle,8,mem_mib,1024,guest_delta_pivot_rootfs_done,1712
2026-05-13T22:46:35+00:00,minimal,stock,idle,8,mem_mib,1024,guest_elapsed_overlay_pivot_complete,54233
2026-05-13T22:46:35+00:00,minimal,stock,idle,8,mem_mib,1024,guest_delta_overlay_pivot_complete,1831
2026-05-13T22:46:35+00:00,minimal,stock,idle,8,mem_mib,1024,guest_elapsed_network_configured,56060
2026-05-13T22:46:35+00:00,minimal,stock,idle,8,mem_mib,1024,guest_delta_network_configured,1826
2026-05-13T22:46:35+00:00,minimal,stock,idle,8,mem_mib,1024,guest_elapsed_workspace_absent,58027
2026-05-13T22:46:35+00:00,minimal,stock,idle,8,mem_mib,1024,guest_delta_workspace_absent,1966
2026-05-13T22:46:35+00:00,minimal,stock,idle,8,mem_mib,1024,guest_elapsed_pid1_setup_complete,58842
2026-05-13T22:46:35+00:00,minimal,stock,idle,8,mem_mib,1024,guest_delta_pid1_setup_complete,815
2026-05-13T22:46:35+00:00,minimal,stock,idle,8,mem_mib,1024,guest_elapsed_guestd_starting_log,60434
2026-05-13T22:46:35+00:00,minimal,stock,idle,8,mem_mib,1024,guest_delta_guestd_starting_log,1592
2026-05-13T22:46:35+00:00,minimal,stock,idle,8,mem_mib,1024,guest_elapsed_exec_listener_bound,61440
2026-05-13T22:46:35+00:00,minimal,stock,idle,8,mem_mib,1024,guest_delta_exec_listener_bound,1005
2026-05-13T22:46:35+00:00,minimal,stock,idle,8,mem_mib,1024,guest_elapsed_ready_signal_sent,63481
2026-05-13T22:46:35+00:00,minimal,stock,idle,8,mem_mib,1024,guest_delta_ready_signal_sent,2040
2026-05-13T22:46:37+00:00,minimal,stock,idle,9,mem_mib,1024,phase_1_run_root_prep,38
2026-05-13T22:46:37+00:00,minimal,stock,idle,9,mem_mib,1024,phase_2_lease,33
2026-05-13T22:46:37+00:00,minimal,stock,idle,9,mem_mib,1024,phase_3b_rootfs_prepare,13606
2026-05-13T22:46:37+00:00,minimal,stock,idle,9,mem_mib,1024,phase_3_storage_prep,13668
2026-05-13T22:46:37+00:00,minimal,stock,idle,9,mem_mib,1024,phase_4_jailer_materialize,3904
2026-05-13T22:46:37+00:00,minimal,stock,idle,9,mem_mib,1024,phase_5_cgroup_probe,0
2026-05-13T22:46:37+00:00,minimal,stock,idle,9,mem_mib,1024,phase_6_network_realize,6
2026-05-13T22:46:37+00:00,minimal,stock,idle,9,mem_mib,1024,phase_7_outbound_guest_config,0
2026-05-13T22:46:37+00:00,minimal,stock,idle,9,mem_mib,1024,phase_9_jailer_launch,15501
2026-05-13T22:46:37+00:00,minimal,stock,idle,9,mem_mib,1024,phase_5b_cgroup_create,35204
2026-05-13T22:46:37+00:00,minimal,stock,idle,9,mem_mib,1024,phase_10_open_uds,19
2026-05-13T22:46:37+00:00,minimal,stock,idle,9,mem_mib,1024,phase_11_put_machine_config,201
2026-05-13T22:46:37+00:00,minimal,stock,idle,9,mem_mib,1024,phase_11_put_boot_source,83
2026-05-13T22:46:37+00:00,minimal,stock,idle,9,mem_mib,1024,phase_11_put_drive_rootfs,86
2026-05-13T22:46:37+00:00,minimal,stock,idle,9,mem_mib,1024,phase_11_put_drive_rootfs_overlay,173
2026-05-13T22:46:37+00:00,minimal,stock,idle,9,mem_mib,1024,phase_11_put_entropy,96
2026-05-13T22:46:37+00:00,minimal,stock,idle,9,mem_mib,1024,phase_11_put_vsock,142
2026-05-13T22:46:37+00:00,minimal,stock,idle,9,mem_mib,1024,phase_11_rest_puts,1468
2026-05-13T22:46:37+00:00,minimal,stock,idle,9,mem_mib,1024,phase_11b_ready_listener_bind,82
2026-05-13T22:46:37+00:00,minimal,stock,idle,9,mem_mib,1024,phase_11c_boot_identity_record,81
2026-05-13T22:46:37+00:00,minimal,stock,idle,9,mem_mib,1024,phase_12a_instance_start,19884
2026-05-13T22:46:37+00:00,minimal,stock,idle,9,mem_mib,1024,phase_12b_host_waiting_accept,1011860
2026-05-13T22:46:37+00:00,minimal,stock,idle,9,mem_mib,1024,phase_12b_kernel_console_range,949426
2026-05-13T22:46:37+00:00,minimal,stock,idle,9,mem_mib,1024,phase_12b_guest_process_start,2
2026-05-13T22:46:37+00:00,minimal,stock,idle,9,mem_mib,1024,phase_12b_guest_stdio_redirected,1632
2026-05-13T22:46:37+00:00,minimal,stock,idle,9,mem_mib,1024,phase_12b_guest_panic_hook_installed,3335
2026-05-13T22:46:37+00:00,minimal,stock,idle,9,mem_mib,1024,phase_12b_guest_pseudo_fs_mounted,13836
2026-05-13T22:46:37+00:00,minimal,stock,idle,9,mem_mib,1024,phase_12b_guest_mount_namespace_private,20183
2026-05-13T22:46:37+00:00,minimal,stock,idle,9,mem_mib,1024,phase_12b_guest_base_mounted,26144
2026-05-13T22:46:37+00:00,minimal,stock,idle,9,mem_mib,1024,phase_12b_guest_overlay_disk_mounted,33864
2026-05-13T22:46:37+00:00,minimal,stock,idle,9,mem_mib,1024,phase_12b_guest_overlay_dirs_ready,39090
2026-05-13T22:46:37+00:00,minimal,stock,idle,9,mem_mib,1024,phase_12b_guest_merged_mountpoint_ready,41973
2026-05-13T22:46:37+00:00,minimal,stock,idle,9,mem_mib,1024,phase_12b_guest_overlayfs_mounted,45336
2026-05-13T22:46:37+00:00,minimal,stock,idle,9,mem_mib,1024,phase_12b_guest_pseudo_fs_bound_into_merged,48860
2026-05-13T22:46:37+00:00,minimal,stock,idle,9,mem_mib,1024,phase_12b_guest_merged_self_bound,52322
2026-05-13T22:46:37+00:00,minimal,stock,idle,9,mem_mib,1024,phase_12b_guest_pivot_rootfs_done,54113
2026-05-13T22:46:37+00:00,minimal,stock,idle,9,mem_mib,1024,phase_12b_guest_overlay_pivot_complete,56060
2026-05-13T22:46:37+00:00,minimal,stock,idle,9,mem_mib,1024,phase_12b_guest_network_configured,57970
2026-05-13T22:46:37+00:00,minimal,stock,idle,9,mem_mib,1024,phase_12b_guest_workspace_absent,60078
2026-05-13T22:46:37+00:00,minimal,stock,idle,9,mem_mib,1024,phase_12b_guest_pid1_setup_complete,60934
2026-05-13T22:46:37+00:00,minimal,stock,idle,9,mem_mib,1024,phase_12b_guest_guestd_starting_log,62619
2026-05-13T22:46:37+00:00,minimal,stock,idle,9,mem_mib,1024,phase_12b_guest_exec_listener_bound,63650
2026-05-13T22:46:37+00:00,minimal,stock,idle,9,mem_mib,1024,phase_12b_ready_accept,1013094
2026-05-13T22:46:37+00:00,minimal,stock,idle,9,mem_mib,1024,exec_send,12
2026-05-13T22:46:37+00:00,minimal,stock,idle,9,mem_mib,1024,exec_recv,12000
2026-05-13T22:46:37+00:00,minimal,stock,idle,9,mem_mib,1024,stop_bounded,54204
2026-05-13T22:46:37+00:00,minimal,stock,idle,9,mem_mib,1024,stop_release,125
2026-05-13T22:46:37+00:00,minimal,stock,idle,9,mem_mib,1024,guest_elapsed_process_start,2
2026-05-13T22:46:37+00:00,minimal,stock,idle,9,mem_mib,1024,guest_delta_process_start,2
2026-05-13T22:46:37+00:00,minimal,stock,idle,9,mem_mib,1024,guest_elapsed_stdio_redirected,1632
2026-05-13T22:46:37+00:00,minimal,stock,idle,9,mem_mib,1024,guest_delta_stdio_redirected,1629
2026-05-13T22:46:37+00:00,minimal,stock,idle,9,mem_mib,1024,guest_elapsed_panic_hook_installed,3335
2026-05-13T22:46:37+00:00,minimal,stock,idle,9,mem_mib,1024,guest_delta_panic_hook_installed,1703
2026-05-13T22:46:37+00:00,minimal,stock,idle,9,mem_mib,1024,guest_elapsed_pseudo_fs_mounted,13836
2026-05-13T22:46:37+00:00,minimal,stock,idle,9,mem_mib,1024,guest_delta_pseudo_fs_mounted,10500
2026-05-13T22:46:37+00:00,minimal,stock,idle,9,mem_mib,1024,guest_elapsed_mount_namespace_private,20183
2026-05-13T22:46:37+00:00,minimal,stock,idle,9,mem_mib,1024,guest_delta_mount_namespace_private,6347
2026-05-13T22:46:37+00:00,minimal,stock,idle,9,mem_mib,1024,guest_elapsed_base_mounted,26144
2026-05-13T22:46:37+00:00,minimal,stock,idle,9,mem_mib,1024,guest_delta_base_mounted,5960
2026-05-13T22:46:37+00:00,minimal,stock,idle,9,mem_mib,1024,guest_elapsed_overlay_disk_mounted,33864
2026-05-13T22:46:37+00:00,minimal,stock,idle,9,mem_mib,1024,guest_delta_overlay_disk_mounted,7720
2026-05-13T22:46:37+00:00,minimal,stock,idle,9,mem_mib,1024,guest_elapsed_overlay_dirs_ready,39090
2026-05-13T22:46:37+00:00,minimal,stock,idle,9,mem_mib,1024,guest_delta_overlay_dirs_ready,5226
2026-05-13T22:46:37+00:00,minimal,stock,idle,9,mem_mib,1024,guest_elapsed_merged_mountpoint_ready,41973
2026-05-13T22:46:37+00:00,minimal,stock,idle,9,mem_mib,1024,guest_delta_merged_mountpoint_ready,2883
2026-05-13T22:46:37+00:00,minimal,stock,idle,9,mem_mib,1024,guest_elapsed_overlayfs_mounted,45336
2026-05-13T22:46:37+00:00,minimal,stock,idle,9,mem_mib,1024,guest_delta_overlayfs_mounted,3362
2026-05-13T22:46:37+00:00,minimal,stock,idle,9,mem_mib,1024,guest_elapsed_pseudo_fs_bound_into_merged,48860
2026-05-13T22:46:37+00:00,minimal,stock,idle,9,mem_mib,1024,guest_delta_pseudo_fs_bound_into_merged,3523
2026-05-13T22:46:37+00:00,minimal,stock,idle,9,mem_mib,1024,guest_elapsed_merged_self_bound,52322
2026-05-13T22:46:37+00:00,minimal,stock,idle,9,mem_mib,1024,guest_delta_merged_self_bound,3462
2026-05-13T22:46:37+00:00,minimal,stock,idle,9,mem_mib,1024,guest_elapsed_pivot_rootfs_done,54113
2026-05-13T22:46:37+00:00,minimal,stock,idle,9,mem_mib,1024,guest_delta_pivot_rootfs_done,1790
2026-05-13T22:46:37+00:00,minimal,stock,idle,9,mem_mib,1024,guest_elapsed_overlay_pivot_complete,56060
2026-05-13T22:46:37+00:00,minimal,stock,idle,9,mem_mib,1024,guest_delta_overlay_pivot_complete,1946
2026-05-13T22:46:37+00:00,minimal,stock,idle,9,mem_mib,1024,guest_elapsed_network_configured,57970
2026-05-13T22:46:37+00:00,minimal,stock,idle,9,mem_mib,1024,guest_delta_network_configured,1910
2026-05-13T22:46:37+00:00,minimal,stock,idle,9,mem_mib,1024,guest_elapsed_workspace_absent,60078
2026-05-13T22:46:37+00:00,minimal,stock,idle,9,mem_mib,1024,guest_delta_workspace_absent,2107
2026-05-13T22:46:37+00:00,minimal,stock,idle,9,mem_mib,1024,guest_elapsed_pid1_setup_complete,60934
2026-05-13T22:46:37+00:00,minimal,stock,idle,9,mem_mib,1024,guest_delta_pid1_setup_complete,856
2026-05-13T22:46:37+00:00,minimal,stock,idle,9,mem_mib,1024,guest_elapsed_guestd_starting_log,62619
2026-05-13T22:46:37+00:00,minimal,stock,idle,9,mem_mib,1024,guest_delta_guestd_starting_log,1685
2026-05-13T22:46:37+00:00,minimal,stock,idle,9,mem_mib,1024,guest_elapsed_exec_listener_bound,63650
2026-05-13T22:46:37+00:00,minimal,stock,idle,9,mem_mib,1024,guest_delta_exec_listener_bound,1031
2026-05-13T22:46:37+00:00,minimal,stock,idle,9,mem_mib,1024,guest_elapsed_ready_signal_sent,65758
2026-05-13T22:46:37+00:00,minimal,stock,idle,9,mem_mib,1024,guest_delta_ready_signal_sent,2107
2026-05-13T22:46:38+00:00,minimal,stock,idle,10,mem_mib,1024,phase_1_run_root_prep,60
2026-05-13T22:46:38+00:00,minimal,stock,idle,10,mem_mib,1024,phase_2_lease,34
2026-05-13T22:46:38+00:00,minimal,stock,idle,10,mem_mib,1024,phase_3b_rootfs_prepare,11038
2026-05-13T22:46:38+00:00,minimal,stock,idle,10,mem_mib,1024,phase_3_storage_prep,11093
2026-05-13T22:46:38+00:00,minimal,stock,idle,10,mem_mib,1024,phase_4_jailer_materialize,1712
2026-05-13T22:46:38+00:00,minimal,stock,idle,10,mem_mib,1024,phase_5_cgroup_probe,0
2026-05-13T22:46:38+00:00,minimal,stock,idle,10,mem_mib,1024,phase_6_network_realize,0
2026-05-13T22:46:38+00:00,minimal,stock,idle,10,mem_mib,1024,phase_7_outbound_guest_config,0
2026-05-13T22:46:38+00:00,minimal,stock,idle,10,mem_mib,1024,phase_9_jailer_launch,15547
2026-05-13T22:46:38+00:00,minimal,stock,idle,10,mem_mib,1024,phase_5b_cgroup_create,19307
2026-05-13T22:46:38+00:00,minimal,stock,idle,10,mem_mib,1024,phase_10_open_uds,28
2026-05-13T22:46:38+00:00,minimal,stock,idle,10,mem_mib,1024,phase_11_put_machine_config,166
2026-05-13T22:46:38+00:00,minimal,stock,idle,10,mem_mib,1024,phase_11_put_boot_source,81
2026-05-13T22:46:38+00:00,minimal,stock,idle,10,mem_mib,1024,phase_11_put_drive_rootfs,83
2026-05-13T22:46:38+00:00,minimal,stock,idle,10,mem_mib,1024,phase_11_put_drive_rootfs_overlay,166
2026-05-13T22:46:38+00:00,minimal,stock,idle,10,mem_mib,1024,phase_11_put_entropy,83
2026-05-13T22:46:38+00:00,minimal,stock,idle,10,mem_mib,1024,phase_11_put_vsock,145
2026-05-13T22:46:38+00:00,minimal,stock,idle,10,mem_mib,1024,phase_11_rest_puts,1405
2026-05-13T22:46:38+00:00,minimal,stock,idle,10,mem_mib,1024,phase_11b_ready_listener_bind,89
2026-05-13T22:46:38+00:00,minimal,stock,idle,10,mem_mib,1024,phase_11c_boot_identity_record,106
2026-05-13T22:46:38+00:00,minimal,stock,idle,10,mem_mib,1024,phase_12a_instance_start,19121
2026-05-13T22:46:38+00:00,minimal,stock,idle,10,mem_mib,1024,phase_12b_host_waiting_accept,1008345
2026-05-13T22:46:38+00:00,minimal,stock,idle,10,mem_mib,1024,phase_12b_kernel_console_range,944573
2026-05-13T22:46:38+00:00,minimal,stock,idle,10,mem_mib,1024,phase_12b_guest_process_start,2
2026-05-13T22:46:38+00:00,minimal,stock,idle,10,mem_mib,1024,phase_12b_guest_stdio_redirected,1612
2026-05-13T22:46:38+00:00,minimal,stock,idle,10,mem_mib,1024,phase_12b_guest_panic_hook_installed,3299
2026-05-13T22:46:38+00:00,minimal,stock,idle,10,mem_mib,1024,phase_12b_guest_pseudo_fs_mounted,13722
2026-05-13T22:46:38+00:00,minimal,stock,idle,10,mem_mib,1024,phase_12b_guest_mount_namespace_private,20269
2026-05-13T22:46:38+00:00,minimal,stock,idle,10,mem_mib,1024,phase_12b_guest_base_mounted,25773
2026-05-13T22:46:38+00:00,minimal,stock,idle,10,mem_mib,1024,phase_12b_guest_overlay_disk_mounted,33096
2026-05-13T22:46:38+00:00,minimal,stock,idle,10,mem_mib,1024,phase_12b_guest_overlay_dirs_ready,37974
2026-05-13T22:46:38+00:00,minimal,stock,idle,10,mem_mib,1024,phase_12b_guest_merged_mountpoint_ready,40804
2026-05-13T22:46:38+00:00,minimal,stock,idle,10,mem_mib,1024,phase_12b_guest_overlayfs_mounted,44116
2026-05-13T22:46:38+00:00,minimal,stock,idle,10,mem_mib,1024,phase_12b_guest_pseudo_fs_bound_into_merged,47568
2026-05-13T22:46:38+00:00,minimal,stock,idle,10,mem_mib,1024,phase_12b_guest_merged_self_bound,50952
2026-05-13T22:46:38+00:00,minimal,stock,idle,10,mem_mib,1024,phase_12b_guest_pivot_rootfs_done,52707
2026-05-13T22:46:38+00:00,minimal,stock,idle,10,mem_mib,1024,phase_12b_guest_overlay_pivot_complete,54613
2026-05-13T22:46:38+00:00,minimal,stock,idle,10,mem_mib,1024,phase_12b_guest_network_configured,56486
2026-05-13T22:46:38+00:00,minimal,stock,idle,10,mem_mib,1024,phase_12b_guest_workspace_absent,58528
2026-05-13T22:46:38+00:00,minimal,stock,idle,10,mem_mib,1024,phase_12b_guest_pid1_setup_complete,59376
2026-05-13T22:46:38+00:00,minimal,stock,idle,10,mem_mib,1024,phase_12b_guest_guestd_starting_log,61014
2026-05-13T22:46:38+00:00,minimal,stock,idle,10,mem_mib,1024,phase_12b_guest_exec_listener_bound,62039
2026-05-13T22:46:38+00:00,minimal,stock,idle,10,mem_mib,1024,phase_12b_ready_accept,1010789
2026-05-13T22:46:38+00:00,minimal,stock,idle,10,mem_mib,1024,exec_send,19
2026-05-13T22:46:38+00:00,minimal,stock,idle,10,mem_mib,1024,exec_recv,11929
2026-05-13T22:46:38+00:00,minimal,stock,idle,10,mem_mib,1024,stop_bounded,69875
2026-05-13T22:46:38+00:00,minimal,stock,idle,10,mem_mib,1024,stop_release,110
2026-05-13T22:46:38+00:00,minimal,stock,idle,10,mem_mib,1024,guest_elapsed_process_start,2
2026-05-13T22:46:38+00:00,minimal,stock,idle,10,mem_mib,1024,guest_delta_process_start,2
2026-05-13T22:46:38+00:00,minimal,stock,idle,10,mem_mib,1024,guest_elapsed_stdio_redirected,1612
2026-05-13T22:46:38+00:00,minimal,stock,idle,10,mem_mib,1024,guest_delta_stdio_redirected,1609
2026-05-13T22:46:38+00:00,minimal,stock,idle,10,mem_mib,1024,guest_elapsed_panic_hook_installed,3299
2026-05-13T22:46:38+00:00,minimal,stock,idle,10,mem_mib,1024,guest_delta_panic_hook_installed,1686
2026-05-13T22:46:38+00:00,minimal,stock,idle,10,mem_mib,1024,guest_elapsed_pseudo_fs_mounted,13722
2026-05-13T22:46:38+00:00,minimal,stock,idle,10,mem_mib,1024,guest_delta_pseudo_fs_mounted,10423
2026-05-13T22:46:38+00:00,minimal,stock,idle,10,mem_mib,1024,guest_elapsed_mount_namespace_private,20269
2026-05-13T22:46:38+00:00,minimal,stock,idle,10,mem_mib,1024,guest_delta_mount_namespace_private,6546
2026-05-13T22:46:38+00:00,minimal,stock,idle,10,mem_mib,1024,guest_elapsed_base_mounted,25773
2026-05-13T22:46:38+00:00,minimal,stock,idle,10,mem_mib,1024,guest_delta_base_mounted,5503
2026-05-13T22:46:38+00:00,minimal,stock,idle,10,mem_mib,1024,guest_elapsed_overlay_disk_mounted,33096
2026-05-13T22:46:38+00:00,minimal,stock,idle,10,mem_mib,1024,guest_delta_overlay_disk_mounted,7322
2026-05-13T22:46:38+00:00,minimal,stock,idle,10,mem_mib,1024,guest_elapsed_overlay_dirs_ready,37974
2026-05-13T22:46:38+00:00,minimal,stock,idle,10,mem_mib,1024,guest_delta_overlay_dirs_ready,4878
2026-05-13T22:46:38+00:00,minimal,stock,idle,10,mem_mib,1024,guest_elapsed_merged_mountpoint_ready,40804
2026-05-13T22:46:38+00:00,minimal,stock,idle,10,mem_mib,1024,guest_delta_merged_mountpoint_ready,2829
2026-05-13T22:46:38+00:00,minimal,stock,idle,10,mem_mib,1024,guest_elapsed_overlayfs_mounted,44116
2026-05-13T22:46:38+00:00,minimal,stock,idle,10,mem_mib,1024,guest_delta_overlayfs_mounted,3311
2026-05-13T22:46:38+00:00,minimal,stock,idle,10,mem_mib,1024,guest_elapsed_pseudo_fs_bound_into_merged,47568
2026-05-13T22:46:38+00:00,minimal,stock,idle,10,mem_mib,1024,guest_delta_pseudo_fs_bound_into_merged,3452
2026-05-13T22:46:38+00:00,minimal,stock,idle,10,mem_mib,1024,guest_elapsed_merged_self_bound,50952
2026-05-13T22:46:38+00:00,minimal,stock,idle,10,mem_mib,1024,guest_delta_merged_self_bound,3383
2026-05-13T22:46:38+00:00,minimal,stock,idle,10,mem_mib,1024,guest_elapsed_pivot_rootfs_done,52707
2026-05-13T22:46:38+00:00,minimal,stock,idle,10,mem_mib,1024,guest_delta_pivot_rootfs_done,1754
2026-05-13T22:46:38+00:00,minimal,stock,idle,10,mem_mib,1024,guest_elapsed_overlay_pivot_complete,54613
2026-05-13T22:46:38+00:00,minimal,stock,idle,10,mem_mib,1024,guest_delta_overlay_pivot_complete,1906
2026-05-13T22:46:38+00:00,minimal,stock,idle,10,mem_mib,1024,guest_elapsed_network_configured,56486
2026-05-13T22:46:38+00:00,minimal,stock,idle,10,mem_mib,1024,guest_delta_network_configured,1873
2026-05-13T22:46:38+00:00,minimal,stock,idle,10,mem_mib,1024,guest_elapsed_workspace_absent,58528
2026-05-13T22:46:38+00:00,minimal,stock,idle,10,mem_mib,1024,guest_delta_workspace_absent,2041
2026-05-13T22:46:38+00:00,minimal,stock,idle,10,mem_mib,1024,guest_elapsed_pid1_setup_complete,59376
2026-05-13T22:46:38+00:00,minimal,stock,idle,10,mem_mib,1024,guest_delta_pid1_setup_complete,848
2026-05-13T22:46:38+00:00,minimal,stock,idle,10,mem_mib,1024,guest_elapsed_guestd_starting_log,61014
2026-05-13T22:46:38+00:00,minimal,stock,idle,10,mem_mib,1024,guest_delta_guestd_starting_log,1638
2026-05-13T22:46:38+00:00,minimal,stock,idle,10,mem_mib,1024,guest_elapsed_exec_listener_bound,62039
2026-05-13T22:46:38+00:00,minimal,stock,idle,10,mem_mib,1024,guest_delta_exec_listener_bound,1024
2026-05-13T22:46:38+00:00,minimal,stock,idle,10,mem_mib,1024,guest_elapsed_ready_signal_sent,64149
2026-05-13T22:46:38+00:00,minimal,stock,idle,10,mem_mib,1024,guest_delta_ready_signal_sent,2110
2026-05-13T22:46:40+00:00,minimal,stock,idle,11,mem_mib,1024,phase_1_run_root_prep,35
2026-05-13T22:46:40+00:00,minimal,stock,idle,11,mem_mib,1024,phase_2_lease,34
2026-05-13T22:46:40+00:00,minimal,stock,idle,11,mem_mib,1024,phase_3b_rootfs_prepare,10522
2026-05-13T22:46:40+00:00,minimal,stock,idle,11,mem_mib,1024,phase_3_storage_prep,10588
2026-05-13T22:46:40+00:00,minimal,stock,idle,11,mem_mib,1024,phase_4_jailer_materialize,866
2026-05-13T22:46:40+00:00,minimal,stock,idle,11,mem_mib,1024,phase_5_cgroup_probe,0
2026-05-13T22:46:40+00:00,minimal,stock,idle,11,mem_mib,1024,phase_6_network_realize,0
2026-05-13T22:46:40+00:00,minimal,stock,idle,11,mem_mib,1024,phase_7_outbound_guest_config,0
2026-05-13T22:46:40+00:00,minimal,stock,idle,11,mem_mib,1024,phase_9_jailer_launch,15503
2026-05-13T22:46:40+00:00,minimal,stock,idle,11,mem_mib,1024,phase_5b_cgroup_create,22269
2026-05-13T22:46:40+00:00,minimal,stock,idle,11,mem_mib,1024,phase_10_open_uds,29
2026-05-13T22:46:40+00:00,minimal,stock,idle,11,mem_mib,1024,phase_11_put_machine_config,190
2026-05-13T22:46:40+00:00,minimal,stock,idle,11,mem_mib,1024,phase_11_put_boot_source,101
2026-05-13T22:46:40+00:00,minimal,stock,idle,11,mem_mib,1024,phase_11_put_drive_rootfs,109
2026-05-13T22:46:40+00:00,minimal,stock,idle,11,mem_mib,1024,phase_11_put_drive_rootfs_overlay,203
2026-05-13T22:46:40+00:00,minimal,stock,idle,11,mem_mib,1024,phase_11_put_entropy,105
2026-05-13T22:46:40+00:00,minimal,stock,idle,11,mem_mib,1024,phase_11_put_vsock,161
2026-05-13T22:46:40+00:00,minimal,stock,idle,11,mem_mib,1024,phase_11_rest_puts,1528
2026-05-13T22:46:40+00:00,minimal,stock,idle,11,mem_mib,1024,phase_11b_ready_listener_bind,90
2026-05-13T22:46:40+00:00,minimal,stock,idle,11,mem_mib,1024,phase_11c_boot_identity_record,95
2026-05-13T22:46:40+00:00,minimal,stock,idle,11,mem_mib,1024,phase_12a_instance_start,13423
2026-05-13T22:46:40+00:00,minimal,stock,idle,11,mem_mib,1024,phase_12b_host_waiting_accept,1010810
2026-05-13T22:46:40+00:00,minimal,stock,idle,11,mem_mib,1024,phase_12b_kernel_console_range,946890
2026-05-13T22:46:40+00:00,minimal,stock,idle,11,mem_mib,1024,phase_12b_guest_process_start,2
2026-05-13T22:46:40+00:00,minimal,stock,idle,11,mem_mib,1024,phase_12b_guest_stdio_redirected,1647
2026-05-13T22:46:40+00:00,minimal,stock,idle,11,mem_mib,1024,phase_12b_guest_panic_hook_installed,3338
2026-05-13T22:46:40+00:00,minimal,stock,idle,11,mem_mib,1024,phase_12b_guest_pseudo_fs_mounted,13810
2026-05-13T22:46:40+00:00,minimal,stock,idle,11,mem_mib,1024,phase_12b_guest_mount_namespace_private,20094
2026-05-13T22:46:40+00:00,minimal,stock,idle,11,mem_mib,1024,phase_12b_guest_base_mounted,26239
2026-05-13T22:46:40+00:00,minimal,stock,idle,11,mem_mib,1024,phase_12b_guest_overlay_disk_mounted,33622
2026-05-13T22:46:40+00:00,minimal,stock,idle,11,mem_mib,1024,phase_12b_guest_overlay_dirs_ready,39291
2026-05-13T22:46:40+00:00,minimal,stock,idle,11,mem_mib,1024,phase_12b_guest_merged_mountpoint_ready,42193
2026-05-13T22:46:40+00:00,minimal,stock,idle,11,mem_mib,1024,phase_12b_guest_overlayfs_mounted,45569
2026-05-13T22:46:40+00:00,minimal,stock,idle,11,mem_mib,1024,phase_12b_guest_pseudo_fs_bound_into_merged,49103
2026-05-13T22:46:40+00:00,minimal,stock,idle,11,mem_mib,1024,phase_12b_guest_merged_self_bound,52554
2026-05-13T22:46:40+00:00,minimal,stock,idle,11,mem_mib,1024,phase_12b_guest_pivot_rootfs_done,54356
2026-05-13T22:46:40+00:00,minimal,stock,idle,11,mem_mib,1024,phase_12b_guest_overlay_pivot_complete,56306
2026-05-13T22:46:40+00:00,minimal,stock,idle,11,mem_mib,1024,phase_12b_guest_network_configured,58220
2026-05-13T22:46:40+00:00,minimal,stock,idle,11,mem_mib,1024,phase_12b_guest_workspace_absent,60309
2026-05-13T22:46:40+00:00,minimal,stock,idle,11,mem_mib,1024,phase_12b_guest_pid1_setup_complete,61172
2026-05-13T22:46:40+00:00,minimal,stock,idle,11,mem_mib,1024,phase_12b_guest_guestd_starting_log,62854
2026-05-13T22:46:40+00:00,minimal,stock,idle,11,mem_mib,1024,phase_12b_guest_exec_listener_bound,63924
2026-05-13T22:46:40+00:00,minimal,stock,idle,11,mem_mib,1024,phase_12b_ready_accept,1013219
2026-05-13T22:46:40+00:00,minimal,stock,idle,11,mem_mib,1024,exec_send,8
2026-05-13T22:46:40+00:00,minimal,stock,idle,11,mem_mib,1024,exec_recv,11987
2026-05-13T22:46:40+00:00,minimal,stock,idle,11,mem_mib,1024,stop_bounded,75819
2026-05-13T22:46:40+00:00,minimal,stock,idle,11,mem_mib,1024,stop_release,114
2026-05-13T22:46:40+00:00,minimal,stock,idle,11,mem_mib,1024,guest_elapsed_process_start,2
2026-05-13T22:46:40+00:00,minimal,stock,idle,11,mem_mib,1024,guest_delta_process_start,2
2026-05-13T22:46:40+00:00,minimal,stock,idle,11,mem_mib,1024,guest_elapsed_stdio_redirected,1647
2026-05-13T22:46:40+00:00,minimal,stock,idle,11,mem_mib,1024,guest_delta_stdio_redirected,1644
2026-05-13T22:46:40+00:00,minimal,stock,idle,11,mem_mib,1024,guest_elapsed_panic_hook_installed,3338
2026-05-13T22:46:40+00:00,minimal,stock,idle,11,mem_mib,1024,guest_delta_panic_hook_installed,1690
2026-05-13T22:46:40+00:00,minimal,stock,idle,11,mem_mib,1024,guest_elapsed_pseudo_fs_mounted,13810
2026-05-13T22:46:40+00:00,minimal,stock,idle,11,mem_mib,1024,guest_delta_pseudo_fs_mounted,10472
2026-05-13T22:46:40+00:00,minimal,stock,idle,11,mem_mib,1024,guest_elapsed_mount_namespace_private,20094
2026-05-13T22:46:40+00:00,minimal,stock,idle,11,mem_mib,1024,guest_delta_mount_namespace_private,6283
2026-05-13T22:46:40+00:00,minimal,stock,idle,11,mem_mib,1024,guest_elapsed_base_mounted,26239
2026-05-13T22:46:40+00:00,minimal,stock,idle,11,mem_mib,1024,guest_delta_base_mounted,6144
2026-05-13T22:46:40+00:00,minimal,stock,idle,11,mem_mib,1024,guest_elapsed_overlay_disk_mounted,33622
2026-05-13T22:46:40+00:00,minimal,stock,idle,11,mem_mib,1024,guest_delta_overlay_disk_mounted,7383
2026-05-13T22:46:40+00:00,minimal,stock,idle,11,mem_mib,1024,guest_elapsed_overlay_dirs_ready,39291
2026-05-13T22:46:40+00:00,minimal,stock,idle,11,mem_mib,1024,guest_delta_overlay_dirs_ready,5669
2026-05-13T22:46:40+00:00,minimal,stock,idle,11,mem_mib,1024,guest_elapsed_merged_mountpoint_ready,42193
2026-05-13T22:46:40+00:00,minimal,stock,idle,11,mem_mib,1024,guest_delta_merged_mountpoint_ready,2902
2026-05-13T22:46:40+00:00,minimal,stock,idle,11,mem_mib,1024,guest_elapsed_overlayfs_mounted,45569
2026-05-13T22:46:40+00:00,minimal,stock,idle,11,mem_mib,1024,guest_delta_overlayfs_mounted,3375
2026-05-13T22:46:40+00:00,minimal,stock,idle,11,mem_mib,1024,guest_elapsed_pseudo_fs_bound_into_merged,49103
2026-05-13T22:46:40+00:00,minimal,stock,idle,11,mem_mib,1024,guest_delta_pseudo_fs_bound_into_merged,3533
2026-05-13T22:46:40+00:00,minimal,stock,idle,11,mem_mib,1024,guest_elapsed_merged_self_bound,52554
2026-05-13T22:46:40+00:00,minimal,stock,idle,11,mem_mib,1024,guest_delta_merged_self_bound,3451
2026-05-13T22:46:40+00:00,minimal,stock,idle,11,mem_mib,1024,guest_elapsed_pivot_rootfs_done,54356
2026-05-13T22:46:40+00:00,minimal,stock,idle,11,mem_mib,1024,guest_delta_pivot_rootfs_done,1801
2026-05-13T22:46:40+00:00,minimal,stock,idle,11,mem_mib,1024,guest_elapsed_overlay_pivot_complete,56306
2026-05-13T22:46:40+00:00,minimal,stock,idle,11,mem_mib,1024,guest_delta_overlay_pivot_complete,1950
2026-05-13T22:46:40+00:00,minimal,stock,idle,11,mem_mib,1024,guest_elapsed_network_configured,58220
2026-05-13T22:46:40+00:00,minimal,stock,idle,11,mem_mib,1024,guest_delta_network_configured,1913
2026-05-13T22:46:40+00:00,minimal,stock,idle,11,mem_mib,1024,guest_elapsed_workspace_absent,60309
2026-05-13T22:46:40+00:00,minimal,stock,idle,11,mem_mib,1024,guest_delta_workspace_absent,2088
2026-05-13T22:46:40+00:00,minimal,stock,idle,11,mem_mib,1024,guest_elapsed_pid1_setup_complete,61172
2026-05-13T22:46:40+00:00,minimal,stock,idle,11,mem_mib,1024,guest_delta_pid1_setup_complete,862
2026-05-13T22:46:40+00:00,minimal,stock,idle,11,mem_mib,1024,guest_elapsed_guestd_starting_log,62854
2026-05-13T22:46:40+00:00,minimal,stock,idle,11,mem_mib,1024,guest_delta_guestd_starting_log,1682
2026-05-13T22:46:40+00:00,minimal,stock,idle,11,mem_mib,1024,guest_elapsed_exec_listener_bound,63924
2026-05-13T22:46:40+00:00,minimal,stock,idle,11,mem_mib,1024,guest_delta_exec_listener_bound,1070
2026-05-13T22:46:40+00:00,minimal,stock,idle,11,mem_mib,1024,guest_elapsed_ready_signal_sent,66087
2026-05-13T22:46:40+00:00,minimal,stock,idle,11,mem_mib,1024,guest_delta_ready_signal_sent,2162
2026-05-13T22:46:41+00:00,minimal,stock,idle,12,mem_mib,1024,phase_1_run_root_prep,58
2026-05-13T22:46:41+00:00,minimal,stock,idle,12,mem_mib,1024,phase_2_lease,61
2026-05-13T22:46:41+00:00,minimal,stock,idle,12,mem_mib,1024,phase_3b_rootfs_prepare,12470
2026-05-13T22:46:41+00:00,minimal,stock,idle,12,mem_mib,1024,phase_3_storage_prep,12527
2026-05-13T22:46:41+00:00,minimal,stock,idle,12,mem_mib,1024,phase_4_jailer_materialize,1275
2026-05-13T22:46:41+00:00,minimal,stock,idle,12,mem_mib,1024,phase_5_cgroup_probe,0
2026-05-13T22:46:41+00:00,minimal,stock,idle,12,mem_mib,1024,phase_6_network_realize,0
2026-05-13T22:46:41+00:00,minimal,stock,idle,12,mem_mib,1024,phase_7_outbound_guest_config,0
2026-05-13T22:46:41+00:00,minimal,stock,idle,12,mem_mib,1024,phase_9_jailer_launch,15548
2026-05-13T22:46:41+00:00,minimal,stock,idle,12,mem_mib,1024,phase_5b_cgroup_create,23319
2026-05-13T22:46:41+00:00,minimal,stock,idle,12,mem_mib,1024,phase_10_open_uds,23
2026-05-13T22:46:41+00:00,minimal,stock,idle,12,mem_mib,1024,phase_11_put_machine_config,162
2026-05-13T22:46:41+00:00,minimal,stock,idle,12,mem_mib,1024,phase_11_put_boot_source,81
2026-05-13T22:46:41+00:00,minimal,stock,idle,12,mem_mib,1024,phase_11_put_drive_rootfs,84
2026-05-13T22:46:41+00:00,minimal,stock,idle,12,mem_mib,1024,phase_11_put_drive_rootfs_overlay,160
2026-05-13T22:46:41+00:00,minimal,stock,idle,12,mem_mib,1024,phase_11_put_entropy,105
2026-05-13T22:46:41+00:00,minimal,stock,idle,12,mem_mib,1024,phase_11_put_vsock,162
2026-05-13T22:46:41+00:00,minimal,stock,idle,12,mem_mib,1024,phase_11_rest_puts,1457
2026-05-13T22:46:41+00:00,minimal,stock,idle,12,mem_mib,1024,phase_11b_ready_listener_bind,76
2026-05-13T22:46:41+00:00,minimal,stock,idle,12,mem_mib,1024,phase_11c_boot_identity_record,91
2026-05-13T22:46:41+00:00,minimal,stock,idle,12,mem_mib,1024,phase_12a_instance_start,14008
2026-05-13T22:46:41+00:00,minimal,stock,idle,12,mem_mib,1024,phase_12b_host_waiting_accept,1018461
2026-05-13T22:46:41+00:00,minimal,stock,idle,12,mem_mib,1024,phase_12b_kernel_console_range,952847
2026-05-13T22:46:41+00:00,minimal,stock,idle,12,mem_mib,1024,phase_12b_guest_process_start,2
2026-05-13T22:46:41+00:00,minimal,stock,idle,12,mem_mib,1024,phase_12b_guest_stdio_redirected,1694
2026-05-13T22:46:41+00:00,minimal,stock,idle,12,mem_mib,1024,phase_12b_guest_panic_hook_installed,3410
2026-05-13T22:46:41+00:00,minimal,stock,idle,12,mem_mib,1024,phase_12b_guest_pseudo_fs_mounted,14429
2026-05-13T22:46:41+00:00,minimal,stock,idle,12,mem_mib,1024,phase_12b_guest_mount_namespace_private,21108
2026-05-13T22:46:41+00:00,minimal,stock,idle,12,mem_mib,1024,phase_12b_guest_base_mounted,27497
2026-05-13T22:46:41+00:00,minimal,stock,idle,12,mem_mib,1024,phase_12b_guest_overlay_disk_mounted,35970
2026-05-13T22:46:41+00:00,minimal,stock,idle,12,mem_mib,1024,phase_12b_guest_overlay_dirs_ready,42966
2026-05-13T22:46:41+00:00,minimal,stock,idle,12,mem_mib,1024,phase_12b_guest_merged_mountpoint_ready,48014
2026-05-13T22:46:41+00:00,minimal,stock,idle,12,mem_mib,1024,phase_12b_guest_overlayfs_mounted,54072
2026-05-13T22:46:41+00:00,minimal,stock,idle,12,mem_mib,1024,phase_12b_guest_pseudo_fs_bound_into_merged,59790
2026-05-13T22:46:41+00:00,minimal,stock,idle,12,mem_mib,1024,phase_12b_guest_merged_self_bound,63230
2026-05-13T22:46:41+00:00,minimal,stock,idle,12,mem_mib,1024,phase_12b_guest_pivot_rootfs_done,65070
2026-05-13T22:46:41+00:00,minimal,stock,idle,12,mem_mib,1024,phase_12b_guest_overlay_pivot_complete,66983
2026-05-13T22:46:41+00:00,minimal,stock,idle,12,mem_mib,1024,phase_12b_guest_network_configured,68890
2026-05-13T22:46:41+00:00,minimal,stock,idle,12,mem_mib,1024,phase_12b_guest_workspace_absent,70944
2026-05-13T22:46:41+00:00,minimal,stock,idle,12,mem_mib,1024,phase_12b_guest_pid1_setup_complete,71815
2026-05-13T22:46:41+00:00,minimal,stock,idle,12,mem_mib,1024,phase_12b_guest_guestd_starting_log,73489
2026-05-13T22:46:41+00:00,minimal,stock,idle,12,mem_mib,1024,phase_12b_guest_exec_listener_bound,74571
2026-05-13T22:46:41+00:00,minimal,stock,idle,12,mem_mib,1024,phase_12b_ready_accept,1020819
2026-05-13T22:46:41+00:00,minimal,stock,idle,12,mem_mib,1024,exec_send,20
2026-05-13T22:46:41+00:00,minimal,stock,idle,12,mem_mib,1024,exec_recv,11987
2026-05-13T22:46:41+00:00,minimal,stock,idle,12,mem_mib,1024,stop_bounded,76867
2026-05-13T22:46:41+00:00,minimal,stock,idle,12,mem_mib,1024,stop_release,122
2026-05-13T22:46:41+00:00,minimal,stock,idle,12,mem_mib,1024,guest_elapsed_process_start,2
2026-05-13T22:46:41+00:00,minimal,stock,idle,12,mem_mib,1024,guest_delta_process_start,2
2026-05-13T22:46:41+00:00,minimal,stock,idle,12,mem_mib,1024,guest_elapsed_stdio_redirected,1694
2026-05-13T22:46:41+00:00,minimal,stock,idle,12,mem_mib,1024,guest_delta_stdio_redirected,1691
2026-05-13T22:46:41+00:00,minimal,stock,idle,12,mem_mib,1024,guest_elapsed_panic_hook_installed,3410
2026-05-13T22:46:41+00:00,minimal,stock,idle,12,mem_mib,1024,guest_delta_panic_hook_installed,1716
2026-05-13T22:46:41+00:00,minimal,stock,idle,12,mem_mib,1024,guest_elapsed_pseudo_fs_mounted,14429
2026-05-13T22:46:41+00:00,minimal,stock,idle,12,mem_mib,1024,guest_delta_pseudo_fs_mounted,11018
2026-05-13T22:46:41+00:00,minimal,stock,idle,12,mem_mib,1024,guest_elapsed_mount_namespace_private,21108
2026-05-13T22:46:41+00:00,minimal,stock,idle,12,mem_mib,1024,guest_delta_mount_namespace_private,6678
2026-05-13T22:46:41+00:00,minimal,stock,idle,12,mem_mib,1024,guest_elapsed_base_mounted,27497
2026-05-13T22:46:41+00:00,minimal,stock,idle,12,mem_mib,1024,guest_delta_base_mounted,6389
2026-05-13T22:46:41+00:00,minimal,stock,idle,12,mem_mib,1024,guest_elapsed_overlay_disk_mounted,35970
2026-05-13T22:46:41+00:00,minimal,stock,idle,12,mem_mib,1024,guest_delta_overlay_disk_mounted,8473
2026-05-13T22:46:41+00:00,minimal,stock,idle,12,mem_mib,1024,guest_elapsed_overlay_dirs_ready,42966
2026-05-13T22:46:41+00:00,minimal,stock,idle,12,mem_mib,1024,guest_delta_overlay_dirs_ready,6995
2026-05-13T22:46:41+00:00,minimal,stock,idle,12,mem_mib,1024,guest_elapsed_merged_mountpoint_ready,48014
2026-05-13T22:46:41+00:00,minimal,stock,idle,12,mem_mib,1024,guest_delta_merged_mountpoint_ready,5048
2026-05-13T22:46:41+00:00,minimal,stock,idle,12,mem_mib,1024,guest_elapsed_overlayfs_mounted,54072
2026-05-13T22:46:41+00:00,minimal,stock,idle,12,mem_mib,1024,guest_delta_overlayfs_mounted,6057
2026-05-13T22:46:41+00:00,minimal,stock,idle,12,mem_mib,1024,guest_elapsed_pseudo_fs_bound_into_merged,59790
2026-05-13T22:46:41+00:00,minimal,stock,idle,12,mem_mib,1024,guest_delta_pseudo_fs_bound_into_merged,5717
2026-05-13T22:46:41+00:00,minimal,stock,idle,12,mem_mib,1024,guest_elapsed_merged_self_bound,63230
2026-05-13T22:46:41+00:00,minimal,stock,idle,12,mem_mib,1024,guest_delta_merged_self_bound,3439
2026-05-13T22:46:41+00:00,minimal,stock,idle,12,mem_mib,1024,guest_elapsed_pivot_rootfs_done,65070
2026-05-13T22:46:41+00:00,minimal,stock,idle,12,mem_mib,1024,guest_delta_pivot_rootfs_done,1839
2026-05-13T22:46:41+00:00,minimal,stock,idle,12,mem_mib,1024,guest_elapsed_overlay_pivot_complete,66983
2026-05-13T22:46:41+00:00,minimal,stock,idle,12,mem_mib,1024,guest_delta_overlay_pivot_complete,1912
2026-05-13T22:46:41+00:00,minimal,stock,idle,12,mem_mib,1024,guest_elapsed_network_configured,68890
2026-05-13T22:46:41+00:00,minimal,stock,idle,12,mem_mib,1024,guest_delta_network_configured,1907
2026-05-13T22:46:41+00:00,minimal,stock,idle,12,mem_mib,1024,guest_elapsed_workspace_absent,70944
2026-05-13T22:46:41+00:00,minimal,stock,idle,12,mem_mib,1024,guest_delta_workspace_absent,2053
2026-05-13T22:46:41+00:00,minimal,stock,idle,12,mem_mib,1024,guest_elapsed_pid1_setup_complete,71815
2026-05-13T22:46:41+00:00,minimal,stock,idle,12,mem_mib,1024,guest_delta_pid1_setup_complete,870
2026-05-13T22:46:41+00:00,minimal,stock,idle,12,mem_mib,1024,guest_elapsed_guestd_starting_log,73489
2026-05-13T22:46:41+00:00,minimal,stock,idle,12,mem_mib,1024,guest_delta_guestd_starting_log,1674
2026-05-13T22:46:41+00:00,minimal,stock,idle,12,mem_mib,1024,guest_elapsed_exec_listener_bound,74571
2026-05-13T22:46:41+00:00,minimal,stock,idle,12,mem_mib,1024,guest_delta_exec_listener_bound,1081
2026-05-13T22:46:41+00:00,minimal,stock,idle,12,mem_mib,1024,guest_elapsed_ready_signal_sent,76716
2026-05-13T22:46:41+00:00,minimal,stock,idle,12,mem_mib,1024,guest_delta_ready_signal_sent,2145
2026-05-13T22:46:42+00:00,minimal,stock,idle,13,mem_mib,1024,phase_1_run_root_prep,43
2026-05-13T22:46:42+00:00,minimal,stock,idle,13,mem_mib,1024,phase_2_lease,35
2026-05-13T22:46:42+00:00,minimal,stock,idle,13,mem_mib,1024,phase_3b_rootfs_prepare,13195
2026-05-13T22:46:42+00:00,minimal,stock,idle,13,mem_mib,1024,phase_3_storage_prep,13262
2026-05-13T22:46:42+00:00,minimal,stock,idle,13,mem_mib,1024,phase_4_jailer_materialize,1688
2026-05-13T22:46:42+00:00,minimal,stock,idle,13,mem_mib,1024,phase_5_cgroup_probe,0
2026-05-13T22:46:42+00:00,minimal,stock,idle,13,mem_mib,1024,phase_6_network_realize,0
2026-05-13T22:46:42+00:00,minimal,stock,idle,13,mem_mib,1024,phase_7_outbound_guest_config,0
2026-05-13T22:46:42+00:00,minimal,stock,idle,13,mem_mib,1024,phase_9_jailer_launch,31613
2026-05-13T22:46:42+00:00,minimal,stock,idle,13,mem_mib,1024,phase_5b_cgroup_create,10190
2026-05-13T22:46:42+00:00,minimal,stock,idle,13,mem_mib,1024,phase_10_open_uds,28
2026-05-13T22:46:42+00:00,minimal,stock,idle,13,mem_mib,1024,phase_11_put_machine_config,231
2026-05-13T22:46:42+00:00,minimal,stock,idle,13,mem_mib,1024,phase_11_put_boot_source,105
2026-05-13T22:46:42+00:00,minimal,stock,idle,13,mem_mib,1024,phase_11_put_drive_rootfs,102
2026-05-13T22:46:42+00:00,minimal,stock,idle,13,mem_mib,1024,phase_11_put_drive_rootfs_overlay,181
2026-05-13T22:46:42+00:00,minimal,stock,idle,13,mem_mib,1024,phase_11_put_entropy,107
2026-05-13T22:46:42+00:00,minimal,stock,idle,13,mem_mib,1024,phase_11_put_vsock,162
2026-05-13T22:46:42+00:00,minimal,stock,idle,13,mem_mib,1024,phase_11_rest_puts,1601
2026-05-13T22:46:42+00:00,minimal,stock,idle,13,mem_mib,1024,phase_11b_ready_listener_bind,88
2026-05-13T22:46:42+00:00,minimal,stock,idle,13,mem_mib,1024,phase_11c_boot_identity_record,98
2026-05-13T22:46:42+00:00,minimal,stock,idle,13,mem_mib,1024,phase_12a_instance_start,14020
2026-05-13T22:46:42+00:00,minimal,stock,idle,13,mem_mib,1024,phase_12b_host_waiting_accept,1004564
2026-05-13T22:46:42+00:00,minimal,stock,idle,13,mem_mib,1024,phase_12b_kernel_console_range,941371
2026-05-13T22:46:42+00:00,minimal,stock,idle,13,mem_mib,1024,phase_12b_guest_process_start,2
2026-05-13T22:46:42+00:00,minimal,stock,idle,13,mem_mib,1024,phase_12b_guest_stdio_redirected,1631
2026-05-13T22:46:42+00:00,minimal,stock,idle,13,mem_mib,1024,phase_12b_guest_panic_hook_installed,3327
2026-05-13T22:46:42+00:00,minimal,stock,idle,13,mem_mib,1024,phase_12b_guest_pseudo_fs_mounted,13800
2026-05-13T22:46:42+00:00,minimal,stock,idle,13,mem_mib,1024,phase_12b_guest_mount_namespace_private,19514
2026-05-13T22:46:42+00:00,minimal,stock,idle,13,mem_mib,1024,phase_12b_guest_base_mounted,24394
2026-05-13T22:46:42+00:00,minimal,stock,idle,13,mem_mib,1024,phase_12b_guest_overlay_disk_mounted,30945
2026-05-13T22:46:42+00:00,minimal,stock,idle,13,mem_mib,1024,phase_12b_guest_overlay_dirs_ready,34633
2026-05-13T22:46:42+00:00,minimal,stock,idle,13,mem_mib,1024,phase_12b_guest_merged_mountpoint_ready,37510
2026-05-13T22:46:42+00:00,minimal,stock,idle,13,mem_mib,1024,phase_12b_guest_overlayfs_mounted,40853
2026-05-13T22:46:42+00:00,minimal,stock,idle,13,mem_mib,1024,phase_12b_guest_pseudo_fs_bound_into_merged,44348
2026-05-13T22:46:42+00:00,minimal,stock,idle,13,mem_mib,1024,phase_12b_guest_merged_self_bound,47778
2026-05-13T22:46:42+00:00,minimal,stock,idle,13,mem_mib,1024,phase_12b_guest_pivot_rootfs_done,49570
2026-05-13T22:46:42+00:00,minimal,stock,idle,13,mem_mib,1024,phase_12b_guest_overlay_pivot_complete,51509
2026-05-13T22:46:42+00:00,minimal,stock,idle,13,mem_mib,1024,phase_12b_guest_network_configured,53414
2026-05-13T22:46:42+00:00,minimal,stock,idle,13,mem_mib,1024,phase_12b_guest_workspace_absent,55489
2026-05-13T22:46:42+00:00,minimal,stock,idle,13,mem_mib,1024,phase_12b_guest_pid1_setup_complete,56345
2026-05-13T22:46:42+00:00,minimal,stock,idle,13,mem_mib,1024,phase_12b_guest_guestd_starting_log,58008
2026-05-13T22:46:42+00:00,minimal,stock,idle,13,mem_mib,1024,phase_12b_guest_exec_listener_bound,59042
2026-05-13T22:46:42+00:00,minimal,stock,idle,13,mem_mib,1024,phase_12b_ready_accept,1006971
2026-05-13T22:46:42+00:00,minimal,stock,idle,13,mem_mib,1024,exec_send,21
2026-05-13T22:46:42+00:00,minimal,stock,idle,13,mem_mib,1024,exec_recv,11946
2026-05-13T22:46:42+00:00,minimal,stock,idle,13,mem_mib,1024,stop_bounded,71024
2026-05-13T22:46:42+00:00,minimal,stock,idle,13,mem_mib,1024,stop_release,116
2026-05-13T22:46:42+00:00,minimal,stock,idle,13,mem_mib,1024,guest_elapsed_process_start,2
2026-05-13T22:46:42+00:00,minimal,stock,idle,13,mem_mib,1024,guest_delta_process_start,2
2026-05-13T22:46:42+00:00,minimal,stock,idle,13,mem_mib,1024,guest_elapsed_stdio_redirected,1631
2026-05-13T22:46:42+00:00,minimal,stock,idle,13,mem_mib,1024,guest_delta_stdio_redirected,1628
2026-05-13T22:46:42+00:00,minimal,stock,idle,13,mem_mib,1024,guest_elapsed_panic_hook_installed,3327
2026-05-13T22:46:42+00:00,minimal,stock,idle,13,mem_mib,1024,guest_delta_panic_hook_installed,1696
2026-05-13T22:46:42+00:00,minimal,stock,idle,13,mem_mib,1024,guest_elapsed_pseudo_fs_mounted,13800
2026-05-13T22:46:42+00:00,minimal,stock,idle,13,mem_mib,1024,guest_delta_pseudo_fs_mounted,10473
2026-05-13T22:46:42+00:00,minimal,stock,idle,13,mem_mib,1024,guest_elapsed_mount_namespace_private,19514
2026-05-13T22:46:42+00:00,minimal,stock,idle,13,mem_mib,1024,guest_delta_mount_namespace_private,5713
2026-05-13T22:46:42+00:00,minimal,stock,idle,13,mem_mib,1024,guest_elapsed_base_mounted,24394
2026-05-13T22:46:42+00:00,minimal,stock,idle,13,mem_mib,1024,guest_delta_base_mounted,4880
2026-05-13T22:46:42+00:00,minimal,stock,idle,13,mem_mib,1024,guest_elapsed_overlay_disk_mounted,30945
2026-05-13T22:46:42+00:00,minimal,stock,idle,13,mem_mib,1024,guest_delta_overlay_disk_mounted,6551
2026-05-13T22:46:42+00:00,minimal,stock,idle,13,mem_mib,1024,guest_elapsed_overlay_dirs_ready,34633
2026-05-13T22:46:42+00:00,minimal,stock,idle,13,mem_mib,1024,guest_delta_overlay_dirs_ready,3688
2026-05-13T22:46:42+00:00,minimal,stock,idle,13,mem_mib,1024,guest_elapsed_merged_mountpoint_ready,37510
2026-05-13T22:46:42+00:00,minimal,stock,idle,13,mem_mib,1024,guest_delta_merged_mountpoint_ready,2876
2026-05-13T22:46:42+00:00,minimal,stock,idle,13,mem_mib,1024,guest_elapsed_overlayfs_mounted,40853
2026-05-13T22:46:42+00:00,minimal,stock,idle,13,mem_mib,1024,guest_delta_overlayfs_mounted,3343
2026-05-13T22:46:42+00:00,minimal,stock,idle,13,mem_mib,1024,guest_elapsed_pseudo_fs_bound_into_merged,44348
2026-05-13T22:46:42+00:00,minimal,stock,idle,13,mem_mib,1024,guest_delta_pseudo_fs_bound_into_merged,3495
2026-05-13T22:46:42+00:00,minimal,stock,idle,13,mem_mib,1024,guest_elapsed_merged_self_bound,47778
2026-05-13T22:46:42+00:00,minimal,stock,idle,13,mem_mib,1024,guest_delta_merged_self_bound,3429
2026-05-13T22:46:42+00:00,minimal,stock,idle,13,mem_mib,1024,guest_elapsed_pivot_rootfs_done,49570
2026-05-13T22:46:42+00:00,minimal,stock,idle,13,mem_mib,1024,guest_delta_pivot_rootfs_done,1792
2026-05-13T22:46:42+00:00,minimal,stock,idle,13,mem_mib,1024,guest_elapsed_overlay_pivot_complete,51509
2026-05-13T22:46:42+00:00,minimal,stock,idle,13,mem_mib,1024,guest_delta_overlay_pivot_complete,1938
2026-05-13T22:46:42+00:00,minimal,stock,idle,13,mem_mib,1024,guest_elapsed_network_configured,53414
2026-05-13T22:46:42+00:00,minimal,stock,idle,13,mem_mib,1024,guest_delta_network_configured,1904
2026-05-13T22:46:42+00:00,minimal,stock,idle,13,mem_mib,1024,guest_elapsed_workspace_absent,55489
2026-05-13T22:46:42+00:00,minimal,stock,idle,13,mem_mib,1024,guest_delta_workspace_absent,2074
2026-05-13T22:46:42+00:00,minimal,stock,idle,13,mem_mib,1024,guest_elapsed_pid1_setup_complete,56345
2026-05-13T22:46:42+00:00,minimal,stock,idle,13,mem_mib,1024,guest_delta_pid1_setup_complete,856
2026-05-13T22:46:42+00:00,minimal,stock,idle,13,mem_mib,1024,guest_elapsed_guestd_starting_log,58008
2026-05-13T22:46:42+00:00,minimal,stock,idle,13,mem_mib,1024,guest_delta_guestd_starting_log,1662
2026-05-13T22:46:42+00:00,minimal,stock,idle,13,mem_mib,1024,guest_elapsed_exec_listener_bound,59042
2026-05-13T22:46:42+00:00,minimal,stock,idle,13,mem_mib,1024,guest_delta_exec_listener_bound,1033
2026-05-13T22:46:42+00:00,minimal,stock,idle,13,mem_mib,1024,guest_elapsed_ready_signal_sent,61146
2026-05-13T22:46:42+00:00,minimal,stock,idle,13,mem_mib,1024,guest_delta_ready_signal_sent,2104
2026-05-13T22:46:44+00:00,minimal,stock,idle,14,mem_mib,1024,phase_1_run_root_prep,59
2026-05-13T22:46:44+00:00,minimal,stock,idle,14,mem_mib,1024,phase_2_lease,65
2026-05-13T22:46:44+00:00,minimal,stock,idle,14,mem_mib,1024,phase_3b_rootfs_prepare,11315
2026-05-13T22:46:44+00:00,minimal,stock,idle,14,mem_mib,1024,phase_3_storage_prep,11378
2026-05-13T22:46:44+00:00,minimal,stock,idle,14,mem_mib,1024,phase_4_jailer_materialize,800
2026-05-13T22:46:44+00:00,minimal,stock,idle,14,mem_mib,1024,phase_5_cgroup_probe,0
2026-05-13T22:46:44+00:00,minimal,stock,idle,14,mem_mib,1024,phase_6_network_realize,7
2026-05-13T22:46:44+00:00,minimal,stock,idle,14,mem_mib,1024,phase_7_outbound_guest_config,0
2026-05-13T22:46:44+00:00,minimal,stock,idle,14,mem_mib,1024,phase_9_jailer_launch,31677
2026-05-13T22:46:44+00:00,minimal,stock,idle,14,mem_mib,1024,phase_5b_cgroup_create,15992
2026-05-13T22:46:44+00:00,minimal,stock,idle,14,mem_mib,1024,phase_10_open_uds,26
2026-05-13T22:46:44+00:00,minimal,stock,idle,14,mem_mib,1024,phase_11_put_machine_config,183
2026-05-13T22:46:44+00:00,minimal,stock,idle,14,mem_mib,1024,phase_11_put_boot_source,118
2026-05-13T22:46:44+00:00,minimal,stock,idle,14,mem_mib,1024,phase_11_put_drive_rootfs,184
2026-05-13T22:46:44+00:00,minimal,stock,idle,14,mem_mib,1024,phase_11_put_drive_rootfs_overlay,266
2026-05-13T22:46:44+00:00,minimal,stock,idle,14,mem_mib,1024,phase_11_put_entropy,105
2026-05-13T22:46:44+00:00,minimal,stock,idle,14,mem_mib,1024,phase_11_put_vsock,155
2026-05-13T22:46:44+00:00,minimal,stock,idle,14,mem_mib,1024,phase_11_rest_puts,1740
2026-05-13T22:46:44+00:00,minimal,stock,idle,14,mem_mib,1024,phase_11b_ready_listener_bind,88
2026-05-13T22:46:44+00:00,minimal,stock,idle,14,mem_mib,1024,phase_11c_boot_identity_record,91
2026-05-13T22:46:44+00:00,minimal,stock,idle,14,mem_mib,1024,phase_12a_instance_start,20012
2026-05-13T22:46:44+00:00,minimal,stock,idle,14,mem_mib,1024,phase_12b_host_waiting_accept,1009843
2026-05-13T22:46:44+00:00,minimal,stock,idle,14,mem_mib,1024,phase_12b_kernel_console_range,944775
2026-05-13T22:46:44+00:00,minimal,stock,idle,14,mem_mib,1024,phase_12b_guest_process_start,0
2026-05-13T22:46:44+00:00,minimal,stock,idle,14,mem_mib,1024,phase_12b_guest_stdio_redirected,484
2026-05-13T22:46:44+00:00,minimal,stock,idle,14,mem_mib,1024,phase_12b_guest_panic_hook_installed,488
2026-05-13T22:46:44+00:00,minimal,stock,idle,14,mem_mib,1024,phase_12b_guest_pseudo_fs_mounted,12664
2026-05-13T22:46:44+00:00,minimal,stock,idle,14,mem_mib,1024,phase_12b_guest_mount_namespace_private,18949
2026-05-13T22:46:44+00:00,minimal,stock,idle,14,mem_mib,1024,phase_12b_guest_base_mounted,25163
2026-05-13T22:46:44+00:00,minimal,stock,idle,14,mem_mib,1024,phase_12b_guest_overlay_disk_mounted,32599
2026-05-13T22:46:44+00:00,minimal,stock,idle,14,mem_mib,1024,phase_12b_guest_overlay_dirs_ready,36826
2026-05-13T22:46:44+00:00,minimal,stock,idle,14,mem_mib,1024,phase_12b_guest_merged_mountpoint_ready,39750
2026-05-13T22:46:44+00:00,minimal,stock,idle,14,mem_mib,1024,phase_12b_guest_overlayfs_mounted,43135
2026-05-13T22:46:44+00:00,minimal,stock,idle,14,mem_mib,1024,phase_12b_guest_pseudo_fs_bound_into_merged,46680
2026-05-13T22:46:44+00:00,minimal,stock,idle,14,mem_mib,1024,phase_12b_guest_merged_self_bound,50137
2026-05-13T22:46:44+00:00,minimal,stock,idle,14,mem_mib,1024,phase_12b_guest_pivot_rootfs_done,51942
2026-05-13T22:46:44+00:00,minimal,stock,idle,14,mem_mib,1024,phase_12b_guest_overlay_pivot_complete,53879
2026-05-13T22:46:44+00:00,minimal,stock,idle,14,mem_mib,1024,phase_12b_guest_network_configured,55810
2026-05-13T22:46:44+00:00,minimal,stock,idle,14,mem_mib,1024,phase_12b_guest_workspace_absent,57888
2026-05-13T22:46:44+00:00,minimal,stock,idle,14,mem_mib,1024,phase_12b_guest_pid1_setup_complete,58773
2026-05-13T22:46:44+00:00,minimal,stock,idle,14,mem_mib,1024,phase_12b_guest_guestd_starting_log,60437
2026-05-13T22:46:44+00:00,minimal,stock,idle,14,mem_mib,1024,phase_12b_guest_exec_listener_bound,61526
2026-05-13T22:46:44+00:00,minimal,stock,idle,14,mem_mib,1024,phase_12b_ready_accept,1012270
2026-05-13T22:46:44+00:00,minimal,stock,idle,14,mem_mib,1024,exec_send,19
2026-05-13T22:46:44+00:00,minimal,stock,idle,14,mem_mib,1024,exec_recv,12042
2026-05-13T22:46:44+00:00,minimal,stock,idle,14,mem_mib,1024,stop_bounded,83957
2026-05-13T22:46:44+00:00,minimal,stock,idle,14,mem_mib,1024,stop_release,105
2026-05-13T22:46:44+00:00,minimal,stock,idle,14,mem_mib,1024,guest_elapsed_process_start,0
2026-05-13T22:46:44+00:00,minimal,stock,idle,14,mem_mib,1024,guest_delta_process_start,0
2026-05-13T22:46:44+00:00,minimal,stock,idle,14,mem_mib,1024,guest_elapsed_stdio_redirected,484
2026-05-13T22:46:44+00:00,minimal,stock,idle,14,mem_mib,1024,guest_delta_stdio_redirected,483
2026-05-13T22:46:44+00:00,minimal,stock,idle,14,mem_mib,1024,guest_elapsed_panic_hook_installed,488
2026-05-13T22:46:44+00:00,minimal,stock,idle,14,mem_mib,1024,guest_delta_panic_hook_installed,4
2026-05-13T22:46:44+00:00,minimal,stock,idle,14,mem_mib,1024,guest_elapsed_pseudo_fs_mounted,12664
2026-05-13T22:46:44+00:00,minimal,stock,idle,14,mem_mib,1024,guest_delta_pseudo_fs_mounted,12175
2026-05-13T22:46:44+00:00,minimal,stock,idle,14,mem_mib,1024,guest_elapsed_mount_namespace_private,18949
2026-05-13T22:46:44+00:00,minimal,stock,idle,14,mem_mib,1024,guest_delta_mount_namespace_private,6285
2026-05-13T22:46:44+00:00,minimal,stock,idle,14,mem_mib,1024,guest_elapsed_base_mounted,25163
2026-05-13T22:46:44+00:00,minimal,stock,idle,14,mem_mib,1024,guest_delta_base_mounted,6213
2026-05-13T22:46:44+00:00,minimal,stock,idle,14,mem_mib,1024,guest_elapsed_overlay_disk_mounted,32599
2026-05-13T22:46:44+00:00,minimal,stock,idle,14,mem_mib,1024,guest_delta_overlay_disk_mounted,7435
2026-05-13T22:46:44+00:00,minimal,stock,idle,14,mem_mib,1024,guest_elapsed_overlay_dirs_ready,36826
2026-05-13T22:46:44+00:00,minimal,stock,idle,14,mem_mib,1024,guest_delta_overlay_dirs_ready,4227
2026-05-13T22:46:44+00:00,minimal,stock,idle,14,mem_mib,1024,guest_elapsed_merged_mountpoint_ready,39750
2026-05-13T22:46:44+00:00,minimal,stock,idle,14,mem_mib,1024,guest_delta_merged_mountpoint_ready,2923
2026-05-13T22:46:44+00:00,minimal,stock,idle,14,mem_mib,1024,guest_elapsed_overlayfs_mounted,43135
2026-05-13T22:46:44+00:00,minimal,stock,idle,14,mem_mib,1024,guest_delta_overlayfs_mounted,3385
2026-05-13T22:46:44+00:00,minimal,stock,idle,14,mem_mib,1024,guest_elapsed_pseudo_fs_bound_into_merged,46680
2026-05-13T22:46:44+00:00,minimal,stock,idle,14,mem_mib,1024,guest_delta_pseudo_fs_bound_into_merged,3545
2026-05-13T22:46:44+00:00,minimal,stock,idle,14,mem_mib,1024,guest_elapsed_merged_self_bound,50137
2026-05-13T22:46:44+00:00,minimal,stock,idle,14,mem_mib,1024,guest_delta_merged_self_bound,3456
2026-05-13T22:46:44+00:00,minimal,stock,idle,14,mem_mib,1024,guest_elapsed_pivot_rootfs_done,51942
2026-05-13T22:46:44+00:00,minimal,stock,idle,14,mem_mib,1024,guest_delta_pivot_rootfs_done,1804
2026-05-13T22:46:44+00:00,minimal,stock,idle,14,mem_mib,1024,guest_elapsed_overlay_pivot_complete,53879
2026-05-13T22:46:44+00:00,minimal,stock,idle,14,mem_mib,1024,guest_delta_overlay_pivot_complete,1937
2026-05-13T22:46:44+00:00,minimal,stock,idle,14,mem_mib,1024,guest_elapsed_network_configured,55810
2026-05-13T22:46:44+00:00,minimal,stock,idle,14,mem_mib,1024,guest_delta_network_configured,1930
2026-05-13T22:46:44+00:00,minimal,stock,idle,14,mem_mib,1024,guest_elapsed_workspace_absent,57888
2026-05-13T22:46:44+00:00,minimal,stock,idle,14,mem_mib,1024,guest_delta_workspace_absent,2077
2026-05-13T22:46:44+00:00,minimal,stock,idle,14,mem_mib,1024,guest_elapsed_pid1_setup_complete,58773
2026-05-13T22:46:44+00:00,minimal,stock,idle,14,mem_mib,1024,guest_delta_pid1_setup_complete,884
2026-05-13T22:46:44+00:00,minimal,stock,idle,14,mem_mib,1024,guest_elapsed_guestd_starting_log,60437
2026-05-13T22:46:44+00:00,minimal,stock,idle,14,mem_mib,1024,guest_delta_guestd_starting_log,1664
2026-05-13T22:46:44+00:00,minimal,stock,idle,14,mem_mib,1024,guest_elapsed_exec_listener_bound,61526
2026-05-13T22:46:44+00:00,minimal,stock,idle,14,mem_mib,1024,guest_delta_exec_listener_bound,1088
2026-05-13T22:46:44+00:00,minimal,stock,idle,14,mem_mib,1024,guest_elapsed_ready_signal_sent,63723
2026-05-13T22:46:44+00:00,minimal,stock,idle,14,mem_mib,1024,guest_delta_ready_signal_sent,2197
2026-05-13T22:46:45+00:00,minimal,stock,idle,15,mem_mib,1024,phase_1_run_root_prep,40
2026-05-13T22:46:45+00:00,minimal,stock,idle,15,mem_mib,1024,phase_2_lease,35
2026-05-13T22:46:45+00:00,minimal,stock,idle,15,mem_mib,1024,phase_3b_rootfs_prepare,20158
2026-05-13T22:46:45+00:00,minimal,stock,idle,15,mem_mib,1024,phase_3_storage_prep,20215
2026-05-13T22:46:45+00:00,minimal,stock,idle,15,mem_mib,1024,phase_4_jailer_materialize,1300
2026-05-13T22:46:45+00:00,minimal,stock,idle,15,mem_mib,1024,phase_5_cgroup_probe,0
2026-05-13T22:46:45+00:00,minimal,stock,idle,15,mem_mib,1024,phase_6_network_realize,0
2026-05-13T22:46:45+00:00,minimal,stock,idle,15,mem_mib,1024,phase_7_outbound_guest_config,0
2026-05-13T22:46:45+00:00,minimal,stock,idle,15,mem_mib,1024,phase_9_jailer_launch,15577
2026-05-13T22:46:45+00:00,minimal,stock,idle,15,mem_mib,1024,phase_5b_cgroup_create,23247
2026-05-13T22:46:45+00:00,minimal,stock,idle,15,mem_mib,1024,phase_10_open_uds,19
2026-05-13T22:46:45+00:00,minimal,stock,idle,15,mem_mib,1024,phase_11_put_machine_config,250
2026-05-13T22:46:45+00:00,minimal,stock,idle,15,mem_mib,1024,phase_11_put_boot_source,91
2026-05-13T22:46:45+00:00,minimal,stock,idle,15,mem_mib,1024,phase_11_put_drive_rootfs,106
2026-05-13T22:46:45+00:00,minimal,stock,idle,15,mem_mib,1024,phase_11_put_drive_rootfs_overlay,179
2026-05-13T22:46:45+00:00,minimal,stock,idle,15,mem_mib,1024,phase_11_put_entropy,93
2026-05-13T22:46:45+00:00,minimal,stock,idle,15,mem_mib,1024,phase_11_put_vsock,158
2026-05-13T22:46:45+00:00,minimal,stock,idle,15,mem_mib,1024,phase_11_rest_puts,1209
2026-05-13T22:46:45+00:00,minimal,stock,idle,15,mem_mib,1024,phase_11b_ready_listener_bind,33
2026-05-13T22:46:45+00:00,minimal,stock,idle,15,mem_mib,1024,phase_11c_boot_identity_record,44
2026-05-13T22:46:45+00:00,minimal,stock,idle,15,mem_mib,1024,phase_12a_instance_start,13967
2026-05-13T22:46:45+00:00,minimal,stock,idle,15,mem_mib,1024,phase_12b_host_waiting_accept,990404
2026-05-13T22:46:45+00:00,minimal,stock,idle,15,mem_mib,1024,phase_12b_kernel_console_range,924806
2026-05-13T22:46:45+00:00,minimal,stock,idle,15,mem_mib,1024,phase_12b_guest_process_start,1
2026-05-13T22:46:45+00:00,minimal,stock,idle,15,mem_mib,1024,phase_12b_guest_stdio_redirected,277
2026-05-13T22:46:45+00:00,minimal,stock,idle,15,mem_mib,1024,phase_12b_guest_panic_hook_installed,280
2026-05-13T22:46:45+00:00,minimal,stock,idle,15,mem_mib,1024,phase_12b_guest_pseudo_fs_mounted,6476
2026-05-13T22:46:45+00:00,minimal,stock,idle,15,mem_mib,1024,phase_12b_guest_mount_namespace_private,9640
2026-05-13T22:46:45+00:00,minimal,stock,idle,15,mem_mib,1024,phase_12b_guest_base_mounted,12802
2026-05-13T22:46:45+00:00,minimal,stock,idle,15,mem_mib,1024,phase_12b_guest_overlay_disk_mounted,17692
2026-05-13T22:46:45+00:00,minimal,stock,idle,15,mem_mib,1024,phase_12b_guest_overlay_dirs_ready,21610
2026-05-13T22:46:45+00:00,minimal,stock,idle,15,mem_mib,1024,phase_12b_guest_merged_mountpoint_ready,24491
2026-05-13T22:46:45+00:00,minimal,stock,idle,15,mem_mib,1024,phase_12b_guest_overlayfs_mounted,27846
2026-05-13T22:46:45+00:00,minimal,stock,idle,15,mem_mib,1024,phase_12b_guest_pseudo_fs_bound_into_merged,31350
2026-05-13T22:46:45+00:00,minimal,stock,idle,15,mem_mib,1024,phase_12b_guest_merged_self_bound,34783
2026-05-13T22:46:45+00:00,minimal,stock,idle,15,mem_mib,1024,phase_12b_guest_pivot_rootfs_done,36561
2026-05-13T22:46:45+00:00,minimal,stock,idle,15,mem_mib,1024,phase_12b_guest_overlay_pivot_complete,38494
2026-05-13T22:46:45+00:00,minimal,stock,idle,15,mem_mib,1024,phase_12b_guest_network_configured,40385
2026-05-13T22:46:45+00:00,minimal,stock,idle,15,mem_mib,1024,phase_12b_guest_workspace_absent,42458
2026-05-13T22:46:45+00:00,minimal,stock,idle,15,mem_mib,1024,phase_12b_guest_pid1_setup_complete,43313
2026-05-13T22:46:45+00:00,minimal,stock,idle,15,mem_mib,1024,phase_12b_guest_guestd_starting_log,44988
2026-05-13T22:46:45+00:00,minimal,stock,idle,15,mem_mib,1024,phase_12b_guest_exec_listener_bound,46101
2026-05-13T22:46:45+00:00,minimal,stock,idle,15,mem_mib,1024,phase_12b_ready_accept,992713
2026-05-13T22:46:45+00:00,minimal,stock,idle,15,mem_mib,1024,exec_send,20
2026-05-13T22:46:45+00:00,minimal,stock,idle,15,mem_mib,1024,exec_recv,11936
2026-05-13T22:46:45+00:00,minimal,stock,idle,15,mem_mib,1024,stop_bounded,54899
2026-05-13T22:46:45+00:00,minimal,stock,idle,15,mem_mib,1024,stop_release,120
2026-05-13T22:46:45+00:00,minimal,stock,idle,15,mem_mib,1024,guest_elapsed_process_start,1
2026-05-13T22:46:45+00:00,minimal,stock,idle,15,mem_mib,1024,guest_delta_process_start,1
2026-05-13T22:46:45+00:00,minimal,stock,idle,15,mem_mib,1024,guest_elapsed_stdio_redirected,277
2026-05-13T22:46:45+00:00,minimal,stock,idle,15,mem_mib,1024,guest_delta_stdio_redirected,276
2026-05-13T22:46:45+00:00,minimal,stock,idle,15,mem_mib,1024,guest_elapsed_panic_hook_installed,280
2026-05-13T22:46:45+00:00,minimal,stock,idle,15,mem_mib,1024,guest_delta_panic_hook_installed,2
2026-05-13T22:46:45+00:00,minimal,stock,idle,15,mem_mib,1024,guest_elapsed_pseudo_fs_mounted,6476
2026-05-13T22:46:45+00:00,minimal,stock,idle,15,mem_mib,1024,guest_delta_pseudo_fs_mounted,6196
2026-05-13T22:46:45+00:00,minimal,stock,idle,15,mem_mib,1024,guest_elapsed_mount_namespace_private,9640
2026-05-13T22:46:45+00:00,minimal,stock,idle,15,mem_mib,1024,guest_delta_mount_namespace_private,3163
2026-05-13T22:46:45+00:00,minimal,stock,idle,15,mem_mib,1024,guest_elapsed_base_mounted,12802
2026-05-13T22:46:45+00:00,minimal,stock,idle,15,mem_mib,1024,guest_delta_base_mounted,3162
2026-05-13T22:46:45+00:00,minimal,stock,idle,15,mem_mib,1024,guest_elapsed_overlay_disk_mounted,17692
2026-05-13T22:46:45+00:00,minimal,stock,idle,15,mem_mib,1024,guest_delta_overlay_disk_mounted,4889
2026-05-13T22:46:45+00:00,minimal,stock,idle,15,mem_mib,1024,guest_elapsed_overlay_dirs_ready,21610
2026-05-13T22:46:45+00:00,minimal,stock,idle,15,mem_mib,1024,guest_delta_overlay_dirs_ready,3918
2026-05-13T22:46:45+00:00,minimal,stock,idle,15,mem_mib,1024,guest_elapsed_merged_mountpoint_ready,24491
2026-05-13T22:46:45+00:00,minimal,stock,idle,15,mem_mib,1024,guest_delta_merged_mountpoint_ready,2880
2026-05-13T22:46:45+00:00,minimal,stock,idle,15,mem_mib,1024,guest_elapsed_overlayfs_mounted,27846
2026-05-13T22:46:45+00:00,minimal,stock,idle,15,mem_mib,1024,guest_delta_overlayfs_mounted,3355
2026-05-13T22:46:45+00:00,minimal,stock,idle,15,mem_mib,1024,guest_elapsed_pseudo_fs_bound_into_merged,31350
2026-05-13T22:46:45+00:00,minimal,stock,idle,15,mem_mib,1024,guest_delta_pseudo_fs_bound_into_merged,3503
2026-05-13T22:46:45+00:00,minimal,stock,idle,15,mem_mib,1024,guest_elapsed_merged_self_bound,34783
2026-05-13T22:46:45+00:00,minimal,stock,idle,15,mem_mib,1024,guest_delta_merged_self_bound,3433
2026-05-13T22:46:45+00:00,minimal,stock,idle,15,mem_mib,1024,guest_elapsed_pivot_rootfs_done,36561
2026-05-13T22:46:45+00:00,minimal,stock,idle,15,mem_mib,1024,guest_delta_pivot_rootfs_done,1777
2026-05-13T22:46:45+00:00,minimal,stock,idle,15,mem_mib,1024,guest_elapsed_overlay_pivot_complete,38494
2026-05-13T22:46:45+00:00,minimal,stock,idle,15,mem_mib,1024,guest_delta_overlay_pivot_complete,1932
2026-05-13T22:46:45+00:00,minimal,stock,idle,15,mem_mib,1024,guest_elapsed_network_configured,40385
2026-05-13T22:46:45+00:00,minimal,stock,idle,15,mem_mib,1024,guest_delta_network_configured,1891
2026-05-13T22:46:45+00:00,minimal,stock,idle,15,mem_mib,1024,guest_elapsed_workspace_absent,42458
2026-05-13T22:46:45+00:00,minimal,stock,idle,15,mem_mib,1024,guest_delta_workspace_absent,2072
2026-05-13T22:46:45+00:00,minimal,stock,idle,15,mem_mib,1024,guest_elapsed_pid1_setup_complete,43313
2026-05-13T22:46:45+00:00,minimal,stock,idle,15,mem_mib,1024,guest_delta_pid1_setup_complete,855
2026-05-13T22:46:45+00:00,minimal,stock,idle,15,mem_mib,1024,guest_elapsed_guestd_starting_log,44988
2026-05-13T22:46:45+00:00,minimal,stock,idle,15,mem_mib,1024,guest_delta_guestd_starting_log,1675
2026-05-13T22:46:45+00:00,minimal,stock,idle,15,mem_mib,1024,guest_elapsed_exec_listener_bound,46101
2026-05-13T22:46:45+00:00,minimal,stock,idle,15,mem_mib,1024,guest_delta_exec_listener_bound,1112
2026-05-13T22:46:45+00:00,minimal,stock,idle,15,mem_mib,1024,guest_elapsed_ready_signal_sent,48257
2026-05-13T22:46:45+00:00,minimal,stock,idle,15,mem_mib,1024,guest_delta_ready_signal_sent,2156
2026-05-13T22:46:47+00:00,minimal,stock,idle,16,mem_mib,1024,phase_1_run_root_prep,41
2026-05-13T22:46:47+00:00,minimal,stock,idle,16,mem_mib,1024,phase_2_lease,33
2026-05-13T22:46:47+00:00,minimal,stock,idle,16,mem_mib,1024,phase_3b_rootfs_prepare,13673
2026-05-13T22:46:47+00:00,minimal,stock,idle,16,mem_mib,1024,phase_3_storage_prep,13738
2026-05-13T22:46:47+00:00,minimal,stock,idle,16,mem_mib,1024,phase_4_jailer_materialize,923
2026-05-13T22:46:47+00:00,minimal,stock,idle,16,mem_mib,1024,phase_5_cgroup_probe,0
2026-05-13T22:46:47+00:00,minimal,stock,idle,16,mem_mib,1024,phase_6_network_realize,0
2026-05-13T22:46:47+00:00,minimal,stock,idle,16,mem_mib,1024,phase_7_outbound_guest_config,0
2026-05-13T22:46:47+00:00,minimal,stock,idle,16,mem_mib,1024,phase_9_jailer_launch,15429
2026-05-13T22:46:47+00:00,minimal,stock,idle,16,mem_mib,1024,phase_5b_cgroup_create,24476
2026-05-13T22:46:47+00:00,minimal,stock,idle,16,mem_mib,1024,phase_10_open_uds,18
2026-05-13T22:46:47+00:00,minimal,stock,idle,16,mem_mib,1024,phase_11_put_machine_config,211
2026-05-13T22:46:47+00:00,minimal,stock,idle,16,mem_mib,1024,phase_11_put_boot_source,108
2026-05-13T22:46:47+00:00,minimal,stock,idle,16,mem_mib,1024,phase_11_put_drive_rootfs,112
2026-05-13T22:46:47+00:00,minimal,stock,idle,16,mem_mib,1024,phase_11_put_drive_rootfs_overlay,195
2026-05-13T22:46:47+00:00,minimal,stock,idle,16,mem_mib,1024,phase_11_put_entropy,111
2026-05-13T22:46:47+00:00,minimal,stock,idle,16,mem_mib,1024,phase_11_put_vsock,168
2026-05-13T22:46:47+00:00,minimal,stock,idle,16,mem_mib,1024,phase_11_rest_puts,1558
2026-05-13T22:46:47+00:00,minimal,stock,idle,16,mem_mib,1024,phase_11b_ready_listener_bind,84
2026-05-13T22:46:47+00:00,minimal,stock,idle,16,mem_mib,1024,phase_11c_boot_identity_record,106
2026-05-13T22:46:47+00:00,minimal,stock,idle,16,mem_mib,1024,phase_12a_instance_start,19764
2026-05-13T22:46:47+00:00,minimal,stock,idle,16,mem_mib,1024,phase_12b_host_waiting_accept,1012879
2026-05-13T22:46:47+00:00,minimal,stock,idle,16,mem_mib,1024,phase_12b_kernel_console_range,946406
2026-05-13T22:46:47+00:00,minimal,stock,idle,16,mem_mib,1024,phase_12b_guest_process_start,2
2026-05-13T22:46:47+00:00,minimal,stock,idle,16,mem_mib,1024,phase_12b_guest_stdio_redirected,1664
2026-05-13T22:46:47+00:00,minimal,stock,idle,16,mem_mib,1024,phase_12b_guest_panic_hook_installed,3411
2026-05-13T22:46:47+00:00,minimal,stock,idle,16,mem_mib,1024,phase_12b_guest_pseudo_fs_mounted,13968
2026-05-13T22:46:47+00:00,minimal,stock,idle,16,mem_mib,1024,phase_12b_guest_mount_namespace_private,20263
2026-05-13T22:46:47+00:00,minimal,stock,idle,16,mem_mib,1024,phase_12b_guest_base_mounted,26311
2026-05-13T22:46:47+00:00,minimal,stock,idle,16,mem_mib,1024,phase_12b_guest_overlay_disk_mounted,33679
2026-05-13T22:46:47+00:00,minimal,stock,idle,16,mem_mib,1024,phase_12b_guest_overlay_dirs_ready,39333
2026-05-13T22:46:47+00:00,minimal,stock,idle,16,mem_mib,1024,phase_12b_guest_merged_mountpoint_ready,42139
2026-05-13T22:46:47+00:00,minimal,stock,idle,16,mem_mib,1024,phase_12b_guest_overlayfs_mounted,45420
2026-05-13T22:46:47+00:00,minimal,stock,idle,16,mem_mib,1024,phase_12b_guest_pseudo_fs_bound_into_merged,48868
2026-05-13T22:46:47+00:00,minimal,stock,idle,16,mem_mib,1024,phase_12b_guest_merged_self_bound,52292
2026-05-13T22:46:47+00:00,minimal,stock,idle,16,mem_mib,1024,phase_12b_guest_pivot_rootfs_done,54050
2026-05-13T22:46:47+00:00,minimal,stock,idle,16,mem_mib,1024,phase_12b_guest_overlay_pivot_complete,55954
2026-05-13T22:46:47+00:00,minimal,stock,idle,16,mem_mib,1024,phase_12b_guest_network_configured,57820
2026-05-13T22:46:47+00:00,minimal,stock,idle,16,mem_mib,1024,phase_12b_guest_workspace_absent,59882
2026-05-13T22:46:47+00:00,minimal,stock,idle,16,mem_mib,1024,phase_12b_guest_pid1_setup_complete,60730
2026-05-13T22:46:47+00:00,minimal,stock,idle,16,mem_mib,1024,phase_12b_guest_guestd_starting_log,62360
2026-05-13T22:46:47+00:00,minimal,stock,idle,16,mem_mib,1024,phase_12b_guest_exec_listener_bound,63433
2026-05-13T22:46:47+00:00,minimal,stock,idle,16,mem_mib,1024,phase_12b_ready_accept,1015172
2026-05-13T22:46:47+00:00,minimal,stock,idle,16,mem_mib,1024,exec_send,21
2026-05-13T22:46:47+00:00,minimal,stock,idle,16,mem_mib,1024,exec_recv,11914
2026-05-13T22:46:47+00:00,minimal,stock,idle,16,mem_mib,1024,stop_bounded,66223
2026-05-13T22:46:47+00:00,minimal,stock,idle,16,mem_mib,1024,stop_release,118
2026-05-13T22:46:47+00:00,minimal,stock,idle,16,mem_mib,1024,guest_elapsed_process_start,2
2026-05-13T22:46:47+00:00,minimal,stock,idle,16,mem_mib,1024,guest_delta_process_start,2
2026-05-13T22:46:47+00:00,minimal,stock,idle,16,mem_mib,1024,guest_elapsed_stdio_redirected,1664
2026-05-13T22:46:47+00:00,minimal,stock,idle,16,mem_mib,1024,guest_delta_stdio_redirected,1661
2026-05-13T22:46:47+00:00,minimal,stock,idle,16,mem_mib,1024,guest_elapsed_panic_hook_installed,3411
2026-05-13T22:46:47+00:00,minimal,stock,idle,16,mem_mib,1024,guest_delta_panic_hook_installed,1746
2026-05-13T22:46:47+00:00,minimal,stock,idle,16,mem_mib,1024,guest_elapsed_pseudo_fs_mounted,13968
2026-05-13T22:46:47+00:00,minimal,stock,idle,16,mem_mib,1024,guest_delta_pseudo_fs_mounted,10557
2026-05-13T22:46:47+00:00,minimal,stock,idle,16,mem_mib,1024,guest_elapsed_mount_namespace_private,20263
2026-05-13T22:46:47+00:00,minimal,stock,idle,16,mem_mib,1024,guest_delta_mount_namespace_private,6295
2026-05-13T22:46:47+00:00,minimal,stock,idle,16,mem_mib,1024,guest_elapsed_base_mounted,26311
2026-05-13T22:46:47+00:00,minimal,stock,idle,16,mem_mib,1024,guest_delta_base_mounted,6048
2026-05-13T22:46:47+00:00,minimal,stock,idle,16,mem_mib,1024,guest_elapsed_overlay_disk_mounted,33679
2026-05-13T22:46:47+00:00,minimal,stock,idle,16,mem_mib,1024,guest_delta_overlay_disk_mounted,7368
2026-05-13T22:46:47+00:00,minimal,stock,idle,16,mem_mib,1024,guest_elapsed_overlay_dirs_ready,39333
2026-05-13T22:46:47+00:00,minimal,stock,idle,16,mem_mib,1024,guest_delta_overlay_dirs_ready,5653
2026-05-13T22:46:47+00:00,minimal,stock,idle,16,mem_mib,1024,guest_elapsed_merged_mountpoint_ready,42139
2026-05-13T22:46:47+00:00,minimal,stock,idle,16,mem_mib,1024,guest_delta_merged_mountpoint_ready,2806
2026-05-13T22:46:47+00:00,minimal,stock,idle,16,mem_mib,1024,guest_elapsed_overlayfs_mounted,45420
2026-05-13T22:46:47+00:00,minimal,stock,idle,16,mem_mib,1024,guest_delta_overlayfs_mounted,3281
2026-05-13T22:46:47+00:00,minimal,stock,idle,16,mem_mib,1024,guest_elapsed_pseudo_fs_bound_into_merged,48868
2026-05-13T22:46:47+00:00,minimal,stock,idle,16,mem_mib,1024,guest_delta_pseudo_fs_bound_into_merged,3447
2026-05-13T22:46:47+00:00,minimal,stock,idle,16,mem_mib,1024,guest_elapsed_merged_self_bound,52292
2026-05-13T22:46:47+00:00,minimal,stock,idle,16,mem_mib,1024,guest_delta_merged_self_bound,3423
2026-05-13T22:46:47+00:00,minimal,stock,idle,16,mem_mib,1024,guest_elapsed_pivot_rootfs_done,54050
2026-05-13T22:46:47+00:00,minimal,stock,idle,16,mem_mib,1024,guest_delta_pivot_rootfs_done,1758
2026-05-13T22:46:47+00:00,minimal,stock,idle,16,mem_mib,1024,guest_elapsed_overlay_pivot_complete,55954
2026-05-13T22:46:47+00:00,minimal,stock,idle,16,mem_mib,1024,guest_delta_overlay_pivot_complete,1903
2026-05-13T22:46:47+00:00,minimal,stock,idle,16,mem_mib,1024,guest_elapsed_network_configured,57820
2026-05-13T22:46:47+00:00,minimal,stock,idle,16,mem_mib,1024,guest_delta_network_configured,1866
2026-05-13T22:46:47+00:00,minimal,stock,idle,16,mem_mib,1024,guest_elapsed_workspace_absent,59882
2026-05-13T22:46:47+00:00,minimal,stock,idle,16,mem_mib,1024,guest_delta_workspace_absent,2062
2026-05-13T22:46:47+00:00,minimal,stock,idle,16,mem_mib,1024,guest_elapsed_pid1_setup_complete,60730
2026-05-13T22:46:47+00:00,minimal,stock,idle,16,mem_mib,1024,guest_delta_pid1_setup_complete,847
2026-05-13T22:46:47+00:00,minimal,stock,idle,16,mem_mib,1024,guest_elapsed_guestd_starting_log,62360
2026-05-13T22:46:47+00:00,minimal,stock,idle,16,mem_mib,1024,guest_delta_guestd_starting_log,1630
2026-05-13T22:46:47+00:00,minimal,stock,idle,16,mem_mib,1024,guest_elapsed_exec_listener_bound,63433
2026-05-13T22:46:47+00:00,minimal,stock,idle,16,mem_mib,1024,guest_delta_exec_listener_bound,1072
2026-05-13T22:46:47+00:00,minimal,stock,idle,16,mem_mib,1024,guest_elapsed_ready_signal_sent,65584
2026-05-13T22:46:47+00:00,minimal,stock,idle,16,mem_mib,1024,guest_delta_ready_signal_sent,2151
2026-05-13T22:46:48+00:00,minimal,stock,idle,17,mem_mib,1024,phase_1_run_root_prep,39
2026-05-13T22:46:48+00:00,minimal,stock,idle,17,mem_mib,1024,phase_2_lease,35
2026-05-13T22:46:48+00:00,minimal,stock,idle,17,mem_mib,1024,phase_3b_rootfs_prepare,12398
2026-05-13T22:46:48+00:00,minimal,stock,idle,17,mem_mib,1024,phase_3_storage_prep,12455
2026-05-13T22:46:48+00:00,minimal,stock,idle,17,mem_mib,1024,phase_4_jailer_materialize,1016
2026-05-13T22:46:48+00:00,minimal,stock,idle,17,mem_mib,1024,phase_5_cgroup_probe,0
2026-05-13T22:46:48+00:00,minimal,stock,idle,17,mem_mib,1024,phase_6_network_realize,0
2026-05-13T22:46:48+00:00,minimal,stock,idle,17,mem_mib,1024,phase_7_outbound_guest_config,0
2026-05-13T22:46:48+00:00,minimal,stock,idle,17,mem_mib,1024,phase_9_jailer_launch,15590
2026-05-13T22:46:48+00:00,minimal,stock,idle,17,mem_mib,1024,phase_5b_cgroup_create,25257
2026-05-13T22:46:48+00:00,minimal,stock,idle,17,mem_mib,1024,phase_10_open_uds,38
2026-05-13T22:46:48+00:00,minimal,stock,idle,17,mem_mib,1024,phase_11_put_machine_config,216
2026-05-13T22:46:48+00:00,minimal,stock,idle,17,mem_mib,1024,phase_11_put_boot_source,101
2026-05-13T22:46:48+00:00,minimal,stock,idle,17,mem_mib,1024,phase_11_put_drive_rootfs,90
2026-05-13T22:46:48+00:00,minimal,stock,idle,17,mem_mib,1024,phase_11_put_drive_rootfs_overlay,154
2026-05-13T22:46:48+00:00,minimal,stock,idle,17,mem_mib,1024,phase_11_put_entropy,80
2026-05-13T22:46:48+00:00,minimal,stock,idle,17,mem_mib,1024,phase_11_put_vsock,132
2026-05-13T22:46:48+00:00,minimal,stock,idle,17,mem_mib,1024,phase_11_rest_puts,1481
2026-05-13T22:46:48+00:00,minimal,stock,idle,17,mem_mib,1024,phase_11b_ready_listener_bind,87
2026-05-13T22:46:48+00:00,minimal,stock,idle,17,mem_mib,1024,phase_11c_boot_identity_record,97
2026-05-13T22:46:48+00:00,minimal,stock,idle,17,mem_mib,1024,phase_12a_instance_start,19727
2026-05-13T22:46:48+00:00,minimal,stock,idle,17,mem_mib,1024,phase_12b_host_waiting_accept,1015988
2026-05-13T22:46:48+00:00,minimal,stock,idle,17,mem_mib,1024,phase_12b_kernel_console_range,950090
2026-05-13T22:46:48+00:00,minimal,stock,idle,17,mem_mib,1024,phase_12b_guest_process_start,2
2026-05-13T22:46:48+00:00,minimal,stock,idle,17,mem_mib,1024,phase_12b_guest_stdio_redirected,1899
2026-05-13T22:46:48+00:00,minimal,stock,idle,17,mem_mib,1024,phase_12b_guest_panic_hook_installed,3887
2026-05-13T22:46:48+00:00,minimal,stock,idle,17,mem_mib,1024,phase_12b_guest_mount_namespace_private,23171
2026-05-13T22:46:48+00:00,minimal,stock,idle,17,mem_mib,1024,phase_12b_guest_base_mounted,30050
2026-05-13T22:46:48+00:00,minimal,stock,idle,17,mem_mib,1024,phase_12b_guest_overlay_disk_mounted,37398
2026-05-13T22:46:48+00:00,minimal,stock,idle,17,mem_mib,1024,phase_12b_guest_overlay_dirs_ready,42923
2026-05-13T22:46:48+00:00,minimal,stock,idle,17,mem_mib,1024,phase_12b_guest_merged_mountpoint_ready,45806
2026-05-13T22:46:48+00:00,minimal,stock,idle,17,mem_mib,1024,phase_12b_guest_overlayfs_mounted,49137
2026-05-13T22:46:48+00:00,minimal,stock,idle,17,mem_mib,1024,phase_12b_guest_pseudo_fs_bound_into_merged,52635
2026-05-13T22:46:48+00:00,minimal,stock,idle,17,mem_mib,1024,phase_12b_guest_merged_self_bound,56057
2026-05-13T22:46:48+00:00,minimal,stock,idle,17,mem_mib,1024,phase_12b_guest_pivot_rootfs_done,57842
2026-05-13T22:46:48+00:00,minimal,stock,idle,17,mem_mib,1024,phase_12b_guest_overlay_pivot_complete,59772
2026-05-13T22:46:48+00:00,minimal,stock,idle,17,mem_mib,1024,phase_12b_guest_network_configured,61661
2026-05-13T22:46:48+00:00,minimal,stock,idle,17,mem_mib,1024,phase_12b_guest_workspace_absent,63729
2026-05-13T22:46:48+00:00,minimal,stock,idle,17,mem_mib,1024,phase_12b_guest_pid1_setup_complete,64583
2026-05-13T22:46:48+00:00,minimal,stock,idle,17,mem_mib,1024,phase_12b_guest_guestd_starting_log,66234
2026-05-13T22:46:48+00:00,minimal,stock,idle,17,mem_mib,1024,phase_12b_guest_exec_listener_bound,67308
2026-05-13T22:46:48+00:00,minimal,stock,idle,17,mem_mib,1024,phase_12b_ready_accept,1018199
2026-05-13T22:46:48+00:00,minimal,stock,idle,17,mem_mib,1024,exec_send,17
2026-05-13T22:46:48+00:00,minimal,stock,idle,17,mem_mib,1024,exec_recv,11969
2026-05-13T22:46:48+00:00,minimal,stock,idle,17,mem_mib,1024,stop_bounded,62194
2026-05-13T22:46:48+00:00,minimal,stock,idle,17,mem_mib,1024,stop_release,112
2026-05-13T22:46:48+00:00,minimal,stock,idle,17,mem_mib,1024,guest_elapsed_process_start,2
2026-05-13T22:46:48+00:00,minimal,stock,idle,17,mem_mib,1024,guest_delta_process_start,2
2026-05-13T22:46:48+00:00,minimal,stock,idle,17,mem_mib,1024,guest_elapsed_stdio_redirected,1899
2026-05-13T22:46:48+00:00,minimal,stock,idle,17,mem_mib,1024,guest_delta_stdio_redirected,1897
2026-05-13T22:46:48+00:00,minimal,stock,idle,17,mem_mib,1024,guest_elapsed_panic_hook_installed,3887
2026-05-13T22:46:48+00:00,minimal,stock,idle,17,mem_mib,1024,guest_delta_panic_hook_installed,1987
2026-05-13T22:46:48+00:00,minimal,stock,idle,17,mem_mib,1024,guest_elapsed_mount_namespace_private,23171
2026-05-13T22:46:48+00:00,minimal,stock,idle,17,mem_mib,1024,guest_delta_mount_namespace_private,6891
2026-05-13T22:46:48+00:00,minimal,stock,idle,17,mem_mib,1024,guest_elapsed_base_mounted,30050
2026-05-13T22:46:48+00:00,minimal,stock,idle,17,mem_mib,1024,guest_delta_base_mounted,6879
2026-05-13T22:46:48+00:00,minimal,stock,idle,17,mem_mib,1024,guest_elapsed_overlay_disk_mounted,37398
2026-05-13T22:46:48+00:00,minimal,stock,idle,17,mem_mib,1024,guest_delta_overlay_disk_mounted,7347
2026-05-13T22:46:48+00:00,minimal,stock,idle,17,mem_mib,1024,guest_elapsed_overlay_dirs_ready,42923
2026-05-13T22:46:48+00:00,minimal,stock,idle,17,mem_mib,1024,guest_delta_overlay_dirs_ready,5524
2026-05-13T22:46:48+00:00,minimal,stock,idle,17,mem_mib,1024,guest_elapsed_merged_mountpoint_ready,45806
2026-05-13T22:46:48+00:00,minimal,stock,idle,17,mem_mib,1024,guest_delta_merged_mountpoint_ready,2883
2026-05-13T22:46:48+00:00,minimal,stock,idle,17,mem_mib,1024,guest_elapsed_overlayfs_mounted,49137
2026-05-13T22:46:48+00:00,minimal,stock,idle,17,mem_mib,1024,guest_delta_overlayfs_mounted,3330
2026-05-13T22:46:48+00:00,minimal,stock,idle,17,mem_mib,1024,guest_elapsed_pseudo_fs_bound_into_merged,52635
2026-05-13T22:46:48+00:00,minimal,stock,idle,17,mem_mib,1024,guest_delta_pseudo_fs_bound_into_merged,3498
2026-05-13T22:46:48+00:00,minimal,stock,idle,17,mem_mib,1024,guest_elapsed_merged_self_bound,56057
2026-05-13T22:46:48+00:00,minimal,stock,idle,17,mem_mib,1024,guest_delta_merged_self_bound,3421
2026-05-13T22:46:48+00:00,minimal,stock,idle,17,mem_mib,1024,guest_elapsed_pivot_rootfs_done,57842
2026-05-13T22:46:48+00:00,minimal,stock,idle,17,mem_mib,1024,guest_delta_pivot_rootfs_done,1785
2026-05-13T22:46:48+00:00,minimal,stock,idle,17,mem_mib,1024,guest_elapsed_overlay_pivot_complete,59772
2026-05-13T22:46:48+00:00,minimal,stock,idle,17,mem_mib,1024,guest_delta_overlay_pivot_complete,1929
2026-05-13T22:46:48+00:00,minimal,stock,idle,17,mem_mib,1024,guest_elapsed_network_configured,61661
2026-05-13T22:46:48+00:00,minimal,stock,idle,17,mem_mib,1024,guest_delta_network_configured,1888
2026-05-13T22:46:48+00:00,minimal,stock,idle,17,mem_mib,1024,guest_elapsed_workspace_absent,63729
2026-05-13T22:46:48+00:00,minimal,stock,idle,17,mem_mib,1024,guest_delta_workspace_absent,2068
2026-05-13T22:46:48+00:00,minimal,stock,idle,17,mem_mib,1024,guest_elapsed_pid1_setup_complete,64583
2026-05-13T22:46:48+00:00,minimal,stock,idle,17,mem_mib,1024,guest_delta_pid1_setup_complete,853
2026-05-13T22:46:48+00:00,minimal,stock,idle,17,mem_mib,1024,guest_elapsed_guestd_starting_log,66234
2026-05-13T22:46:48+00:00,minimal,stock,idle,17,mem_mib,1024,guest_delta_guestd_starting_log,1650
2026-05-13T22:46:48+00:00,minimal,stock,idle,17,mem_mib,1024,guest_elapsed_exec_listener_bound,67308
2026-05-13T22:46:48+00:00,minimal,stock,idle,17,mem_mib,1024,guest_delta_exec_listener_bound,1073
2026-05-13T22:46:48+00:00,minimal,stock,idle,17,mem_mib,1024,guest_elapsed_ready_signal_sent,69474
2026-05-13T22:46:48+00:00,minimal,stock,idle,17,mem_mib,1024,guest_delta_ready_signal_sent,2166
2026-05-13T22:46:49+00:00,minimal,stock,idle,18,mem_mib,1024,phase_1_run_root_prep,41
2026-05-13T22:46:49+00:00,minimal,stock,idle,18,mem_mib,1024,phase_2_lease,34
2026-05-13T22:46:49+00:00,minimal,stock,idle,18,mem_mib,1024,phase_3b_rootfs_prepare,12639
2026-05-13T22:46:49+00:00,minimal,stock,idle,18,mem_mib,1024,phase_3_storage_prep,12695
2026-05-13T22:46:49+00:00,minimal,stock,idle,18,mem_mib,1024,phase_4_jailer_materialize,3948
2026-05-13T22:46:49+00:00,minimal,stock,idle,18,mem_mib,1024,phase_5_cgroup_probe,0
2026-05-13T22:46:49+00:00,minimal,stock,idle,18,mem_mib,1024,phase_6_network_realize,0
2026-05-13T22:46:49+00:00,minimal,stock,idle,18,mem_mib,1024,phase_7_outbound_guest_config,0
2026-05-13T22:46:49+00:00,minimal,stock,idle,18,mem_mib,1024,phase_9_jailer_launch,15522
2026-05-13T22:46:49+00:00,minimal,stock,idle,18,mem_mib,1024,phase_5b_cgroup_create,18935
2026-05-13T22:46:49+00:00,minimal,stock,idle,18,mem_mib,1024,phase_10_open_uds,24
2026-05-13T22:46:49+00:00,minimal,stock,idle,18,mem_mib,1024,phase_11_put_machine_config,165
2026-05-13T22:46:49+00:00,minimal,stock,idle,18,mem_mib,1024,phase_11_put_boot_source,85
2026-05-13T22:46:49+00:00,minimal,stock,idle,18,mem_mib,1024,phase_11_put_drive_rootfs,87
2026-05-13T22:46:49+00:00,minimal,stock,idle,18,mem_mib,1024,phase_11_put_drive_rootfs_overlay,167
2026-05-13T22:46:49+00:00,minimal,stock,idle,18,mem_mib,1024,phase_11_put_entropy,83
2026-05-13T22:46:49+00:00,minimal,stock,idle,18,mem_mib,1024,phase_11_put_vsock,144
2026-05-13T22:46:49+00:00,minimal,stock,idle,18,mem_mib,1024,phase_11_rest_puts,1426
2026-05-13T22:46:49+00:00,minimal,stock,idle,18,mem_mib,1024,phase_11b_ready_listener_bind,89
2026-05-13T22:46:49+00:00,minimal,stock,idle,18,mem_mib,1024,phase_11c_boot_identity_record,97
2026-05-13T22:46:49+00:00,minimal,stock,idle,18,mem_mib,1024,phase_12a_instance_start,18149
2026-05-13T22:46:49+00:00,minimal,stock,idle,18,mem_mib,1024,phase_12b_host_waiting_accept,1007400
2026-05-13T22:46:49+00:00,minimal,stock,idle,18,mem_mib,1024,phase_12b_kernel_console_range,944782
2026-05-13T22:46:49+00:00,minimal,stock,idle,18,mem_mib,1024,phase_12b_guest_process_start,2
2026-05-13T22:46:49+00:00,minimal,stock,idle,18,mem_mib,1024,phase_12b_guest_stdio_redirected,1642
2026-05-13T22:46:49+00:00,minimal,stock,idle,18,mem_mib,1024,phase_12b_guest_panic_hook_installed,3349
2026-05-13T22:46:49+00:00,minimal,stock,idle,18,mem_mib,1024,phase_12b_guest_pseudo_fs_mounted,13931
2026-05-13T22:46:49+00:00,minimal,stock,idle,18,mem_mib,1024,phase_12b_guest_mount_namespace_private,20287
2026-05-13T22:46:49+00:00,minimal,stock,idle,18,mem_mib,1024,phase_12b_guest_base_mounted,25934
2026-05-13T22:46:49+00:00,minimal,stock,idle,18,mem_mib,1024,phase_12b_guest_overlay_disk_mounted,33470
2026-05-13T22:46:49+00:00,minimal,stock,idle,18,mem_mib,1024,phase_12b_guest_overlay_dirs_ready,38727
2026-05-13T22:46:49+00:00,minimal,stock,idle,18,mem_mib,1024,phase_12b_guest_merged_mountpoint_ready,41527
2026-05-13T22:46:49+00:00,minimal,stock,idle,18,mem_mib,1024,phase_12b_guest_overlayfs_mounted,44763
2026-05-13T22:46:49+00:00,minimal,stock,idle,18,mem_mib,1024,phase_12b_guest_pseudo_fs_bound_into_merged,48177
2026-05-13T22:46:49+00:00,minimal,stock,idle,18,mem_mib,1024,phase_12b_guest_merged_self_bound,51507
2026-05-13T22:46:49+00:00,minimal,stock,idle,18,mem_mib,1024,phase_12b_guest_pivot_rootfs_done,53244
2026-05-13T22:46:49+00:00,minimal,stock,idle,18,mem_mib,1024,phase_12b_guest_overlay_pivot_complete,55124
2026-05-13T22:46:49+00:00,minimal,stock,idle,18,mem_mib,1024,phase_12b_guest_network_configured,56969
2026-05-13T22:46:49+00:00,minimal,stock,idle,18,mem_mib,1024,phase_12b_guest_workspace_absent,58981
2026-05-13T22:46:49+00:00,minimal,stock,idle,18,mem_mib,1024,phase_12b_guest_pid1_setup_complete,59812
2026-05-13T22:46:49+00:00,minimal,stock,idle,18,mem_mib,1024,phase_12b_guest_guestd_starting_log,61435
2026-05-13T22:46:49+00:00,minimal,stock,idle,18,mem_mib,1024,phase_12b_guest_exec_listener_bound,62440
2026-05-13T22:46:49+00:00,minimal,stock,idle,18,mem_mib,1024,phase_12b_ready_accept,1009738
2026-05-13T22:46:49+00:00,minimal,stock,idle,18,mem_mib,1024,exec_send,17
2026-05-13T22:46:49+00:00,minimal,stock,idle,18,mem_mib,1024,exec_recv,11923
2026-05-13T22:46:49+00:00,minimal,stock,idle,18,mem_mib,1024,stop_bounded,72926
2026-05-13T22:46:49+00:00,minimal,stock,idle,18,mem_mib,1024,stop_release,118
2026-05-13T22:46:49+00:00,minimal,stock,idle,18,mem_mib,1024,guest_elapsed_process_start,2
2026-05-13T22:46:49+00:00,minimal,stock,idle,18,mem_mib,1024,guest_delta_process_start,2
2026-05-13T22:46:49+00:00,minimal,stock,idle,18,mem_mib,1024,guest_elapsed_stdio_redirected,1642
2026-05-13T22:46:49+00:00,minimal,stock,idle,18,mem_mib,1024,guest_delta_stdio_redirected,1640
2026-05-13T22:46:49+00:00,minimal,stock,idle,18,mem_mib,1024,guest_elapsed_panic_hook_installed,3349
2026-05-13T22:46:49+00:00,minimal,stock,idle,18,mem_mib,1024,guest_delta_panic_hook_installed,1706
2026-05-13T22:46:49+00:00,minimal,stock,idle,18,mem_mib,1024,guest_elapsed_pseudo_fs_mounted,13931
2026-05-13T22:46:49+00:00,minimal,stock,idle,18,mem_mib,1024,guest_delta_pseudo_fs_mounted,10581
2026-05-13T22:46:49+00:00,minimal,stock,idle,18,mem_mib,1024,guest_elapsed_mount_namespace_private,20287
2026-05-13T22:46:49+00:00,minimal,stock,idle,18,mem_mib,1024,guest_delta_mount_namespace_private,6356
2026-05-13T22:46:49+00:00,minimal,stock,idle,18,mem_mib,1024,guest_elapsed_base_mounted,25934
2026-05-13T22:46:49+00:00,minimal,stock,idle,18,mem_mib,1024,guest_delta_base_mounted,5646
2026-05-13T22:46:49+00:00,minimal,stock,idle,18,mem_mib,1024,guest_elapsed_overlay_disk_mounted,33470
2026-05-13T22:46:49+00:00,minimal,stock,idle,18,mem_mib,1024,guest_delta_overlay_disk_mounted,7535
2026-05-13T22:46:49+00:00,minimal,stock,idle,18,mem_mib,1024,guest_elapsed_overlay_dirs_ready,38727
2026-05-13T22:46:49+00:00,minimal,stock,idle,18,mem_mib,1024,guest_delta_overlay_dirs_ready,5257
2026-05-13T22:46:49+00:00,minimal,stock,idle,18,mem_mib,1024,guest_elapsed_merged_mountpoint_ready,41527
2026-05-13T22:46:49+00:00,minimal,stock,idle,18,mem_mib,1024,guest_delta_merged_mountpoint_ready,2799
2026-05-13T22:46:49+00:00,minimal,stock,idle,18,mem_mib,1024,guest_elapsed_overlayfs_mounted,44763
2026-05-13T22:46:49+00:00,minimal,stock,idle,18,mem_mib,1024,guest_delta_overlayfs_mounted,3235
2026-05-13T22:46:49+00:00,minimal,stock,idle,18,mem_mib,1024,guest_elapsed_pseudo_fs_bound_into_merged,48177
2026-05-13T22:46:49+00:00,minimal,stock,idle,18,mem_mib,1024,guest_delta_pseudo_fs_bound_into_merged,3414
2026-05-13T22:46:49+00:00,minimal,stock,idle,18,mem_mib,1024,guest_elapsed_merged_self_bound,51507
2026-05-13T22:46:49+00:00,minimal,stock,idle,18,mem_mib,1024,guest_delta_merged_self_bound,3329
2026-05-13T22:46:49+00:00,minimal,stock,idle,18,mem_mib,1024,guest_elapsed_pivot_rootfs_done,53244
2026-05-13T22:46:49+00:00,minimal,stock,idle,18,mem_mib,1024,guest_delta_pivot_rootfs_done,1737
2026-05-13T22:46:49+00:00,minimal,stock,idle,18,mem_mib,1024,guest_elapsed_overlay_pivot_complete,55124
2026-05-13T22:46:49+00:00,minimal,stock,idle,18,mem_mib,1024,guest_delta_overlay_pivot_complete,1879
2026-05-13T22:46:49+00:00,minimal,stock,idle,18,mem_mib,1024,guest_elapsed_network_configured,56969
2026-05-13T22:46:49+00:00,minimal,stock,idle,18,mem_mib,1024,guest_delta_network_configured,1845
2026-05-13T22:46:49+00:00,minimal,stock,idle,18,mem_mib,1024,guest_elapsed_workspace_absent,58981
2026-05-13T22:46:49+00:00,minimal,stock,idle,18,mem_mib,1024,guest_delta_workspace_absent,2011
2026-05-13T22:46:49+00:00,minimal,stock,idle,18,mem_mib,1024,guest_elapsed_pid1_setup_complete,59812
2026-05-13T22:46:49+00:00,minimal,stock,idle,18,mem_mib,1024,guest_delta_pid1_setup_complete,831
2026-05-13T22:46:49+00:00,minimal,stock,idle,18,mem_mib,1024,guest_elapsed_guestd_starting_log,61435
2026-05-13T22:46:49+00:00,minimal,stock,idle,18,mem_mib,1024,guest_delta_guestd_starting_log,1622
2026-05-13T22:46:49+00:00,minimal,stock,idle,18,mem_mib,1024,guest_elapsed_exec_listener_bound,62440
2026-05-13T22:46:49+00:00,minimal,stock,idle,18,mem_mib,1024,guest_delta_exec_listener_bound,1005
2026-05-13T22:46:49+00:00,minimal,stock,idle,18,mem_mib,1024,guest_elapsed_ready_signal_sent,64515
2026-05-13T22:46:49+00:00,minimal,stock,idle,18,mem_mib,1024,guest_delta_ready_signal_sent,2074
2026-05-13T22:46:51+00:00,minimal,stock,idle,19,mem_mib,1024,phase_1_run_root_prep,63
2026-05-13T22:46:51+00:00,minimal,stock,idle,19,mem_mib,1024,phase_2_lease,34
2026-05-13T22:46:51+00:00,minimal,stock,idle,19,mem_mib,1024,phase_3b_rootfs_prepare,13515
2026-05-13T22:46:51+00:00,minimal,stock,idle,19,mem_mib,1024,phase_3_storage_prep,13590
2026-05-13T22:46:51+00:00,minimal,stock,idle,19,mem_mib,1024,phase_4_jailer_materialize,696
2026-05-13T22:46:51+00:00,minimal,stock,idle,19,mem_mib,1024,phase_5_cgroup_probe,0
2026-05-13T22:46:51+00:00,minimal,stock,idle,19,mem_mib,1024,phase_6_network_realize,0
2026-05-13T22:46:51+00:00,minimal,stock,idle,19,mem_mib,1024,phase_7_outbound_guest_config,0
2026-05-13T22:46:51+00:00,minimal,stock,idle,19,mem_mib,1024,phase_9_jailer_launch,15552
2026-05-13T22:46:51+00:00,minimal,stock,idle,19,mem_mib,1024,phase_5b_cgroup_create,14169
2026-05-13T22:46:51+00:00,minimal,stock,idle,19,mem_mib,1024,phase_10_open_uds,31
2026-05-13T22:46:51+00:00,minimal,stock,idle,19,mem_mib,1024,phase_11_put_machine_config,201
2026-05-13T22:46:51+00:00,minimal,stock,idle,19,mem_mib,1024,phase_11_put_boot_source,97
2026-05-13T22:46:51+00:00,minimal,stock,idle,19,mem_mib,1024,phase_11_put_drive_rootfs,103
2026-05-13T22:46:51+00:00,minimal,stock,idle,19,mem_mib,1024,phase_11_put_drive_rootfs_overlay,187
2026-05-13T22:46:51+00:00,minimal,stock,idle,19,mem_mib,1024,phase_11_put_entropy,95
2026-05-13T22:46:51+00:00,minimal,stock,idle,19,mem_mib,1024,phase_11_put_vsock,159
2026-05-13T22:46:51+00:00,minimal,stock,idle,19,mem_mib,1024,phase_11_rest_puts,1627
2026-05-13T22:46:51+00:00,minimal,stock,idle,19,mem_mib,1024,phase_11b_ready_listener_bind,82
2026-05-13T22:46:51+00:00,minimal,stock,idle,19,mem_mib,1024,phase_11c_boot_identity_record,101
2026-05-13T22:46:51+00:00,minimal,stock,idle,19,mem_mib,1024,phase_12a_instance_start,14000
2026-05-13T22:46:51+00:00,minimal,stock,idle,19,mem_mib,1024,phase_12b_host_waiting_accept,1013057
2026-05-13T22:46:51+00:00,minimal,stock,idle,19,mem_mib,1024,phase_12b_kernel_console_range,947732
2026-05-13T22:46:51+00:00,minimal,stock,idle,19,mem_mib,1024,phase_12b_guest_process_start,2
2026-05-13T22:46:51+00:00,minimal,stock,idle,19,mem_mib,1024,phase_12b_guest_stdio_redirected,476
2026-05-13T22:46:51+00:00,minimal,stock,idle,19,mem_mib,1024,phase_12b_guest_panic_hook_installed,481
2026-05-13T22:46:51+00:00,minimal,stock,idle,19,mem_mib,1024,phase_12b_guest_pseudo_fs_mounted,12205
2026-05-13T22:46:51+00:00,minimal,stock,idle,19,mem_mib,1024,phase_12b_guest_mount_namespace_private,18238
2026-05-13T22:46:51+00:00,minimal,stock,idle,19,mem_mib,1024,phase_12b_guest_base_mounted,24255
2026-05-13T22:46:51+00:00,minimal,stock,idle,19,mem_mib,1024,phase_12b_guest_overlay_disk_mounted,31634
2026-05-13T22:46:51+00:00,minimal,stock,idle,19,mem_mib,1024,phase_12b_guest_overlay_dirs_ready,37183
2026-05-13T22:46:51+00:00,minimal,stock,idle,19,mem_mib,1024,phase_12b_guest_merged_mountpoint_ready,40895
2026-05-13T22:46:51+00:00,minimal,stock,idle,19,mem_mib,1024,phase_12b_guest_overlayfs_mounted,44054
2026-05-13T22:46:51+00:00,minimal,stock,idle,19,mem_mib,1024,phase_12b_guest_pseudo_fs_bound_into_merged,47342
2026-05-13T22:46:51+00:00,minimal,stock,idle,19,mem_mib,1024,phase_12b_guest_merged_self_bound,50674
2026-05-13T22:46:51+00:00,minimal,stock,idle,19,mem_mib,1024,phase_12b_guest_pivot_rootfs_done,52386
2026-05-13T22:46:51+00:00,minimal,stock,idle,19,mem_mib,1024,phase_12b_guest_overlay_pivot_complete,54211
2026-05-13T22:46:51+00:00,minimal,stock,idle,19,mem_mib,1024,phase_12b_guest_network_configured,56026
2026-05-13T22:46:51+00:00,minimal,stock,idle,19,mem_mib,1024,phase_12b_guest_workspace_absent,57984
2026-05-13T22:46:51+00:00,minimal,stock,idle,19,mem_mib,1024,phase_12b_guest_pid1_setup_complete,58801
2026-05-13T22:46:51+00:00,minimal,stock,idle,19,mem_mib,1024,phase_12b_guest_guestd_starting_log,60402
2026-05-13T22:46:51+00:00,minimal,stock,idle,19,mem_mib,1024,phase_12b_guest_exec_listener_bound,61387
2026-05-13T22:46:51+00:00,minimal,stock,idle,19,mem_mib,1024,phase_12b_ready_accept,1015372
2026-05-13T22:46:51+00:00,minimal,stock,idle,19,mem_mib,1024,exec_send,18
2026-05-13T22:46:51+00:00,minimal,stock,idle,19,mem_mib,1024,exec_recv,11948
2026-05-13T22:46:51+00:00,minimal,stock,idle,19,mem_mib,1024,stop_bounded,72633
2026-05-13T22:46:51+00:00,minimal,stock,idle,19,mem_mib,1024,stop_release,113
2026-05-13T22:46:51+00:00,minimal,stock,idle,19,mem_mib,1024,guest_elapsed_process_start,2
2026-05-13T22:46:51+00:00,minimal,stock,idle,19,mem_mib,1024,guest_delta_process_start,2
2026-05-13T22:46:51+00:00,minimal,stock,idle,19,mem_mib,1024,guest_elapsed_stdio_redirected,476
2026-05-13T22:46:51+00:00,minimal,stock,idle,19,mem_mib,1024,guest_delta_stdio_redirected,473
2026-05-13T22:46:51+00:00,minimal,stock,idle,19,mem_mib,1024,guest_elapsed_panic_hook_installed,481
2026-05-13T22:46:51+00:00,minimal,stock,idle,19,mem_mib,1024,guest_delta_panic_hook_installed,4
2026-05-13T22:46:51+00:00,minimal,stock,idle,19,mem_mib,1024,guest_elapsed_pseudo_fs_mounted,12205
2026-05-13T22:46:51+00:00,minimal,stock,idle,19,mem_mib,1024,guest_delta_pseudo_fs_mounted,11724
2026-05-13T22:46:51+00:00,minimal,stock,idle,19,mem_mib,1024,guest_elapsed_mount_namespace_private,18238
2026-05-13T22:46:51+00:00,minimal,stock,idle,19,mem_mib,1024,guest_delta_mount_namespace_private,6033
2026-05-13T22:46:51+00:00,minimal,stock,idle,19,mem_mib,1024,guest_elapsed_base_mounted,24255
2026-05-13T22:46:51+00:00,minimal,stock,idle,19,mem_mib,1024,guest_delta_base_mounted,6017
2026-05-13T22:46:51+00:00,minimal,stock,idle,19,mem_mib,1024,guest_elapsed_overlay_disk_mounted,31634
2026-05-13T22:46:51+00:00,minimal,stock,idle,19,mem_mib,1024,guest_delta_overlay_disk_mounted,7378
2026-05-13T22:46:51+00:00,minimal,stock,idle,19,mem_mib,1024,guest_elapsed_overlay_dirs_ready,37183
2026-05-13T22:46:51+00:00,minimal,stock,idle,19,mem_mib,1024,guest_delta_overlay_dirs_ready,5548
2026-05-13T22:46:51+00:00,minimal,stock,idle,19,mem_mib,1024,guest_elapsed_merged_mountpoint_ready,40895
2026-05-13T22:46:51+00:00,minimal,stock,idle,19,mem_mib,1024,guest_delta_merged_mountpoint_ready,3711
2026-05-13T22:46:51+00:00,minimal,stock,idle,19,mem_mib,1024,guest_elapsed_overlayfs_mounted,44054
2026-05-13T22:46:51+00:00,minimal,stock,idle,19,mem_mib,1024,guest_delta_overlayfs_mounted,3159
2026-05-13T22:46:51+00:00,minimal,stock,idle,19,mem_mib,1024,guest_elapsed_pseudo_fs_bound_into_merged,47342
2026-05-13T22:46:51+00:00,minimal,stock,idle,19,mem_mib,1024,guest_delta_pseudo_fs_bound_into_merged,3287
2026-05-13T22:46:51+00:00,minimal,stock,idle,19,mem_mib,1024,guest_elapsed_merged_self_bound,50674
2026-05-13T22:46:51+00:00,minimal,stock,idle,19,mem_mib,1024,guest_delta_merged_self_bound,3332
2026-05-13T22:46:51+00:00,minimal,stock,idle,19,mem_mib,1024,guest_elapsed_pivot_rootfs_done,52386
2026-05-13T22:46:51+00:00,minimal,stock,idle,19,mem_mib,1024,guest_delta_pivot_rootfs_done,1711
2026-05-13T22:46:51+00:00,minimal,stock,idle,19,mem_mib,1024,guest_elapsed_overlay_pivot_complete,54211
2026-05-13T22:46:51+00:00,minimal,stock,idle,19,mem_mib,1024,guest_delta_overlay_pivot_complete,1824
2026-05-13T22:46:51+00:00,minimal,stock,idle,19,mem_mib,1024,guest_elapsed_network_configured,56026
2026-05-13T22:46:51+00:00,minimal,stock,idle,19,mem_mib,1024,guest_delta_network_configured,1815
2026-05-13T22:46:51+00:00,minimal,stock,idle,19,mem_mib,1024,guest_elapsed_workspace_absent,57984
2026-05-13T22:46:51+00:00,minimal,stock,idle,19,mem_mib,1024,guest_delta_workspace_absent,1957
2026-05-13T22:46:51+00:00,minimal,stock,idle,19,mem_mib,1024,guest_elapsed_pid1_setup_complete,58801
2026-05-13T22:46:51+00:00,minimal,stock,idle,19,mem_mib,1024,guest_delta_pid1_setup_complete,816
2026-05-13T22:46:51+00:00,minimal,stock,idle,19,mem_mib,1024,guest_elapsed_guestd_starting_log,60402
2026-05-13T22:46:51+00:00,minimal,stock,idle,19,mem_mib,1024,guest_delta_guestd_starting_log,1601
2026-05-13T22:46:51+00:00,minimal,stock,idle,19,mem_mib,1024,guest_elapsed_exec_listener_bound,61387
2026-05-13T22:46:51+00:00,minimal,stock,idle,19,mem_mib,1024,guest_delta_exec_listener_bound,984
2026-05-13T22:46:51+00:00,minimal,stock,idle,19,mem_mib,1024,guest_elapsed_ready_signal_sent,63407
2026-05-13T22:46:51+00:00,minimal,stock,idle,19,mem_mib,1024,guest_delta_ready_signal_sent,2020
2026-05-13T22:46:52+00:00,minimal,stock,idle,20,mem_mib,1024,phase_1_run_root_prep,62
2026-05-13T22:46:52+00:00,minimal,stock,idle,20,mem_mib,1024,phase_2_lease,60
2026-05-13T22:46:52+00:00,minimal,stock,idle,20,mem_mib,1024,phase_3b_rootfs_prepare,12362
2026-05-13T22:46:52+00:00,minimal,stock,idle,20,mem_mib,1024,phase_3_storage_prep,12419
2026-05-13T22:46:52+00:00,minimal,stock,idle,20,mem_mib,1024,phase_4_jailer_materialize,1224
2026-05-13T22:46:52+00:00,minimal,stock,idle,20,mem_mib,1024,phase_5_cgroup_probe,0
2026-05-13T22:46:52+00:00,minimal,stock,idle,20,mem_mib,1024,phase_6_network_realize,0
2026-05-13T22:46:52+00:00,minimal,stock,idle,20,mem_mib,1024,phase_7_outbound_guest_config,0
2026-05-13T22:46:52+00:00,minimal,stock,idle,20,mem_mib,1024,phase_9_jailer_launch,15504
2026-05-13T22:46:52+00:00,minimal,stock,idle,20,mem_mib,1024,phase_5b_cgroup_create,17377
2026-05-13T22:46:52+00:00,minimal,stock,idle,20,mem_mib,1024,phase_10_open_uds,28
2026-05-13T22:46:52+00:00,minimal,stock,idle,20,mem_mib,1024,phase_11_put_machine_config,238
2026-05-13T22:46:52+00:00,minimal,stock,idle,20,mem_mib,1024,phase_11_put_boot_source,103
2026-05-13T22:46:52+00:00,minimal,stock,idle,20,mem_mib,1024,phase_11_put_drive_rootfs,120
2026-05-13T22:46:52+00:00,minimal,stock,idle,20,mem_mib,1024,phase_11_put_drive_rootfs_overlay,203
2026-05-13T22:46:52+00:00,minimal,stock,idle,20,mem_mib,1024,phase_11_put_entropy,99
2026-05-13T22:46:52+00:00,minimal,stock,idle,20,mem_mib,1024,phase_11_put_vsock,151
2026-05-13T22:46:52+00:00,minimal,stock,idle,20,mem_mib,1024,phase_11_rest_puts,1664
2026-05-13T22:46:52+00:00,minimal,stock,idle,20,mem_mib,1024,phase_11b_ready_listener_bind,92
2026-05-13T22:46:52+00:00,minimal,stock,idle,20,mem_mib,1024,phase_11c_boot_identity_record,105
2026-05-13T22:46:52+00:00,minimal,stock,idle,20,mem_mib,1024,phase_12a_instance_start,19869
2026-05-13T22:46:52+00:00,minimal,stock,idle,20,mem_mib,1024,phase_12b_host_waiting_accept,1013147
2026-05-13T22:46:52+00:00,minimal,stock,idle,20,mem_mib,1024,phase_12b_kernel_console_range,948382
2026-05-13T22:46:52+00:00,minimal,stock,idle,20,mem_mib,1024,phase_12b_guest_process_start,2
2026-05-13T22:46:52+00:00,minimal,stock,idle,20,mem_mib,1024,phase_12b_guest_stdio_redirected,498
2026-05-13T22:46:52+00:00,minimal,stock,idle,20,mem_mib,1024,phase_12b_guest_panic_hook_installed,503
2026-05-13T22:46:52+00:00,minimal,stock,idle,20,mem_mib,1024,phase_12b_guest_pseudo_fs_mounted,13322
2026-05-13T22:46:52+00:00,minimal,stock,idle,20,mem_mib,1024,phase_12b_guest_base_mounted,25999
2026-05-13T22:46:52+00:00,minimal,stock,idle,20,mem_mib,1024,phase_12b_guest_overlay_disk_mounted,34575
2026-05-13T22:46:52+00:00,minimal,stock,idle,20,mem_mib,1024,phase_12b_guest_overlay_dirs_ready,39999
2026-05-13T22:46:52+00:00,minimal,stock,idle,20,mem_mib,1024,phase_12b_guest_merged_mountpoint_ready,42865
2026-05-13T22:46:52+00:00,minimal,stock,idle,20,mem_mib,1024,phase_12b_guest_overlayfs_mounted,46204
2026-05-13T22:46:52+00:00,minimal,stock,idle,20,mem_mib,1024,phase_12b_guest_pseudo_fs_bound_into_merged,49714
2026-05-13T22:46:52+00:00,minimal,stock,idle,20,mem_mib,1024,phase_12b_guest_merged_self_bound,53112
2026-05-13T22:46:52+00:00,minimal,stock,idle,20,mem_mib,1024,phase_12b_guest_pivot_rootfs_done,54911
2026-05-13T22:46:52+00:00,minimal,stock,idle,20,mem_mib,1024,phase_12b_guest_overlay_pivot_complete,56819
2026-05-13T22:46:52+00:00,minimal,stock,idle,20,mem_mib,1024,phase_12b_guest_network_configured,58720
2026-05-13T22:46:52+00:00,minimal,stock,idle,20,mem_mib,1024,phase_12b_guest_workspace_absent,60769
2026-05-13T22:46:52+00:00,minimal,stock,idle,20,mem_mib,1024,phase_12b_guest_pid1_setup_complete,61704
2026-05-13T22:46:52+00:00,minimal,stock,idle,20,mem_mib,1024,phase_12b_guest_guestd_starting_log,63363
2026-05-13T22:46:52+00:00,minimal,stock,idle,20,mem_mib,1024,phase_12b_guest_exec_listener_bound,64386
2026-05-13T22:46:52+00:00,minimal,stock,idle,20,mem_mib,1024,phase_12b_ready_accept,1015343
2026-05-13T22:46:52+00:00,minimal,stock,idle,20,mem_mib,1024,exec_send,22
2026-05-13T22:46:52+00:00,minimal,stock,idle,20,mem_mib,1024,exec_recv,11978
2026-05-13T22:46:52+00:00,minimal,stock,idle,20,mem_mib,1024,stop_bounded,60729
2026-05-13T22:46:52+00:00,minimal,stock,idle,20,mem_mib,1024,stop_release,115
2026-05-13T22:46:52+00:00,minimal,stock,idle,20,mem_mib,1024,guest_elapsed_process_start,2
2026-05-13T22:46:52+00:00,minimal,stock,idle,20,mem_mib,1024,guest_delta_process_start,2
2026-05-13T22:46:52+00:00,minimal,stock,idle,20,mem_mib,1024,guest_elapsed_stdio_redirected,498
2026-05-13T22:46:52+00:00,minimal,stock,idle,20,mem_mib,1024,guest_delta_stdio_redirected,496
2026-05-13T22:46:52+00:00,minimal,stock,idle,20,mem_mib,1024,guest_elapsed_panic_hook_installed,503
2026-05-13T22:46:52+00:00,minimal,stock,idle,20,mem_mib,1024,guest_delta_panic_hook_installed,4
2026-05-13T22:46:52+00:00,minimal,stock,idle,20,mem_mib,1024,guest_elapsed_pseudo_fs_mounted,13322
2026-05-13T22:46:52+00:00,minimal,stock,idle,20,mem_mib,1024,guest_delta_pseudo_fs_mounted,12818
2026-05-13T22:46:52+00:00,minimal,stock,idle,20,mem_mib,1024,guest_elapsed_base_mounted,25999
2026-05-13T22:46:52+00:00,minimal,stock,idle,20,mem_mib,1024,guest_delta_base_mounted,6004
2026-05-13T22:46:52+00:00,minimal,stock,idle,20,mem_mib,1024,guest_elapsed_overlay_disk_mounted,34575
2026-05-13T22:46:52+00:00,minimal,stock,idle,20,mem_mib,1024,guest_delta_overlay_disk_mounted,8575
2026-05-13T22:46:52+00:00,minimal,stock,idle,20,mem_mib,1024,guest_elapsed_overlay_dirs_ready,39999
2026-05-13T22:46:52+00:00,minimal,stock,idle,20,mem_mib,1024,guest_delta_overlay_dirs_ready,5424
2026-05-13T22:46:52+00:00,minimal,stock,idle,20,mem_mib,1024,guest_elapsed_merged_mountpoint_ready,42865
2026-05-13T22:46:52+00:00,minimal,stock,idle,20,mem_mib,1024,guest_delta_merged_mountpoint_ready,2865
2026-05-13T22:46:52+00:00,minimal,stock,idle,20,mem_mib,1024,guest_elapsed_overlayfs_mounted,46204
2026-05-13T22:46:52+00:00,minimal,stock,idle,20,mem_mib,1024,guest_delta_overlayfs_mounted,3339
2026-05-13T22:46:52+00:00,minimal,stock,idle,20,mem_mib,1024,guest_elapsed_pseudo_fs_bound_into_merged,49714
2026-05-13T22:46:52+00:00,minimal,stock,idle,20,mem_mib,1024,guest_delta_pseudo_fs_bound_into_merged,3509
2026-05-13T22:46:52+00:00,minimal,stock,idle,20,mem_mib,1024,guest_elapsed_merged_self_bound,53112
2026-05-13T22:46:52+00:00,minimal,stock,idle,20,mem_mib,1024,guest_delta_merged_self_bound,3398
2026-05-13T22:46:52+00:00,minimal,stock,idle,20,mem_mib,1024,guest_elapsed_pivot_rootfs_done,54911
2026-05-13T22:46:52+00:00,minimal,stock,idle,20,mem_mib,1024,guest_delta_pivot_rootfs_done,1798
2026-05-13T22:46:52+00:00,minimal,stock,idle,20,mem_mib,1024,guest_elapsed_overlay_pivot_complete,56819
2026-05-13T22:46:52+00:00,minimal,stock,idle,20,mem_mib,1024,guest_delta_overlay_pivot_complete,1907
2026-05-13T22:46:52+00:00,minimal,stock,idle,20,mem_mib,1024,guest_elapsed_network_configured,58720
2026-05-13T22:46:52+00:00,minimal,stock,idle,20,mem_mib,1024,guest_delta_network_configured,1900
2026-05-13T22:46:52+00:00,minimal,stock,idle,20,mem_mib,1024,guest_elapsed_workspace_absent,60769
2026-05-13T22:46:52+00:00,minimal,stock,idle,20,mem_mib,1024,guest_delta_workspace_absent,2049
2026-05-13T22:46:52+00:00,minimal,stock,idle,20,mem_mib,1024,guest_elapsed_pid1_setup_complete,61704
2026-05-13T22:46:52+00:00,minimal,stock,idle,20,mem_mib,1024,guest_delta_pid1_setup_complete,934
2026-05-13T22:46:52+00:00,minimal,stock,idle,20,mem_mib,1024,guest_elapsed_guestd_starting_log,63363
2026-05-13T22:46:52+00:00,minimal,stock,idle,20,mem_mib,1024,guest_delta_guestd_starting_log,1658
2026-05-13T22:46:52+00:00,minimal,stock,idle,20,mem_mib,1024,guest_elapsed_exec_listener_bound,64386
2026-05-13T22:46:52+00:00,minimal,stock,idle,20,mem_mib,1024,guest_delta_exec_listener_bound,1023
2026-05-13T22:46:52+00:00,minimal,stock,idle,20,mem_mib,1024,guest_elapsed_ready_signal_sent,66526
2026-05-13T22:46:52+00:00,minimal,stock,idle,20,mem_mib,1024,guest_delta_ready_signal_sent,2140
2026-05-13T22:46:53+00:00,minimal,stock,idle,21,mem_mib,1024,phase_1_run_root_prep,58
2026-05-13T22:46:53+00:00,minimal,stock,idle,21,mem_mib,1024,phase_2_lease,31
2026-05-13T22:46:53+00:00,minimal,stock,idle,21,mem_mib,1024,phase_3b_rootfs_prepare,11821
2026-05-13T22:46:53+00:00,minimal,stock,idle,21,mem_mib,1024,phase_3_storage_prep,11878
2026-05-13T22:46:53+00:00,minimal,stock,idle,21,mem_mib,1024,phase_4_jailer_materialize,988
2026-05-13T22:46:53+00:00,minimal,stock,idle,21,mem_mib,1024,phase_5_cgroup_probe,0
2026-05-13T22:46:53+00:00,minimal,stock,idle,21,mem_mib,1024,phase_6_network_realize,5
2026-05-13T22:46:53+00:00,minimal,stock,idle,21,mem_mib,1024,phase_7_outbound_guest_config,0
2026-05-13T22:46:53+00:00,minimal,stock,idle,21,mem_mib,1024,phase_9_jailer_launch,15472
2026-05-13T22:46:53+00:00,minimal,stock,idle,21,mem_mib,1024,phase_5b_cgroup_create,24358
2026-05-13T22:46:53+00:00,minimal,stock,idle,21,mem_mib,1024,phase_10_open_uds,26
2026-05-13T22:46:53+00:00,minimal,stock,idle,21,mem_mib,1024,phase_11_put_machine_config,191
2026-05-13T22:46:53+00:00,minimal,stock,idle,21,mem_mib,1024,phase_11_put_boot_source,84
2026-05-13T22:46:53+00:00,minimal,stock,idle,21,mem_mib,1024,phase_11_put_drive_rootfs,89
2026-05-13T22:46:53+00:00,minimal,stock,idle,21,mem_mib,1024,phase_11_put_drive_rootfs_overlay,170
2026-05-13T22:46:53+00:00,minimal,stock,idle,21,mem_mib,1024,phase_11_put_entropy,83
2026-05-13T22:46:53+00:00,minimal,stock,idle,21,mem_mib,1024,phase_11_put_vsock,154
2026-05-13T22:46:53+00:00,minimal,stock,idle,21,mem_mib,1024,phase_11_rest_puts,1469
2026-05-13T22:46:53+00:00,minimal,stock,idle,21,mem_mib,1024,phase_11b_ready_listener_bind,89
2026-05-13T22:46:53+00:00,minimal,stock,idle,21,mem_mib,1024,phase_11c_boot_identity_record,102
2026-05-13T22:46:53+00:00,minimal,stock,idle,21,mem_mib,1024,phase_12a_instance_start,14163
2026-05-13T22:46:53+00:00,minimal,stock,idle,21,mem_mib,1024,phase_12b_host_waiting_accept,1010683
2026-05-13T22:46:53+00:00,minimal,stock,idle,21,mem_mib,1024,phase_12b_kernel_console_range,947155
2026-05-13T22:46:53+00:00,minimal,stock,idle,21,mem_mib,1024,phase_12b_guest_process_start,3
2026-05-13T22:46:53+00:00,minimal,stock,idle,21,mem_mib,1024,phase_12b_guest_stdio_redirected,503
2026-05-13T22:46:53+00:00,minimal,stock,idle,21,mem_mib,1024,phase_12b_guest_panic_hook_installed,508
2026-05-13T22:46:53+00:00,minimal,stock,idle,21,mem_mib,1024,phase_12b_guest_pseudo_fs_mounted,13470
2026-05-13T22:46:53+00:00,minimal,stock,idle,21,mem_mib,1024,phase_12b_guest_mount_namespace_private,20200
2026-05-13T22:46:53+00:00,minimal,stock,idle,21,mem_mib,1024,phase_12b_guest_base_mounted,26851
2026-05-13T22:46:53+00:00,minimal,stock,idle,21,mem_mib,1024,phase_12b_guest_overlay_disk_mounted,35343
2026-05-13T22:46:53+00:00,minimal,stock,idle,21,mem_mib,1024,phase_12b_guest_overlay_dirs_ready,42032
2026-05-13T22:46:53+00:00,minimal,stock,idle,21,mem_mib,1024,phase_12b_guest_merged_mountpoint_ready,44914
2026-05-13T22:46:53+00:00,minimal,stock,idle,21,mem_mib,1024,phase_12b_guest_overlayfs_mounted,48239
2026-05-13T22:46:53+00:00,minimal,stock,idle,21,mem_mib,1024,phase_12b_guest_pseudo_fs_bound_into_merged,51688
2026-05-13T22:46:53+00:00,minimal,stock,idle,21,mem_mib,1024,phase_12b_guest_merged_self_bound,55069
2026-05-13T22:46:53+00:00,minimal,stock,idle,21,mem_mib,1024,phase_12b_guest_pivot_rootfs_done,56845
2026-05-13T22:46:53+00:00,minimal,stock,idle,21,mem_mib,1024,phase_12b_guest_overlay_pivot_complete,58848
2026-05-13T22:46:53+00:00,minimal,stock,idle,21,mem_mib,1024,phase_12b_guest_network_configured,60716
2026-05-13T22:46:53+00:00,minimal,stock,idle,21,mem_mib,1024,phase_12b_guest_workspace_absent,62805
2026-05-13T22:46:53+00:00,minimal,stock,idle,21,mem_mib,1024,phase_12b_guest_pid1_setup_complete,63661
2026-05-13T22:46:53+00:00,minimal,stock,idle,21,mem_mib,1024,phase_12b_guest_guestd_starting_log,65312
2026-05-13T22:46:53+00:00,minimal,stock,idle,21,mem_mib,1024,phase_12b_guest_exec_listener_bound,66353
2026-05-13T22:46:53+00:00,minimal,stock,idle,21,mem_mib,1024,phase_12b_ready_accept,1012986
2026-05-13T22:46:53+00:00,minimal,stock,idle,21,mem_mib,1024,exec_send,22
2026-05-13T22:46:53+00:00,minimal,stock,idle,21,mem_mib,1024,exec_recv,11921
2026-05-13T22:46:53+00:00,minimal,stock,idle,21,mem_mib,1024,stop_bounded,72708
2026-05-13T22:46:53+00:00,minimal,stock,idle,21,mem_mib,1024,stop_release,117
2026-05-13T22:46:53+00:00,minimal,stock,idle,21,mem_mib,1024,guest_elapsed_process_start,3
2026-05-13T22:46:53+00:00,minimal,stock,idle,21,mem_mib,1024,guest_delta_process_start,3
2026-05-13T22:46:53+00:00,minimal,stock,idle,21,mem_mib,1024,guest_elapsed_stdio_redirected,503
2026-05-13T22:46:53+00:00,minimal,stock,idle,21,mem_mib,1024,guest_delta_stdio_redirected,500
2026-05-13T22:46:53+00:00,minimal,stock,idle,21,mem_mib,1024,guest_elapsed_panic_hook_installed,508
2026-05-13T22:46:53+00:00,minimal,stock,idle,21,mem_mib,1024,guest_delta_panic_hook_installed,4
2026-05-13T22:46:53+00:00,minimal,stock,idle,21,mem_mib,1024,guest_elapsed_pseudo_fs_mounted,13470
2026-05-13T22:46:53+00:00,minimal,stock,idle,21,mem_mib,1024,guest_delta_pseudo_fs_mounted,12961
2026-05-13T22:46:53+00:00,minimal,stock,idle,21,mem_mib,1024,guest_elapsed_mount_namespace_private,20200
2026-05-13T22:46:53+00:00,minimal,stock,idle,21,mem_mib,1024,guest_delta_mount_namespace_private,6730
2026-05-13T22:46:53+00:00,minimal,stock,idle,21,mem_mib,1024,guest_elapsed_base_mounted,26851
2026-05-13T22:46:53+00:00,minimal,stock,idle,21,mem_mib,1024,guest_delta_base_mounted,6650
2026-05-13T22:46:53+00:00,minimal,stock,idle,21,mem_mib,1024,guest_elapsed_overlay_disk_mounted,35343
2026-05-13T22:46:53+00:00,minimal,stock,idle,21,mem_mib,1024,guest_delta_overlay_disk_mounted,8492
2026-05-13T22:46:53+00:00,minimal,stock,idle,21,mem_mib,1024,guest_elapsed_overlay_dirs_ready,42032
2026-05-13T22:46:53+00:00,minimal,stock,idle,21,mem_mib,1024,guest_delta_overlay_dirs_ready,6688
2026-05-13T22:46:53+00:00,minimal,stock,idle,21,mem_mib,1024,guest_elapsed_merged_mountpoint_ready,44914
2026-05-13T22:46:53+00:00,minimal,stock,idle,21,mem_mib,1024,guest_delta_merged_mountpoint_ready,2881
2026-05-13T22:46:53+00:00,minimal,stock,idle,21,mem_mib,1024,guest_elapsed_overlayfs_mounted,48239
2026-05-13T22:46:53+00:00,minimal,stock,idle,21,mem_mib,1024,guest_delta_overlayfs_mounted,3324
2026-05-13T22:46:53+00:00,minimal,stock,idle,21,mem_mib,1024,guest_elapsed_pseudo_fs_bound_into_merged,51688
2026-05-13T22:46:53+00:00,minimal,stock,idle,21,mem_mib,1024,guest_delta_pseudo_fs_bound_into_merged,3448
2026-05-13T22:46:53+00:00,minimal,stock,idle,21,mem_mib,1024,guest_elapsed_merged_self_bound,55069
2026-05-13T22:46:53+00:00,minimal,stock,idle,21,mem_mib,1024,guest_delta_merged_self_bound,3380
2026-05-13T22:46:53+00:00,minimal,stock,idle,21,mem_mib,1024,guest_elapsed_pivot_rootfs_done,56845
2026-05-13T22:46:53+00:00,minimal,stock,idle,21,mem_mib,1024,guest_delta_pivot_rootfs_done,1776
2026-05-13T22:46:53+00:00,minimal,stock,idle,21,mem_mib,1024,guest_elapsed_overlay_pivot_complete,58848
2026-05-13T22:46:53+00:00,minimal,stock,idle,21,mem_mib,1024,guest_delta_overlay_pivot_complete,2002
2026-05-13T22:46:53+00:00,minimal,stock,idle,21,mem_mib,1024,guest_elapsed_network_configured,60716
2026-05-13T22:46:53+00:00,minimal,stock,idle,21,mem_mib,1024,guest_delta_network_configured,1868
2026-05-13T22:46:53+00:00,minimal,stock,idle,21,mem_mib,1024,guest_elapsed_workspace_absent,62805
2026-05-13T22:46:53+00:00,minimal,stock,idle,21,mem_mib,1024,guest_delta_workspace_absent,2088
2026-05-13T22:46:53+00:00,minimal,stock,idle,21,mem_mib,1024,guest_elapsed_pid1_setup_complete,63661
2026-05-13T22:46:53+00:00,minimal,stock,idle,21,mem_mib,1024,guest_delta_pid1_setup_complete,855
2026-05-13T22:46:53+00:00,minimal,stock,idle,21,mem_mib,1024,guest_elapsed_guestd_starting_log,65312
2026-05-13T22:46:53+00:00,minimal,stock,idle,21,mem_mib,1024,guest_delta_guestd_starting_log,1651
2026-05-13T22:46:53+00:00,minimal,stock,idle,21,mem_mib,1024,guest_elapsed_exec_listener_bound,66353
2026-05-13T22:46:53+00:00,minimal,stock,idle,21,mem_mib,1024,guest_delta_exec_listener_bound,1040
2026-05-13T22:46:53+00:00,minimal,stock,idle,21,mem_mib,1024,guest_elapsed_ready_signal_sent,68466
2026-05-13T22:46:53+00:00,minimal,stock,idle,21,mem_mib,1024,guest_delta_ready_signal_sent,2113
2026-05-13T22:46:55+00:00,minimal,stock,idle,22,mem_mib,1024,phase_1_run_root_prep,40
2026-05-13T22:46:55+00:00,minimal,stock,idle,22,mem_mib,1024,phase_2_lease,51
2026-05-13T22:46:55+00:00,minimal,stock,idle,22,mem_mib,1024,phase_3b_rootfs_prepare,12177
2026-05-13T22:46:55+00:00,minimal,stock,idle,22,mem_mib,1024,phase_3_storage_prep,12235
2026-05-13T22:46:55+00:00,minimal,stock,idle,22,mem_mib,1024,phase_4_jailer_materialize,843
2026-05-13T22:46:55+00:00,minimal,stock,idle,22,mem_mib,1024,phase_5_cgroup_probe,0
2026-05-13T22:46:55+00:00,minimal,stock,idle,22,mem_mib,1024,phase_6_network_realize,0
2026-05-13T22:46:55+00:00,minimal,stock,idle,22,mem_mib,1024,phase_7_outbound_guest_config,0
2026-05-13T22:46:55+00:00,minimal,stock,idle,22,mem_mib,1024,phase_9_jailer_launch,15590
2026-05-13T22:46:55+00:00,minimal,stock,idle,22,mem_mib,1024,phase_5b_cgroup_create,13568
2026-05-13T22:46:55+00:00,minimal,stock,idle,22,mem_mib,1024,phase_10_open_uds,28
2026-05-13T22:46:55+00:00,minimal,stock,idle,22,mem_mib,1024,phase_11_put_machine_config,248
2026-05-13T22:46:55+00:00,minimal,stock,idle,22,mem_mib,1024,phase_11_put_boot_source,76
2026-05-13T22:46:55+00:00,minimal,stock,idle,22,mem_mib,1024,phase_11_put_drive_rootfs,84
2026-05-13T22:46:55+00:00,minimal,stock,idle,22,mem_mib,1024,phase_11_put_drive_rootfs_overlay,171
2026-05-13T22:46:55+00:00,minimal,stock,idle,22,mem_mib,1024,phase_11_put_entropy,79
2026-05-13T22:46:55+00:00,minimal,stock,idle,22,mem_mib,1024,phase_11_put_vsock,158
2026-05-13T22:46:55+00:00,minimal,stock,idle,22,mem_mib,1024,phase_11_rest_puts,1199
2026-05-13T22:46:55+00:00,minimal,stock,idle,22,mem_mib,1024,phase_11b_ready_listener_bind,62
2026-05-13T22:46:55+00:00,minimal,stock,idle,22,mem_mib,1024,phase_11c_boot_identity_record,93
2026-05-13T22:46:55+00:00,minimal,stock,idle,22,mem_mib,1024,phase_12a_instance_start,14107
2026-05-13T22:46:55+00:00,minimal,stock,idle,22,mem_mib,1024,phase_12b_host_waiting_accept,1017188
2026-05-13T22:46:55+00:00,minimal,stock,idle,22,mem_mib,1024,phase_12b_kernel_console_range,950915
2026-05-13T22:46:55+00:00,minimal,stock,idle,22,mem_mib,1024,phase_12b_guest_process_start,0
2026-05-13T22:46:55+00:00,minimal,stock,idle,22,mem_mib,1024,phase_12b_guest_stdio_redirected,1650
2026-05-13T22:46:55+00:00,minimal,stock,idle,22,mem_mib,1024,phase_12b_guest_panic_hook_installed,3441
2026-05-13T22:46:55+00:00,minimal,stock,idle,22,mem_mib,1024,phase_12b_guest_pseudo_fs_mounted,14360
2026-05-13T22:46:55+00:00,minimal,stock,idle,22,mem_mib,1024,phase_12b_guest_mount_namespace_private,20862
2026-05-13T22:46:55+00:00,minimal,stock,idle,22,mem_mib,1024,phase_12b_guest_base_mounted,27250
2026-05-13T22:46:55+00:00,minimal,stock,idle,22,mem_mib,1024,phase_12b_guest_overlay_disk_mounted,35736
2026-05-13T22:46:55+00:00,minimal,stock,idle,22,mem_mib,1024,phase_12b_guest_overlay_dirs_ready,41929
2026-05-13T22:46:55+00:00,minimal,stock,idle,22,mem_mib,1024,phase_12b_guest_merged_mountpoint_ready,44957
2026-05-13T22:46:55+00:00,minimal,stock,idle,22,mem_mib,1024,phase_12b_guest_overlayfs_mounted,48376
2026-05-13T22:46:55+00:00,minimal,stock,idle,22,mem_mib,1024,phase_12b_guest_pseudo_fs_bound_into_merged,51937
2026-05-13T22:46:55+00:00,minimal,stock,idle,22,mem_mib,1024,phase_12b_guest_merged_self_bound,55408
2026-05-13T22:46:55+00:00,minimal,stock,idle,22,mem_mib,1024,phase_12b_guest_pivot_rootfs_done,57228
2026-05-13T22:46:55+00:00,minimal,stock,idle,22,mem_mib,1024,phase_12b_guest_overlay_pivot_complete,59198
2026-05-13T22:46:55+00:00,minimal,stock,idle,22,mem_mib,1024,phase_12b_guest_network_configured,61130
2026-05-13T22:46:55+00:00,minimal,stock,idle,22,mem_mib,1024,phase_12b_guest_workspace_absent,63242
2026-05-13T22:46:55+00:00,minimal,stock,idle,22,mem_mib,1024,phase_12b_guest_pid1_setup_complete,64110
2026-05-13T22:46:55+00:00,minimal,stock,idle,22,mem_mib,1024,phase_12b_guest_guestd_starting_log,65797
2026-05-13T22:46:55+00:00,minimal,stock,idle,22,mem_mib,1024,phase_12b_guest_exec_listener_bound,66872
2026-05-13T22:46:55+00:00,minimal,stock,idle,22,mem_mib,1024,phase_12b_ready_accept,1019544
2026-05-13T22:46:55+00:00,minimal,stock,idle,22,mem_mib,1024,exec_send,21
2026-05-13T22:46:55+00:00,minimal,stock,idle,22,mem_mib,1024,exec_recv,11988
2026-05-13T22:46:55+00:00,minimal,stock,idle,22,mem_mib,1024,stop_bounded,76058
2026-05-13T22:46:55+00:00,minimal,stock,idle,22,mem_mib,1024,stop_release,139
2026-05-13T22:46:55+00:00,minimal,stock,idle,22,mem_mib,1024,guest_elapsed_process_start,0
2026-05-13T22:46:55+00:00,minimal,stock,idle,22,mem_mib,1024,guest_delta_process_start,0
2026-05-13T22:46:55+00:00,minimal,stock,idle,22,mem_mib,1024,guest_elapsed_stdio_redirected,1650
2026-05-13T22:46:55+00:00,minimal,stock,idle,22,mem_mib,1024,guest_delta_stdio_redirected,1650
2026-05-13T22:46:55+00:00,minimal,stock,idle,22,mem_mib,1024,guest_elapsed_panic_hook_installed,3441
2026-05-13T22:46:55+00:00,minimal,stock,idle,22,mem_mib,1024,guest_delta_panic_hook_installed,1790
2026-05-13T22:46:55+00:00,minimal,stock,idle,22,mem_mib,1024,guest_elapsed_pseudo_fs_mounted,14360
2026-05-13T22:46:55+00:00,minimal,stock,idle,22,mem_mib,1024,guest_delta_pseudo_fs_mounted,10919
2026-05-13T22:46:55+00:00,minimal,stock,idle,22,mem_mib,1024,guest_elapsed_mount_namespace_private,20862
2026-05-13T22:46:55+00:00,minimal,stock,idle,22,mem_mib,1024,guest_delta_mount_namespace_private,6502
2026-05-13T22:46:55+00:00,minimal,stock,idle,22,mem_mib,1024,guest_elapsed_base_mounted,27250
2026-05-13T22:46:55+00:00,minimal,stock,idle,22,mem_mib,1024,guest_delta_base_mounted,6387
2026-05-13T22:46:55+00:00,minimal,stock,idle,22,mem_mib,1024,guest_elapsed_overlay_disk_mounted,35736
2026-05-13T22:46:55+00:00,minimal,stock,idle,22,mem_mib,1024,guest_delta_overlay_disk_mounted,8486
2026-05-13T22:46:55+00:00,minimal,stock,idle,22,mem_mib,1024,guest_elapsed_overlay_dirs_ready,41929
2026-05-13T22:46:55+00:00,minimal,stock,idle,22,mem_mib,1024,guest_delta_overlay_dirs_ready,6193
2026-05-13T22:46:55+00:00,minimal,stock,idle,22,mem_mib,1024,guest_elapsed_merged_mountpoint_ready,44957
2026-05-13T22:46:55+00:00,minimal,stock,idle,22,mem_mib,1024,guest_delta_merged_mountpoint_ready,3027
2026-05-13T22:46:55+00:00,minimal,stock,idle,22,mem_mib,1024,guest_elapsed_overlayfs_mounted,48376
2026-05-13T22:46:55+00:00,minimal,stock,idle,22,mem_mib,1024,guest_delta_overlayfs_mounted,3418
2026-05-13T22:46:55+00:00,minimal,stock,idle,22,mem_mib,1024,guest_elapsed_pseudo_fs_bound_into_merged,51937
2026-05-13T22:46:55+00:00,minimal,stock,idle,22,mem_mib,1024,guest_delta_pseudo_fs_bound_into_merged,3561
2026-05-13T22:46:55+00:00,minimal,stock,idle,22,mem_mib,1024,guest_elapsed_merged_self_bound,55408
2026-05-13T22:46:55+00:00,minimal,stock,idle,22,mem_mib,1024,guest_delta_merged_self_bound,3471
2026-05-13T22:46:55+00:00,minimal,stock,idle,22,mem_mib,1024,guest_elapsed_pivot_rootfs_done,57228
2026-05-13T22:46:55+00:00,minimal,stock,idle,22,mem_mib,1024,guest_delta_pivot_rootfs_done,1819
2026-05-13T22:46:55+00:00,minimal,stock,idle,22,mem_mib,1024,guest_elapsed_overlay_pivot_complete,59198
2026-05-13T22:46:55+00:00,minimal,stock,idle,22,mem_mib,1024,guest_delta_overlay_pivot_complete,1970
2026-05-13T22:46:55+00:00,minimal,stock,idle,22,mem_mib,1024,guest_elapsed_network_configured,61130
2026-05-13T22:46:55+00:00,minimal,stock,idle,22,mem_mib,1024,guest_delta_network_configured,1931
2026-05-13T22:46:55+00:00,minimal,stock,idle,22,mem_mib,1024,guest_elapsed_workspace_absent,63242
2026-05-13T22:46:55+00:00,minimal,stock,idle,22,mem_mib,1024,guest_delta_workspace_absent,2111
2026-05-13T22:46:55+00:00,minimal,stock,idle,22,mem_mib,1024,guest_elapsed_pid1_setup_complete,64110
2026-05-13T22:46:55+00:00,minimal,stock,idle,22,mem_mib,1024,guest_delta_pid1_setup_complete,868
2026-05-13T22:46:55+00:00,minimal,stock,idle,22,mem_mib,1024,guest_elapsed_guestd_starting_log,65797
2026-05-13T22:46:55+00:00,minimal,stock,idle,22,mem_mib,1024,guest_delta_guestd_starting_log,1686
2026-05-13T22:46:55+00:00,minimal,stock,idle,22,mem_mib,1024,guest_elapsed_exec_listener_bound,66872
2026-05-13T22:46:55+00:00,minimal,stock,idle,22,mem_mib,1024,guest_delta_exec_listener_bound,1075
2026-05-13T22:46:55+00:00,minimal,stock,idle,22,mem_mib,1024,guest_elapsed_ready_signal_sent,69064
2026-05-13T22:46:55+00:00,minimal,stock,idle,22,mem_mib,1024,guest_delta_ready_signal_sent,2192
2026-05-13T22:46:56+00:00,minimal,stock,idle,23,mem_mib,1024,phase_1_run_root_prep,44
2026-05-13T22:46:56+00:00,minimal,stock,idle,23,mem_mib,1024,phase_2_lease,38
2026-05-13T22:46:56+00:00,minimal,stock,idle,23,mem_mib,1024,phase_3b_rootfs_prepare,14487
2026-05-13T22:46:56+00:00,minimal,stock,idle,23,mem_mib,1024,phase_3_storage_prep,14543
2026-05-13T22:46:56+00:00,minimal,stock,idle,23,mem_mib,1024,phase_4_jailer_materialize,733
2026-05-13T22:46:56+00:00,minimal,stock,idle,23,mem_mib,1024,phase_5_cgroup_probe,0
2026-05-13T22:46:56+00:00,minimal,stock,idle,23,mem_mib,1024,phase_6_network_realize,0
2026-05-13T22:46:56+00:00,minimal,stock,idle,23,mem_mib,1024,phase_7_outbound_guest_config,0
2026-05-13T22:46:56+00:00,minimal,stock,idle,23,mem_mib,1024,phase_9_jailer_launch,15499
2026-05-13T22:46:56+00:00,minimal,stock,idle,23,mem_mib,1024,phase_5b_cgroup_create,25711
2026-05-13T22:46:56+00:00,minimal,stock,idle,23,mem_mib,1024,phase_10_open_uds,28
2026-05-13T22:46:56+00:00,minimal,stock,idle,23,mem_mib,1024,phase_11_put_machine_config,169
2026-05-13T22:46:56+00:00,minimal,stock,idle,23,mem_mib,1024,phase_11_put_boot_source,72
2026-05-13T22:46:56+00:00,minimal,stock,idle,23,mem_mib,1024,phase_11_put_drive_rootfs,81
2026-05-13T22:46:56+00:00,minimal,stock,idle,23,mem_mib,1024,phase_11_put_drive_rootfs_overlay,159
2026-05-13T22:46:56+00:00,minimal,stock,idle,23,mem_mib,1024,phase_11_put_entropy,78
2026-05-13T22:46:56+00:00,minimal,stock,idle,23,mem_mib,1024,phase_11_put_vsock,154
2026-05-13T22:46:56+00:00,minimal,stock,idle,23,mem_mib,1024,phase_11_rest_puts,1075
2026-05-13T22:46:56+00:00,minimal,stock,idle,23,mem_mib,1024,phase_11b_ready_listener_bind,56
2026-05-13T22:46:56+00:00,minimal,stock,idle,23,mem_mib,1024,phase_11c_boot_identity_record,58
2026-05-13T22:46:56+00:00,minimal,stock,idle,23,mem_mib,1024,phase_12a_instance_start,19590
2026-05-13T22:46:56+00:00,minimal,stock,idle,23,mem_mib,1024,phase_12b_host_waiting_accept,1010076
2026-05-13T22:46:56+00:00,minimal,stock,idle,23,mem_mib,1024,phase_12b_kernel_console_range,946926
2026-05-13T22:46:56+00:00,minimal,stock,idle,23,mem_mib,1024,phase_12b_guest_process_start,0
2026-05-13T22:46:56+00:00,minimal,stock,idle,23,mem_mib,1024,phase_12b_guest_stdio_redirected,1626
2026-05-13T22:46:56+00:00,minimal,stock,idle,23,mem_mib,1024,phase_12b_guest_panic_hook_installed,3299
2026-05-13T22:46:56+00:00,minimal,stock,idle,23,mem_mib,1024,phase_12b_guest_pseudo_fs_mounted,13715
2026-05-13T22:46:56+00:00,minimal,stock,idle,23,mem_mib,1024,phase_12b_guest_base_mounted,25647
2026-05-13T22:46:56+00:00,minimal,stock,idle,23,mem_mib,1024,phase_12b_guest_overlay_disk_mounted,33798
2026-05-13T22:46:56+00:00,minimal,stock,idle,23,mem_mib,1024,phase_12b_guest_overlay_dirs_ready,40020
2026-05-13T22:46:56+00:00,minimal,stock,idle,23,mem_mib,1024,phase_12b_guest_merged_mountpoint_ready,42982
2026-05-13T22:46:56+00:00,minimal,stock,idle,23,mem_mib,1024,phase_12b_guest_overlayfs_mounted,46362
2026-05-13T22:46:56+00:00,minimal,stock,idle,23,mem_mib,1024,phase_12b_guest_pseudo_fs_bound_into_merged,49865
2026-05-13T22:46:56+00:00,minimal,stock,idle,23,mem_mib,1024,phase_12b_guest_merged_self_bound,53277
2026-05-13T22:46:56+00:00,minimal,stock,idle,23,mem_mib,1024,phase_12b_guest_pivot_rootfs_done,55077
2026-05-13T22:46:56+00:00,minimal,stock,idle,23,mem_mib,1024,phase_12b_guest_overlay_pivot_complete,56987
2026-05-13T22:46:56+00:00,minimal,stock,idle,23,mem_mib,1024,phase_12b_guest_network_configured,58887
2026-05-13T22:46:56+00:00,minimal,stock,idle,23,mem_mib,1024,phase_12b_guest_workspace_absent,60955
2026-05-13T22:46:56+00:00,minimal,stock,idle,23,mem_mib,1024,phase_12b_guest_pid1_setup_complete,61815
2026-05-13T22:46:56+00:00,minimal,stock,idle,23,mem_mib,1024,phase_12b_guest_guestd_starting_log,63489
2026-05-13T22:46:56+00:00,minimal,stock,idle,23,mem_mib,1024,phase_12b_guest_exec_listener_bound,64537
2026-05-13T22:46:56+00:00,minimal,stock,idle,23,mem_mib,1024,phase_12b_ready_accept,1012353
2026-05-13T22:46:56+00:00,minimal,stock,idle,23,mem_mib,1024,exec_send,19
2026-05-13T22:46:56+00:00,minimal,stock,idle,23,mem_mib,1024,exec_recv,12013
2026-05-13T22:46:56+00:00,minimal,stock,idle,23,mem_mib,1024,stop_bounded,57111
2026-05-13T22:46:56+00:00,minimal,stock,idle,23,mem_mib,1024,stop_release,136
2026-05-13T22:46:56+00:00,minimal,stock,idle,23,mem_mib,1024,guest_elapsed_process_start,0
2026-05-13T22:46:56+00:00,minimal,stock,idle,23,mem_mib,1024,guest_delta_process_start,0
2026-05-13T22:46:56+00:00,minimal,stock,idle,23,mem_mib,1024,guest_elapsed_stdio_redirected,1626
2026-05-13T22:46:56+00:00,minimal,stock,idle,23,mem_mib,1024,guest_delta_stdio_redirected,1625
2026-05-13T22:46:56+00:00,minimal,stock,idle,23,mem_mib,1024,guest_elapsed_panic_hook_installed,3299
2026-05-13T22:46:56+00:00,minimal,stock,idle,23,mem_mib,1024,guest_delta_panic_hook_installed,1673
2026-05-13T22:46:56+00:00,minimal,stock,idle,23,mem_mib,1024,guest_elapsed_pseudo_fs_mounted,13715
2026-05-13T22:46:56+00:00,minimal,stock,idle,23,mem_mib,1024,guest_delta_pseudo_fs_mounted,10415
2026-05-13T22:46:56+00:00,minimal,stock,idle,23,mem_mib,1024,guest_elapsed_base_mounted,25647
2026-05-13T22:46:56+00:00,minimal,stock,idle,23,mem_mib,1024,guest_delta_base_mounted,5679
2026-05-13T22:46:56+00:00,minimal,stock,idle,23,mem_mib,1024,guest_elapsed_overlay_disk_mounted,33798
2026-05-13T22:46:56+00:00,minimal,stock,idle,23,mem_mib,1024,guest_delta_overlay_disk_mounted,8150
2026-05-13T22:46:56+00:00,minimal,stock,idle,23,mem_mib,1024,guest_elapsed_overlay_dirs_ready,40020
2026-05-13T22:46:56+00:00,minimal,stock,idle,23,mem_mib,1024,guest_delta_overlay_dirs_ready,6221
2026-05-13T22:46:56+00:00,minimal,stock,idle,23,mem_mib,1024,guest_elapsed_merged_mountpoint_ready,42982
2026-05-13T22:46:56+00:00,minimal,stock,idle,23,mem_mib,1024,guest_delta_merged_mountpoint_ready,2962
2026-05-13T22:46:56+00:00,minimal,stock,idle,23,mem_mib,1024,guest_elapsed_overlayfs_mounted,46362
2026-05-13T22:46:56+00:00,minimal,stock,idle,23,mem_mib,1024,guest_delta_overlayfs_mounted,3379
2026-05-13T22:46:56+00:00,minimal,stock,idle,23,mem_mib,1024,guest_elapsed_pseudo_fs_bound_into_merged,49865
2026-05-13T22:46:56+00:00,minimal,stock,idle,23,mem_mib,1024,guest_delta_pseudo_fs_bound_into_merged,3503
2026-05-13T22:46:56+00:00,minimal,stock,idle,23,mem_mib,1024,guest_elapsed_merged_self_bound,53277
2026-05-13T22:46:56+00:00,minimal,stock,idle,23,mem_mib,1024,guest_delta_merged_self_bound,3411
2026-05-13T22:46:56+00:00,minimal,stock,idle,23,mem_mib,1024,guest_elapsed_pivot_rootfs_done,55077
2026-05-13T22:46:56+00:00,minimal,stock,idle,23,mem_mib,1024,guest_delta_pivot_rootfs_done,1800
2026-05-13T22:46:56+00:00,minimal,stock,idle,23,mem_mib,1024,guest_elapsed_overlay_pivot_complete,56987
2026-05-13T22:46:56+00:00,minimal,stock,idle,23,mem_mib,1024,guest_delta_overlay_pivot_complete,1910
2026-05-13T22:46:56+00:00,minimal,stock,idle,23,mem_mib,1024,guest_elapsed_network_configured,58887
2026-05-13T22:46:56+00:00,minimal,stock,idle,23,mem_mib,1024,guest_delta_network_configured,1900
2026-05-13T22:46:56+00:00,minimal,stock,idle,23,mem_mib,1024,guest_elapsed_workspace_absent,60955
2026-05-13T22:46:56+00:00,minimal,stock,idle,23,mem_mib,1024,guest_delta_workspace_absent,2067
2026-05-13T22:46:56+00:00,minimal,stock,idle,23,mem_mib,1024,guest_elapsed_pid1_setup_complete,61815
2026-05-13T22:46:56+00:00,minimal,stock,idle,23,mem_mib,1024,guest_delta_pid1_setup_complete,860
2026-05-13T22:46:56+00:00,minimal,stock,idle,23,mem_mib,1024,guest_elapsed_guestd_starting_log,63489
2026-05-13T22:46:56+00:00,minimal,stock,idle,23,mem_mib,1024,guest_delta_guestd_starting_log,1674
2026-05-13T22:46:56+00:00,minimal,stock,idle,23,mem_mib,1024,guest_elapsed_exec_listener_bound,64537
2026-05-13T22:46:56+00:00,minimal,stock,idle,23,mem_mib,1024,guest_delta_exec_listener_bound,1048
2026-05-13T22:46:56+00:00,minimal,stock,idle,23,mem_mib,1024,guest_elapsed_ready_signal_sent,66338
2026-05-13T22:46:56+00:00,minimal,stock,idle,23,mem_mib,1024,guest_delta_ready_signal_sent,1800
2026-05-13T22:46:58+00:00,minimal,stock,idle,24,mem_mib,1024,phase_1_run_root_prep,59
2026-05-13T22:46:58+00:00,minimal,stock,idle,24,mem_mib,1024,phase_2_lease,62
2026-05-13T22:46:58+00:00,minimal,stock,idle,24,mem_mib,1024,phase_3b_rootfs_prepare,12555
2026-05-13T22:46:58+00:00,minimal,stock,idle,24,mem_mib,1024,phase_3_storage_prep,12625
2026-05-13T22:46:58+00:00,minimal,stock,idle,24,mem_mib,1024,phase_4_jailer_materialize,838
2026-05-13T22:46:58+00:00,minimal,stock,idle,24,mem_mib,1024,phase_5_cgroup_probe,0
2026-05-13T22:46:58+00:00,minimal,stock,idle,24,mem_mib,1024,phase_6_network_realize,0
2026-05-13T22:46:58+00:00,minimal,stock,idle,24,mem_mib,1024,phase_7_outbound_guest_config,0
2026-05-13T22:46:58+00:00,minimal,stock,idle,24,mem_mib,1024,phase_9_jailer_launch,15487
2026-05-13T22:46:58+00:00,minimal,stock,idle,24,mem_mib,1024,phase_5b_cgroup_create,17882
2026-05-13T22:46:58+00:00,minimal,stock,idle,24,mem_mib,1024,phase_10_open_uds,26
2026-05-13T22:46:58+00:00,minimal,stock,idle,24,mem_mib,1024,phase_11_put_machine_config,188
2026-05-13T22:46:58+00:00,minimal,stock,idle,24,mem_mib,1024,phase_11_put_boot_source,84
2026-05-13T22:46:58+00:00,minimal,stock,idle,24,mem_mib,1024,phase_11_put_drive_rootfs,88
2026-05-13T22:46:58+00:00,minimal,stock,idle,24,mem_mib,1024,phase_11_put_drive_rootfs_overlay,156
2026-05-13T22:46:58+00:00,minimal,stock,idle,24,mem_mib,1024,phase_11_put_entropy,81
2026-05-13T22:46:58+00:00,minimal,stock,idle,24,mem_mib,1024,phase_11_put_vsock,143
2026-05-13T22:46:58+00:00,minimal,stock,idle,24,mem_mib,1024,phase_11_rest_puts,1434
2026-05-13T22:46:58+00:00,minimal,stock,idle,24,mem_mib,1024,phase_11b_ready_listener_bind,79
2026-05-13T22:46:58+00:00,minimal,stock,idle,24,mem_mib,1024,phase_11c_boot_identity_record,101
2026-05-13T22:46:58+00:00,minimal,stock,idle,24,mem_mib,1024,phase_12a_instance_start,13580
2026-05-13T22:46:58+00:00,minimal,stock,idle,24,mem_mib,1024,phase_12b_host_waiting_accept,1007254
2026-05-13T22:46:58+00:00,minimal,stock,idle,24,mem_mib,1024,phase_12b_kernel_console_range,943892
2026-05-13T22:46:58+00:00,minimal,stock,idle,24,mem_mib,1024,phase_12b_guest_process_start,2
2026-05-13T22:46:58+00:00,minimal,stock,idle,24,mem_mib,1024,phase_12b_guest_stdio_redirected,471
2026-05-13T22:46:58+00:00,minimal,stock,idle,24,mem_mib,1024,phase_12b_guest_panic_hook_installed,476
2026-05-13T22:46:58+00:00,minimal,stock,idle,24,mem_mib,1024,phase_12b_guest_pseudo_fs_mounted,12602
2026-05-13T22:46:58+00:00,minimal,stock,idle,24,mem_mib,1024,phase_12b_guest_mount_namespace_private,18875
2026-05-13T22:46:58+00:00,minimal,stock,idle,24,mem_mib,1024,phase_12b_guest_base_mounted,24719
2026-05-13T22:46:58+00:00,minimal,stock,idle,24,mem_mib,1024,phase_12b_guest_overlay_disk_mounted,32099
2026-05-13T22:46:58+00:00,minimal,stock,idle,24,mem_mib,1024,phase_12b_guest_overlay_dirs_ready,37384
2026-05-13T22:46:58+00:00,minimal,stock,idle,24,mem_mib,1024,phase_12b_guest_merged_mountpoint_ready,40196
2026-05-13T22:46:58+00:00,minimal,stock,idle,24,mem_mib,1024,phase_12b_guest_overlayfs_mounted,43466
2026-05-13T22:46:58+00:00,minimal,stock,idle,24,mem_mib,1024,phase_12b_guest_pseudo_fs_bound_into_merged,46898
2026-05-13T22:46:58+00:00,minimal,stock,idle,24,mem_mib,1024,phase_12b_guest_merged_self_bound,50258
2026-05-13T22:46:58+00:00,minimal,stock,idle,24,mem_mib,1024,phase_12b_guest_pivot_rootfs_done,52026
2026-05-13T22:46:58+00:00,minimal,stock,idle,24,mem_mib,1024,phase_12b_guest_overlay_pivot_complete,53903
2026-05-13T22:46:58+00:00,minimal,stock,idle,24,mem_mib,1024,phase_12b_guest_network_configured,55794
2026-05-13T22:46:58+00:00,minimal,stock,idle,24,mem_mib,1024,phase_12b_guest_workspace_absent,57823
2026-05-13T22:46:58+00:00,minimal,stock,idle,24,mem_mib,1024,phase_12b_guest_pid1_setup_complete,58670
2026-05-13T22:46:58+00:00,minimal,stock,idle,24,mem_mib,1024,phase_12b_guest_guestd_starting_log,60340
2026-05-13T22:46:58+00:00,minimal,stock,idle,24,mem_mib,1024,phase_12b_guest_exec_listener_bound,61467
2026-05-13T22:46:58+00:00,minimal,stock,idle,24,mem_mib,1024,phase_12b_ready_accept,1009606
2026-05-13T22:46:58+00:00,minimal,stock,idle,24,mem_mib,1024,exec_send,19
2026-05-13T22:46:58+00:00,minimal,stock,idle,24,mem_mib,1024,exec_recv,12019
2026-05-13T22:46:58+00:00,minimal,stock,idle,24,mem_mib,1024,stop_bounded,76540
2026-05-13T22:46:58+00:00,minimal,stock,idle,24,mem_mib,1024,stop_release,150
2026-05-13T22:46:58+00:00,minimal,stock,idle,24,mem_mib,1024,guest_elapsed_process_start,2
2026-05-13T22:46:58+00:00,minimal,stock,idle,24,mem_mib,1024,guest_delta_process_start,2
2026-05-13T22:46:58+00:00,minimal,stock,idle,24,mem_mib,1024,guest_elapsed_stdio_redirected,471
2026-05-13T22:46:58+00:00,minimal,stock,idle,24,mem_mib,1024,guest_delta_stdio_redirected,469
2026-05-13T22:46:58+00:00,minimal,stock,idle,24,mem_mib,1024,guest_elapsed_panic_hook_installed,476
2026-05-13T22:46:58+00:00,minimal,stock,idle,24,mem_mib,1024,guest_delta_panic_hook_installed,4
2026-05-13T22:46:58+00:00,minimal,stock,idle,24,mem_mib,1024,guest_elapsed_pseudo_fs_mounted,12602
2026-05-13T22:46:58+00:00,minimal,stock,idle,24,mem_mib,1024,guest_delta_pseudo_fs_mounted,12126
2026-05-13T22:46:58+00:00,minimal,stock,idle,24,mem_mib,1024,guest_elapsed_mount_namespace_private,18875
2026-05-13T22:46:58+00:00,minimal,stock,idle,24,mem_mib,1024,guest_delta_mount_namespace_private,6272
2026-05-13T22:46:58+00:00,minimal,stock,idle,24,mem_mib,1024,guest_elapsed_base_mounted,24719
2026-05-13T22:46:58+00:00,minimal,stock,idle,24,mem_mib,1024,guest_delta_base_mounted,5843
2026-05-13T22:46:58+00:00,minimal,stock,idle,24,mem_mib,1024,guest_elapsed_overlay_disk_mounted,32099
2026-05-13T22:46:58+00:00,minimal,stock,idle,24,mem_mib,1024,guest_delta_overlay_disk_mounted,7379
2026-05-13T22:46:58+00:00,minimal,stock,idle,24,mem_mib,1024,guest_elapsed_overlay_dirs_ready,37384
2026-05-13T22:46:58+00:00,minimal,stock,idle,24,mem_mib,1024,guest_delta_overlay_dirs_ready,5285
2026-05-13T22:46:58+00:00,minimal,stock,idle,24,mem_mib,1024,guest_elapsed_merged_mountpoint_ready,40196
2026-05-13T22:46:58+00:00,minimal,stock,idle,24,mem_mib,1024,guest_delta_merged_mountpoint_ready,2811
2026-05-13T22:46:58+00:00,minimal,stock,idle,24,mem_mib,1024,guest_elapsed_overlayfs_mounted,43466
2026-05-13T22:46:58+00:00,minimal,stock,idle,24,mem_mib,1024,guest_delta_overlayfs_mounted,3270
2026-05-13T22:46:58+00:00,minimal,stock,idle,24,mem_mib,1024,guest_elapsed_pseudo_fs_bound_into_merged,46898
2026-05-13T22:46:58+00:00,minimal,stock,idle,24,mem_mib,1024,guest_delta_pseudo_fs_bound_into_merged,3431
2026-05-13T22:46:58+00:00,minimal,stock,idle,24,mem_mib,1024,guest_elapsed_merged_self_bound,50258
2026-05-13T22:46:58+00:00,minimal,stock,idle,24,mem_mib,1024,guest_delta_merged_self_bound,3359
2026-05-13T22:46:58+00:00,minimal,stock,idle,24,mem_mib,1024,guest_elapsed_pivot_rootfs_done,52026
2026-05-13T22:46:58+00:00,minimal,stock,idle,24,mem_mib,1024,guest_delta_pivot_rootfs_done,1768
2026-05-13T22:46:58+00:00,minimal,stock,idle,24,mem_mib,1024,guest_elapsed_overlay_pivot_complete,53903
2026-05-13T22:46:58+00:00,minimal,stock,idle,24,mem_mib,1024,guest_delta_overlay_pivot_complete,1877
2026-05-13T22:46:58+00:00,minimal,stock,idle,24,mem_mib,1024,guest_elapsed_network_configured,55794
2026-05-13T22:46:58+00:00,minimal,stock,idle,24,mem_mib,1024,guest_delta_network_configured,1891
2026-05-13T22:46:58+00:00,minimal,stock,idle,24,mem_mib,1024,guest_elapsed_workspace_absent,57823
2026-05-13T22:46:58+00:00,minimal,stock,idle,24,mem_mib,1024,guest_delta_workspace_absent,2028
2026-05-13T22:46:58+00:00,minimal,stock,idle,24,mem_mib,1024,guest_elapsed_pid1_setup_complete,58670
2026-05-13T22:46:58+00:00,minimal,stock,idle,24,mem_mib,1024,guest_delta_pid1_setup_complete,847
2026-05-13T22:46:58+00:00,minimal,stock,idle,24,mem_mib,1024,guest_elapsed_guestd_starting_log,60340
2026-05-13T22:46:58+00:00,minimal,stock,idle,24,mem_mib,1024,guest_delta_guestd_starting_log,1670
2026-05-13T22:46:58+00:00,minimal,stock,idle,24,mem_mib,1024,guest_elapsed_exec_listener_bound,61467
2026-05-13T22:46:58+00:00,minimal,stock,idle,24,mem_mib,1024,guest_delta_exec_listener_bound,1127
2026-05-13T22:46:58+00:00,minimal,stock,idle,24,mem_mib,1024,guest_elapsed_ready_signal_sent,63595
2026-05-13T22:46:58+00:00,minimal,stock,idle,24,mem_mib,1024,guest_delta_ready_signal_sent,2128
2026-05-13T22:46:59+00:00,minimal,stock,idle,25,mem_mib,1024,phase_1_run_root_prep,37
2026-05-13T22:46:59+00:00,minimal,stock,idle,25,mem_mib,1024,phase_2_lease,34
2026-05-13T22:46:59+00:00,minimal,stock,idle,25,mem_mib,1024,phase_3b_rootfs_prepare,13961
2026-05-13T22:46:59+00:00,minimal,stock,idle,25,mem_mib,1024,phase_3_storage_prep,14018
2026-05-13T22:46:59+00:00,minimal,stock,idle,25,mem_mib,1024,phase_4_jailer_materialize,640
2026-05-13T22:46:59+00:00,minimal,stock,idle,25,mem_mib,1024,phase_5_cgroup_probe,0
2026-05-13T22:46:59+00:00,minimal,stock,idle,25,mem_mib,1024,phase_6_network_realize,6
2026-05-13T22:46:59+00:00,minimal,stock,idle,25,mem_mib,1024,phase_7_outbound_guest_config,0
2026-05-13T22:46:59+00:00,minimal,stock,idle,25,mem_mib,1024,phase_9_jailer_launch,15501
2026-05-13T22:46:59+00:00,minimal,stock,idle,25,mem_mib,1024,phase_5b_cgroup_create,24901
2026-05-13T22:46:59+00:00,minimal,stock,idle,25,mem_mib,1024,phase_10_open_uds,35
2026-05-13T22:46:59+00:00,minimal,stock,idle,25,mem_mib,1024,phase_11_put_machine_config,190
2026-05-13T22:46:59+00:00,minimal,stock,idle,25,mem_mib,1024,phase_11_put_boot_source,94
2026-05-13T22:46:59+00:00,minimal,stock,idle,25,mem_mib,1024,phase_11_put_drive_rootfs,108
2026-05-13T22:46:59+00:00,minimal,stock,idle,25,mem_mib,1024,phase_11_put_drive_rootfs_overlay,241
2026-05-13T22:46:59+00:00,minimal,stock,idle,25,mem_mib,1024,phase_11_put_entropy,106
2026-05-13T22:46:59+00:00,minimal,stock,idle,25,mem_mib,1024,phase_11_put_vsock,169
2026-05-13T22:46:59+00:00,minimal,stock,idle,25,mem_mib,1024,phase_11_rest_puts,1594
2026-05-13T22:46:59+00:00,minimal,stock,idle,25,mem_mib,1024,phase_11b_ready_listener_bind,86
2026-05-13T22:46:59+00:00,minimal,stock,idle,25,mem_mib,1024,phase_11c_boot_identity_record,95
2026-05-13T22:46:59+00:00,minimal,stock,idle,25,mem_mib,1024,phase_12a_instance_start,18475
2026-05-13T22:46:59+00:00,minimal,stock,idle,25,mem_mib,1024,phase_12b_host_waiting_accept,1011692
2026-05-13T22:46:59+00:00,minimal,stock,idle,25,mem_mib,1024,phase_12b_kernel_console_range,946234
2026-05-13T22:46:59+00:00,minimal,stock,idle,25,mem_mib,1024,phase_12b_guest_process_start,2
2026-05-13T22:46:59+00:00,minimal,stock,idle,25,mem_mib,1024,phase_12b_guest_stdio_redirected,1609
2026-05-13T22:46:59+00:00,minimal,stock,idle,25,mem_mib,1024,phase_12b_guest_panic_hook_installed,3215
2026-05-13T22:46:59+00:00,minimal,stock,idle,25,mem_mib,1024,phase_12b_guest_pseudo_fs_mounted,13430
2026-05-13T22:46:59+00:00,minimal,stock,idle,25,mem_mib,1024,phase_12b_guest_mount_namespace_private,19773
2026-05-13T22:46:59+00:00,minimal,stock,idle,25,mem_mib,1024,phase_12b_guest_base_mounted,26196
2026-05-13T22:46:59+00:00,minimal,stock,idle,25,mem_mib,1024,phase_12b_guest_overlay_disk_mounted,33705
2026-05-13T22:46:59+00:00,minimal,stock,idle,25,mem_mib,1024,phase_12b_guest_overlay_dirs_ready,39413
2026-05-13T22:46:59+00:00,minimal,stock,idle,25,mem_mib,1024,phase_12b_guest_merged_mountpoint_ready,43880
2026-05-13T22:46:59+00:00,minimal,stock,idle,25,mem_mib,1024,phase_12b_guest_overlayfs_mounted,49030
2026-05-13T22:46:59+00:00,minimal,stock,idle,25,mem_mib,1024,phase_12b_guest_pseudo_fs_bound_into_merged,53416
2026-05-13T22:46:59+00:00,minimal,stock,idle,25,mem_mib,1024,phase_12b_guest_merged_self_bound,56875
2026-05-13T22:46:59+00:00,minimal,stock,idle,25,mem_mib,1024,phase_12b_guest_pivot_rootfs_done,58655
2026-05-13T22:46:59+00:00,minimal,stock,idle,25,mem_mib,1024,phase_12b_guest_overlay_pivot_complete,60577
2026-05-13T22:46:59+00:00,minimal,stock,idle,25,mem_mib,1024,phase_12b_guest_network_configured,62454
2026-05-13T22:46:59+00:00,minimal,stock,idle,25,mem_mib,1024,phase_12b_guest_workspace_absent,64519
2026-05-13T22:46:59+00:00,minimal,stock,idle,25,mem_mib,1024,phase_12b_guest_pid1_setup_complete,65361
2026-05-13T22:46:59+00:00,minimal,stock,idle,25,mem_mib,1024,phase_12b_guest_guestd_starting_log,67026
2026-05-13T22:46:59+00:00,minimal,stock,idle,25,mem_mib,1024,phase_12b_guest_exec_listener_bound,68093
2026-05-13T22:46:59+00:00,minimal,stock,idle,25,mem_mib,1024,phase_12b_ready_accept,1014104
2026-05-13T22:46:59+00:00,minimal,stock,idle,25,mem_mib,1024,exec_send,21
2026-05-13T22:46:59+00:00,minimal,stock,idle,25,mem_mib,1024,exec_recv,11975
2026-05-13T22:46:59+00:00,minimal,stock,idle,25,mem_mib,1024,stop_bounded,70561
2026-05-13T22:46:59+00:00,minimal,stock,idle,25,mem_mib,1024,stop_release,147
2026-05-13T22:46:59+00:00,minimal,stock,idle,25,mem_mib,1024,guest_elapsed_process_start,2
2026-05-13T22:46:59+00:00,minimal,stock,idle,25,mem_mib,1024,guest_delta_process_start,2
2026-05-13T22:46:59+00:00,minimal,stock,idle,25,mem_mib,1024,guest_elapsed_stdio_redirected,1609
2026-05-13T22:46:59+00:00,minimal,stock,idle,25,mem_mib,1024,guest_delta_stdio_redirected,1607
2026-05-13T22:46:59+00:00,minimal,stock,idle,25,mem_mib,1024,guest_elapsed_panic_hook_installed,3215
2026-05-13T22:46:59+00:00,minimal,stock,idle,25,mem_mib,1024,guest_delta_panic_hook_installed,1606
2026-05-13T22:46:59+00:00,minimal,stock,idle,25,mem_mib,1024,guest_elapsed_pseudo_fs_mounted,13430
2026-05-13T22:46:59+00:00,minimal,stock,idle,25,mem_mib,1024,guest_delta_pseudo_fs_mounted,10214
2026-05-13T22:46:59+00:00,minimal,stock,idle,25,mem_mib,1024,guest_elapsed_mount_namespace_private,19773
2026-05-13T22:46:59+00:00,minimal,stock,idle,25,mem_mib,1024,guest_delta_mount_namespace_private,6342
2026-05-13T22:46:59+00:00,minimal,stock,idle,25,mem_mib,1024,guest_elapsed_base_mounted,26196
2026-05-13T22:46:59+00:00,minimal,stock,idle,25,mem_mib,1024,guest_delta_base_mounted,6423
2026-05-13T22:46:59+00:00,minimal,stock,idle,25,mem_mib,1024,guest_elapsed_overlay_disk_mounted,33705
2026-05-13T22:46:59+00:00,minimal,stock,idle,25,mem_mib,1024,guest_delta_overlay_disk_mounted,7508
2026-05-13T22:46:59+00:00,minimal,stock,idle,25,mem_mib,1024,guest_elapsed_overlay_dirs_ready,39413
2026-05-13T22:46:59+00:00,minimal,stock,idle,25,mem_mib,1024,guest_delta_overlay_dirs_ready,5707
2026-05-13T22:46:59+00:00,minimal,stock,idle,25,mem_mib,1024,guest_elapsed_merged_mountpoint_ready,43880
2026-05-13T22:46:59+00:00,minimal,stock,idle,25,mem_mib,1024,guest_delta_merged_mountpoint_ready,4467
2026-05-13T22:46:59+00:00,minimal,stock,idle,25,mem_mib,1024,guest_elapsed_overlayfs_mounted,49030
2026-05-13T22:46:59+00:00,minimal,stock,idle,25,mem_mib,1024,guest_delta_overlayfs_mounted,5150
2026-05-13T22:46:59+00:00,minimal,stock,idle,25,mem_mib,1024,guest_elapsed_pseudo_fs_bound_into_merged,53416
2026-05-13T22:46:59+00:00,minimal,stock,idle,25,mem_mib,1024,guest_delta_pseudo_fs_bound_into_merged,4385
2026-05-13T22:46:59+00:00,minimal,stock,idle,25,mem_mib,1024,guest_elapsed_merged_self_bound,56875
2026-05-13T22:46:59+00:00,minimal,stock,idle,25,mem_mib,1024,guest_delta_merged_self_bound,3459
2026-05-13T22:46:59+00:00,minimal,stock,idle,25,mem_mib,1024,guest_elapsed_pivot_rootfs_done,58655
2026-05-13T22:46:59+00:00,minimal,stock,idle,25,mem_mib,1024,guest_delta_pivot_rootfs_done,1780
2026-05-13T22:46:59+00:00,minimal,stock,idle,25,mem_mib,1024,guest_elapsed_overlay_pivot_complete,60577
2026-05-13T22:46:59+00:00,minimal,stock,idle,25,mem_mib,1024,guest_delta_overlay_pivot_complete,1921
2026-05-13T22:46:59+00:00,minimal,stock,idle,25,mem_mib,1024,guest_elapsed_network_configured,62454
2026-05-13T22:46:59+00:00,minimal,stock,idle,25,mem_mib,1024,guest_delta_network_configured,1877
2026-05-13T22:46:59+00:00,minimal,stock,idle,25,mem_mib,1024,guest_elapsed_workspace_absent,64519
2026-05-13T22:46:59+00:00,minimal,stock,idle,25,mem_mib,1024,guest_delta_workspace_absent,2064
2026-05-13T22:46:59+00:00,minimal,stock,idle,25,mem_mib,1024,guest_elapsed_pid1_setup_complete,65361
2026-05-13T22:46:59+00:00,minimal,stock,idle,25,mem_mib,1024,guest_delta_pid1_setup_complete,842
2026-05-13T22:46:59+00:00,minimal,stock,idle,25,mem_mib,1024,guest_elapsed_guestd_starting_log,67026
2026-05-13T22:46:59+00:00,minimal,stock,idle,25,mem_mib,1024,guest_delta_guestd_starting_log,1664
2026-05-13T22:46:59+00:00,minimal,stock,idle,25,mem_mib,1024,guest_elapsed_exec_listener_bound,68093
2026-05-13T22:46:59+00:00,minimal,stock,idle,25,mem_mib,1024,guest_delta_exec_listener_bound,1066
2026-05-13T22:46:59+00:00,minimal,stock,idle,25,mem_mib,1024,guest_elapsed_ready_signal_sent,70242
2026-05-13T22:46:59+00:00,minimal,stock,idle,25,mem_mib,1024,guest_delta_ready_signal_sent,2149
2026-05-13T22:47:00+00:00,minimal,stock,idle,26,mem_mib,1024,phase_1_run_root_prep,64
2026-05-13T22:47:00+00:00,minimal,stock,idle,26,mem_mib,1024,phase_2_lease,34
2026-05-13T22:47:00+00:00,minimal,stock,idle,26,mem_mib,1024,phase_3b_rootfs_prepare,11145
2026-05-13T22:47:00+00:00,minimal,stock,idle,26,mem_mib,1024,phase_3_storage_prep,11213
2026-05-13T22:47:00+00:00,minimal,stock,idle,26,mem_mib,1024,phase_4_jailer_materialize,662
2026-05-13T22:47:00+00:00,minimal,stock,idle,26,mem_mib,1024,phase_5_cgroup_probe,0
2026-05-13T22:47:00+00:00,minimal,stock,idle,26,mem_mib,1024,phase_6_network_realize,0
2026-05-13T22:47:00+00:00,minimal,stock,idle,26,mem_mib,1024,phase_7_outbound_guest_config,0
2026-05-13T22:47:00+00:00,minimal,stock,idle,26,mem_mib,1024,phase_9_jailer_launch,15715
2026-05-13T22:47:00+00:00,minimal,stock,idle,26,mem_mib,1024,phase_5b_cgroup_create,21725
2026-05-13T22:47:00+00:00,minimal,stock,idle,26,mem_mib,1024,phase_10_open_uds,20
2026-05-13T22:47:00+00:00,minimal,stock,idle,26,mem_mib,1024,phase_11_put_machine_config,154
2026-05-13T22:47:00+00:00,minimal,stock,idle,26,mem_mib,1024,phase_11_put_boot_source,70
2026-05-13T22:47:00+00:00,minimal,stock,idle,26,mem_mib,1024,phase_11_put_drive_rootfs,84
2026-05-13T22:47:00+00:00,minimal,stock,idle,26,mem_mib,1024,phase_11_put_drive_rootfs_overlay,156
2026-05-13T22:47:00+00:00,minimal,stock,idle,26,mem_mib,1024,phase_11_put_entropy,96
2026-05-13T22:47:00+00:00,minimal,stock,idle,26,mem_mib,1024,phase_11_put_vsock,174
2026-05-13T22:47:00+00:00,minimal,stock,idle,26,mem_mib,1024,phase_11_rest_puts,1196
2026-05-13T22:47:00+00:00,minimal,stock,idle,26,mem_mib,1024,phase_11b_ready_listener_bind,83
2026-05-13T22:47:00+00:00,minimal,stock,idle,26,mem_mib,1024,phase_11c_boot_identity_record,95
2026-05-13T22:47:00+00:00,minimal,stock,idle,26,mem_mib,1024,phase_12a_instance_start,20151
2026-05-13T22:47:00+00:00,minimal,stock,idle,26,mem_mib,1024,phase_12b_host_waiting_accept,1010338
2026-05-13T22:47:00+00:00,minimal,stock,idle,26,mem_mib,1024,phase_12b_kernel_console_range,946072
2026-05-13T22:47:00+00:00,minimal,stock,idle,26,mem_mib,1024,phase_12b_guest_process_start,2
2026-05-13T22:47:00+00:00,minimal,stock,idle,26,mem_mib,1024,phase_12b_guest_stdio_redirected,496
2026-05-13T22:47:00+00:00,minimal,stock,idle,26,mem_mib,1024,phase_12b_guest_panic_hook_installed,500
2026-05-13T22:47:00+00:00,minimal,stock,idle,26,mem_mib,1024,phase_12b_guest_pseudo_fs_mounted,12719
2026-05-13T22:47:00+00:00,minimal,stock,idle,26,mem_mib,1024,phase_12b_guest_mount_namespace_private,19018
2026-05-13T22:47:00+00:00,minimal,stock,idle,26,mem_mib,1024,phase_12b_guest_base_mounted,25305
2026-05-13T22:47:00+00:00,minimal,stock,idle,26,mem_mib,1024,phase_12b_guest_overlay_disk_mounted,32687
2026-05-13T22:47:00+00:00,minimal,stock,idle,26,mem_mib,1024,phase_12b_guest_overlay_dirs_ready,38387
2026-05-13T22:47:00+00:00,minimal,stock,idle,26,mem_mib,1024,phase_12b_guest_merged_mountpoint_ready,41236
2026-05-13T22:47:00+00:00,minimal,stock,idle,26,mem_mib,1024,phase_12b_guest_overlayfs_mounted,44532
2026-05-13T22:47:00+00:00,minimal,stock,idle,26,mem_mib,1024,phase_12b_guest_pseudo_fs_bound_into_merged,47994
2026-05-13T22:47:00+00:00,minimal,stock,idle,26,mem_mib,1024,phase_12b_guest_merged_self_bound,51376
2026-05-13T22:47:00+00:00,minimal,stock,idle,26,mem_mib,1024,phase_12b_guest_pivot_rootfs_done,53143
2026-05-13T22:47:00+00:00,minimal,stock,idle,26,mem_mib,1024,phase_12b_guest_overlay_pivot_complete,55055
2026-05-13T22:47:00+00:00,minimal,stock,idle,26,mem_mib,1024,phase_12b_guest_network_configured,56926
2026-05-13T22:47:00+00:00,minimal,stock,idle,26,mem_mib,1024,phase_12b_guest_workspace_absent,58990
2026-05-13T22:47:00+00:00,minimal,stock,idle,26,mem_mib,1024,phase_12b_guest_pid1_setup_complete,59844
2026-05-13T22:47:00+00:00,minimal,stock,idle,26,mem_mib,1024,phase_12b_guest_guestd_starting_log,61489
2026-05-13T22:47:00+00:00,minimal,stock,idle,26,mem_mib,1024,phase_12b_guest_exec_listener_bound,62509
2026-05-13T22:47:00+00:00,minimal,stock,idle,26,mem_mib,1024,phase_12b_ready_accept,1012731
2026-05-13T22:47:00+00:00,minimal,stock,idle,26,mem_mib,1024,exec_send,23
2026-05-13T22:47:00+00:00,minimal,stock,idle,26,mem_mib,1024,exec_recv,11923
2026-05-13T22:47:00+00:00,minimal,stock,idle,26,mem_mib,1024,stop_bounded,76168
2026-05-13T22:47:00+00:00,minimal,stock,idle,26,mem_mib,1024,stop_release,152
2026-05-13T22:47:00+00:00,minimal,stock,idle,26,mem_mib,1024,guest_elapsed_process_start,2
2026-05-13T22:47:00+00:00,minimal,stock,idle,26,mem_mib,1024,guest_delta_process_start,2
2026-05-13T22:47:00+00:00,minimal,stock,idle,26,mem_mib,1024,guest_elapsed_stdio_redirected,496
2026-05-13T22:47:00+00:00,minimal,stock,idle,26,mem_mib,1024,guest_delta_stdio_redirected,493
2026-05-13T22:47:00+00:00,minimal,stock,idle,26,mem_mib,1024,guest_elapsed_panic_hook_installed,500
2026-05-13T22:47:00+00:00,minimal,stock,idle,26,mem_mib,1024,guest_delta_panic_hook_installed,4
2026-05-13T22:47:00+00:00,minimal,stock,idle,26,mem_mib,1024,guest_elapsed_pseudo_fs_mounted,12719
2026-05-13T22:47:00+00:00,minimal,stock,idle,26,mem_mib,1024,guest_delta_pseudo_fs_mounted,12219
2026-05-13T22:47:00+00:00,minimal,stock,idle,26,mem_mib,1024,guest_elapsed_mount_namespace_private,19018
2026-05-13T22:47:00+00:00,minimal,stock,idle,26,mem_mib,1024,guest_delta_mount_namespace_private,6298
2026-05-13T22:47:00+00:00,minimal,stock,idle,26,mem_mib,1024,guest_elapsed_base_mounted,25305
2026-05-13T22:47:00+00:00,minimal,stock,idle,26,mem_mib,1024,guest_delta_base_mounted,6286
2026-05-13T22:47:00+00:00,minimal,stock,idle,26,mem_mib,1024,guest_elapsed_overlay_disk_mounted,32687
2026-05-13T22:47:00+00:00,minimal,stock,idle,26,mem_mib,1024,guest_delta_overlay_disk_mounted,7381
2026-05-13T22:47:00+00:00,minimal,stock,idle,26,mem_mib,1024,guest_elapsed_overlay_dirs_ready,38387
2026-05-13T22:47:00+00:00,minimal,stock,idle,26,mem_mib,1024,guest_delta_overlay_dirs_ready,5700
2026-05-13T22:47:00+00:00,minimal,stock,idle,26,mem_mib,1024,guest_elapsed_merged_mountpoint_ready,41236
2026-05-13T22:47:00+00:00,minimal,stock,idle,26,mem_mib,1024,guest_delta_merged_mountpoint_ready,2849
2026-05-13T22:47:00+00:00,minimal,stock,idle,26,mem_mib,1024,guest_elapsed_overlayfs_mounted,44532
2026-05-13T22:47:00+00:00,minimal,stock,idle,26,mem_mib,1024,guest_delta_overlayfs_mounted,3295
2026-05-13T22:47:00+00:00,minimal,stock,idle,26,mem_mib,1024,guest_elapsed_pseudo_fs_bound_into_merged,47994
2026-05-13T22:47:00+00:00,minimal,stock,idle,26,mem_mib,1024,guest_delta_pseudo_fs_bound_into_merged,3462
2026-05-13T22:47:00+00:00,minimal,stock,idle,26,mem_mib,1024,guest_elapsed_merged_self_bound,51376
2026-05-13T22:47:00+00:00,minimal,stock,idle,26,mem_mib,1024,guest_delta_merged_self_bound,3381
2026-05-13T22:47:00+00:00,minimal,stock,idle,26,mem_mib,1024,guest_elapsed_pivot_rootfs_done,53143
2026-05-13T22:47:00+00:00,minimal,stock,idle,26,mem_mib,1024,guest_delta_pivot_rootfs_done,1766
2026-05-13T22:47:00+00:00,minimal,stock,idle,26,mem_mib,1024,guest_elapsed_overlay_pivot_complete,55055
2026-05-13T22:47:00+00:00,minimal,stock,idle,26,mem_mib,1024,guest_delta_overlay_pivot_complete,1912
2026-05-13T22:47:00+00:00,minimal,stock,idle,26,mem_mib,1024,guest_elapsed_network_configured,56926
2026-05-13T22:47:00+00:00,minimal,stock,idle,26,mem_mib,1024,guest_delta_network_configured,1871
2026-05-13T22:47:00+00:00,minimal,stock,idle,26,mem_mib,1024,guest_elapsed_workspace_absent,58990
2026-05-13T22:47:00+00:00,minimal,stock,idle,26,mem_mib,1024,guest_delta_workspace_absent,2063
2026-05-13T22:47:00+00:00,minimal,stock,idle,26,mem_mib,1024,guest_elapsed_pid1_setup_complete,59844
2026-05-13T22:47:00+00:00,minimal,stock,idle,26,mem_mib,1024,guest_delta_pid1_setup_complete,854
2026-05-13T22:47:00+00:00,minimal,stock,idle,26,mem_mib,1024,guest_elapsed_guestd_starting_log,61489
2026-05-13T22:47:00+00:00,minimal,stock,idle,26,mem_mib,1024,guest_delta_guestd_starting_log,1644
2026-05-13T22:47:00+00:00,minimal,stock,idle,26,mem_mib,1024,guest_elapsed_exec_listener_bound,62509
2026-05-13T22:47:00+00:00,minimal,stock,idle,26,mem_mib,1024,guest_delta_exec_listener_bound,1020
2026-05-13T22:47:00+00:00,minimal,stock,idle,26,mem_mib,1024,guest_elapsed_ready_signal_sent,64649
2026-05-13T22:47:00+00:00,minimal,stock,idle,26,mem_mib,1024,guest_delta_ready_signal_sent,2139
2026-05-13T22:47:02+00:00,minimal,stock,idle,27,mem_mib,1024,phase_1_run_root_prep,53
2026-05-13T22:47:02+00:00,minimal,stock,idle,27,mem_mib,1024,phase_2_lease,36
2026-05-13T22:47:02+00:00,minimal,stock,idle,27,mem_mib,1024,phase_3b_rootfs_prepare,13018
2026-05-13T22:47:02+00:00,minimal,stock,idle,27,mem_mib,1024,phase_3_storage_prep,13085
2026-05-13T22:47:02+00:00,minimal,stock,idle,27,mem_mib,1024,phase_4_jailer_materialize,648
2026-05-13T22:47:02+00:00,minimal,stock,idle,27,mem_mib,1024,phase_5_cgroup_probe,0
2026-05-13T22:47:02+00:00,minimal,stock,idle,27,mem_mib,1024,phase_6_network_realize,0
2026-05-13T22:47:02+00:00,minimal,stock,idle,27,mem_mib,1024,phase_7_outbound_guest_config,0
2026-05-13T22:47:02+00:00,minimal,stock,idle,27,mem_mib,1024,phase_9_jailer_launch,15728
2026-05-13T22:47:02+00:00,minimal,stock,idle,27,mem_mib,1024,phase_5b_cgroup_create,17545
2026-05-13T22:47:02+00:00,minimal,stock,idle,27,mem_mib,1024,phase_10_open_uds,21
2026-05-13T22:47:02+00:00,minimal,stock,idle,27,mem_mib,1024,phase_11_put_machine_config,162
2026-05-13T22:47:02+00:00,minimal,stock,idle,27,mem_mib,1024,phase_11_put_boot_source,66
2026-05-13T22:47:02+00:00,minimal,stock,idle,27,mem_mib,1024,phase_11_put_drive_rootfs,80
2026-05-13T22:47:02+00:00,minimal,stock,idle,27,mem_mib,1024,phase_11_put_drive_rootfs_overlay,162
2026-05-13T22:47:02+00:00,minimal,stock,idle,27,mem_mib,1024,phase_11_put_entropy,77
2026-05-13T22:47:02+00:00,minimal,stock,idle,27,mem_mib,1024,phase_11_put_vsock,132
2026-05-13T22:47:02+00:00,minimal,stock,idle,27,mem_mib,1024,phase_11_rest_puts,1017
2026-05-13T22:47:02+00:00,minimal,stock,idle,27,mem_mib,1024,phase_11b_ready_listener_bind,37
2026-05-13T22:47:02+00:00,minimal,stock,idle,27,mem_mib,1024,phase_11c_boot_identity_record,43
2026-05-13T22:47:02+00:00,minimal,stock,idle,27,mem_mib,1024,phase_12a_instance_start,13835
2026-05-13T22:47:02+00:00,minimal,stock,idle,27,mem_mib,1024,phase_12b_host_waiting_accept,1008866
2026-05-13T22:47:02+00:00,minimal,stock,idle,27,mem_mib,1024,phase_12b_kernel_console_range,945898
2026-05-13T22:47:02+00:00,minimal,stock,idle,27,mem_mib,1024,phase_12b_guest_process_start,2
2026-05-13T22:47:02+00:00,minimal,stock,idle,27,mem_mib,1024,phase_12b_guest_stdio_redirected,1611
2026-05-13T22:47:02+00:00,minimal,stock,idle,27,mem_mib,1024,phase_12b_guest_panic_hook_installed,3306
2026-05-13T22:47:02+00:00,minimal,stock,idle,27,mem_mib,1024,phase_12b_guest_pseudo_fs_mounted,13752
2026-05-13T22:47:02+00:00,minimal,stock,idle,27,mem_mib,1024,phase_12b_guest_mount_namespace_private,20019
2026-05-13T22:47:02+00:00,minimal,stock,idle,27,mem_mib,1024,phase_12b_guest_base_mounted,25975
2026-05-13T22:47:02+00:00,minimal,stock,idle,27,mem_mib,1024,phase_12b_guest_overlay_disk_mounted,33212
2026-05-13T22:47:02+00:00,minimal,stock,idle,27,mem_mib,1024,phase_12b_guest_overlay_dirs_ready,38597
2026-05-13T22:47:02+00:00,minimal,stock,idle,27,mem_mib,1024,phase_12b_guest_merged_mountpoint_ready,41493
2026-05-13T22:47:02+00:00,minimal,stock,idle,27,mem_mib,1024,phase_12b_guest_overlayfs_mounted,44828
2026-05-13T22:47:02+00:00,minimal,stock,idle,27,mem_mib,1024,phase_12b_guest_pseudo_fs_bound_into_merged,48313
2026-05-13T22:47:02+00:00,minimal,stock,idle,27,mem_mib,1024,phase_12b_guest_merged_self_bound,51721
2026-05-13T22:47:02+00:00,minimal,stock,idle,27,mem_mib,1024,phase_12b_guest_pivot_rootfs_done,53488
2026-05-13T22:47:02+00:00,minimal,stock,idle,27,mem_mib,1024,phase_12b_guest_overlay_pivot_complete,55412
2026-05-13T22:47:02+00:00,minimal,stock,idle,27,mem_mib,1024,phase_12b_guest_network_configured,57294
2026-05-13T22:47:02+00:00,minimal,stock,idle,27,mem_mib,1024,phase_12b_guest_workspace_absent,59354
2026-05-13T22:47:02+00:00,minimal,stock,idle,27,mem_mib,1024,phase_12b_guest_pid1_setup_complete,60214
2026-05-13T22:47:02+00:00,minimal,stock,idle,27,mem_mib,1024,phase_12b_guest_guestd_starting_log,61872
2026-05-13T22:47:02+00:00,minimal,stock,idle,27,mem_mib,1024,phase_12b_guest_exec_listener_bound,62910
2026-05-13T22:47:02+00:00,minimal,stock,idle,27,mem_mib,1024,phase_12b_ready_accept,1010090
2026-05-13T22:47:02+00:00,minimal,stock,idle,27,mem_mib,1024,exec_send,12
2026-05-13T22:47:02+00:00,minimal,stock,idle,27,mem_mib,1024,exec_recv,12021
2026-05-13T22:47:02+00:00,minimal,stock,idle,27,mem_mib,1024,stop_bounded,72296
2026-05-13T22:47:02+00:00,minimal,stock,idle,27,mem_mib,1024,stop_release,112
2026-05-13T22:47:02+00:00,minimal,stock,idle,27,mem_mib,1024,guest_elapsed_process_start,2
2026-05-13T22:47:02+00:00,minimal,stock,idle,27,mem_mib,1024,guest_delta_process_start,2
2026-05-13T22:47:02+00:00,minimal,stock,idle,27,mem_mib,1024,guest_elapsed_stdio_redirected,1611
2026-05-13T22:47:02+00:00,minimal,stock,idle,27,mem_mib,1024,guest_delta_stdio_redirected,1609
2026-05-13T22:47:02+00:00,minimal,stock,idle,27,mem_mib,1024,guest_elapsed_panic_hook_installed,3306
2026-05-13T22:47:02+00:00,minimal,stock,idle,27,mem_mib,1024,guest_delta_panic_hook_installed,1694
2026-05-13T22:47:02+00:00,minimal,stock,idle,27,mem_mib,1024,guest_elapsed_pseudo_fs_mounted,13752
2026-05-13T22:47:02+00:00,minimal,stock,idle,27,mem_mib,1024,guest_delta_pseudo_fs_mounted,10445
2026-05-13T22:47:02+00:00,minimal,stock,idle,27,mem_mib,1024,guest_elapsed_mount_namespace_private,20019
2026-05-13T22:47:02+00:00,minimal,stock,idle,27,mem_mib,1024,guest_delta_mount_namespace_private,6267
2026-05-13T22:47:02+00:00,minimal,stock,idle,27,mem_mib,1024,guest_elapsed_base_mounted,25975
2026-05-13T22:47:02+00:00,minimal,stock,idle,27,mem_mib,1024,guest_delta_base_mounted,5955
2026-05-13T22:47:02+00:00,minimal,stock,idle,27,mem_mib,1024,guest_elapsed_overlay_disk_mounted,33212
2026-05-13T22:47:02+00:00,minimal,stock,idle,27,mem_mib,1024,guest_delta_overlay_disk_mounted,7237
2026-05-13T22:47:02+00:00,minimal,stock,idle,27,mem_mib,1024,guest_elapsed_overlay_dirs_ready,38597
2026-05-13T22:47:02+00:00,minimal,stock,idle,27,mem_mib,1024,guest_delta_overlay_dirs_ready,5384
2026-05-13T22:47:02+00:00,minimal,stock,idle,27,mem_mib,1024,guest_elapsed_merged_mountpoint_ready,41493
2026-05-13T22:47:02+00:00,minimal,stock,idle,27,mem_mib,1024,guest_delta_merged_mountpoint_ready,2896
2026-05-13T22:47:02+00:00,minimal,stock,idle,27,mem_mib,1024,guest_elapsed_overlayfs_mounted,44828
2026-05-13T22:47:02+00:00,minimal,stock,idle,27,mem_mib,1024,guest_delta_overlayfs_mounted,3334
2026-05-13T22:47:02+00:00,minimal,stock,idle,27,mem_mib,1024,guest_elapsed_pseudo_fs_bound_into_merged,48313
2026-05-13T22:47:02+00:00,minimal,stock,idle,27,mem_mib,1024,guest_delta_pseudo_fs_bound_into_merged,3484
2026-05-13T22:47:02+00:00,minimal,stock,idle,27,mem_mib,1024,guest_elapsed_merged_self_bound,51721
2026-05-13T22:47:02+00:00,minimal,stock,idle,27,mem_mib,1024,guest_delta_merged_self_bound,3408
2026-05-13T22:47:02+00:00,minimal,stock,idle,27,mem_mib,1024,guest_elapsed_pivot_rootfs_done,53488
2026-05-13T22:47:02+00:00,minimal,stock,idle,27,mem_mib,1024,guest_delta_pivot_rootfs_done,1767
2026-05-13T22:47:02+00:00,minimal,stock,idle,27,mem_mib,1024,guest_elapsed_overlay_pivot_complete,55412
2026-05-13T22:47:02+00:00,minimal,stock,idle,27,mem_mib,1024,guest_delta_overlay_pivot_complete,1923
2026-05-13T22:47:02+00:00,minimal,stock,idle,27,mem_mib,1024,guest_elapsed_network_configured,57294
2026-05-13T22:47:02+00:00,minimal,stock,idle,27,mem_mib,1024,guest_delta_network_configured,1881
2026-05-13T22:47:02+00:00,minimal,stock,idle,27,mem_mib,1024,guest_elapsed_workspace_absent,59354
2026-05-13T22:47:02+00:00,minimal,stock,idle,27,mem_mib,1024,guest_delta_workspace_absent,2059
2026-05-13T22:47:02+00:00,minimal,stock,idle,27,mem_mib,1024,guest_elapsed_pid1_setup_complete,60214
2026-05-13T22:47:02+00:00,minimal,stock,idle,27,mem_mib,1024,guest_delta_pid1_setup_complete,860
2026-05-13T22:47:02+00:00,minimal,stock,idle,27,mem_mib,1024,guest_elapsed_guestd_starting_log,61872
2026-05-13T22:47:02+00:00,minimal,stock,idle,27,mem_mib,1024,guest_delta_guestd_starting_log,1657
2026-05-13T22:47:02+00:00,minimal,stock,idle,27,mem_mib,1024,guest_elapsed_exec_listener_bound,62910
2026-05-13T22:47:02+00:00,minimal,stock,idle,27,mem_mib,1024,guest_delta_exec_listener_bound,1038
2026-05-13T22:47:02+00:00,minimal,stock,idle,27,mem_mib,1024,guest_elapsed_ready_signal_sent,65044
2026-05-13T22:47:02+00:00,minimal,stock,idle,27,mem_mib,1024,guest_delta_ready_signal_sent,2133
2026-05-13T22:47:03+00:00,minimal,stock,idle,28,mem_mib,1024,phase_1_run_root_prep,36
2026-05-13T22:47:03+00:00,minimal,stock,idle,28,mem_mib,1024,phase_2_lease,33
2026-05-13T22:47:03+00:00,minimal,stock,idle,28,mem_mib,1024,phase_3b_rootfs_prepare,11497
2026-05-13T22:47:03+00:00,minimal,stock,idle,28,mem_mib,1024,phase_3_storage_prep,11559
2026-05-13T22:47:03+00:00,minimal,stock,idle,28,mem_mib,1024,phase_4_jailer_materialize,652
2026-05-13T22:47:03+00:00,minimal,stock,idle,28,mem_mib,1024,phase_5_cgroup_probe,0
2026-05-13T22:47:03+00:00,minimal,stock,idle,28,mem_mib,1024,phase_6_network_realize,6
2026-05-13T22:47:03+00:00,minimal,stock,idle,28,mem_mib,1024,phase_7_outbound_guest_config,0
2026-05-13T22:47:03+00:00,minimal,stock,idle,28,mem_mib,1024,phase_9_jailer_launch,15437
2026-05-13T22:47:03+00:00,minimal,stock,idle,28,mem_mib,1024,phase_5b_cgroup_create,13644
2026-05-13T22:47:03+00:00,minimal,stock,idle,28,mem_mib,1024,phase_10_open_uds,23
2026-05-13T22:47:03+00:00,minimal,stock,idle,28,mem_mib,1024,phase_11_put_machine_config,204
2026-05-13T22:47:03+00:00,minimal,stock,idle,28,mem_mib,1024,phase_11_put_boot_source,99
2026-05-13T22:47:03+00:00,minimal,stock,idle,28,mem_mib,1024,phase_11_put_drive_rootfs,104
2026-05-13T22:47:03+00:00,minimal,stock,idle,28,mem_mib,1024,phase_11_put_drive_rootfs_overlay,200
2026-05-13T22:47:03+00:00,minimal,stock,idle,28,mem_mib,1024,phase_11_put_entropy,100
2026-05-13T22:47:03+00:00,minimal,stock,idle,28,mem_mib,1024,phase_11_put_vsock,159
2026-05-13T22:47:03+00:00,minimal,stock,idle,28,mem_mib,1024,phase_11_rest_puts,1642
2026-05-13T22:47:03+00:00,minimal,stock,idle,28,mem_mib,1024,phase_11b_ready_listener_bind,90
2026-05-13T22:47:03+00:00,minimal,stock,idle,28,mem_mib,1024,phase_11c_boot_identity_record,88
2026-05-13T22:47:03+00:00,minimal,stock,idle,28,mem_mib,1024,phase_12a_instance_start,20160
2026-05-13T22:47:03+00:00,minimal,stock,idle,28,mem_mib,1024,phase_12b_host_waiting_accept,1014702
2026-05-13T22:47:03+00:00,minimal,stock,idle,28,mem_mib,1024,phase_12b_kernel_console_range,951183
2026-05-13T22:47:03+00:00,minimal,stock,idle,28,mem_mib,1024,phase_12b_guest_process_start,2
2026-05-13T22:47:03+00:00,minimal,stock,idle,28,mem_mib,1024,phase_12b_guest_stdio_redirected,1645
2026-05-13T22:47:03+00:00,minimal,stock,idle,28,mem_mib,1024,phase_12b_guest_panic_hook_installed,3336
2026-05-13T22:47:03+00:00,minimal,stock,idle,28,mem_mib,1024,phase_12b_guest_pseudo_fs_mounted,13827
2026-05-13T22:47:03+00:00,minimal,stock,idle,28,mem_mib,1024,phase_12b_guest_mount_namespace_private,20091
2026-05-13T22:47:03+00:00,minimal,stock,idle,28,mem_mib,1024,phase_12b_guest_base_mounted,25829
2026-05-13T22:47:03+00:00,minimal,stock,idle,28,mem_mib,1024,phase_12b_guest_overlay_disk_mounted,33290
2026-05-13T22:47:03+00:00,minimal,stock,idle,28,mem_mib,1024,phase_12b_guest_overlay_dirs_ready,38994
2026-05-13T22:47:03+00:00,minimal,stock,idle,28,mem_mib,1024,phase_12b_guest_merged_mountpoint_ready,43417
2026-05-13T22:47:03+00:00,minimal,stock,idle,28,mem_mib,1024,phase_12b_guest_overlayfs_mounted,48545
2026-05-13T22:47:03+00:00,minimal,stock,idle,28,mem_mib,1024,phase_12b_guest_pseudo_fs_bound_into_merged,53037
2026-05-13T22:47:03+00:00,minimal,stock,idle,28,mem_mib,1024,phase_12b_guest_merged_self_bound,56437
2026-05-13T22:47:03+00:00,minimal,stock,idle,28,mem_mib,1024,phase_12b_guest_pivot_rootfs_done,58221
2026-05-13T22:47:03+00:00,minimal,stock,idle,28,mem_mib,1024,phase_12b_guest_overlay_pivot_complete,60147
2026-05-13T22:47:03+00:00,minimal,stock,idle,28,mem_mib,1024,phase_12b_guest_network_configured,62037
2026-05-13T22:47:03+00:00,minimal,stock,idle,28,mem_mib,1024,phase_12b_guest_workspace_absent,64095
2026-05-13T22:47:03+00:00,minimal,stock,idle,28,mem_mib,1024,phase_12b_guest_pid1_setup_complete,64946
2026-05-13T22:47:03+00:00,minimal,stock,idle,28,mem_mib,1024,phase_12b_guest_guestd_starting_log,66606
2026-05-13T22:47:03+00:00,minimal,stock,idle,28,mem_mib,1024,phase_12b_guest_exec_listener_bound,67643
2026-05-13T22:47:03+00:00,minimal,stock,idle,28,mem_mib,1024,phase_12b_ready_accept,1017103
2026-05-13T22:47:03+00:00,minimal,stock,idle,28,mem_mib,1024,exec_send,19
2026-05-13T22:47:03+00:00,minimal,stock,idle,28,mem_mib,1024,exec_recv,11911
2026-05-13T22:47:03+00:00,minimal,stock,idle,28,mem_mib,1024,stop_bounded,61639
2026-05-13T22:47:03+00:00,minimal,stock,idle,28,mem_mib,1024,stop_release,116
2026-05-13T22:47:03+00:00,minimal,stock,idle,28,mem_mib,1024,guest_elapsed_process_start,2
2026-05-13T22:47:03+00:00,minimal,stock,idle,28,mem_mib,1024,guest_delta_process_start,2
2026-05-13T22:47:03+00:00,minimal,stock,idle,28,mem_mib,1024,guest_elapsed_stdio_redirected,1645
2026-05-13T22:47:03+00:00,minimal,stock,idle,28,mem_mib,1024,guest_delta_stdio_redirected,1643
2026-05-13T22:47:03+00:00,minimal,stock,idle,28,mem_mib,1024,guest_elapsed_panic_hook_installed,3336
2026-05-13T22:47:03+00:00,minimal,stock,idle,28,mem_mib,1024,guest_delta_panic_hook_installed,1691
2026-05-13T22:47:03+00:00,minimal,stock,idle,28,mem_mib,1024,guest_elapsed_pseudo_fs_mounted,13827
2026-05-13T22:47:03+00:00,minimal,stock,idle,28,mem_mib,1024,guest_delta_pseudo_fs_mounted,10491
2026-05-13T22:47:03+00:00,minimal,stock,idle,28,mem_mib,1024,guest_elapsed_mount_namespace_private,20091
2026-05-13T22:47:03+00:00,minimal,stock,idle,28,mem_mib,1024,guest_delta_mount_namespace_private,6264
2026-05-13T22:47:03+00:00,minimal,stock,idle,28,mem_mib,1024,guest_elapsed_base_mounted,25829
2026-05-13T22:47:03+00:00,minimal,stock,idle,28,mem_mib,1024,guest_delta_base_mounted,5737
2026-05-13T22:47:03+00:00,minimal,stock,idle,28,mem_mib,1024,guest_elapsed_overlay_disk_mounted,33290
2026-05-13T22:47:03+00:00,minimal,stock,idle,28,mem_mib,1024,guest_delta_overlay_disk_mounted,7460
2026-05-13T22:47:03+00:00,minimal,stock,idle,28,mem_mib,1024,guest_elapsed_overlay_dirs_ready,38994
2026-05-13T22:47:03+00:00,minimal,stock,idle,28,mem_mib,1024,guest_delta_overlay_dirs_ready,5704
2026-05-13T22:47:03+00:00,minimal,stock,idle,28,mem_mib,1024,guest_elapsed_merged_mountpoint_ready,43417
2026-05-13T22:47:03+00:00,minimal,stock,idle,28,mem_mib,1024,guest_delta_merged_mountpoint_ready,4422
2026-05-13T22:47:03+00:00,minimal,stock,idle,28,mem_mib,1024,guest_elapsed_overlayfs_mounted,48545
2026-05-13T22:47:03+00:00,minimal,stock,idle,28,mem_mib,1024,guest_delta_overlayfs_mounted,5127
2026-05-13T22:47:03+00:00,minimal,stock,idle,28,mem_mib,1024,guest_elapsed_pseudo_fs_bound_into_merged,53037
2026-05-13T22:47:03+00:00,minimal,stock,idle,28,mem_mib,1024,guest_delta_pseudo_fs_bound_into_merged,4491
2026-05-13T22:47:03+00:00,minimal,stock,idle,28,mem_mib,1024,guest_elapsed_merged_self_bound,56437
2026-05-13T22:47:03+00:00,minimal,stock,idle,28,mem_mib,1024,guest_delta_merged_self_bound,3400
2026-05-13T22:47:03+00:00,minimal,stock,idle,28,mem_mib,1024,guest_elapsed_pivot_rootfs_done,58221
2026-05-13T22:47:03+00:00,minimal,stock,idle,28,mem_mib,1024,guest_delta_pivot_rootfs_done,1783
2026-05-13T22:47:03+00:00,minimal,stock,idle,28,mem_mib,1024,guest_elapsed_overlay_pivot_complete,60147
2026-05-13T22:47:03+00:00,minimal,stock,idle,28,mem_mib,1024,guest_delta_overlay_pivot_complete,1926
2026-05-13T22:47:03+00:00,minimal,stock,idle,28,mem_mib,1024,guest_elapsed_network_configured,62037
2026-05-13T22:47:03+00:00,minimal,stock,idle,28,mem_mib,1024,guest_delta_network_configured,1890
2026-05-13T22:47:03+00:00,minimal,stock,idle,28,mem_mib,1024,guest_elapsed_workspace_absent,64095
2026-05-13T22:47:03+00:00,minimal,stock,idle,28,mem_mib,1024,guest_delta_workspace_absent,2058
2026-05-13T22:47:03+00:00,minimal,stock,idle,28,mem_mib,1024,guest_elapsed_pid1_setup_complete,64946
2026-05-13T22:47:03+00:00,minimal,stock,idle,28,mem_mib,1024,guest_delta_pid1_setup_complete,851
2026-05-13T22:47:03+00:00,minimal,stock,idle,28,mem_mib,1024,guest_elapsed_guestd_starting_log,66606
2026-05-13T22:47:03+00:00,minimal,stock,idle,28,mem_mib,1024,guest_delta_guestd_starting_log,1659
2026-05-13T22:47:03+00:00,minimal,stock,idle,28,mem_mib,1024,guest_elapsed_exec_listener_bound,67643
2026-05-13T22:47:03+00:00,minimal,stock,idle,28,mem_mib,1024,guest_delta_exec_listener_bound,1036
2026-05-13T22:47:03+00:00,minimal,stock,idle,28,mem_mib,1024,guest_elapsed_ready_signal_sent,69758
2026-05-13T22:47:03+00:00,minimal,stock,idle,28,mem_mib,1024,guest_delta_ready_signal_sent,2115
2026-05-13T22:47:05+00:00,minimal,stock,idle,29,mem_mib,1024,phase_1_run_root_prep,41
2026-05-13T22:47:05+00:00,minimal,stock,idle,29,mem_mib,1024,phase_2_lease,44
2026-05-13T22:47:05+00:00,minimal,stock,idle,29,mem_mib,1024,phase_3b_rootfs_prepare,11956
2026-05-13T22:47:05+00:00,minimal,stock,idle,29,mem_mib,1024,phase_3_storage_prep,12013
2026-05-13T22:47:05+00:00,minimal,stock,idle,29,mem_mib,1024,phase_4_jailer_materialize,3844
2026-05-13T22:47:05+00:00,minimal,stock,idle,29,mem_mib,1024,phase_5_cgroup_probe,0
2026-05-13T22:47:05+00:00,minimal,stock,idle,29,mem_mib,1024,phase_6_network_realize,0
2026-05-13T22:47:05+00:00,minimal,stock,idle,29,mem_mib,1024,phase_7_outbound_guest_config,0
2026-05-13T22:47:05+00:00,minimal,stock,idle,29,mem_mib,1024,phase_9_jailer_launch,15473
2026-05-13T22:47:05+00:00,minimal,stock,idle,29,mem_mib,1024,phase_5b_cgroup_create,23007
2026-05-13T22:47:05+00:00,minimal,stock,idle,29,mem_mib,1024,phase_10_open_uds,28
2026-05-13T22:47:05+00:00,minimal,stock,idle,29,mem_mib,1024,phase_11_put_machine_config,160
2026-05-13T22:47:05+00:00,minimal,stock,idle,29,mem_mib,1024,phase_11_put_boot_source,70
2026-05-13T22:47:05+00:00,minimal,stock,idle,29,mem_mib,1024,phase_11_put_drive_rootfs,85
2026-05-13T22:47:05+00:00,minimal,stock,idle,29,mem_mib,1024,phase_11_put_drive_rootfs_overlay,160
2026-05-13T22:47:05+00:00,minimal,stock,idle,29,mem_mib,1024,phase_11_put_entropy,77
2026-05-13T22:47:05+00:00,minimal,stock,idle,29,mem_mib,1024,phase_11_put_vsock,135
2026-05-13T22:47:05+00:00,minimal,stock,idle,29,mem_mib,1024,phase_11_rest_puts,1243
2026-05-13T22:47:05+00:00,minimal,stock,idle,29,mem_mib,1024,phase_11b_ready_listener_bind,52
2026-05-13T22:47:05+00:00,minimal,stock,idle,29,mem_mib,1024,phase_11c_boot_identity_record,79
2026-05-13T22:47:05+00:00,minimal,stock,idle,29,mem_mib,1024,phase_12a_instance_start,19410
2026-05-13T22:47:05+00:00,minimal,stock,idle,29,mem_mib,1024,phase_12b_host_waiting_accept,1010651
2026-05-13T22:47:05+00:00,minimal,stock,idle,29,mem_mib,1024,phase_12b_kernel_console_range,946123
2026-05-13T22:47:05+00:00,minimal,stock,idle,29,mem_mib,1024,phase_12b_guest_process_start,2
2026-05-13T22:47:05+00:00,minimal,stock,idle,29,mem_mib,1024,phase_12b_guest_stdio_redirected,495
2026-05-13T22:47:05+00:00,minimal,stock,idle,29,mem_mib,1024,phase_12b_guest_panic_hook_installed,500
2026-05-13T22:47:05+00:00,minimal,stock,idle,29,mem_mib,1024,phase_12b_guest_pseudo_fs_mounted,12730
2026-05-13T22:47:05+00:00,minimal,stock,idle,29,mem_mib,1024,phase_12b_guest_mount_namespace_private,18994
2026-05-13T22:47:05+00:00,minimal,stock,idle,29,mem_mib,1024,phase_12b_guest_base_mounted,24038
2026-05-13T22:47:05+00:00,minimal,stock,idle,29,mem_mib,1024,phase_12b_guest_overlay_disk_mounted,31445
2026-05-13T22:47:05+00:00,minimal,stock,idle,29,mem_mib,1024,phase_12b_guest_overlay_dirs_ready,35681
2026-05-13T22:47:05+00:00,minimal,stock,idle,29,mem_mib,1024,phase_12b_guest_merged_mountpoint_ready,38528
2026-05-13T22:47:05+00:00,minimal,stock,idle,29,mem_mib,1024,phase_12b_guest_overlayfs_mounted,41846
2026-05-13T22:47:05+00:00,minimal,stock,idle,29,mem_mib,1024,phase_12b_guest_pseudo_fs_bound_into_merged,45313
2026-05-13T22:47:05+00:00,minimal,stock,idle,29,mem_mib,1024,phase_12b_guest_merged_self_bound,48685
2026-05-13T22:47:05+00:00,minimal,stock,idle,29,mem_mib,1024,phase_12b_guest_pivot_rootfs_done,50502
2026-05-13T22:47:05+00:00,minimal,stock,idle,29,mem_mib,1024,phase_12b_guest_overlay_pivot_complete,52412
2026-05-13T22:47:05+00:00,minimal,stock,idle,29,mem_mib,1024,phase_12b_guest_network_configured,54291
2026-05-13T22:47:05+00:00,minimal,stock,idle,29,mem_mib,1024,phase_12b_guest_workspace_absent,56356
2026-05-13T22:47:05+00:00,minimal,stock,idle,29,mem_mib,1024,phase_12b_guest_pid1_setup_complete,57207
2026-05-13T22:47:05+00:00,minimal,stock,idle,29,mem_mib,1024,phase_12b_guest_guestd_starting_log,58843
2026-05-13T22:47:05+00:00,minimal,stock,idle,29,mem_mib,1024,phase_12b_guest_exec_listener_bound,59905
2026-05-13T22:47:05+00:00,minimal,stock,idle,29,mem_mib,1024,phase_12b_ready_accept,1012960
2026-05-13T22:47:05+00:00,minimal,stock,idle,29,mem_mib,1024,exec_send,20
2026-05-13T22:47:05+00:00,minimal,stock,idle,29,mem_mib,1024,exec_recv,11966
2026-05-13T22:47:05+00:00,minimal,stock,idle,29,mem_mib,1024,stop_bounded,67244
2026-05-13T22:47:05+00:00,minimal,stock,idle,29,mem_mib,1024,stop_release,119
2026-05-13T22:47:05+00:00,minimal,stock,idle,29,mem_mib,1024,guest_elapsed_process_start,2
2026-05-13T22:47:05+00:00,minimal,stock,idle,29,mem_mib,1024,guest_delta_process_start,2
2026-05-13T22:47:05+00:00,minimal,stock,idle,29,mem_mib,1024,guest_elapsed_stdio_redirected,495
2026-05-13T22:47:05+00:00,minimal,stock,idle,29,mem_mib,1024,guest_delta_stdio_redirected,493
2026-05-13T22:47:05+00:00,minimal,stock,idle,29,mem_mib,1024,guest_elapsed_panic_hook_installed,500
2026-05-13T22:47:05+00:00,minimal,stock,idle,29,mem_mib,1024,guest_delta_panic_hook_installed,4
2026-05-13T22:47:05+00:00,minimal,stock,idle,29,mem_mib,1024,guest_elapsed_pseudo_fs_mounted,12730
2026-05-13T22:47:05+00:00,minimal,stock,idle,29,mem_mib,1024,guest_delta_pseudo_fs_mounted,12230
2026-05-13T22:47:05+00:00,minimal,stock,idle,29,mem_mib,1024,guest_elapsed_mount_namespace_private,18994
2026-05-13T22:47:05+00:00,minimal,stock,idle,29,mem_mib,1024,guest_delta_mount_namespace_private,6264
2026-05-13T22:47:05+00:00,minimal,stock,idle,29,mem_mib,1024,guest_elapsed_base_mounted,24038
2026-05-13T22:47:05+00:00,minimal,stock,idle,29,mem_mib,1024,guest_delta_base_mounted,5043
2026-05-13T22:47:05+00:00,minimal,stock,idle,29,mem_mib,1024,guest_elapsed_overlay_disk_mounted,31445
2026-05-13T22:47:05+00:00,minimal,stock,idle,29,mem_mib,1024,guest_delta_overlay_disk_mounted,7407
2026-05-13T22:47:05+00:00,minimal,stock,idle,29,mem_mib,1024,guest_elapsed_overlay_dirs_ready,35681
2026-05-13T22:47:05+00:00,minimal,stock,idle,29,mem_mib,1024,guest_delta_overlay_dirs_ready,4236
2026-05-13T22:47:05+00:00,minimal,stock,idle,29,mem_mib,1024,guest_elapsed_merged_mountpoint_ready,38528
2026-05-13T22:47:05+00:00,minimal,stock,idle,29,mem_mib,1024,guest_delta_merged_mountpoint_ready,2846
2026-05-13T22:47:05+00:00,minimal,stock,idle,29,mem_mib,1024,guest_elapsed_overlayfs_mounted,41846
2026-05-13T22:47:05+00:00,minimal,stock,idle,29,mem_mib,1024,guest_delta_overlayfs_mounted,3317
2026-05-13T22:47:05+00:00,minimal,stock,idle,29,mem_mib,1024,guest_elapsed_pseudo_fs_bound_into_merged,45313
2026-05-13T22:47:05+00:00,minimal,stock,idle,29,mem_mib,1024,guest_delta_pseudo_fs_bound_into_merged,3467
2026-05-13T22:47:05+00:00,minimal,stock,idle,29,mem_mib,1024,guest_elapsed_merged_self_bound,48685
2026-05-13T22:47:05+00:00,minimal,stock,idle,29,mem_mib,1024,guest_delta_merged_self_bound,3372
2026-05-13T22:47:05+00:00,minimal,stock,idle,29,mem_mib,1024,guest_elapsed_pivot_rootfs_done,50502
2026-05-13T22:47:05+00:00,minimal,stock,idle,29,mem_mib,1024,guest_delta_pivot_rootfs_done,1816
2026-05-13T22:47:05+00:00,minimal,stock,idle,29,mem_mib,1024,guest_elapsed_overlay_pivot_complete,52412
2026-05-13T22:47:05+00:00,minimal,stock,idle,29,mem_mib,1024,guest_delta_overlay_pivot_complete,1910
2026-05-13T22:47:05+00:00,minimal,stock,idle,29,mem_mib,1024,guest_elapsed_network_configured,54291
2026-05-13T22:47:05+00:00,minimal,stock,idle,29,mem_mib,1024,guest_delta_network_configured,1878
2026-05-13T22:47:05+00:00,minimal,stock,idle,29,mem_mib,1024,guest_elapsed_workspace_absent,56356
2026-05-13T22:47:05+00:00,minimal,stock,idle,29,mem_mib,1024,guest_delta_workspace_absent,2064
2026-05-13T22:47:05+00:00,minimal,stock,idle,29,mem_mib,1024,guest_elapsed_pid1_setup_complete,57207
2026-05-13T22:47:05+00:00,minimal,stock,idle,29,mem_mib,1024,guest_delta_pid1_setup_complete,850
2026-05-13T22:47:05+00:00,minimal,stock,idle,29,mem_mib,1024,guest_elapsed_guestd_starting_log,58843
2026-05-13T22:47:05+00:00,minimal,stock,idle,29,mem_mib,1024,guest_delta_guestd_starting_log,1636
2026-05-13T22:47:05+00:00,minimal,stock,idle,29,mem_mib,1024,guest_elapsed_exec_listener_bound,59905
2026-05-13T22:47:05+00:00,minimal,stock,idle,29,mem_mib,1024,guest_delta_exec_listener_bound,1062
2026-05-13T22:47:05+00:00,minimal,stock,idle,29,mem_mib,1024,guest_elapsed_ready_signal_sent,62052
2026-05-13T22:47:05+00:00,minimal,stock,idle,29,mem_mib,1024,guest_delta_ready_signal_sent,2146
2026-05-13T22:47:06+00:00,minimal,stock,idle,30,mem_mib,1024,phase_1_run_root_prep,42
2026-05-13T22:47:06+00:00,minimal,stock,idle,30,mem_mib,1024,phase_2_lease,34
2026-05-13T22:47:06+00:00,minimal,stock,idle,30,mem_mib,1024,phase_3b_rootfs_prepare,11155
2026-05-13T22:47:06+00:00,minimal,stock,idle,30,mem_mib,1024,phase_3_storage_prep,11211
2026-05-13T22:47:06+00:00,minimal,stock,idle,30,mem_mib,1024,phase_4_jailer_materialize,654
2026-05-13T22:47:06+00:00,minimal,stock,idle,30,mem_mib,1024,phase_5_cgroup_probe,0
2026-05-13T22:47:06+00:00,minimal,stock,idle,30,mem_mib,1024,phase_6_network_realize,0
2026-05-13T22:47:06+00:00,minimal,stock,idle,30,mem_mib,1024,phase_7_outbound_guest_config,0
2026-05-13T22:47:06+00:00,minimal,stock,idle,30,mem_mib,1024,phase_9_jailer_launch,31666
2026-05-13T22:47:06+00:00,minimal,stock,idle,30,mem_mib,1024,phase_5b_cgroup_create,20239
2026-05-13T22:47:06+00:00,minimal,stock,idle,30,mem_mib,1024,phase_10_open_uds,22
2026-05-13T22:47:06+00:00,minimal,stock,idle,30,mem_mib,1024,phase_11_put_machine_config,175
2026-05-13T22:47:06+00:00,minimal,stock,idle,30,mem_mib,1024,phase_11_put_boot_source,99
2026-05-13T22:47:06+00:00,minimal,stock,idle,30,mem_mib,1024,phase_11_put_drive_rootfs,118
2026-05-13T22:47:06+00:00,minimal,stock,idle,30,mem_mib,1024,phase_11_put_drive_rootfs_overlay,184
2026-05-13T22:47:06+00:00,minimal,stock,idle,30,mem_mib,1024,phase_11_put_entropy,124
2026-05-13T22:47:06+00:00,minimal,stock,idle,30,mem_mib,1024,phase_11_put_vsock,166
2026-05-13T22:47:06+00:00,minimal,stock,idle,30,mem_mib,1024,phase_11_rest_puts,1553
2026-05-13T22:47:06+00:00,minimal,stock,idle,30,mem_mib,1024,phase_11b_ready_listener_bind,79
2026-05-13T22:47:06+00:00,minimal,stock,idle,30,mem_mib,1024,phase_11c_boot_identity_record,85
2026-05-13T22:47:06+00:00,minimal,stock,idle,30,mem_mib,1024,phase_12a_instance_start,13875
2026-05-13T22:47:06+00:00,minimal,stock,idle,30,mem_mib,1024,phase_12b_host_waiting_accept,983883
2026-05-13T22:47:06+00:00,minimal,stock,idle,30,mem_mib,1024,phase_12b_kernel_console_range,918719
2026-05-13T22:47:06+00:00,minimal,stock,idle,30,mem_mib,1024,phase_12b_guest_process_start,1
2026-05-13T22:47:06+00:00,minimal,stock,idle,30,mem_mib,1024,phase_12b_guest_stdio_redirected,836
2026-05-13T22:47:06+00:00,minimal,stock,idle,30,mem_mib,1024,phase_12b_guest_panic_hook_installed,1639
2026-05-13T22:47:06+00:00,minimal,stock,idle,30,mem_mib,1024,phase_12b_guest_pseudo_fs_mounted,6894
2026-05-13T22:47:06+00:00,minimal,stock,idle,30,mem_mib,1024,phase_12b_guest_mount_namespace_private,9979
2026-05-13T22:47:06+00:00,minimal,stock,idle,30,mem_mib,1024,phase_12b_guest_base_mounted,13069
2026-05-13T22:47:06+00:00,minimal,stock,idle,30,mem_mib,1024,phase_12b_guest_overlay_disk_mounted,17803
2026-05-13T22:47:06+00:00,minimal,stock,idle,30,mem_mib,1024,phase_12b_guest_overlay_dirs_ready,21446
2026-05-13T22:47:06+00:00,minimal,stock,idle,30,mem_mib,1024,phase_12b_guest_merged_mountpoint_ready,24235
2026-05-13T22:47:06+00:00,minimal,stock,idle,30,mem_mib,1024,phase_12b_guest_overlayfs_mounted,27488
2026-05-13T22:47:06+00:00,minimal,stock,idle,30,mem_mib,1024,phase_12b_guest_pseudo_fs_bound_into_merged,30888
2026-05-13T22:47:06+00:00,minimal,stock,idle,30,mem_mib,1024,phase_12b_guest_merged_self_bound,34207
2026-05-13T22:47:06+00:00,minimal,stock,idle,30,mem_mib,1024,phase_12b_guest_pivot_rootfs_done,35942
2026-05-13T22:47:06+00:00,minimal,stock,idle,30,mem_mib,1024,phase_12b_guest_overlay_pivot_complete,37827
2026-05-13T22:47:06+00:00,minimal,stock,idle,30,mem_mib,1024,phase_12b_guest_network_configured,39674
2026-05-13T22:47:06+00:00,minimal,stock,idle,30,mem_mib,1024,phase_12b_guest_workspace_absent,41683
2026-05-13T22:47:06+00:00,minimal,stock,idle,30,mem_mib,1024,phase_12b_guest_pid1_setup_complete,42514
2026-05-13T22:47:06+00:00,minimal,stock,idle,30,mem_mib,1024,phase_12b_guest_guestd_starting_log,44122
2026-05-13T22:47:06+00:00,minimal,stock,idle,30,mem_mib,1024,phase_12b_guest_exec_listener_bound,45131
2026-05-13T22:47:06+00:00,minimal,stock,idle,30,mem_mib,1024,phase_12b_ready_accept,986180
2026-05-13T22:47:06+00:00,minimal,stock,idle,30,mem_mib,1024,exec_send,18
2026-05-13T22:47:06+00:00,minimal,stock,idle,30,mem_mib,1024,exec_recv,11944
2026-05-13T22:47:06+00:00,minimal,stock,idle,30,mem_mib,1024,stop_bounded,56836
2026-05-13T22:47:06+00:00,minimal,stock,idle,30,mem_mib,1024,stop_release,115
2026-05-13T22:47:06+00:00,minimal,stock,idle,30,mem_mib,1024,guest_elapsed_process_start,1
2026-05-13T22:47:06+00:00,minimal,stock,idle,30,mem_mib,1024,guest_delta_process_start,1
2026-05-13T22:47:06+00:00,minimal,stock,idle,30,mem_mib,1024,guest_elapsed_stdio_redirected,836
2026-05-13T22:47:06+00:00,minimal,stock,idle,30,mem_mib,1024,guest_delta_stdio_redirected,834
2026-05-13T22:47:06+00:00,minimal,stock,idle,30,mem_mib,1024,guest_elapsed_panic_hook_installed,1639
2026-05-13T22:47:06+00:00,minimal,stock,idle,30,mem_mib,1024,guest_delta_panic_hook_installed,803
2026-05-13T22:47:06+00:00,minimal,stock,idle,30,mem_mib,1024,guest_elapsed_pseudo_fs_mounted,6894
2026-05-13T22:47:06+00:00,minimal,stock,idle,30,mem_mib,1024,guest_delta_pseudo_fs_mounted,5254
2026-05-13T22:47:06+00:00,minimal,stock,idle,30,mem_mib,1024,guest_elapsed_mount_namespace_private,9979
2026-05-13T22:47:06+00:00,minimal,stock,idle,30,mem_mib,1024,guest_delta_mount_namespace_private,3084
2026-05-13T22:47:06+00:00,minimal,stock,idle,30,mem_mib,1024,guest_elapsed_base_mounted,13069
2026-05-13T22:47:06+00:00,minimal,stock,idle,30,mem_mib,1024,guest_delta_base_mounted,3090
2026-05-13T22:47:06+00:00,minimal,stock,idle,30,mem_mib,1024,guest_elapsed_overlay_disk_mounted,17803
2026-05-13T22:47:06+00:00,minimal,stock,idle,30,mem_mib,1024,guest_delta_overlay_disk_mounted,4734
2026-05-13T22:47:06+00:00,minimal,stock,idle,30,mem_mib,1024,guest_elapsed_overlay_dirs_ready,21446
2026-05-13T22:47:06+00:00,minimal,stock,idle,30,mem_mib,1024,guest_delta_overlay_dirs_ready,3643
2026-05-13T22:47:06+00:00,minimal,stock,idle,30,mem_mib,1024,guest_elapsed_merged_mountpoint_ready,24235
2026-05-13T22:47:06+00:00,minimal,stock,idle,30,mem_mib,1024,guest_delta_merged_mountpoint_ready,2788
2026-05-13T22:47:06+00:00,minimal,stock,idle,30,mem_mib,1024,guest_elapsed_overlayfs_mounted,27488
2026-05-13T22:47:06+00:00,minimal,stock,idle,30,mem_mib,1024,guest_delta_overlayfs_mounted,3252
2026-05-13T22:47:06+00:00,minimal,stock,idle,30,mem_mib,1024,guest_elapsed_pseudo_fs_bound_into_merged,30888
2026-05-13T22:47:06+00:00,minimal,stock,idle,30,mem_mib,1024,guest_delta_pseudo_fs_bound_into_merged,3400
2026-05-13T22:47:06+00:00,minimal,stock,idle,30,mem_mib,1024,guest_elapsed_merged_self_bound,34207
2026-05-13T22:47:06+00:00,minimal,stock,idle,30,mem_mib,1024,guest_delta_merged_self_bound,3318
2026-05-13T22:47:06+00:00,minimal,stock,idle,30,mem_mib,1024,guest_elapsed_pivot_rootfs_done,35942
2026-05-13T22:47:06+00:00,minimal,stock,idle,30,mem_mib,1024,guest_delta_pivot_rootfs_done,1735
2026-05-13T22:47:06+00:00,minimal,stock,idle,30,mem_mib,1024,guest_elapsed_overlay_pivot_complete,37827
2026-05-13T22:47:06+00:00,minimal,stock,idle,30,mem_mib,1024,guest_delta_overlay_pivot_complete,1885
2026-05-13T22:47:06+00:00,minimal,stock,idle,30,mem_mib,1024,guest_elapsed_network_configured,39674
2026-05-13T22:47:06+00:00,minimal,stock,idle,30,mem_mib,1024,guest_delta_network_configured,1846
2026-05-13T22:47:06+00:00,minimal,stock,idle,30,mem_mib,1024,guest_elapsed_workspace_absent,41683
2026-05-13T22:47:06+00:00,minimal,stock,idle,30,mem_mib,1024,guest_delta_workspace_absent,2009
2026-05-13T22:47:06+00:00,minimal,stock,idle,30,mem_mib,1024,guest_elapsed_pid1_setup_complete,42514
2026-05-13T22:47:06+00:00,minimal,stock,idle,30,mem_mib,1024,guest_delta_pid1_setup_complete,830
2026-05-13T22:47:06+00:00,minimal,stock,idle,30,mem_mib,1024,guest_elapsed_guestd_starting_log,44122
2026-05-13T22:47:06+00:00,minimal,stock,idle,30,mem_mib,1024,guest_delta_guestd_starting_log,1608
2026-05-13T22:47:06+00:00,minimal,stock,idle,30,mem_mib,1024,guest_elapsed_exec_listener_bound,45131
2026-05-13T22:47:06+00:00,minimal,stock,idle,30,mem_mib,1024,guest_delta_exec_listener_bound,1009
2026-05-13T22:47:06+00:00,minimal,stock,idle,30,mem_mib,1024,guest_elapsed_ready_signal_sent,47206
2026-05-13T22:47:06+00:00,minimal,stock,idle,30,mem_mib,1024,guest_delta_ready_signal_sent,2074
2026-05-13T22:47:07+00:00,minimal,stock,idle,31,mem_mib,1024,phase_1_run_root_prep,41
2026-05-13T22:47:07+00:00,minimal,stock,idle,31,mem_mib,1024,phase_2_lease,35
2026-05-13T22:47:07+00:00,minimal,stock,idle,31,mem_mib,1024,phase_3b_rootfs_prepare,10719
2026-05-13T22:47:07+00:00,minimal,stock,idle,31,mem_mib,1024,phase_3_storage_prep,10778
2026-05-13T22:47:07+00:00,minimal,stock,idle,31,mem_mib,1024,phase_4_jailer_materialize,2389
2026-05-13T22:47:07+00:00,minimal,stock,idle,31,mem_mib,1024,phase_5_cgroup_probe,0
2026-05-13T22:47:07+00:00,minimal,stock,idle,31,mem_mib,1024,phase_6_network_realize,0
2026-05-13T22:47:07+00:00,minimal,stock,idle,31,mem_mib,1024,phase_7_outbound_guest_config,0
2026-05-13T22:47:07+00:00,minimal,stock,idle,31,mem_mib,1024,phase_9_jailer_launch,15711
2026-05-13T22:47:07+00:00,minimal,stock,idle,31,mem_mib,1024,phase_5b_cgroup_create,15422
2026-05-13T22:47:07+00:00,minimal,stock,idle,31,mem_mib,1024,phase_10_open_uds,32
2026-05-13T22:47:07+00:00,minimal,stock,idle,31,mem_mib,1024,phase_11_put_machine_config,171
2026-05-13T22:47:07+00:00,minimal,stock,idle,31,mem_mib,1024,phase_11_put_boot_source,83
2026-05-13T22:47:07+00:00,minimal,stock,idle,31,mem_mib,1024,phase_11_put_drive_rootfs,90
2026-05-13T22:47:07+00:00,minimal,stock,idle,31,mem_mib,1024,phase_11_put_drive_rootfs_overlay,164
2026-05-13T22:47:07+00:00,minimal,stock,idle,31,mem_mib,1024,phase_11_put_entropy,84
2026-05-13T22:47:07+00:00,minimal,stock,idle,31,mem_mib,1024,phase_11_put_vsock,138
2026-05-13T22:47:07+00:00,minimal,stock,idle,31,mem_mib,1024,phase_11_rest_puts,1426
2026-05-13T22:47:07+00:00,minimal,stock,idle,31,mem_mib,1024,phase_11b_ready_listener_bind,69
2026-05-13T22:47:07+00:00,minimal,stock,idle,31,mem_mib,1024,phase_11c_boot_identity_record,92
2026-05-13T22:47:07+00:00,minimal,stock,idle,31,mem_mib,1024,phase_12a_instance_start,18796
2026-05-13T22:47:07+00:00,minimal,stock,idle,31,mem_mib,1024,phase_12b_host_waiting_accept,1010973
2026-05-13T22:47:07+00:00,minimal,stock,idle,31,mem_mib,1024,phase_12b_kernel_console_range,946386
2026-05-13T22:47:07+00:00,minimal,stock,idle,31,mem_mib,1024,phase_12b_guest_process_start,2
2026-05-13T22:47:07+00:00,minimal,stock,idle,31,mem_mib,1024,phase_12b_guest_stdio_redirected,1626
2026-05-13T22:47:07+00:00,minimal,stock,idle,31,mem_mib,1024,phase_12b_guest_panic_hook_installed,3330
2026-05-13T22:47:07+00:00,minimal,stock,idle,31,mem_mib,1024,phase_12b_guest_pseudo_fs_mounted,13813
2026-05-13T22:47:07+00:00,minimal,stock,idle,31,mem_mib,1024,phase_12b_guest_mount_namespace_private,20125
2026-05-13T22:47:07+00:00,minimal,stock,idle,31,mem_mib,1024,phase_12b_guest_base_mounted,25908
2026-05-13T22:47:07+00:00,minimal,stock,idle,31,mem_mib,1024,phase_12b_guest_overlay_disk_mounted,33317
2026-05-13T22:47:07+00:00,minimal,stock,idle,31,mem_mib,1024,phase_12b_guest_overlay_dirs_ready,39047
2026-05-13T22:47:07+00:00,minimal,stock,idle,31,mem_mib,1024,phase_12b_guest_merged_mountpoint_ready,41896
2026-05-13T22:47:07+00:00,minimal,stock,idle,31,mem_mib,1024,phase_12b_guest_overlayfs_mounted,45200
2026-05-13T22:47:07+00:00,minimal,stock,idle,31,mem_mib,1024,phase_12b_guest_pseudo_fs_bound_into_merged,48651
2026-05-13T22:47:07+00:00,minimal,stock,idle,31,mem_mib,1024,phase_12b_guest_merged_self_bound,52037
2026-05-13T22:47:07+00:00,minimal,stock,idle,31,mem_mib,1024,phase_12b_guest_pivot_rootfs_done,53801
2026-05-13T22:47:07+00:00,minimal,stock,idle,31,mem_mib,1024,phase_12b_guest_overlay_pivot_complete,55711
2026-05-13T22:47:07+00:00,minimal,stock,idle,31,mem_mib,1024,phase_12b_guest_network_configured,57588
2026-05-13T22:47:07+00:00,minimal,stock,idle,31,mem_mib,1024,phase_12b_guest_workspace_absent,59640
2026-05-13T22:47:07+00:00,minimal,stock,idle,31,mem_mib,1024,phase_12b_guest_pid1_setup_complete,60487
2026-05-13T22:47:07+00:00,minimal,stock,idle,31,mem_mib,1024,phase_12b_guest_guestd_starting_log,62139
2026-05-13T22:47:07+00:00,minimal,stock,idle,31,mem_mib,1024,phase_12b_guest_exec_listener_bound,63190
2026-05-13T22:47:07+00:00,minimal,stock,idle,31,mem_mib,1024,phase_12b_ready_accept,1013296
2026-05-13T22:47:07+00:00,minimal,stock,idle,31,mem_mib,1024,exec_send,18
2026-05-13T22:47:07+00:00,minimal,stock,idle,31,mem_mib,1024,exec_recv,12045
2026-05-13T22:47:07+00:00,minimal,stock,idle,31,mem_mib,1024,stop_bounded,60076
2026-05-13T22:47:07+00:00,minimal,stock,idle,31,mem_mib,1024,stop_release,109
2026-05-13T22:47:07+00:00,minimal,stock,idle,31,mem_mib,1024,guest_elapsed_process_start,2
2026-05-13T22:47:07+00:00,minimal,stock,idle,31,mem_mib,1024,guest_delta_process_start,2
2026-05-13T22:47:07+00:00,minimal,stock,idle,31,mem_mib,1024,guest_elapsed_stdio_redirected,1626
2026-05-13T22:47:07+00:00,minimal,stock,idle,31,mem_mib,1024,guest_delta_stdio_redirected,1624
2026-05-13T22:47:07+00:00,minimal,stock,idle,31,mem_mib,1024,guest_elapsed_panic_hook_installed,3330
2026-05-13T22:47:07+00:00,minimal,stock,idle,31,mem_mib,1024,guest_delta_panic_hook_installed,1703
2026-05-13T22:47:07+00:00,minimal,stock,idle,31,mem_mib,1024,guest_elapsed_pseudo_fs_mounted,13813
2026-05-13T22:47:07+00:00,minimal,stock,idle,31,mem_mib,1024,guest_delta_pseudo_fs_mounted,10483
2026-05-13T22:47:07+00:00,minimal,stock,idle,31,mem_mib,1024,guest_elapsed_mount_namespace_private,20125
2026-05-13T22:47:07+00:00,minimal,stock,idle,31,mem_mib,1024,guest_delta_mount_namespace_private,6311
2026-05-13T22:47:07+00:00,minimal,stock,idle,31,mem_mib,1024,guest_elapsed_base_mounted,25908
2026-05-13T22:47:07+00:00,minimal,stock,idle,31,mem_mib,1024,guest_delta_base_mounted,5783
2026-05-13T22:47:07+00:00,minimal,stock,idle,31,mem_mib,1024,guest_elapsed_overlay_disk_mounted,33317
2026-05-13T22:47:07+00:00,minimal,stock,idle,31,mem_mib,1024,guest_delta_overlay_disk_mounted,7408
2026-05-13T22:47:07+00:00,minimal,stock,idle,31,mem_mib,1024,guest_elapsed_overlay_dirs_ready,39047
2026-05-13T22:47:07+00:00,minimal,stock,idle,31,mem_mib,1024,guest_delta_overlay_dirs_ready,5730
2026-05-13T22:47:07+00:00,minimal,stock,idle,31,mem_mib,1024,guest_elapsed_merged_mountpoint_ready,41896
2026-05-13T22:47:07+00:00,minimal,stock,idle,31,mem_mib,1024,guest_delta_merged_mountpoint_ready,2848
2026-05-13T22:47:07+00:00,minimal,stock,idle,31,mem_mib,1024,guest_elapsed_overlayfs_mounted,45200
2026-05-13T22:47:07+00:00,minimal,stock,idle,31,mem_mib,1024,guest_delta_overlayfs_mounted,3304
2026-05-13T22:47:07+00:00,minimal,stock,idle,31,mem_mib,1024,guest_elapsed_pseudo_fs_bound_into_merged,48651
2026-05-13T22:47:07+00:00,minimal,stock,idle,31,mem_mib,1024,guest_delta_pseudo_fs_bound_into_merged,3450
2026-05-13T22:47:07+00:00,minimal,stock,idle,31,mem_mib,1024,guest_elapsed_merged_self_bound,52037
2026-05-13T22:47:07+00:00,minimal,stock,idle,31,mem_mib,1024,guest_delta_merged_self_bound,3386
2026-05-13T22:47:07+00:00,minimal,stock,idle,31,mem_mib,1024,guest_elapsed_pivot_rootfs_done,53801
2026-05-13T22:47:07+00:00,minimal,stock,idle,31,mem_mib,1024,guest_delta_pivot_rootfs_done,1763
2026-05-13T22:47:07+00:00,minimal,stock,idle,31,mem_mib,1024,guest_elapsed_overlay_pivot_complete,55711
2026-05-13T22:47:07+00:00,minimal,stock,idle,31,mem_mib,1024,guest_delta_overlay_pivot_complete,1910
2026-05-13T22:47:07+00:00,minimal,stock,idle,31,mem_mib,1024,guest_elapsed_network_configured,57588
2026-05-13T22:47:07+00:00,minimal,stock,idle,31,mem_mib,1024,guest_delta_network_configured,1877
2026-05-13T22:47:07+00:00,minimal,stock,idle,31,mem_mib,1024,guest_elapsed_workspace_absent,59640
2026-05-13T22:47:07+00:00,minimal,stock,idle,31,mem_mib,1024,guest_delta_workspace_absent,2052
2026-05-13T22:47:07+00:00,minimal,stock,idle,31,mem_mib,1024,guest_elapsed_pid1_setup_complete,60487
2026-05-13T22:47:07+00:00,minimal,stock,idle,31,mem_mib,1024,guest_delta_pid1_setup_complete,846
2026-05-13T22:47:07+00:00,minimal,stock,idle,31,mem_mib,1024,guest_elapsed_guestd_starting_log,62139
2026-05-13T22:47:07+00:00,minimal,stock,idle,31,mem_mib,1024,guest_delta_guestd_starting_log,1652
2026-05-13T22:47:07+00:00,minimal,stock,idle,31,mem_mib,1024,guest_elapsed_exec_listener_bound,63190
2026-05-13T22:47:07+00:00,minimal,stock,idle,31,mem_mib,1024,guest_delta_exec_listener_bound,1050
2026-05-13T22:47:07+00:00,minimal,stock,idle,31,mem_mib,1024,guest_elapsed_ready_signal_sent,65295
2026-05-13T22:47:07+00:00,minimal,stock,idle,31,mem_mib,1024,guest_delta_ready_signal_sent,2104
2026-05-13T22:47:09+00:00,minimal,stock,idle,32,mem_mib,1024,phase_1_run_root_prep,45
2026-05-13T22:47:09+00:00,minimal,stock,idle,32,mem_mib,1024,phase_2_lease,45
2026-05-13T22:47:09+00:00,minimal,stock,idle,32,mem_mib,1024,phase_3b_rootfs_prepare,11698
2026-05-13T22:47:09+00:00,minimal,stock,idle,32,mem_mib,1024,phase_3_storage_prep,11766
2026-05-13T22:47:09+00:00,minimal,stock,idle,32,mem_mib,1024,phase_4_jailer_materialize,688
2026-05-13T22:47:09+00:00,minimal,stock,idle,32,mem_mib,1024,phase_5_cgroup_probe,0
2026-05-13T22:47:09+00:00,minimal,stock,idle,32,mem_mib,1024,phase_6_network_realize,0
2026-05-13T22:47:09+00:00,minimal,stock,idle,32,mem_mib,1024,phase_7_outbound_guest_config,0
2026-05-13T22:47:09+00:00,minimal,stock,idle,32,mem_mib,1024,phase_9_jailer_launch,15474
2026-05-13T22:47:09+00:00,minimal,stock,idle,32,mem_mib,1024,phase_5b_cgroup_create,46296
2026-05-13T22:47:09+00:00,minimal,stock,idle,32,mem_mib,1024,phase_10_open_uds,17
2026-05-13T22:47:09+00:00,minimal,stock,idle,32,mem_mib,1024,phase_11_put_machine_config,183
2026-05-13T22:47:09+00:00,minimal,stock,idle,32,mem_mib,1024,phase_11_put_boot_source,78
2026-05-13T22:47:09+00:00,minimal,stock,idle,32,mem_mib,1024,phase_11_put_drive_rootfs,99
2026-05-13T22:47:09+00:00,minimal,stock,idle,32,mem_mib,1024,phase_11_put_drive_rootfs_overlay,230
2026-05-13T22:47:09+00:00,minimal,stock,idle,32,mem_mib,1024,phase_11_put_entropy,77
2026-05-13T22:47:09+00:00,minimal,stock,idle,32,mem_mib,1024,phase_11_put_vsock,138
2026-05-13T22:47:09+00:00,minimal,stock,idle,32,mem_mib,1024,phase_11_rest_puts,1166
2026-05-13T22:47:09+00:00,minimal,stock,idle,32,mem_mib,1024,phase_11b_ready_listener_bind,58
2026-05-13T22:47:09+00:00,minimal,stock,idle,32,mem_mib,1024,phase_11c_boot_identity_record,55
2026-05-13T22:47:09+00:00,minimal,stock,idle,32,mem_mib,1024,phase_12a_instance_start,18473
2026-05-13T22:47:09+00:00,minimal,stock,idle,32,mem_mib,1024,phase_12b_host_waiting_accept,1008150
2026-05-13T22:47:09+00:00,minimal,stock,idle,32,mem_mib,1024,phase_12b_kernel_console_range,944757
2026-05-13T22:47:09+00:00,minimal,stock,idle,32,mem_mib,1024,phase_12b_guest_process_start,2
2026-05-13T22:47:09+00:00,minimal,stock,idle,32,mem_mib,1024,phase_12b_guest_stdio_redirected,1636
2026-05-13T22:47:09+00:00,minimal,stock,idle,32,mem_mib,1024,phase_12b_guest_panic_hook_installed,3328
2026-05-13T22:47:09+00:00,minimal,stock,idle,32,mem_mib,1024,phase_12b_guest_pseudo_fs_mounted,13743
2026-05-13T22:47:09+00:00,minimal,stock,idle,32,mem_mib,1024,phase_12b_guest_mount_namespace_private,20095
2026-05-13T22:47:09+00:00,minimal,stock,idle,32,mem_mib,1024,phase_12b_guest_base_mounted,25316
2026-05-13T22:47:09+00:00,minimal,stock,idle,32,mem_mib,1024,phase_12b_guest_overlay_disk_mounted,32543
2026-05-13T22:47:09+00:00,minimal,stock,idle,32,mem_mib,1024,phase_12b_guest_overlay_dirs_ready,37016
2026-05-13T22:47:09+00:00,minimal,stock,idle,32,mem_mib,1024,phase_12b_guest_merged_mountpoint_ready,39907
2026-05-13T22:47:09+00:00,minimal,stock,idle,32,mem_mib,1024,phase_12b_guest_overlayfs_mounted,43272
2026-05-13T22:47:09+00:00,minimal,stock,idle,32,mem_mib,1024,phase_12b_guest_pseudo_fs_bound_into_merged,46743
2026-05-13T22:47:09+00:00,minimal,stock,idle,32,mem_mib,1024,phase_12b_guest_merged_self_bound,50154
2026-05-13T22:47:09+00:00,minimal,stock,idle,32,mem_mib,1024,phase_12b_guest_pivot_rootfs_done,51957
2026-05-13T22:47:09+00:00,minimal,stock,idle,32,mem_mib,1024,phase_12b_guest_overlay_pivot_complete,53879
2026-05-13T22:47:09+00:00,minimal,stock,idle,32,mem_mib,1024,phase_12b_guest_network_configured,55792
2026-05-13T22:47:09+00:00,minimal,stock,idle,32,mem_mib,1024,phase_12b_guest_workspace_absent,57854
2026-05-13T22:47:09+00:00,minimal,stock,idle,32,mem_mib,1024,phase_12b_guest_pid1_setup_complete,58712
2026-05-13T22:47:09+00:00,minimal,stock,idle,32,mem_mib,1024,phase_12b_guest_guestd_starting_log,60399
2026-05-13T22:47:09+00:00,minimal,stock,idle,32,mem_mib,1024,phase_12b_guest_exec_listener_bound,61422
2026-05-13T22:47:09+00:00,minimal,stock,idle,32,mem_mib,1024,phase_12b_ready_accept,1010212
2026-05-13T22:47:09+00:00,minimal,stock,idle,32,mem_mib,1024,exec_send,16
2026-05-13T22:47:09+00:00,minimal,stock,idle,32,mem_mib,1024,exec_recv,11920
2026-05-13T22:47:09+00:00,minimal,stock,idle,32,mem_mib,1024,stop_bounded,70715
2026-05-13T22:47:09+00:00,minimal,stock,idle,32,mem_mib,1024,stop_release,108
2026-05-13T22:47:09+00:00,minimal,stock,idle,32,mem_mib,1024,guest_elapsed_process_start,2
2026-05-13T22:47:09+00:00,minimal,stock,idle,32,mem_mib,1024,guest_delta_process_start,2
2026-05-13T22:47:09+00:00,minimal,stock,idle,32,mem_mib,1024,guest_elapsed_stdio_redirected,1636
2026-05-13T22:47:09+00:00,minimal,stock,idle,32,mem_mib,1024,guest_delta_stdio_redirected,1634
2026-05-13T22:47:09+00:00,minimal,stock,idle,32,mem_mib,1024,guest_elapsed_panic_hook_installed,3328
2026-05-13T22:47:09+00:00,minimal,stock,idle,32,mem_mib,1024,guest_delta_panic_hook_installed,1691
2026-05-13T22:47:09+00:00,minimal,stock,idle,32,mem_mib,1024,guest_elapsed_pseudo_fs_mounted,13743
2026-05-13T22:47:09+00:00,minimal,stock,idle,32,mem_mib,1024,guest_delta_pseudo_fs_mounted,10415
2026-05-13T22:47:09+00:00,minimal,stock,idle,32,mem_mib,1024,guest_elapsed_mount_namespace_private,20095
2026-05-13T22:47:09+00:00,minimal,stock,idle,32,mem_mib,1024,guest_delta_mount_namespace_private,6351
2026-05-13T22:47:09+00:00,minimal,stock,idle,32,mem_mib,1024,guest_elapsed_base_mounted,25316
2026-05-13T22:47:09+00:00,minimal,stock,idle,32,mem_mib,1024,guest_delta_base_mounted,5221
2026-05-13T22:47:09+00:00,minimal,stock,idle,32,mem_mib,1024,guest_elapsed_overlay_disk_mounted,32543
2026-05-13T22:47:09+00:00,minimal,stock,idle,32,mem_mib,1024,guest_delta_overlay_disk_mounted,7226
2026-05-13T22:47:09+00:00,minimal,stock,idle,32,mem_mib,1024,guest_elapsed_overlay_dirs_ready,37016
2026-05-13T22:47:09+00:00,minimal,stock,idle,32,mem_mib,1024,guest_delta_overlay_dirs_ready,4473
2026-05-13T22:47:09+00:00,minimal,stock,idle,32,mem_mib,1024,guest_elapsed_merged_mountpoint_ready,39907
2026-05-13T22:47:09+00:00,minimal,stock,idle,32,mem_mib,1024,guest_delta_merged_mountpoint_ready,2890
2026-05-13T22:47:09+00:00,minimal,stock,idle,32,mem_mib,1024,guest_elapsed_overlayfs_mounted,43272
2026-05-13T22:47:09+00:00,minimal,stock,idle,32,mem_mib,1024,guest_delta_overlayfs_mounted,3365
2026-05-13T22:47:09+00:00,minimal,stock,idle,32,mem_mib,1024,guest_elapsed_pseudo_fs_bound_into_merged,46743
2026-05-13T22:47:09+00:00,minimal,stock,idle,32,mem_mib,1024,guest_delta_pseudo_fs_bound_into_merged,3470
2026-05-13T22:47:09+00:00,minimal,stock,idle,32,mem_mib,1024,guest_elapsed_merged_self_bound,50154
2026-05-13T22:47:09+00:00,minimal,stock,idle,32,mem_mib,1024,guest_delta_merged_self_bound,3410
2026-05-13T22:47:09+00:00,minimal,stock,idle,32,mem_mib,1024,guest_elapsed_pivot_rootfs_done,51957
2026-05-13T22:47:09+00:00,minimal,stock,idle,32,mem_mib,1024,guest_delta_pivot_rootfs_done,1803
2026-05-13T22:47:09+00:00,minimal,stock,idle,32,mem_mib,1024,guest_elapsed_overlay_pivot_complete,53879
2026-05-13T22:47:09+00:00,minimal,stock,idle,32,mem_mib,1024,guest_delta_overlay_pivot_complete,1921
2026-05-13T22:47:09+00:00,minimal,stock,idle,32,mem_mib,1024,guest_elapsed_network_configured,55792
2026-05-13T22:47:09+00:00,minimal,stock,idle,32,mem_mib,1024,guest_delta_network_configured,1913
2026-05-13T22:47:09+00:00,minimal,stock,idle,32,mem_mib,1024,guest_elapsed_workspace_absent,57854
2026-05-13T22:47:09+00:00,minimal,stock,idle,32,mem_mib,1024,guest_delta_workspace_absent,2062
2026-05-13T22:47:09+00:00,minimal,stock,idle,32,mem_mib,1024,guest_elapsed_pid1_setup_complete,58712
2026-05-13T22:47:09+00:00,minimal,stock,idle,32,mem_mib,1024,guest_delta_pid1_setup_complete,857
2026-05-13T22:47:09+00:00,minimal,stock,idle,32,mem_mib,1024,guest_elapsed_guestd_starting_log,60399
2026-05-13T22:47:09+00:00,minimal,stock,idle,32,mem_mib,1024,guest_delta_guestd_starting_log,1687
2026-05-13T22:47:09+00:00,minimal,stock,idle,32,mem_mib,1024,guest_elapsed_exec_listener_bound,61422
2026-05-13T22:47:09+00:00,minimal,stock,idle,32,mem_mib,1024,guest_delta_exec_listener_bound,1023
2026-05-13T22:47:09+00:00,minimal,stock,idle,32,mem_mib,1024,guest_elapsed_ready_signal_sent,63542
2026-05-13T22:47:09+00:00,minimal,stock,idle,32,mem_mib,1024,guest_delta_ready_signal_sent,2119
2026-05-13T22:47:13+00:00,minimal,stock,idle,3,mem_mib,2048,phase_1_run_root_prep,65
2026-05-13T22:47:13+00:00,minimal,stock,idle,3,mem_mib,2048,phase_2_lease,34
2026-05-13T22:47:13+00:00,minimal,stock,idle,3,mem_mib,2048,phase_3b_rootfs_prepare,9668
2026-05-13T22:47:13+00:00,minimal,stock,idle,3,mem_mib,2048,phase_3_storage_prep,9724
2026-05-13T22:47:13+00:00,minimal,stock,idle,3,mem_mib,2048,phase_4_jailer_materialize,619
2026-05-13T22:47:13+00:00,minimal,stock,idle,3,mem_mib,2048,phase_5_cgroup_probe,0
2026-05-13T22:47:13+00:00,minimal,stock,idle,3,mem_mib,2048,phase_6_network_realize,6
2026-05-13T22:47:13+00:00,minimal,stock,idle,3,mem_mib,2048,phase_7_outbound_guest_config,0
2026-05-13T22:47:13+00:00,minimal,stock,idle,3,mem_mib,2048,phase_9_jailer_launch,15491
2026-05-13T22:47:13+00:00,minimal,stock,idle,3,mem_mib,2048,phase_5b_cgroup_create,20856
2026-05-13T22:47:13+00:00,minimal,stock,idle,3,mem_mib,2048,phase_10_open_uds,24
2026-05-13T22:47:13+00:00,minimal,stock,idle,3,mem_mib,2048,phase_11_put_machine_config,178
2026-05-13T22:47:13+00:00,minimal,stock,idle,3,mem_mib,2048,phase_11_put_boot_source,85
2026-05-13T22:47:13+00:00,minimal,stock,idle,3,mem_mib,2048,phase_11_put_drive_rootfs,88
2026-05-13T22:47:13+00:00,minimal,stock,idle,3,mem_mib,2048,phase_11_put_drive_rootfs_overlay,171
2026-05-13T22:47:13+00:00,minimal,stock,idle,3,mem_mib,2048,phase_11_put_entropy,101
2026-05-13T22:47:13+00:00,minimal,stock,idle,3,mem_mib,2048,phase_11_put_vsock,157
2026-05-13T22:47:13+00:00,minimal,stock,idle,3,mem_mib,2048,phase_11_rest_puts,1481
2026-05-13T22:47:13+00:00,minimal,stock,idle,3,mem_mib,2048,phase_11b_ready_listener_bind,79
2026-05-13T22:47:13+00:00,minimal,stock,idle,3,mem_mib,2048,phase_11c_boot_identity_record,76
2026-05-13T22:47:13+00:00,minimal,stock,idle,3,mem_mib,2048,phase_12a_instance_start,19311
2026-05-13T22:47:13+00:00,minimal,stock,idle,3,mem_mib,2048,phase_12b_host_waiting_accept,1013320
2026-05-13T22:47:13+00:00,minimal,stock,idle,3,mem_mib,2048,phase_12b_kernel_console_range,946252
2026-05-13T22:47:13+00:00,minimal,stock,idle,3,mem_mib,2048,phase_12b_guest_process_start,2
2026-05-13T22:47:13+00:00,minimal,stock,idle,3,mem_mib,2048,phase_12b_guest_stdio_redirected,1574
2026-05-13T22:47:13+00:00,minimal,stock,idle,3,mem_mib,2048,phase_12b_guest_panic_hook_installed,3175
2026-05-13T22:47:13+00:00,minimal,stock,idle,3,mem_mib,2048,phase_12b_guest_pseudo_fs_mounted,13325
2026-05-13T22:47:13+00:00,minimal,stock,idle,3,mem_mib,2048,phase_12b_guest_mount_namespace_private,19376
2026-05-13T22:47:13+00:00,minimal,stock,idle,3,mem_mib,2048,phase_12b_guest_base_mounted,25431
2026-05-13T22:47:13+00:00,minimal,stock,idle,3,mem_mib,2048,phase_12b_guest_overlay_disk_mounted,34381
2026-05-13T22:47:13+00:00,minimal,stock,idle,3,mem_mib,2048,phase_12b_guest_overlay_dirs_ready,39695
2026-05-13T22:47:13+00:00,minimal,stock,idle,3,mem_mib,2048,phase_12b_guest_merged_mountpoint_ready,42521
2026-05-13T22:47:13+00:00,minimal,stock,idle,3,mem_mib,2048,phase_12b_guest_overlayfs_mounted,45749
2026-05-13T22:47:13+00:00,minimal,stock,idle,3,mem_mib,2048,phase_12b_guest_pseudo_fs_bound_into_merged,49109
2026-05-13T22:47:13+00:00,minimal,stock,idle,3,mem_mib,2048,phase_12b_guest_merged_self_bound,52409
2026-05-13T22:47:13+00:00,minimal,stock,idle,3,mem_mib,2048,phase_12b_guest_pivot_rootfs_done,54141
2026-05-13T22:47:13+00:00,minimal,stock,idle,3,mem_mib,2048,phase_12b_guest_overlay_pivot_complete,56006
2026-05-13T22:47:13+00:00,minimal,stock,idle,3,mem_mib,2048,phase_12b_guest_network_configured,57827
2026-05-13T22:47:13+00:00,minimal,stock,idle,3,mem_mib,2048,phase_12b_guest_workspace_absent,59861
2026-05-13T22:47:13+00:00,minimal,stock,idle,3,mem_mib,2048,phase_12b_guest_pid1_setup_complete,60674
2026-05-13T22:47:13+00:00,minimal,stock,idle,3,mem_mib,2048,phase_12b_guest_guestd_starting_log,62283
2026-05-13T22:47:13+00:00,minimal,stock,idle,3,mem_mib,2048,phase_12b_guest_exec_listener_bound,63296
2026-05-13T22:47:13+00:00,minimal,stock,idle,3,mem_mib,2048,phase_12b_ready_accept,1015734
2026-05-13T22:47:13+00:00,minimal,stock,idle,3,mem_mib,2048,exec_send,18
2026-05-13T22:47:13+00:00,minimal,stock,idle,3,mem_mib,2048,exec_recv,11956
2026-05-13T22:47:13+00:00,minimal,stock,idle,3,mem_mib,2048,stop_bounded,82795
2026-05-13T22:47:13+00:00,minimal,stock,idle,3,mem_mib,2048,stop_release,117
2026-05-13T22:47:13+00:00,minimal,stock,idle,3,mem_mib,2048,guest_elapsed_process_start,2
2026-05-13T22:47:13+00:00,minimal,stock,idle,3,mem_mib,2048,guest_delta_process_start,2
2026-05-13T22:47:13+00:00,minimal,stock,idle,3,mem_mib,2048,guest_elapsed_stdio_redirected,1574
2026-05-13T22:47:13+00:00,minimal,stock,idle,3,mem_mib,2048,guest_delta_stdio_redirected,1571
2026-05-13T22:47:13+00:00,minimal,stock,idle,3,mem_mib,2048,guest_elapsed_panic_hook_installed,3175
2026-05-13T22:47:13+00:00,minimal,stock,idle,3,mem_mib,2048,guest_delta_panic_hook_installed,1601
2026-05-13T22:47:13+00:00,minimal,stock,idle,3,mem_mib,2048,guest_elapsed_pseudo_fs_mounted,13325
2026-05-13T22:47:13+00:00,minimal,stock,idle,3,mem_mib,2048,guest_delta_pseudo_fs_mounted,10149
2026-05-13T22:47:13+00:00,minimal,stock,idle,3,mem_mib,2048,guest_elapsed_mount_namespace_private,19376
2026-05-13T22:47:13+00:00,minimal,stock,idle,3,mem_mib,2048,guest_delta_mount_namespace_private,6050
2026-05-13T22:47:13+00:00,minimal,stock,idle,3,mem_mib,2048,guest_elapsed_base_mounted,25431
2026-05-13T22:47:13+00:00,minimal,stock,idle,3,mem_mib,2048,guest_delta_base_mounted,6054
2026-05-13T22:47:13+00:00,minimal,stock,idle,3,mem_mib,2048,guest_elapsed_overlay_disk_mounted,34381
2026-05-13T22:47:13+00:00,minimal,stock,idle,3,mem_mib,2048,guest_delta_overlay_disk_mounted,8950
2026-05-13T22:47:13+00:00,minimal,stock,idle,3,mem_mib,2048,guest_elapsed_overlay_dirs_ready,39695
2026-05-13T22:47:13+00:00,minimal,stock,idle,3,mem_mib,2048,guest_delta_overlay_dirs_ready,5314
2026-05-13T22:47:13+00:00,minimal,stock,idle,3,mem_mib,2048,guest_elapsed_merged_mountpoint_ready,42521
2026-05-13T22:47:13+00:00,minimal,stock,idle,3,mem_mib,2048,guest_delta_merged_mountpoint_ready,2825
2026-05-13T22:47:13+00:00,minimal,stock,idle,3,mem_mib,2048,guest_elapsed_overlayfs_mounted,45749
2026-05-13T22:47:13+00:00,minimal,stock,idle,3,mem_mib,2048,guest_delta_overlayfs_mounted,3227
2026-05-13T22:47:13+00:00,minimal,stock,idle,3,mem_mib,2048,guest_elapsed_pseudo_fs_bound_into_merged,49109
2026-05-13T22:47:13+00:00,minimal,stock,idle,3,mem_mib,2048,guest_delta_pseudo_fs_bound_into_merged,3360
2026-05-13T22:47:13+00:00,minimal,stock,idle,3,mem_mib,2048,guest_elapsed_merged_self_bound,52409
2026-05-13T22:47:13+00:00,minimal,stock,idle,3,mem_mib,2048,guest_delta_merged_self_bound,3299
2026-05-13T22:47:13+00:00,minimal,stock,idle,3,mem_mib,2048,guest_elapsed_pivot_rootfs_done,54141
2026-05-13T22:47:13+00:00,minimal,stock,idle,3,mem_mib,2048,guest_delta_pivot_rootfs_done,1731
2026-05-13T22:47:13+00:00,minimal,stock,idle,3,mem_mib,2048,guest_elapsed_overlay_pivot_complete,56006
2026-05-13T22:47:13+00:00,minimal,stock,idle,3,mem_mib,2048,guest_delta_overlay_pivot_complete,1865
2026-05-13T22:47:13+00:00,minimal,stock,idle,3,mem_mib,2048,guest_elapsed_network_configured,57827
2026-05-13T22:47:13+00:00,minimal,stock,idle,3,mem_mib,2048,guest_delta_network_configured,1820
2026-05-13T22:47:13+00:00,minimal,stock,idle,3,mem_mib,2048,guest_elapsed_workspace_absent,59861
2026-05-13T22:47:13+00:00,minimal,stock,idle,3,mem_mib,2048,guest_delta_workspace_absent,2033
2026-05-13T22:47:13+00:00,minimal,stock,idle,3,mem_mib,2048,guest_elapsed_pid1_setup_complete,60674
2026-05-13T22:47:13+00:00,minimal,stock,idle,3,mem_mib,2048,guest_delta_pid1_setup_complete,813
2026-05-13T22:47:13+00:00,minimal,stock,idle,3,mem_mib,2048,guest_elapsed_guestd_starting_log,62283
2026-05-13T22:47:13+00:00,minimal,stock,idle,3,mem_mib,2048,guest_delta_guestd_starting_log,1608
2026-05-13T22:47:13+00:00,minimal,stock,idle,3,mem_mib,2048,guest_elapsed_exec_listener_bound,63296
2026-05-13T22:47:13+00:00,minimal,stock,idle,3,mem_mib,2048,guest_delta_exec_listener_bound,1012
2026-05-13T22:47:13+00:00,minimal,stock,idle,3,mem_mib,2048,guest_elapsed_ready_signal_sent,65363
2026-05-13T22:47:13+00:00,minimal,stock,idle,3,mem_mib,2048,guest_delta_ready_signal_sent,2066
2026-05-13T22:47:14+00:00,minimal,stock,idle,4,mem_mib,2048,phase_1_run_root_prep,42
2026-05-13T22:47:14+00:00,minimal,stock,idle,4,mem_mib,2048,phase_2_lease,33
2026-05-13T22:47:14+00:00,minimal,stock,idle,4,mem_mib,2048,phase_3b_rootfs_prepare,12146
2026-05-13T22:47:14+00:00,minimal,stock,idle,4,mem_mib,2048,phase_3_storage_prep,12215
2026-05-13T22:47:14+00:00,minimal,stock,idle,4,mem_mib,2048,phase_4_jailer_materialize,785
2026-05-13T22:47:14+00:00,minimal,stock,idle,4,mem_mib,2048,phase_5_cgroup_probe,0
2026-05-13T22:47:14+00:00,minimal,stock,idle,4,mem_mib,2048,phase_6_network_realize,6
2026-05-13T22:47:14+00:00,minimal,stock,idle,4,mem_mib,2048,phase_7_outbound_guest_config,0
2026-05-13T22:47:14+00:00,minimal,stock,idle,4,mem_mib,2048,phase_9_jailer_launch,15542
2026-05-13T22:47:14+00:00,minimal,stock,idle,4,mem_mib,2048,phase_5b_cgroup_create,22236
2026-05-13T22:47:14+00:00,minimal,stock,idle,4,mem_mib,2048,phase_10_open_uds,19
2026-05-13T22:47:14+00:00,minimal,stock,idle,4,mem_mib,2048,phase_11_put_machine_config,162
2026-05-13T22:47:14+00:00,minimal,stock,idle,4,mem_mib,2048,phase_11_put_boot_source,70
2026-05-13T22:47:14+00:00,minimal,stock,idle,4,mem_mib,2048,phase_11_put_drive_rootfs,88
2026-05-13T22:47:14+00:00,minimal,stock,idle,4,mem_mib,2048,phase_11_put_drive_rootfs_overlay,169
2026-05-13T22:47:14+00:00,minimal,stock,idle,4,mem_mib,2048,phase_11_put_entropy,86
2026-05-13T22:47:14+00:00,minimal,stock,idle,4,mem_mib,2048,phase_11_put_vsock,146
2026-05-13T22:47:14+00:00,minimal,stock,idle,4,mem_mib,2048,phase_11_rest_puts,1106
2026-05-13T22:47:14+00:00,minimal,stock,idle,4,mem_mib,2048,phase_11b_ready_listener_bind,60
2026-05-13T22:47:14+00:00,minimal,stock,idle,4,mem_mib,2048,phase_11c_boot_identity_record,59
2026-05-13T22:47:14+00:00,minimal,stock,idle,4,mem_mib,2048,phase_12a_instance_start,18811
2026-05-13T22:47:14+00:00,minimal,stock,idle,4,mem_mib,2048,phase_12b_host_waiting_accept,1056173
2026-05-13T22:47:14+00:00,minimal,stock,idle,4,mem_mib,2048,phase_12b_kernel_console_range,988928
2026-05-13T22:47:14+00:00,minimal,stock,idle,4,mem_mib,2048,phase_12b_guest_process_start,2
2026-05-13T22:47:14+00:00,minimal,stock,idle,4,mem_mib,2048,phase_12b_guest_stdio_redirected,1629
2026-05-13T22:47:14+00:00,minimal,stock,idle,4,mem_mib,2048,phase_12b_guest_panic_hook_installed,3315
2026-05-13T22:47:14+00:00,minimal,stock,idle,4,mem_mib,2048,phase_12b_guest_pseudo_fs_mounted,13767
2026-05-13T22:47:14+00:00,minimal,stock,idle,4,mem_mib,2048,phase_12b_guest_mount_namespace_private,20034
2026-05-13T22:47:14+00:00,minimal,stock,idle,4,mem_mib,2048,phase_12b_guest_base_mounted,25861
2026-05-13T22:47:14+00:00,minimal,stock,idle,4,mem_mib,2048,phase_12b_guest_overlay_disk_mounted,33249
2026-05-13T22:47:14+00:00,minimal,stock,idle,4,mem_mib,2048,phase_12b_guest_overlay_dirs_ready,38920
2026-05-13T22:47:14+00:00,minimal,stock,idle,4,mem_mib,2048,phase_12b_guest_merged_mountpoint_ready,43338
2026-05-13T22:47:14+00:00,minimal,stock,idle,4,mem_mib,2048,phase_12b_guest_overlayfs_mounted,48438
2026-05-13T22:47:14+00:00,minimal,stock,idle,4,mem_mib,2048,phase_12b_guest_pseudo_fs_bound_into_merged,53694
2026-05-13T22:47:14+00:00,minimal,stock,idle,4,mem_mib,2048,phase_12b_guest_merged_self_bound,57153
2026-05-13T22:47:14+00:00,minimal,stock,idle,4,mem_mib,2048,phase_12b_guest_pivot_rootfs_done,58978
2026-05-13T22:47:14+00:00,minimal,stock,idle,4,mem_mib,2048,phase_12b_guest_overlay_pivot_complete,60915
2026-05-13T22:47:14+00:00,minimal,stock,idle,4,mem_mib,2048,phase_12b_guest_network_configured,62857
2026-05-13T22:47:14+00:00,minimal,stock,idle,4,mem_mib,2048,phase_12b_guest_workspace_absent,64934
2026-05-13T22:47:14+00:00,minimal,stock,idle,4,mem_mib,2048,phase_12b_guest_pid1_setup_complete,65805
2026-05-13T22:47:14+00:00,minimal,stock,idle,4,mem_mib,2048,phase_12b_guest_guestd_starting_log,67504
2026-05-13T22:47:14+00:00,minimal,stock,idle,4,mem_mib,2048,phase_12b_guest_exec_listener_bound,68530
2026-05-13T22:47:14+00:00,minimal,stock,idle,4,mem_mib,2048,phase_12b_ready_accept,1058508
2026-05-13T22:47:14+00:00,minimal,stock,idle,4,mem_mib,2048,exec_send,18
2026-05-13T22:47:14+00:00,minimal,stock,idle,4,mem_mib,2048,exec_recv,12058
2026-05-13T22:47:14+00:00,minimal,stock,idle,4,mem_mib,2048,stop_bounded,80852
2026-05-13T22:47:14+00:00,minimal,stock,idle,4,mem_mib,2048,stop_release,157
2026-05-13T22:47:14+00:00,minimal,stock,idle,4,mem_mib,2048,guest_elapsed_process_start,2
2026-05-13T22:47:14+00:00,minimal,stock,idle,4,mem_mib,2048,guest_delta_process_start,2
2026-05-13T22:47:14+00:00,minimal,stock,idle,4,mem_mib,2048,guest_elapsed_stdio_redirected,1629
2026-05-13T22:47:14+00:00,minimal,stock,idle,4,mem_mib,2048,guest_delta_stdio_redirected,1627
2026-05-13T22:47:14+00:00,minimal,stock,idle,4,mem_mib,2048,guest_elapsed_panic_hook_installed,3315
2026-05-13T22:47:14+00:00,minimal,stock,idle,4,mem_mib,2048,guest_delta_panic_hook_installed,1685
2026-05-13T22:47:14+00:00,minimal,stock,idle,4,mem_mib,2048,guest_elapsed_pseudo_fs_mounted,13767
2026-05-13T22:47:14+00:00,minimal,stock,idle,4,mem_mib,2048,guest_delta_pseudo_fs_mounted,10452
2026-05-13T22:47:14+00:00,minimal,stock,idle,4,mem_mib,2048,guest_elapsed_mount_namespace_private,20034
2026-05-13T22:47:14+00:00,minimal,stock,idle,4,mem_mib,2048,guest_delta_mount_namespace_private,6267
2026-05-13T22:47:14+00:00,minimal,stock,idle,4,mem_mib,2048,guest_elapsed_base_mounted,25861
2026-05-13T22:47:14+00:00,minimal,stock,idle,4,mem_mib,2048,guest_delta_base_mounted,5826
2026-05-13T22:47:14+00:00,minimal,stock,idle,4,mem_mib,2048,guest_elapsed_overlay_disk_mounted,33249
2026-05-13T22:47:14+00:00,minimal,stock,idle,4,mem_mib,2048,guest_delta_overlay_disk_mounted,7387
2026-05-13T22:47:14+00:00,minimal,stock,idle,4,mem_mib,2048,guest_elapsed_overlay_dirs_ready,38920
2026-05-13T22:47:14+00:00,minimal,stock,idle,4,mem_mib,2048,guest_delta_overlay_dirs_ready,5670
2026-05-13T22:47:14+00:00,minimal,stock,idle,4,mem_mib,2048,guest_elapsed_merged_mountpoint_ready,43338
2026-05-13T22:47:14+00:00,minimal,stock,idle,4,mem_mib,2048,guest_delta_merged_mountpoint_ready,4418
2026-05-13T22:47:14+00:00,minimal,stock,idle,4,mem_mib,2048,guest_elapsed_overlayfs_mounted,48438
2026-05-13T22:47:14+00:00,minimal,stock,idle,4,mem_mib,2048,guest_delta_overlayfs_mounted,5099
2026-05-13T22:47:14+00:00,minimal,stock,idle,4,mem_mib,2048,guest_elapsed_pseudo_fs_bound_into_merged,53694
2026-05-13T22:47:14+00:00,minimal,stock,idle,4,mem_mib,2048,guest_delta_pseudo_fs_bound_into_merged,5256
2026-05-13T22:47:14+00:00,minimal,stock,idle,4,mem_mib,2048,guest_elapsed_merged_self_bound,57153
2026-05-13T22:47:14+00:00,minimal,stock,idle,4,mem_mib,2048,guest_delta_merged_self_bound,3458
2026-05-13T22:47:14+00:00,minimal,stock,idle,4,mem_mib,2048,guest_elapsed_pivot_rootfs_done,58978
2026-05-13T22:47:14+00:00,minimal,stock,idle,4,mem_mib,2048,guest_delta_pivot_rootfs_done,1825
2026-05-13T22:47:14+00:00,minimal,stock,idle,4,mem_mib,2048,guest_elapsed_overlay_pivot_complete,60915
2026-05-13T22:47:14+00:00,minimal,stock,idle,4,mem_mib,2048,guest_delta_overlay_pivot_complete,1937
2026-05-13T22:47:14+00:00,minimal,stock,idle,4,mem_mib,2048,guest_elapsed_network_configured,62857
2026-05-13T22:47:14+00:00,minimal,stock,idle,4,mem_mib,2048,guest_delta_network_configured,1941
2026-05-13T22:47:14+00:00,minimal,stock,idle,4,mem_mib,2048,guest_elapsed_workspace_absent,64934
2026-05-13T22:47:14+00:00,minimal,stock,idle,4,mem_mib,2048,guest_delta_workspace_absent,2077
2026-05-13T22:47:14+00:00,minimal,stock,idle,4,mem_mib,2048,guest_elapsed_pid1_setup_complete,65805
2026-05-13T22:47:14+00:00,minimal,stock,idle,4,mem_mib,2048,guest_delta_pid1_setup_complete,871
2026-05-13T22:47:14+00:00,minimal,stock,idle,4,mem_mib,2048,guest_elapsed_guestd_starting_log,67504
2026-05-13T22:47:14+00:00,minimal,stock,idle,4,mem_mib,2048,guest_delta_guestd_starting_log,1698
2026-05-13T22:47:14+00:00,minimal,stock,idle,4,mem_mib,2048,guest_elapsed_exec_listener_bound,68530
2026-05-13T22:47:14+00:00,minimal,stock,idle,4,mem_mib,2048,guest_delta_exec_listener_bound,1026
2026-05-13T22:47:14+00:00,minimal,stock,idle,4,mem_mib,2048,guest_elapsed_ready_signal_sent,70688
2026-05-13T22:47:14+00:00,minimal,stock,idle,4,mem_mib,2048,guest_delta_ready_signal_sent,2158
2026-05-13T22:47:16+00:00,minimal,stock,idle,5,mem_mib,2048,phase_1_run_root_prep,55
2026-05-13T22:47:16+00:00,minimal,stock,idle,5,mem_mib,2048,phase_2_lease,35
2026-05-13T22:47:16+00:00,minimal,stock,idle,5,mem_mib,2048,phase_3b_rootfs_prepare,8984
2026-05-13T22:47:16+00:00,minimal,stock,idle,5,mem_mib,2048,phase_3_storage_prep,9053
2026-05-13T22:47:16+00:00,minimal,stock,idle,5,mem_mib,2048,phase_4_jailer_materialize,2149
2026-05-13T22:47:16+00:00,minimal,stock,idle,5,mem_mib,2048,phase_5_cgroup_probe,0
2026-05-13T22:47:16+00:00,minimal,stock,idle,5,mem_mib,2048,phase_6_network_realize,0
2026-05-13T22:47:16+00:00,minimal,stock,idle,5,mem_mib,2048,phase_7_outbound_guest_config,0
2026-05-13T22:47:16+00:00,minimal,stock,idle,5,mem_mib,2048,phase_9_jailer_launch,15473
2026-05-13T22:47:16+00:00,minimal,stock,idle,5,mem_mib,2048,phase_5b_cgroup_create,16520
2026-05-13T22:47:16+00:00,minimal,stock,idle,5,mem_mib,2048,phase_10_open_uds,26
2026-05-13T22:47:16+00:00,minimal,stock,idle,5,mem_mib,2048,phase_11_put_machine_config,200
2026-05-13T22:47:16+00:00,minimal,stock,idle,5,mem_mib,2048,phase_11_put_boot_source,84
2026-05-13T22:47:16+00:00,minimal,stock,idle,5,mem_mib,2048,phase_11_put_drive_rootfs,101
2026-05-13T22:47:16+00:00,minimal,stock,idle,5,mem_mib,2048,phase_11_put_drive_rootfs_overlay,226
2026-05-13T22:47:16+00:00,minimal,stock,idle,5,mem_mib,2048,phase_11_put_entropy,102
2026-05-13T22:47:16+00:00,minimal,stock,idle,5,mem_mib,2048,phase_11_put_vsock,140
2026-05-13T22:47:16+00:00,minimal,stock,idle,5,mem_mib,2048,phase_11_rest_puts,1178
2026-05-13T22:47:16+00:00,minimal,stock,idle,5,mem_mib,2048,phase_11b_ready_listener_bind,32
2026-05-13T22:47:16+00:00,minimal,stock,idle,5,mem_mib,2048,phase_11c_boot_identity_record,42
2026-05-13T22:47:16+00:00,minimal,stock,idle,5,mem_mib,2048,phase_12a_instance_start,13906
2026-05-13T22:47:16+00:00,minimal,stock,idle,5,mem_mib,2048,phase_12b_host_waiting_accept,1048870
2026-05-13T22:47:16+00:00,minimal,stock,idle,5,mem_mib,2048,phase_12b_kernel_console_range,981121
2026-05-13T22:47:16+00:00,minimal,stock,idle,5,mem_mib,2048,phase_12b_guest_process_start,2
2026-05-13T22:47:16+00:00,minimal,stock,idle,5,mem_mib,2048,phase_12b_guest_stdio_redirected,1629
2026-05-13T22:47:16+00:00,minimal,stock,idle,5,mem_mib,2048,phase_12b_guest_panic_hook_installed,3328
2026-05-13T22:47:16+00:00,minimal,stock,idle,5,mem_mib,2048,phase_12b_guest_pseudo_fs_mounted,13805
2026-05-13T22:47:16+00:00,minimal,stock,idle,5,mem_mib,2048,phase_12b_guest_mount_namespace_private,20090
2026-05-13T22:47:16+00:00,minimal,stock,idle,5,mem_mib,2048,phase_12b_guest_base_mounted,25692
2026-05-13T22:47:16+00:00,minimal,stock,idle,5,mem_mib,2048,phase_12b_guest_overlay_disk_mounted,33060
2026-05-13T22:47:16+00:00,minimal,stock,idle,5,mem_mib,2048,phase_12b_guest_overlay_dirs_ready,38042
2026-05-13T22:47:16+00:00,minimal,stock,idle,5,mem_mib,2048,phase_12b_guest_merged_mountpoint_ready,40870
2026-05-13T22:47:16+00:00,minimal,stock,idle,5,mem_mib,2048,phase_12b_guest_overlayfs_mounted,44157
2026-05-13T22:47:16+00:00,minimal,stock,idle,5,mem_mib,2048,phase_12b_guest_pseudo_fs_bound_into_merged,47621
2026-05-13T22:47:16+00:00,minimal,stock,idle,5,mem_mib,2048,phase_12b_guest_merged_self_bound,50999
2026-05-13T22:47:16+00:00,minimal,stock,idle,5,mem_mib,2048,phase_12b_guest_pivot_rootfs_done,52757
2026-05-13T22:47:16+00:00,minimal,stock,idle,5,mem_mib,2048,phase_12b_guest_overlay_pivot_complete,54642
2026-05-13T22:47:16+00:00,minimal,stock,idle,5,mem_mib,2048,phase_12b_guest_network_configured,56532
2026-05-13T22:47:16+00:00,minimal,stock,idle,5,mem_mib,2048,phase_12b_guest_workspace_absent,58577
2026-05-13T22:47:16+00:00,minimal,stock,idle,5,mem_mib,2048,phase_12b_guest_pid1_setup_complete,59447
2026-05-13T22:47:16+00:00,minimal,stock,idle,5,mem_mib,2048,phase_12b_guest_guestd_starting_log,61099
2026-05-13T22:47:16+00:00,minimal,stock,idle,5,mem_mib,2048,phase_12b_guest_exec_listener_bound,62132
2026-05-13T22:47:16+00:00,minimal,stock,idle,5,mem_mib,2048,phase_12b_ready_accept,1051184
2026-05-13T22:47:16+00:00,minimal,stock,idle,5,mem_mib,2048,exec_send,20
2026-05-13T22:47:16+00:00,minimal,stock,idle,5,mem_mib,2048,exec_recv,12036
2026-05-13T22:47:16+00:00,minimal,stock,idle,5,mem_mib,2048,stop_bounded,75702
2026-05-13T22:47:16+00:00,minimal,stock,idle,5,mem_mib,2048,stop_release,135
2026-05-13T22:47:16+00:00,minimal,stock,idle,5,mem_mib,2048,guest_elapsed_process_start,2
2026-05-13T22:47:16+00:00,minimal,stock,idle,5,mem_mib,2048,guest_delta_process_start,2
2026-05-13T22:47:16+00:00,minimal,stock,idle,5,mem_mib,2048,guest_elapsed_stdio_redirected,1629
2026-05-13T22:47:16+00:00,minimal,stock,idle,5,mem_mib,2048,guest_delta_stdio_redirected,1627
2026-05-13T22:47:16+00:00,minimal,stock,idle,5,mem_mib,2048,guest_elapsed_panic_hook_installed,3328
2026-05-13T22:47:16+00:00,minimal,stock,idle,5,mem_mib,2048,guest_delta_panic_hook_installed,1698
2026-05-13T22:47:16+00:00,minimal,stock,idle,5,mem_mib,2048,guest_elapsed_pseudo_fs_mounted,13805
2026-05-13T22:47:16+00:00,minimal,stock,idle,5,mem_mib,2048,guest_delta_pseudo_fs_mounted,10477
2026-05-13T22:47:16+00:00,minimal,stock,idle,5,mem_mib,2048,guest_elapsed_mount_namespace_private,20090
2026-05-13T22:47:16+00:00,minimal,stock,idle,5,mem_mib,2048,guest_delta_mount_namespace_private,6284
2026-05-13T22:47:16+00:00,minimal,stock,idle,5,mem_mib,2048,guest_elapsed_base_mounted,25692
2026-05-13T22:47:16+00:00,minimal,stock,idle,5,mem_mib,2048,guest_delta_base_mounted,5602
2026-05-13T22:47:16+00:00,minimal,stock,idle,5,mem_mib,2048,guest_elapsed_overlay_disk_mounted,33060
2026-05-13T22:47:16+00:00,minimal,stock,idle,5,mem_mib,2048,guest_delta_overlay_disk_mounted,7367
2026-05-13T22:47:16+00:00,minimal,stock,idle,5,mem_mib,2048,guest_elapsed_overlay_dirs_ready,38042
2026-05-13T22:47:16+00:00,minimal,stock,idle,5,mem_mib,2048,guest_delta_overlay_dirs_ready,4982
2026-05-13T22:47:16+00:00,minimal,stock,idle,5,mem_mib,2048,guest_elapsed_merged_mountpoint_ready,40870
2026-05-13T22:47:16+00:00,minimal,stock,idle,5,mem_mib,2048,guest_delta_merged_mountpoint_ready,2827
2026-05-13T22:47:16+00:00,minimal,stock,idle,5,mem_mib,2048,guest_elapsed_overlayfs_mounted,44157
2026-05-13T22:47:16+00:00,minimal,stock,idle,5,mem_mib,2048,guest_delta_overlayfs_mounted,3287
2026-05-13T22:47:16+00:00,minimal,stock,idle,5,mem_mib,2048,guest_elapsed_pseudo_fs_bound_into_merged,47621
2026-05-13T22:47:16+00:00,minimal,stock,idle,5,mem_mib,2048,guest_delta_pseudo_fs_bound_into_merged,3463
2026-05-13T22:47:16+00:00,minimal,stock,idle,5,mem_mib,2048,guest_elapsed_merged_self_bound,50999
2026-05-13T22:47:16+00:00,minimal,stock,idle,5,mem_mib,2048,guest_delta_merged_self_bound,3377
2026-05-13T22:47:16+00:00,minimal,stock,idle,5,mem_mib,2048,guest_elapsed_pivot_rootfs_done,52757
2026-05-13T22:47:16+00:00,minimal,stock,idle,5,mem_mib,2048,guest_delta_pivot_rootfs_done,1758
2026-05-13T22:47:16+00:00,minimal,stock,idle,5,mem_mib,2048,guest_elapsed_overlay_pivot_complete,54642
2026-05-13T22:47:16+00:00,minimal,stock,idle,5,mem_mib,2048,guest_delta_overlay_pivot_complete,1884
2026-05-13T22:47:16+00:00,minimal,stock,idle,5,mem_mib,2048,guest_elapsed_network_configured,56532
2026-05-13T22:47:16+00:00,minimal,stock,idle,5,mem_mib,2048,guest_delta_network_configured,1889
2026-05-13T22:47:16+00:00,minimal,stock,idle,5,mem_mib,2048,guest_elapsed_workspace_absent,58577
2026-05-13T22:47:16+00:00,minimal,stock,idle,5,mem_mib,2048,guest_delta_workspace_absent,2045
2026-05-13T22:47:16+00:00,minimal,stock,idle,5,mem_mib,2048,guest_elapsed_pid1_setup_complete,59447
2026-05-13T22:47:16+00:00,minimal,stock,idle,5,mem_mib,2048,guest_delta_pid1_setup_complete,869
2026-05-13T22:47:16+00:00,minimal,stock,idle,5,mem_mib,2048,guest_elapsed_guestd_starting_log,61099
2026-05-13T22:47:16+00:00,minimal,stock,idle,5,mem_mib,2048,guest_delta_guestd_starting_log,1651
2026-05-13T22:47:16+00:00,minimal,stock,idle,5,mem_mib,2048,guest_elapsed_exec_listener_bound,62132
2026-05-13T22:47:16+00:00,minimal,stock,idle,5,mem_mib,2048,guest_delta_exec_listener_bound,1033
2026-05-13T22:47:16+00:00,minimal,stock,idle,5,mem_mib,2048,guest_elapsed_ready_signal_sent,64260
2026-05-13T22:47:16+00:00,minimal,stock,idle,5,mem_mib,2048,guest_delta_ready_signal_sent,2127
2026-05-13T22:47:17+00:00,minimal,stock,idle,6,mem_mib,2048,phase_1_run_root_prep,58
2026-05-13T22:47:17+00:00,minimal,stock,idle,6,mem_mib,2048,phase_2_lease,33
2026-05-13T22:47:17+00:00,minimal,stock,idle,6,mem_mib,2048,phase_3b_rootfs_prepare,13183
2026-05-13T22:47:17+00:00,minimal,stock,idle,6,mem_mib,2048,phase_3_storage_prep,13241
2026-05-13T22:47:17+00:00,minimal,stock,idle,6,mem_mib,2048,phase_4_jailer_materialize,2282
2026-05-13T22:47:17+00:00,minimal,stock,idle,6,mem_mib,2048,phase_5_cgroup_probe,0
2026-05-13T22:47:17+00:00,minimal,stock,idle,6,mem_mib,2048,phase_6_network_realize,5
2026-05-13T22:47:17+00:00,minimal,stock,idle,6,mem_mib,2048,phase_7_outbound_guest_config,0
2026-05-13T22:47:17+00:00,minimal,stock,idle,6,mem_mib,2048,phase_9_jailer_launch,15700
2026-05-13T22:47:17+00:00,minimal,stock,idle,6,mem_mib,2048,phase_5b_cgroup_create,22339
2026-05-13T22:47:17+00:00,minimal,stock,idle,6,mem_mib,2048,phase_10_open_uds,29
2026-05-13T22:47:17+00:00,minimal,stock,idle,6,mem_mib,2048,phase_11_put_machine_config,169
2026-05-13T22:47:17+00:00,minimal,stock,idle,6,mem_mib,2048,phase_11_put_boot_source,77
2026-05-13T22:47:17+00:00,minimal,stock,idle,6,mem_mib,2048,phase_11_put_drive_rootfs,88
2026-05-13T22:47:17+00:00,minimal,stock,idle,6,mem_mib,2048,phase_11_put_drive_rootfs_overlay,163
2026-05-13T22:47:17+00:00,minimal,stock,idle,6,mem_mib,2048,phase_11_put_entropy,86
2026-05-13T22:47:17+00:00,minimal,stock,idle,6,mem_mib,2048,phase_11_put_vsock,142
2026-05-13T22:47:17+00:00,minimal,stock,idle,6,mem_mib,2048,phase_11_rest_puts,1089
2026-05-13T22:47:17+00:00,minimal,stock,idle,6,mem_mib,2048,phase_11b_ready_listener_bind,46
2026-05-13T22:47:17+00:00,minimal,stock,idle,6,mem_mib,2048,phase_11c_boot_identity_record,51
2026-05-13T22:47:17+00:00,minimal,stock,idle,6,mem_mib,2048,phase_12a_instance_start,14340
2026-05-13T22:47:17+00:00,minimal,stock,idle,6,mem_mib,2048,phase_12b_host_waiting_accept,1013724
2026-05-13T22:47:17+00:00,minimal,stock,idle,6,mem_mib,2048,phase_12b_kernel_console_range,947746
2026-05-13T22:47:17+00:00,minimal,stock,idle,6,mem_mib,2048,phase_12b_guest_process_start,2
2026-05-13T22:47:17+00:00,minimal,stock,idle,6,mem_mib,2048,phase_12b_guest_stdio_redirected,1628
2026-05-13T22:47:17+00:00,minimal,stock,idle,6,mem_mib,2048,phase_12b_guest_panic_hook_installed,3335
2026-05-13T22:47:17+00:00,minimal,stock,idle,6,mem_mib,2048,phase_12b_guest_pseudo_fs_mounted,14455
2026-05-13T22:47:17+00:00,minimal,stock,idle,6,mem_mib,2048,phase_12b_guest_mount_namespace_private,21238
2026-05-13T22:47:17+00:00,minimal,stock,idle,6,mem_mib,2048,phase_12b_guest_base_mounted,27274
2026-05-13T22:47:17+00:00,minimal,stock,idle,6,mem_mib,2048,phase_12b_guest_overlay_disk_mounted,34587
2026-05-13T22:47:17+00:00,minimal,stock,idle,6,mem_mib,2048,phase_12b_guest_overlay_dirs_ready,39683
2026-05-13T22:47:17+00:00,minimal,stock,idle,6,mem_mib,2048,phase_12b_guest_merged_mountpoint_ready,42522
2026-05-13T22:47:17+00:00,minimal,stock,idle,6,mem_mib,2048,phase_12b_guest_overlayfs_mounted,45893
2026-05-13T22:47:17+00:00,minimal,stock,idle,6,mem_mib,2048,phase_12b_guest_pseudo_fs_bound_into_merged,49370
2026-05-13T22:47:17+00:00,minimal,stock,idle,6,mem_mib,2048,phase_12b_guest_merged_self_bound,52764
2026-05-13T22:47:17+00:00,minimal,stock,idle,6,mem_mib,2048,phase_12b_guest_pivot_rootfs_done,54594
2026-05-13T22:47:17+00:00,minimal,stock,idle,6,mem_mib,2048,phase_12b_guest_overlay_pivot_complete,56490
2026-05-13T22:47:17+00:00,minimal,stock,idle,6,mem_mib,2048,phase_12b_guest_network_configured,58382
2026-05-13T22:47:17+00:00,minimal,stock,idle,6,mem_mib,2048,phase_12b_guest_workspace_absent,60418
2026-05-13T22:47:17+00:00,minimal,stock,idle,6,mem_mib,2048,phase_12b_guest_pid1_setup_complete,61262
2026-05-13T22:47:17+00:00,minimal,stock,idle,6,mem_mib,2048,phase_12b_guest_guestd_starting_log,62917
2026-05-13T22:47:17+00:00,minimal,stock,idle,6,mem_mib,2048,phase_12b_guest_exec_listener_bound,63944
2026-05-13T22:47:17+00:00,minimal,stock,idle,6,mem_mib,2048,phase_12b_ready_accept,1016039
2026-05-13T22:47:17+00:00,minimal,stock,idle,6,mem_mib,2048,exec_send,18
2026-05-13T22:47:17+00:00,minimal,stock,idle,6,mem_mib,2048,exec_recv,11970
2026-05-13T22:47:17+00:00,minimal,stock,idle,6,mem_mib,2048,stop_bounded,91565
2026-05-13T22:47:17+00:00,minimal,stock,idle,6,mem_mib,2048,stop_release,116
2026-05-13T22:47:17+00:00,minimal,stock,idle,6,mem_mib,2048,guest_elapsed_process_start,2
2026-05-13T22:47:17+00:00,minimal,stock,idle,6,mem_mib,2048,guest_delta_process_start,2
2026-05-13T22:47:17+00:00,minimal,stock,idle,6,mem_mib,2048,guest_elapsed_stdio_redirected,1628
2026-05-13T22:47:17+00:00,minimal,stock,idle,6,mem_mib,2048,guest_delta_stdio_redirected,1625
2026-05-13T22:47:17+00:00,minimal,stock,idle,6,mem_mib,2048,guest_elapsed_panic_hook_installed,3335
2026-05-13T22:47:17+00:00,minimal,stock,idle,6,mem_mib,2048,guest_delta_panic_hook_installed,1707
2026-05-13T22:47:17+00:00,minimal,stock,idle,6,mem_mib,2048,guest_elapsed_pseudo_fs_mounted,14455
2026-05-13T22:47:17+00:00,minimal,stock,idle,6,mem_mib,2048,guest_delta_pseudo_fs_mounted,11119
2026-05-13T22:47:17+00:00,minimal,stock,idle,6,mem_mib,2048,guest_elapsed_mount_namespace_private,21238
2026-05-13T22:47:17+00:00,minimal,stock,idle,6,mem_mib,2048,guest_delta_mount_namespace_private,6782
2026-05-13T22:47:17+00:00,minimal,stock,idle,6,mem_mib,2048,guest_elapsed_base_mounted,27274
2026-05-13T22:47:17+00:00,minimal,stock,idle,6,mem_mib,2048,guest_delta_base_mounted,6036
2026-05-13T22:47:17+00:00,minimal,stock,idle,6,mem_mib,2048,guest_elapsed_overlay_disk_mounted,34587
2026-05-13T22:47:17+00:00,minimal,stock,idle,6,mem_mib,2048,guest_delta_overlay_disk_mounted,7313
2026-05-13T22:47:17+00:00,minimal,stock,idle,6,mem_mib,2048,guest_elapsed_overlay_dirs_ready,39683
2026-05-13T22:47:17+00:00,minimal,stock,idle,6,mem_mib,2048,guest_delta_overlay_dirs_ready,5095
2026-05-13T22:47:17+00:00,minimal,stock,idle,6,mem_mib,2048,guest_elapsed_merged_mountpoint_ready,42522
2026-05-13T22:47:17+00:00,minimal,stock,idle,6,mem_mib,2048,guest_delta_merged_mountpoint_ready,2838
2026-05-13T22:47:17+00:00,minimal,stock,idle,6,mem_mib,2048,guest_elapsed_overlayfs_mounted,45893
2026-05-13T22:47:17+00:00,minimal,stock,idle,6,mem_mib,2048,guest_delta_overlayfs_mounted,3371
2026-05-13T22:47:17+00:00,minimal,stock,idle,6,mem_mib,2048,guest_elapsed_pseudo_fs_bound_into_merged,49370
2026-05-13T22:47:17+00:00,minimal,stock,idle,6,mem_mib,2048,guest_delta_pseudo_fs_bound_into_merged,3476
2026-05-13T22:47:17+00:00,minimal,stock,idle,6,mem_mib,2048,guest_elapsed_merged_self_bound,52764
2026-05-13T22:47:17+00:00,minimal,stock,idle,6,mem_mib,2048,guest_delta_merged_self_bound,3393
2026-05-13T22:47:17+00:00,minimal,stock,idle,6,mem_mib,2048,guest_elapsed_pivot_rootfs_done,54594
2026-05-13T22:47:17+00:00,minimal,stock,idle,6,mem_mib,2048,guest_delta_pivot_rootfs_done,1830
2026-05-13T22:47:17+00:00,minimal,stock,idle,6,mem_mib,2048,guest_elapsed_overlay_pivot_complete,56490
2026-05-13T22:47:17+00:00,minimal,stock,idle,6,mem_mib,2048,guest_delta_overlay_pivot_complete,1895
2026-05-13T22:47:17+00:00,minimal,stock,idle,6,mem_mib,2048,guest_elapsed_network_configured,58382
2026-05-13T22:47:17+00:00,minimal,stock,idle,6,mem_mib,2048,guest_delta_network_configured,1891
2026-05-13T22:47:17+00:00,minimal,stock,idle,6,mem_mib,2048,guest_elapsed_workspace_absent,60418
2026-05-13T22:47:17+00:00,minimal,stock,idle,6,mem_mib,2048,guest_delta_workspace_absent,2036
2026-05-13T22:47:17+00:00,minimal,stock,idle,6,mem_mib,2048,guest_elapsed_pid1_setup_complete,61262
2026-05-13T22:47:17+00:00,minimal,stock,idle,6,mem_mib,2048,guest_delta_pid1_setup_complete,844
2026-05-13T22:47:17+00:00,minimal,stock,idle,6,mem_mib,2048,guest_elapsed_guestd_starting_log,62917
2026-05-13T22:47:17+00:00,minimal,stock,idle,6,mem_mib,2048,guest_delta_guestd_starting_log,1654
2026-05-13T22:47:17+00:00,minimal,stock,idle,6,mem_mib,2048,guest_elapsed_exec_listener_bound,63944
2026-05-13T22:47:17+00:00,minimal,stock,idle,6,mem_mib,2048,guest_delta_exec_listener_bound,1026
2026-05-13T22:47:17+00:00,minimal,stock,idle,6,mem_mib,2048,guest_elapsed_ready_signal_sent,66078
2026-05-13T22:47:17+00:00,minimal,stock,idle,6,mem_mib,2048,guest_delta_ready_signal_sent,2133
2026-05-13T22:47:19+00:00,minimal,stock,idle,7,mem_mib,2048,phase_1_run_root_prep,45
2026-05-13T22:47:19+00:00,minimal,stock,idle,7,mem_mib,2048,phase_2_lease,36
2026-05-13T22:47:19+00:00,minimal,stock,idle,7,mem_mib,2048,phase_3b_rootfs_prepare,11864
2026-05-13T22:47:19+00:00,minimal,stock,idle,7,mem_mib,2048,phase_3_storage_prep,11934
2026-05-13T22:47:19+00:00,minimal,stock,idle,7,mem_mib,2048,phase_4_jailer_materialize,1326
2026-05-13T22:47:19+00:00,minimal,stock,idle,7,mem_mib,2048,phase_5_cgroup_probe,0
2026-05-13T22:47:19+00:00,minimal,stock,idle,7,mem_mib,2048,phase_6_network_realize,0
2026-05-13T22:47:19+00:00,minimal,stock,idle,7,mem_mib,2048,phase_7_outbound_guest_config,0
2026-05-13T22:47:19+00:00,minimal,stock,idle,7,mem_mib,2048,phase_9_jailer_launch,15565
2026-05-13T22:47:19+00:00,minimal,stock,idle,7,mem_mib,2048,phase_5b_cgroup_create,8277
2026-05-13T22:47:19+00:00,minimal,stock,idle,7,mem_mib,2048,phase_10_open_uds,18
2026-05-13T22:47:19+00:00,minimal,stock,idle,7,mem_mib,2048,phase_11_put_machine_config,164
2026-05-13T22:47:19+00:00,minimal,stock,idle,7,mem_mib,2048,phase_11_put_boot_source,79
2026-05-13T22:47:19+00:00,minimal,stock,idle,7,mem_mib,2048,phase_11_put_drive_rootfs,86
2026-05-13T22:47:19+00:00,minimal,stock,idle,7,mem_mib,2048,phase_11_put_drive_rootfs_overlay,156
2026-05-13T22:47:19+00:00,minimal,stock,idle,7,mem_mib,2048,phase_11_put_entropy,78
2026-05-13T22:47:19+00:00,minimal,stock,idle,7,mem_mib,2048,phase_11_put_vsock,156
2026-05-13T22:47:19+00:00,minimal,stock,idle,7,mem_mib,2048,phase_11_rest_puts,1397
2026-05-13T22:47:19+00:00,minimal,stock,idle,7,mem_mib,2048,phase_11b_ready_listener_bind,87
2026-05-13T22:47:19+00:00,minimal,stock,idle,7,mem_mib,2048,phase_11c_boot_identity_record,107
2026-05-13T22:47:19+00:00,minimal,stock,idle,7,mem_mib,2048,phase_12a_instance_start,14106
2026-05-13T22:47:19+00:00,minimal,stock,idle,7,mem_mib,2048,phase_12b_host_waiting_accept,1044970
2026-05-13T22:47:19+00:00,minimal,stock,idle,7,mem_mib,2048,phase_12b_kernel_console_range,980880
2026-05-13T22:47:19+00:00,minimal,stock,idle,7,mem_mib,2048,phase_12b_guest_process_start,2
2026-05-13T22:47:19+00:00,minimal,stock,idle,7,mem_mib,2048,phase_12b_guest_stdio_redirected,1439
2026-05-13T22:47:19+00:00,minimal,stock,idle,7,mem_mib,2048,phase_12b_guest_panic_hook_installed,3131
2026-05-13T22:47:19+00:00,minimal,stock,idle,7,mem_mib,2048,phase_12b_guest_pseudo_fs_mounted,13749
2026-05-13T22:47:19+00:00,minimal,stock,idle,7,mem_mib,2048,phase_12b_guest_mount_namespace_private,20001
2026-05-13T22:47:19+00:00,minimal,stock,idle,7,mem_mib,2048,phase_12b_guest_base_mounted,25604
2026-05-13T22:47:19+00:00,minimal,stock,idle,7,mem_mib,2048,phase_12b_guest_overlay_disk_mounted,32867
2026-05-13T22:47:19+00:00,minimal,stock,idle,7,mem_mib,2048,phase_12b_guest_overlay_dirs_ready,38525
2026-05-13T22:47:19+00:00,minimal,stock,idle,7,mem_mib,2048,phase_12b_guest_merged_mountpoint_ready,41349
2026-05-13T22:47:19+00:00,minimal,stock,idle,7,mem_mib,2048,phase_12b_guest_overlayfs_mounted,44620
2026-05-13T22:47:19+00:00,minimal,stock,idle,7,mem_mib,2048,phase_12b_guest_pseudo_fs_bound_into_merged,48065
2026-05-13T22:47:19+00:00,minimal,stock,idle,7,mem_mib,2048,phase_12b_guest_merged_self_bound,51443
2026-05-13T22:47:19+00:00,minimal,stock,idle,7,mem_mib,2048,phase_12b_guest_pivot_rootfs_done,53213
2026-05-13T22:47:19+00:00,minimal,stock,idle,7,mem_mib,2048,phase_12b_guest_overlay_pivot_complete,55118
2026-05-13T22:47:19+00:00,minimal,stock,idle,7,mem_mib,2048,phase_12b_guest_network_configured,56972
2026-05-13T22:47:19+00:00,minimal,stock,idle,7,mem_mib,2048,phase_12b_guest_workspace_absent,59033
2026-05-13T22:47:19+00:00,minimal,stock,idle,7,mem_mib,2048,phase_12b_guest_pid1_setup_complete,59886
2026-05-13T22:47:19+00:00,minimal,stock,idle,7,mem_mib,2048,phase_12b_guest_guestd_starting_log,61552
2026-05-13T22:47:19+00:00,minimal,stock,idle,7,mem_mib,2048,phase_12b_guest_exec_listener_bound,62600
2026-05-13T22:47:19+00:00,minimal,stock,idle,7,mem_mib,2048,phase_12b_ready_accept,1047281
2026-05-13T22:47:19+00:00,minimal,stock,idle,7,mem_mib,2048,exec_send,19
2026-05-13T22:47:19+00:00,minimal,stock,idle,7,mem_mib,2048,exec_recv,11945
2026-05-13T22:47:19+00:00,minimal,stock,idle,7,mem_mib,2048,stop_bounded,70976
2026-05-13T22:47:19+00:00,minimal,stock,idle,7,mem_mib,2048,stop_release,110
2026-05-13T22:47:19+00:00,minimal,stock,idle,7,mem_mib,2048,guest_elapsed_process_start,2
2026-05-13T22:47:19+00:00,minimal,stock,idle,7,mem_mib,2048,guest_delta_process_start,2
2026-05-13T22:47:19+00:00,minimal,stock,idle,7,mem_mib,2048,guest_elapsed_stdio_redirected,1439
2026-05-13T22:47:19+00:00,minimal,stock,idle,7,mem_mib,2048,guest_delta_stdio_redirected,1437
2026-05-13T22:47:19+00:00,minimal,stock,idle,7,mem_mib,2048,guest_elapsed_panic_hook_installed,3131
2026-05-13T22:47:19+00:00,minimal,stock,idle,7,mem_mib,2048,guest_delta_panic_hook_installed,1691
2026-05-13T22:47:19+00:00,minimal,stock,idle,7,mem_mib,2048,guest_elapsed_pseudo_fs_mounted,13749
2026-05-13T22:47:19+00:00,minimal,stock,idle,7,mem_mib,2048,guest_delta_pseudo_fs_mounted,10617
2026-05-13T22:47:19+00:00,minimal,stock,idle,7,mem_mib,2048,guest_elapsed_mount_namespace_private,20001
2026-05-13T22:47:19+00:00,minimal,stock,idle,7,mem_mib,2048,guest_delta_mount_namespace_private,6252
2026-05-13T22:47:19+00:00,minimal,stock,idle,7,mem_mib,2048,guest_elapsed_base_mounted,25604
2026-05-13T22:47:19+00:00,minimal,stock,idle,7,mem_mib,2048,guest_delta_base_mounted,5602
2026-05-13T22:47:19+00:00,minimal,stock,idle,7,mem_mib,2048,guest_elapsed_overlay_disk_mounted,32867
2026-05-13T22:47:19+00:00,minimal,stock,idle,7,mem_mib,2048,guest_delta_overlay_disk_mounted,7262
2026-05-13T22:47:19+00:00,minimal,stock,idle,7,mem_mib,2048,guest_elapsed_overlay_dirs_ready,38525
2026-05-13T22:47:19+00:00,minimal,stock,idle,7,mem_mib,2048,guest_delta_overlay_dirs_ready,5657
2026-05-13T22:47:19+00:00,minimal,stock,idle,7,mem_mib,2048,guest_elapsed_merged_mountpoint_ready,41349
2026-05-13T22:47:19+00:00,minimal,stock,idle,7,mem_mib,2048,guest_delta_merged_mountpoint_ready,2823
2026-05-13T22:47:19+00:00,minimal,stock,idle,7,mem_mib,2048,guest_elapsed_overlayfs_mounted,44620
2026-05-13T22:47:19+00:00,minimal,stock,idle,7,mem_mib,2048,guest_delta_overlayfs_mounted,3271
2026-05-13T22:47:19+00:00,minimal,stock,idle,7,mem_mib,2048,guest_elapsed_pseudo_fs_bound_into_merged,48065
2026-05-13T22:47:19+00:00,minimal,stock,idle,7,mem_mib,2048,guest_delta_pseudo_fs_bound_into_merged,3445
2026-05-13T22:47:19+00:00,minimal,stock,idle,7,mem_mib,2048,guest_elapsed_merged_self_bound,51443
2026-05-13T22:47:19+00:00,minimal,stock,idle,7,mem_mib,2048,guest_delta_merged_self_bound,3377
2026-05-13T22:47:19+00:00,minimal,stock,idle,7,mem_mib,2048,guest_elapsed_pivot_rootfs_done,53213
2026-05-13T22:47:19+00:00,minimal,stock,idle,7,mem_mib,2048,guest_delta_pivot_rootfs_done,1769
2026-05-13T22:47:19+00:00,minimal,stock,idle,7,mem_mib,2048,guest_elapsed_overlay_pivot_complete,55118
2026-05-13T22:47:19+00:00,minimal,stock,idle,7,mem_mib,2048,guest_delta_overlay_pivot_complete,1904
2026-05-13T22:47:19+00:00,minimal,stock,idle,7,mem_mib,2048,guest_elapsed_network_configured,56972
2026-05-13T22:47:19+00:00,minimal,stock,idle,7,mem_mib,2048,guest_delta_network_configured,1854
2026-05-13T22:47:19+00:00,minimal,stock,idle,7,mem_mib,2048,guest_elapsed_workspace_absent,59033
2026-05-13T22:47:19+00:00,minimal,stock,idle,7,mem_mib,2048,guest_delta_workspace_absent,2060
2026-05-13T22:47:19+00:00,minimal,stock,idle,7,mem_mib,2048,guest_elapsed_pid1_setup_complete,59886
2026-05-13T22:47:19+00:00,minimal,stock,idle,7,mem_mib,2048,guest_delta_pid1_setup_complete,852
2026-05-13T22:47:19+00:00,minimal,stock,idle,7,mem_mib,2048,guest_elapsed_guestd_starting_log,61552
2026-05-13T22:47:19+00:00,minimal,stock,idle,7,mem_mib,2048,guest_delta_guestd_starting_log,1666
2026-05-13T22:47:19+00:00,minimal,stock,idle,7,mem_mib,2048,guest_elapsed_exec_listener_bound,62600
2026-05-13T22:47:19+00:00,minimal,stock,idle,7,mem_mib,2048,guest_delta_exec_listener_bound,1047
2026-05-13T22:47:19+00:00,minimal,stock,idle,7,mem_mib,2048,guest_elapsed_ready_signal_sent,64831
2026-05-13T22:47:19+00:00,minimal,stock,idle,7,mem_mib,2048,guest_delta_ready_signal_sent,2230
2026-05-13T22:47:20+00:00,minimal,stock,idle,8,mem_mib,2048,phase_1_run_root_prep,530
2026-05-13T22:47:20+00:00,minimal,stock,idle,8,mem_mib,2048,phase_2_lease,596
2026-05-13T22:47:20+00:00,minimal,stock,idle,8,mem_mib,2048,phase_3b_rootfs_prepare,11620
2026-05-13T22:47:20+00:00,minimal,stock,idle,8,mem_mib,2048,phase_3_storage_prep,11720
2026-05-13T22:47:20+00:00,minimal,stock,idle,8,mem_mib,2048,phase_4_jailer_materialize,1565
2026-05-13T22:47:20+00:00,minimal,stock,idle,8,mem_mib,2048,phase_5_cgroup_probe,0
2026-05-13T22:47:20+00:00,minimal,stock,idle,8,mem_mib,2048,phase_6_network_realize,0
2026-05-13T22:47:20+00:00,minimal,stock,idle,8,mem_mib,2048,phase_7_outbound_guest_config,0
2026-05-13T22:47:20+00:00,minimal,stock,idle,8,mem_mib,2048,phase_9_jailer_launch,15598
2026-05-13T22:47:20+00:00,minimal,stock,idle,8,mem_mib,2048,phase_5b_cgroup_create,21867
2026-05-13T22:47:20+00:00,minimal,stock,idle,8,mem_mib,2048,phase_10_open_uds,28
2026-05-13T22:47:20+00:00,minimal,stock,idle,8,mem_mib,2048,phase_11_put_machine_config,152
2026-05-13T22:47:20+00:00,minimal,stock,idle,8,mem_mib,2048,phase_11_put_boot_source,72
2026-05-13T22:47:20+00:00,minimal,stock,idle,8,mem_mib,2048,phase_11_put_drive_rootfs,79
2026-05-13T22:47:20+00:00,minimal,stock,idle,8,mem_mib,2048,phase_11_put_drive_rootfs_overlay,166
2026-05-13T22:47:20+00:00,minimal,stock,idle,8,mem_mib,2048,phase_11_put_entropy,76
2026-05-13T22:47:20+00:00,minimal,stock,idle,8,mem_mib,2048,phase_11_put_vsock,131
2026-05-13T22:47:20+00:00,minimal,stock,idle,8,mem_mib,2048,phase_11_rest_puts,1064
2026-05-13T22:47:20+00:00,minimal,stock,idle,8,mem_mib,2048,phase_11b_ready_listener_bind,52
2026-05-13T22:47:20+00:00,minimal,stock,idle,8,mem_mib,2048,phase_11c_boot_identity_record,60
2026-05-13T22:47:20+00:00,minimal,stock,idle,8,mem_mib,2048,phase_12a_instance_start,19959
2026-05-13T22:47:20+00:00,minimal,stock,idle,8,mem_mib,2048,phase_12b_host_waiting_accept,1045871
2026-05-13T22:47:20+00:00,minimal,stock,idle,8,mem_mib,2048,phase_12b_kernel_console_range,980926
2026-05-13T22:47:20+00:00,minimal,stock,idle,8,mem_mib,2048,phase_12b_guest_process_start,0
2026-05-13T22:47:20+00:00,minimal,stock,idle,8,mem_mib,2048,phase_12b_guest_stdio_redirected,476
2026-05-13T22:47:20+00:00,minimal,stock,idle,8,mem_mib,2048,phase_12b_guest_panic_hook_installed,480
2026-05-13T22:47:20+00:00,minimal,stock,idle,8,mem_mib,2048,phase_12b_guest_pseudo_fs_mounted,12597
2026-05-13T22:47:20+00:00,minimal,stock,idle,8,mem_mib,2048,phase_12b_guest_mount_namespace_private,18855
2026-05-13T22:47:20+00:00,minimal,stock,idle,8,mem_mib,2048,phase_12b_guest_base_mounted,24637
2026-05-13T22:47:20+00:00,minimal,stock,idle,8,mem_mib,2048,phase_12b_guest_overlay_disk_mounted,31945
2026-05-13T22:47:20+00:00,minimal,stock,idle,8,mem_mib,2048,phase_12b_guest_overlay_dirs_ready,37575
2026-05-13T22:47:20+00:00,minimal,stock,idle,8,mem_mib,2048,phase_12b_guest_merged_mountpoint_ready,40418
2026-05-13T22:47:20+00:00,minimal,stock,idle,8,mem_mib,2048,phase_12b_guest_overlayfs_mounted,43730
2026-05-13T22:47:20+00:00,minimal,stock,idle,8,mem_mib,2048,phase_12b_guest_pseudo_fs_bound_into_merged,47176
2026-05-13T22:47:20+00:00,minimal,stock,idle,8,mem_mib,2048,phase_12b_guest_merged_self_bound,50561
2026-05-13T22:47:20+00:00,minimal,stock,idle,8,mem_mib,2048,phase_12b_guest_pivot_rootfs_done,52325
2026-05-13T22:47:20+00:00,minimal,stock,idle,8,mem_mib,2048,phase_12b_guest_overlay_pivot_complete,54225
2026-05-13T22:47:20+00:00,minimal,stock,idle,8,mem_mib,2048,phase_12b_guest_network_configured,56106
2026-05-13T22:47:20+00:00,minimal,stock,idle,8,mem_mib,2048,phase_12b_guest_workspace_absent,58141
2026-05-13T22:47:20+00:00,minimal,stock,idle,8,mem_mib,2048,phase_12b_guest_pid1_setup_complete,59011
2026-05-13T22:47:20+00:00,minimal,stock,idle,8,mem_mib,2048,phase_12b_guest_guestd_starting_log,60659
2026-05-13T22:47:20+00:00,minimal,stock,idle,8,mem_mib,2048,phase_12b_guest_exec_listener_bound,61703
2026-05-13T22:47:20+00:00,minimal,stock,idle,8,mem_mib,2048,phase_12b_ready_accept,1047172
2026-05-13T22:47:20+00:00,minimal,stock,idle,8,mem_mib,2048,exec_send,12
2026-05-13T22:47:20+00:00,minimal,stock,idle,8,mem_mib,2048,exec_recv,12044
2026-05-13T22:47:20+00:00,minimal,stock,idle,8,mem_mib,2048,stop_bounded,56305
2026-05-13T22:47:20+00:00,minimal,stock,idle,8,mem_mib,2048,stop_release,113
2026-05-13T22:47:20+00:00,minimal,stock,idle,8,mem_mib,2048,guest_elapsed_process_start,0
2026-05-13T22:47:20+00:00,minimal,stock,idle,8,mem_mib,2048,guest_delta_process_start,0
2026-05-13T22:47:20+00:00,minimal,stock,idle,8,mem_mib,2048,guest_elapsed_stdio_redirected,476
2026-05-13T22:47:20+00:00,minimal,stock,idle,8,mem_mib,2048,guest_delta_stdio_redirected,475
2026-05-13T22:47:20+00:00,minimal,stock,idle,8,mem_mib,2048,guest_elapsed_panic_hook_installed,480
2026-05-13T22:47:20+00:00,minimal,stock,idle,8,mem_mib,2048,guest_delta_panic_hook_installed,4
2026-05-13T22:47:20+00:00,minimal,stock,idle,8,mem_mib,2048,guest_elapsed_pseudo_fs_mounted,12597
2026-05-13T22:47:20+00:00,minimal,stock,idle,8,mem_mib,2048,guest_delta_pseudo_fs_mounted,12117
2026-05-13T22:47:20+00:00,minimal,stock,idle,8,mem_mib,2048,guest_elapsed_mount_namespace_private,18855
2026-05-13T22:47:20+00:00,minimal,stock,idle,8,mem_mib,2048,guest_delta_mount_namespace_private,6257
2026-05-13T22:47:20+00:00,minimal,stock,idle,8,mem_mib,2048,guest_elapsed_base_mounted,24637
2026-05-13T22:47:20+00:00,minimal,stock,idle,8,mem_mib,2048,guest_delta_base_mounted,5782
2026-05-13T22:47:20+00:00,minimal,stock,idle,8,mem_mib,2048,guest_elapsed_overlay_disk_mounted,31945
2026-05-13T22:47:20+00:00,minimal,stock,idle,8,mem_mib,2048,guest_delta_overlay_disk_mounted,7307
2026-05-13T22:47:20+00:00,minimal,stock,idle,8,mem_mib,2048,guest_elapsed_overlay_dirs_ready,37575
2026-05-13T22:47:20+00:00,minimal,stock,idle,8,mem_mib,2048,guest_delta_overlay_dirs_ready,5630
2026-05-13T22:47:20+00:00,minimal,stock,idle,8,mem_mib,2048,guest_elapsed_merged_mountpoint_ready,40418
2026-05-13T22:47:20+00:00,minimal,stock,idle,8,mem_mib,2048,guest_delta_merged_mountpoint_ready,2842
2026-05-13T22:47:20+00:00,minimal,stock,idle,8,mem_mib,2048,guest_elapsed_overlayfs_mounted,43730
2026-05-13T22:47:20+00:00,minimal,stock,idle,8,mem_mib,2048,guest_delta_overlayfs_mounted,3312
2026-05-13T22:47:20+00:00,minimal,stock,idle,8,mem_mib,2048,guest_elapsed_pseudo_fs_bound_into_merged,47176
2026-05-13T22:47:20+00:00,minimal,stock,idle,8,mem_mib,2048,guest_delta_pseudo_fs_bound_into_merged,3445
2026-05-13T22:47:20+00:00,minimal,stock,idle,8,mem_mib,2048,guest_elapsed_merged_self_bound,50561
2026-05-13T22:47:20+00:00,minimal,stock,idle,8,mem_mib,2048,guest_delta_merged_self_bound,3384
2026-05-13T22:47:20+00:00,minimal,stock,idle,8,mem_mib,2048,guest_elapsed_pivot_rootfs_done,52325
2026-05-13T22:47:20+00:00,minimal,stock,idle,8,mem_mib,2048,guest_delta_pivot_rootfs_done,1763
2026-05-13T22:47:20+00:00,minimal,stock,idle,8,mem_mib,2048,guest_elapsed_overlay_pivot_complete,54225
2026-05-13T22:47:20+00:00,minimal,stock,idle,8,mem_mib,2048,guest_delta_overlay_pivot_complete,1900
2026-05-13T22:47:20+00:00,minimal,stock,idle,8,mem_mib,2048,guest_elapsed_network_configured,56106
2026-05-13T22:47:20+00:00,minimal,stock,idle,8,mem_mib,2048,guest_delta_network_configured,1881
2026-05-13T22:47:20+00:00,minimal,stock,idle,8,mem_mib,2048,guest_elapsed_workspace_absent,58141
2026-05-13T22:47:20+00:00,minimal,stock,idle,8,mem_mib,2048,guest_delta_workspace_absent,2035
2026-05-13T22:47:20+00:00,minimal,stock,idle,8,mem_mib,2048,guest_elapsed_pid1_setup_complete,59011
2026-05-13T22:47:20+00:00,minimal,stock,idle,8,mem_mib,2048,guest_delta_pid1_setup_complete,869
2026-05-13T22:47:20+00:00,minimal,stock,idle,8,mem_mib,2048,guest_elapsed_guestd_starting_log,60659
2026-05-13T22:47:20+00:00,minimal,stock,idle,8,mem_mib,2048,guest_delta_guestd_starting_log,1647
2026-05-13T22:47:20+00:00,minimal,stock,idle,8,mem_mib,2048,guest_elapsed_exec_listener_bound,61703
2026-05-13T22:47:20+00:00,minimal,stock,idle,8,mem_mib,2048,guest_delta_exec_listener_bound,1043
2026-05-13T22:47:20+00:00,minimal,stock,idle,8,mem_mib,2048,guest_elapsed_ready_signal_sent,63821
2026-05-13T22:47:20+00:00,minimal,stock,idle,8,mem_mib,2048,guest_delta_ready_signal_sent,2118
2026-05-13T22:47:21+00:00,minimal,stock,idle,9,mem_mib,2048,phase_1_run_root_prep,59
2026-05-13T22:47:21+00:00,minimal,stock,idle,9,mem_mib,2048,phase_2_lease,36
2026-05-13T22:47:21+00:00,minimal,stock,idle,9,mem_mib,2048,phase_3b_rootfs_prepare,12281
2026-05-13T22:47:21+00:00,minimal,stock,idle,9,mem_mib,2048,phase_3_storage_prep,12337
2026-05-13T22:47:21+00:00,minimal,stock,idle,9,mem_mib,2048,phase_4_jailer_materialize,775
2026-05-13T22:47:21+00:00,minimal,stock,idle,9,mem_mib,2048,phase_5_cgroup_probe,0
2026-05-13T22:47:21+00:00,minimal,stock,idle,9,mem_mib,2048,phase_6_network_realize,0
2026-05-13T22:47:21+00:00,minimal,stock,idle,9,mem_mib,2048,phase_7_outbound_guest_config,0
2026-05-13T22:47:21+00:00,minimal,stock,idle,9,mem_mib,2048,phase_9_jailer_launch,15697
2026-05-13T22:47:21+00:00,minimal,stock,idle,9,mem_mib,2048,phase_5b_cgroup_create,20142
2026-05-13T22:47:21+00:00,minimal,stock,idle,9,mem_mib,2048,phase_10_open_uds,20
2026-05-13T22:47:21+00:00,minimal,stock,idle,9,mem_mib,2048,phase_11_put_machine_config,221
2026-05-13T22:47:21+00:00,minimal,stock,idle,9,mem_mib,2048,phase_11_put_boot_source,92
2026-05-13T22:47:21+00:00,minimal,stock,idle,9,mem_mib,2048,phase_11_put_drive_rootfs,101
2026-05-13T22:47:21+00:00,minimal,stock,idle,9,mem_mib,2048,phase_11_put_drive_rootfs_overlay,169
2026-05-13T22:47:21+00:00,minimal,stock,idle,9,mem_mib,2048,phase_11_put_entropy,80
2026-05-13T22:47:21+00:00,minimal,stock,idle,9,mem_mib,2048,phase_11_put_vsock,139
2026-05-13T22:47:21+00:00,minimal,stock,idle,9,mem_mib,2048,phase_11_rest_puts,1382
2026-05-13T22:47:21+00:00,minimal,stock,idle,9,mem_mib,2048,phase_11b_ready_listener_bind,75
2026-05-13T22:47:21+00:00,minimal,stock,idle,9,mem_mib,2048,phase_11c_boot_identity_record,90
2026-05-13T22:47:21+00:00,minimal,stock,idle,9,mem_mib,2048,phase_12a_instance_start,14371
2026-05-13T22:47:21+00:00,minimal,stock,idle,9,mem_mib,2048,phase_12b_host_waiting_accept,1009373
2026-05-13T22:47:21+00:00,minimal,stock,idle,9,mem_mib,2048,phase_12b_kernel_console_range,944586
2026-05-13T22:47:21+00:00,minimal,stock,idle,9,mem_mib,2048,phase_12b_guest_process_start,2
2026-05-13T22:47:21+00:00,minimal,stock,idle,9,mem_mib,2048,phase_12b_guest_stdio_redirected,1562
2026-05-13T22:47:21+00:00,minimal,stock,idle,9,mem_mib,2048,phase_12b_guest_panic_hook_installed,3158
2026-05-13T22:47:21+00:00,minimal,stock,idle,9,mem_mib,2048,phase_12b_guest_pseudo_fs_mounted,13218
2026-05-13T22:47:21+00:00,minimal,stock,idle,9,mem_mib,2048,phase_12b_guest_mount_namespace_private,19235
2026-05-13T22:47:21+00:00,minimal,stock,idle,9,mem_mib,2048,phase_12b_guest_base_mounted,25139
2026-05-13T22:47:21+00:00,minimal,stock,idle,9,mem_mib,2048,phase_12b_guest_overlay_disk_mounted,32191
2026-05-13T22:47:21+00:00,minimal,stock,idle,9,mem_mib,2048,phase_12b_guest_overlay_dirs_ready,37590
2026-05-13T22:47:21+00:00,minimal,stock,idle,9,mem_mib,2048,phase_12b_guest_merged_mountpoint_ready,40397
2026-05-13T22:47:21+00:00,minimal,stock,idle,9,mem_mib,2048,phase_12b_guest_overlayfs_mounted,43570
2026-05-13T22:47:21+00:00,minimal,stock,idle,9,mem_mib,2048,phase_12b_guest_pseudo_fs_bound_into_merged,46865
2026-05-13T22:47:21+00:00,minimal,stock,idle,9,mem_mib,2048,phase_12b_guest_merged_self_bound,50132
2026-05-13T22:47:21+00:00,minimal,stock,idle,9,mem_mib,2048,phase_12b_guest_pivot_rootfs_done,51851
2026-05-13T22:47:21+00:00,minimal,stock,idle,9,mem_mib,2048,phase_12b_guest_overlay_pivot_complete,53687
2026-05-13T22:47:21+00:00,minimal,stock,idle,9,mem_mib,2048,phase_12b_guest_network_configured,55512
2026-05-13T22:47:21+00:00,minimal,stock,idle,9,mem_mib,2048,phase_12b_guest_workspace_absent,57466
2026-05-13T22:47:21+00:00,minimal,stock,idle,9,mem_mib,2048,phase_12b_guest_pid1_setup_complete,58281
2026-05-13T22:47:21+00:00,minimal,stock,idle,9,mem_mib,2048,phase_12b_guest_guestd_starting_log,59888
2026-05-13T22:47:21+00:00,minimal,stock,idle,9,mem_mib,2048,phase_12b_guest_exec_listener_bound,60874
2026-05-13T22:47:21+00:00,minimal,stock,idle,9,mem_mib,2048,phase_12b_ready_accept,1011674
2026-05-13T22:47:21+00:00,minimal,stock,idle,9,mem_mib,2048,exec_send,21
2026-05-13T22:47:21+00:00,minimal,stock,idle,9,mem_mib,2048,exec_recv,11876
2026-05-13T22:47:21+00:00,minimal,stock,idle,9,mem_mib,2048,stop_bounded,76898
2026-05-13T22:47:21+00:00,minimal,stock,idle,9,mem_mib,2048,stop_release,114
2026-05-13T22:47:21+00:00,minimal,stock,idle,9,mem_mib,2048,guest_elapsed_process_start,2
2026-05-13T22:47:21+00:00,minimal,stock,idle,9,mem_mib,2048,guest_delta_process_start,2
2026-05-13T22:47:21+00:00,minimal,stock,idle,9,mem_mib,2048,guest_elapsed_stdio_redirected,1562
2026-05-13T22:47:21+00:00,minimal,stock,idle,9,mem_mib,2048,guest_delta_stdio_redirected,1560
2026-05-13T22:47:21+00:00,minimal,stock,idle,9,mem_mib,2048,guest_elapsed_panic_hook_installed,3158
2026-05-13T22:47:21+00:00,minimal,stock,idle,9,mem_mib,2048,guest_delta_panic_hook_installed,1595
2026-05-13T22:47:21+00:00,minimal,stock,idle,9,mem_mib,2048,guest_elapsed_pseudo_fs_mounted,13218
2026-05-13T22:47:21+00:00,minimal,stock,idle,9,mem_mib,2048,guest_delta_pseudo_fs_mounted,10059
2026-05-13T22:47:21+00:00,minimal,stock,idle,9,mem_mib,2048,guest_elapsed_mount_namespace_private,19235
2026-05-13T22:47:21+00:00,minimal,stock,idle,9,mem_mib,2048,guest_delta_mount_namespace_private,6017
2026-05-13T22:47:21+00:00,minimal,stock,idle,9,mem_mib,2048,guest_elapsed_base_mounted,25139
2026-05-13T22:47:21+00:00,minimal,stock,idle,9,mem_mib,2048,guest_delta_base_mounted,5903
2026-05-13T22:47:21+00:00,minimal,stock,idle,9,mem_mib,2048,guest_elapsed_overlay_disk_mounted,32191
2026-05-13T22:47:21+00:00,minimal,stock,idle,9,mem_mib,2048,guest_delta_overlay_disk_mounted,7052
2026-05-13T22:47:21+00:00,minimal,stock,idle,9,mem_mib,2048,guest_elapsed_overlay_dirs_ready,37590
2026-05-13T22:47:21+00:00,minimal,stock,idle,9,mem_mib,2048,guest_delta_overlay_dirs_ready,5399
2026-05-13T22:47:21+00:00,minimal,stock,idle,9,mem_mib,2048,guest_elapsed_merged_mountpoint_ready,40397
2026-05-13T22:47:21+00:00,minimal,stock,idle,9,mem_mib,2048,guest_delta_merged_mountpoint_ready,2806
2026-05-13T22:47:21+00:00,minimal,stock,idle,9,mem_mib,2048,guest_elapsed_overlayfs_mounted,43570
2026-05-13T22:47:21+00:00,minimal,stock,idle,9,mem_mib,2048,guest_delta_overlayfs_mounted,3172
2026-05-13T22:47:21+00:00,minimal,stock,idle,9,mem_mib,2048,guest_elapsed_pseudo_fs_bound_into_merged,46865
2026-05-13T22:47:21+00:00,minimal,stock,idle,9,mem_mib,2048,guest_delta_pseudo_fs_bound_into_merged,3295
2026-05-13T22:47:21+00:00,minimal,stock,idle,9,mem_mib,2048,guest_elapsed_merged_self_bound,50132
2026-05-13T22:47:21+00:00,minimal,stock,idle,9,mem_mib,2048,guest_delta_merged_self_bound,3266
2026-05-13T22:47:21+00:00,minimal,stock,idle,9,mem_mib,2048,guest_elapsed_pivot_rootfs_done,51851
2026-05-13T22:47:21+00:00,minimal,stock,idle,9,mem_mib,2048,guest_delta_pivot_rootfs_done,1719
2026-05-13T22:47:21+00:00,minimal,stock,idle,9,mem_mib,2048,guest_elapsed_overlay_pivot_complete,53687
2026-05-13T22:47:21+00:00,minimal,stock,idle,9,mem_mib,2048,guest_delta_overlay_pivot_complete,1836
2026-05-13T22:47:21+00:00,minimal,stock,idle,9,mem_mib,2048,guest_elapsed_network_configured,55512
2026-05-13T22:47:21+00:00,minimal,stock,idle,9,mem_mib,2048,guest_delta_network_configured,1824
2026-05-13T22:47:21+00:00,minimal,stock,idle,9,mem_mib,2048,guest_elapsed_workspace_absent,57466
2026-05-13T22:47:21+00:00,minimal,stock,idle,9,mem_mib,2048,guest_delta_workspace_absent,1954
2026-05-13T22:47:21+00:00,minimal,stock,idle,9,mem_mib,2048,guest_elapsed_pid1_setup_complete,58281
2026-05-13T22:47:21+00:00,minimal,stock,idle,9,mem_mib,2048,guest_delta_pid1_setup_complete,815
2026-05-13T22:47:21+00:00,minimal,stock,idle,9,mem_mib,2048,guest_elapsed_guestd_starting_log,59888
2026-05-13T22:47:21+00:00,minimal,stock,idle,9,mem_mib,2048,guest_delta_guestd_starting_log,1606
2026-05-13T22:47:21+00:00,minimal,stock,idle,9,mem_mib,2048,guest_elapsed_exec_listener_bound,60874
2026-05-13T22:47:21+00:00,minimal,stock,idle,9,mem_mib,2048,guest_delta_exec_listener_bound,985
2026-05-13T22:47:21+00:00,minimal,stock,idle,9,mem_mib,2048,guest_elapsed_ready_signal_sent,62992
2026-05-13T22:47:21+00:00,minimal,stock,idle,9,mem_mib,2048,guest_delta_ready_signal_sent,2117
2026-05-13T22:47:23+00:00,minimal,stock,idle,10,mem_mib,2048,phase_1_run_root_prep,64
2026-05-13T22:47:23+00:00,minimal,stock,idle,10,mem_mib,2048,phase_2_lease,61
2026-05-13T22:47:23+00:00,minimal,stock,idle,10,mem_mib,2048,phase_3b_rootfs_prepare,11959
2026-05-13T22:47:23+00:00,minimal,stock,idle,10,mem_mib,2048,phase_3_storage_prep,12017
2026-05-13T22:47:23+00:00,minimal,stock,idle,10,mem_mib,2048,phase_4_jailer_materialize,662
2026-05-13T22:47:23+00:00,minimal,stock,idle,10,mem_mib,2048,phase_5_cgroup_probe,0
2026-05-13T22:47:23+00:00,minimal,stock,idle,10,mem_mib,2048,phase_6_network_realize,6
2026-05-13T22:47:23+00:00,minimal,stock,idle,10,mem_mib,2048,phase_7_outbound_guest_config,0
2026-05-13T22:47:23+00:00,minimal,stock,idle,10,mem_mib,2048,phase_9_jailer_launch,15573
2026-05-13T22:47:23+00:00,minimal,stock,idle,10,mem_mib,2048,phase_5b_cgroup_create,27166
2026-05-13T22:47:23+00:00,minimal,stock,idle,10,mem_mib,2048,phase_10_open_uds,25
2026-05-13T22:47:23+00:00,minimal,stock,idle,10,mem_mib,2048,phase_11_put_machine_config,230
2026-05-13T22:47:23+00:00,minimal,stock,idle,10,mem_mib,2048,phase_11_put_boot_source,90
2026-05-13T22:47:23+00:00,minimal,stock,idle,10,mem_mib,2048,phase_11_put_drive_rootfs,92
2026-05-13T22:47:23+00:00,minimal,stock,idle,10,mem_mib,2048,phase_11_put_drive_rootfs_overlay,167
2026-05-13T22:47:23+00:00,minimal,stock,idle,10,mem_mib,2048,phase_11_put_entropy,94
2026-05-13T22:47:23+00:00,minimal,stock,idle,10,mem_mib,2048,phase_11_put_vsock,142
2026-05-13T22:47:23+00:00,minimal,stock,idle,10,mem_mib,2048,phase_11_rest_puts,1504
2026-05-13T22:47:23+00:00,minimal,stock,idle,10,mem_mib,2048,phase_11b_ready_listener_bind,79
2026-05-13T22:47:23+00:00,minimal,stock,idle,10,mem_mib,2048,phase_11c_boot_identity_record,80
2026-05-13T22:47:23+00:00,minimal,stock,idle,10,mem_mib,2048,phase_12a_instance_start,14186
2026-05-13T22:47:23+00:00,minimal,stock,idle,10,mem_mib,2048,phase_12b_host_waiting_accept,1048274
2026-05-13T22:47:23+00:00,minimal,stock,idle,10,mem_mib,2048,phase_12b_kernel_console_range,982982
2026-05-13T22:47:23+00:00,minimal,stock,idle,10,mem_mib,2048,phase_12b_guest_process_start,2
2026-05-13T22:47:23+00:00,minimal,stock,idle,10,mem_mib,2048,phase_12b_guest_stdio_redirected,1646
2026-05-13T22:47:23+00:00,minimal,stock,idle,10,mem_mib,2048,phase_12b_guest_panic_hook_installed,3336
2026-05-13T22:47:23+00:00,minimal,stock,idle,10,mem_mib,2048,phase_12b_guest_pseudo_fs_mounted,13918
2026-05-13T22:47:23+00:00,minimal,stock,idle,10,mem_mib,2048,phase_12b_guest_mount_namespace_private,20237
2026-05-13T22:47:23+00:00,minimal,stock,idle,10,mem_mib,2048,phase_12b_guest_overlay_disk_mounted,33155
2026-05-13T22:47:23+00:00,minimal,stock,idle,10,mem_mib,2048,phase_12b_guest_overlay_dirs_ready,38462
2026-05-13T22:47:23+00:00,minimal,stock,idle,10,mem_mib,2048,phase_12b_guest_merged_mountpoint_ready,41283
2026-05-13T22:47:23+00:00,minimal,stock,idle,10,mem_mib,2048,phase_12b_guest_overlayfs_mounted,44610
2026-05-13T22:47:23+00:00,minimal,stock,idle,10,mem_mib,2048,phase_12b_guest_pseudo_fs_bound_into_merged,48091
2026-05-13T22:47:23+00:00,minimal,stock,idle,10,mem_mib,2048,phase_12b_guest_merged_self_bound,51500
2026-05-13T22:47:23+00:00,minimal,stock,idle,10,mem_mib,2048,phase_12b_guest_pivot_rootfs_done,53270
2026-05-13T22:47:23+00:00,minimal,stock,idle,10,mem_mib,2048,phase_12b_guest_overlay_pivot_complete,55216
2026-05-13T22:47:23+00:00,minimal,stock,idle,10,mem_mib,2048,phase_12b_guest_network_configured,57107
2026-05-13T22:47:23+00:00,minimal,stock,idle,10,mem_mib,2048,phase_12b_guest_workspace_absent,59183
2026-05-13T22:47:23+00:00,minimal,stock,idle,10,mem_mib,2048,phase_12b_guest_pid1_setup_complete,60038
2026-05-13T22:47:23+00:00,minimal,stock,idle,10,mem_mib,2048,phase_12b_guest_guestd_starting_log,61702
2026-05-13T22:47:23+00:00,minimal,stock,idle,10,mem_mib,2048,phase_12b_guest_exec_listener_bound,62741
2026-05-13T22:47:23+00:00,minimal,stock,idle,10,mem_mib,2048,phase_12b_ready_accept,1050495
2026-05-13T22:47:23+00:00,minimal,stock,idle,10,mem_mib,2048,exec_send,30
2026-05-13T22:47:23+00:00,minimal,stock,idle,10,mem_mib,2048,exec_recv,12111
2026-05-13T22:47:23+00:00,minimal,stock,idle,10,mem_mib,2048,stop_bounded,72748
2026-05-13T22:47:23+00:00,minimal,stock,idle,10,mem_mib,2048,stop_release,120
2026-05-13T22:47:23+00:00,minimal,stock,idle,10,mem_mib,2048,guest_elapsed_process_start,2
2026-05-13T22:47:23+00:00,minimal,stock,idle,10,mem_mib,2048,guest_delta_process_start,2
2026-05-13T22:47:23+00:00,minimal,stock,idle,10,mem_mib,2048,guest_elapsed_stdio_redirected,1646
2026-05-13T22:47:23+00:00,minimal,stock,idle,10,mem_mib,2048,guest_delta_stdio_redirected,1643
2026-05-13T22:47:23+00:00,minimal,stock,idle,10,mem_mib,2048,guest_elapsed_panic_hook_installed,3336
2026-05-13T22:47:23+00:00,minimal,stock,idle,10,mem_mib,2048,guest_delta_panic_hook_installed,1690
2026-05-13T22:47:23+00:00,minimal,stock,idle,10,mem_mib,2048,guest_elapsed_pseudo_fs_mounted,13918
2026-05-13T22:47:23+00:00,minimal,stock,idle,10,mem_mib,2048,guest_delta_pseudo_fs_mounted,10581
2026-05-13T22:47:23+00:00,minimal,stock,idle,10,mem_mib,2048,guest_elapsed_mount_namespace_private,20237
2026-05-13T22:47:23+00:00,minimal,stock,idle,10,mem_mib,2048,guest_delta_mount_namespace_private,6319
2026-05-13T22:47:23+00:00,minimal,stock,idle,10,mem_mib,2048,guest_elapsed_overlay_disk_mounted,33155
2026-05-13T22:47:23+00:00,minimal,stock,idle,10,mem_mib,2048,guest_delta_overlay_disk_mounted,7088
2026-05-13T22:47:23+00:00,minimal,stock,idle,10,mem_mib,2048,guest_elapsed_overlay_dirs_ready,38462
2026-05-13T22:47:23+00:00,minimal,stock,idle,10,mem_mib,2048,guest_delta_overlay_dirs_ready,5307
2026-05-13T22:47:23+00:00,minimal,stock,idle,10,mem_mib,2048,guest_elapsed_merged_mountpoint_ready,41283
2026-05-13T22:47:23+00:00,minimal,stock,idle,10,mem_mib,2048,guest_delta_merged_mountpoint_ready,2820
2026-05-13T22:47:23+00:00,minimal,stock,idle,10,mem_mib,2048,guest_elapsed_overlayfs_mounted,44610
2026-05-13T22:47:23+00:00,minimal,stock,idle,10,mem_mib,2048,guest_delta_overlayfs_mounted,3326
2026-05-13T22:47:23+00:00,minimal,stock,idle,10,mem_mib,2048,guest_elapsed_pseudo_fs_bound_into_merged,48091
2026-05-13T22:47:23+00:00,minimal,stock,idle,10,mem_mib,2048,guest_delta_pseudo_fs_bound_into_merged,3480
2026-05-13T22:47:23+00:00,minimal,stock,idle,10,mem_mib,2048,guest_elapsed_merged_self_bound,51500
2026-05-13T22:47:23+00:00,minimal,stock,idle,10,mem_mib,2048,guest_delta_merged_self_bound,3408
2026-05-13T22:47:23+00:00,minimal,stock,idle,10,mem_mib,2048,guest_elapsed_pivot_rootfs_done,53270
2026-05-13T22:47:23+00:00,minimal,stock,idle,10,mem_mib,2048,guest_delta_pivot_rootfs_done,1770
2026-05-13T22:47:23+00:00,minimal,stock,idle,10,mem_mib,2048,guest_elapsed_overlay_pivot_complete,55216
2026-05-13T22:47:23+00:00,minimal,stock,idle,10,mem_mib,2048,guest_delta_overlay_pivot_complete,1946
2026-05-13T22:47:23+00:00,minimal,stock,idle,10,mem_mib,2048,guest_elapsed_network_configured,57107
2026-05-13T22:47:23+00:00,minimal,stock,idle,10,mem_mib,2048,guest_delta_network_configured,1891
2026-05-13T22:47:23+00:00,minimal,stock,idle,10,mem_mib,2048,guest_elapsed_workspace_absent,59183
2026-05-13T22:47:23+00:00,minimal,stock,idle,10,mem_mib,2048,guest_delta_workspace_absent,2075
2026-05-13T22:47:23+00:00,minimal,stock,idle,10,mem_mib,2048,guest_elapsed_pid1_setup_complete,60038
2026-05-13T22:47:23+00:00,minimal,stock,idle,10,mem_mib,2048,guest_delta_pid1_setup_complete,855
2026-05-13T22:47:23+00:00,minimal,stock,idle,10,mem_mib,2048,guest_elapsed_guestd_starting_log,61702
2026-05-13T22:47:23+00:00,minimal,stock,idle,10,mem_mib,2048,guest_delta_guestd_starting_log,1664
2026-05-13T22:47:23+00:00,minimal,stock,idle,10,mem_mib,2048,guest_elapsed_exec_listener_bound,62741
2026-05-13T22:47:23+00:00,minimal,stock,idle,10,mem_mib,2048,guest_delta_exec_listener_bound,1039
2026-05-13T22:47:23+00:00,minimal,stock,idle,10,mem_mib,2048,guest_elapsed_ready_signal_sent,64873
2026-05-13T22:47:23+00:00,minimal,stock,idle,10,mem_mib,2048,guest_delta_ready_signal_sent,2131
2026-05-13T22:47:24+00:00,minimal,stock,idle,11,mem_mib,2048,phase_1_run_root_prep,40
2026-05-13T22:47:24+00:00,minimal,stock,idle,11,mem_mib,2048,phase_2_lease,34
2026-05-13T22:47:24+00:00,minimal,stock,idle,11,mem_mib,2048,phase_3b_rootfs_prepare,11991
2026-05-13T22:47:24+00:00,minimal,stock,idle,11,mem_mib,2048,phase_3_storage_prep,12050
2026-05-13T22:47:24+00:00,minimal,stock,idle,11,mem_mib,2048,phase_4_jailer_materialize,668
2026-05-13T22:47:24+00:00,minimal,stock,idle,11,mem_mib,2048,phase_5_cgroup_probe,0
2026-05-13T22:47:24+00:00,minimal,stock,idle,11,mem_mib,2048,phase_6_network_realize,0
2026-05-13T22:47:24+00:00,minimal,stock,idle,11,mem_mib,2048,phase_7_outbound_guest_config,0
2026-05-13T22:47:24+00:00,minimal,stock,idle,11,mem_mib,2048,phase_9_jailer_launch,15497
2026-05-13T22:47:24+00:00,minimal,stock,idle,11,mem_mib,2048,phase_5b_cgroup_create,22092
2026-05-13T22:47:24+00:00,minimal,stock,idle,11,mem_mib,2048,phase_10_open_uds,25
2026-05-13T22:47:24+00:00,minimal,stock,idle,11,mem_mib,2048,phase_11_put_machine_config,261
2026-05-13T22:47:24+00:00,minimal,stock,idle,11,mem_mib,2048,phase_11_put_boot_source,104
2026-05-13T22:47:24+00:00,minimal,stock,idle,11,mem_mib,2048,phase_11_put_drive_rootfs,113
2026-05-13T22:47:24+00:00,minimal,stock,idle,11,mem_mib,2048,phase_11_put_drive_rootfs_overlay,171
2026-05-13T22:47:24+00:00,minimal,stock,idle,11,mem_mib,2048,phase_11_put_entropy,101
2026-05-13T22:47:24+00:00,minimal,stock,idle,11,mem_mib,2048,phase_11_put_vsock,142
2026-05-13T22:47:24+00:00,minimal,stock,idle,11,mem_mib,2048,phase_11_rest_puts,1568
2026-05-13T22:47:24+00:00,minimal,stock,idle,11,mem_mib,2048,phase_11b_ready_listener_bind,73
2026-05-13T22:47:24+00:00,minimal,stock,idle,11,mem_mib,2048,phase_11c_boot_identity_record,88
2026-05-13T22:47:24+00:00,minimal,stock,idle,11,mem_mib,2048,phase_12a_instance_start,18596
2026-05-13T22:47:24+00:00,minimal,stock,idle,11,mem_mib,2048,phase_12b_host_waiting_accept,1052920
2026-05-13T22:47:24+00:00,minimal,stock,idle,11,mem_mib,2048,phase_12b_kernel_console_range,987051
2026-05-13T22:47:24+00:00,minimal,stock,idle,11,mem_mib,2048,phase_12b_guest_process_start,2
2026-05-13T22:47:24+00:00,minimal,stock,idle,11,mem_mib,2048,phase_12b_guest_stdio_redirected,1628
2026-05-13T22:47:24+00:00,minimal,stock,idle,11,mem_mib,2048,phase_12b_guest_panic_hook_installed,3313
2026-05-13T22:47:24+00:00,minimal,stock,idle,11,mem_mib,2048,phase_12b_guest_pseudo_fs_mounted,13807
2026-05-13T22:47:24+00:00,minimal,stock,idle,11,mem_mib,2048,phase_12b_guest_mount_namespace_private,20112
2026-05-13T22:47:24+00:00,minimal,stock,idle,11,mem_mib,2048,phase_12b_guest_base_mounted,26080
2026-05-13T22:47:24+00:00,minimal,stock,idle,11,mem_mib,2048,phase_12b_guest_overlay_disk_mounted,33479
2026-05-13T22:47:24+00:00,minimal,stock,idle,11,mem_mib,2048,phase_12b_guest_overlay_dirs_ready,39204
2026-05-13T22:47:24+00:00,minimal,stock,idle,11,mem_mib,2048,phase_12b_guest_merged_mountpoint_ready,43664
2026-05-13T22:47:24+00:00,minimal,stock,idle,11,mem_mib,2048,phase_12b_guest_pseudo_fs_bound_into_merged,53370
2026-05-13T22:47:24+00:00,minimal,stock,idle,11,mem_mib,2048,phase_12b_guest_merged_self_bound,56745
2026-05-13T22:47:24+00:00,minimal,stock,idle,11,mem_mib,2048,phase_12b_guest_pivot_rootfs_done,58514
2026-05-13T22:47:24+00:00,minimal,stock,idle,11,mem_mib,2048,phase_12b_guest_overlay_pivot_complete,60411
2026-05-13T22:47:24+00:00,minimal,stock,idle,11,mem_mib,2048,phase_12b_guest_network_configured,62288
2026-05-13T22:47:24+00:00,minimal,stock,idle,11,mem_mib,2048,phase_12b_guest_workspace_absent,64331
2026-05-13T22:47:24+00:00,minimal,stock,idle,11,mem_mib,2048,phase_12b_guest_pid1_setup_complete,65176
2026-05-13T22:47:24+00:00,minimal,stock,idle,11,mem_mib,2048,phase_12b_guest_guestd_starting_log,66842
2026-05-13T22:47:24+00:00,minimal,stock,idle,11,mem_mib,2048,phase_12b_guest_exec_listener_bound,67880
2026-05-13T22:47:24+00:00,minimal,stock,idle,11,mem_mib,2048,phase_12b_ready_accept,1055147
2026-05-13T22:47:24+00:00,minimal,stock,idle,11,mem_mib,2048,exec_send,21
2026-05-13T22:47:24+00:00,minimal,stock,idle,11,mem_mib,2048,exec_recv,11930
2026-05-13T22:47:24+00:00,minimal,stock,idle,11,mem_mib,2048,stop_bounded,71962
2026-05-13T22:47:24+00:00,minimal,stock,idle,11,mem_mib,2048,stop_release,122
2026-05-13T22:47:24+00:00,minimal,stock,idle,11,mem_mib,2048,guest_elapsed_process_start,2
2026-05-13T22:47:24+00:00,minimal,stock,idle,11,mem_mib,2048,guest_delta_process_start,2
2026-05-13T22:47:24+00:00,minimal,stock,idle,11,mem_mib,2048,guest_elapsed_stdio_redirected,1628
2026-05-13T22:47:24+00:00,minimal,stock,idle,11,mem_mib,2048,guest_delta_stdio_redirected,1626
2026-05-13T22:47:24+00:00,minimal,stock,idle,11,mem_mib,2048,guest_elapsed_panic_hook_installed,3313
2026-05-13T22:47:24+00:00,minimal,stock,idle,11,mem_mib,2048,guest_delta_panic_hook_installed,1684
2026-05-13T22:47:24+00:00,minimal,stock,idle,11,mem_mib,2048,guest_elapsed_pseudo_fs_mounted,13807
2026-05-13T22:47:24+00:00,minimal,stock,idle,11,mem_mib,2048,guest_delta_pseudo_fs_mounted,10494
2026-05-13T22:47:24+00:00,minimal,stock,idle,11,mem_mib,2048,guest_elapsed_mount_namespace_private,20112
2026-05-13T22:47:24+00:00,minimal,stock,idle,11,mem_mib,2048,guest_delta_mount_namespace_private,6304
2026-05-13T22:47:24+00:00,minimal,stock,idle,11,mem_mib,2048,guest_elapsed_base_mounted,26080
2026-05-13T22:47:24+00:00,minimal,stock,idle,11,mem_mib,2048,guest_delta_base_mounted,5968
2026-05-13T22:47:24+00:00,minimal,stock,idle,11,mem_mib,2048,guest_elapsed_overlay_disk_mounted,33479
2026-05-13T22:47:24+00:00,minimal,stock,idle,11,mem_mib,2048,guest_delta_overlay_disk_mounted,7398
2026-05-13T22:47:24+00:00,minimal,stock,idle,11,mem_mib,2048,guest_elapsed_overlay_dirs_ready,39204
2026-05-13T22:47:24+00:00,minimal,stock,idle,11,mem_mib,2048,guest_delta_overlay_dirs_ready,5725
2026-05-13T22:47:24+00:00,minimal,stock,idle,11,mem_mib,2048,guest_elapsed_merged_mountpoint_ready,43664
2026-05-13T22:47:24+00:00,minimal,stock,idle,11,mem_mib,2048,guest_delta_merged_mountpoint_ready,4459
2026-05-13T22:47:24+00:00,minimal,stock,idle,11,mem_mib,2048,guest_elapsed_pseudo_fs_bound_into_merged,53370
2026-05-13T22:47:24+00:00,minimal,stock,idle,11,mem_mib,2048,guest_delta_pseudo_fs_bound_into_merged,4529
2026-05-13T22:47:24+00:00,minimal,stock,idle,11,mem_mib,2048,guest_elapsed_merged_self_bound,56745
2026-05-13T22:47:24+00:00,minimal,stock,idle,11,mem_mib,2048,guest_delta_merged_self_bound,3375
2026-05-13T22:47:24+00:00,minimal,stock,idle,11,mem_mib,2048,guest_elapsed_pivot_rootfs_done,58514
2026-05-13T22:47:24+00:00,minimal,stock,idle,11,mem_mib,2048,guest_delta_pivot_rootfs_done,1768
2026-05-13T22:47:24+00:00,minimal,stock,idle,11,mem_mib,2048,guest_elapsed_overlay_pivot_complete,60411
2026-05-13T22:47:24+00:00,minimal,stock,idle,11,mem_mib,2048,guest_delta_overlay_pivot_complete,1897
2026-05-13T22:47:24+00:00,minimal,stock,idle,11,mem_mib,2048,guest_elapsed_network_configured,62288
2026-05-13T22:47:24+00:00,minimal,stock,idle,11,mem_mib,2048,guest_delta_network_configured,1876
2026-05-13T22:47:24+00:00,minimal,stock,idle,11,mem_mib,2048,guest_elapsed_workspace_absent,64331
2026-05-13T22:47:24+00:00,minimal,stock,idle,11,mem_mib,2048,guest_delta_workspace_absent,2043
2026-05-13T22:47:24+00:00,minimal,stock,idle,11,mem_mib,2048,guest_elapsed_pid1_setup_complete,65176
2026-05-13T22:47:24+00:00,minimal,stock,idle,11,mem_mib,2048,guest_delta_pid1_setup_complete,844
2026-05-13T22:47:24+00:00,minimal,stock,idle,11,mem_mib,2048,guest_elapsed_guestd_starting_log,66842
2026-05-13T22:47:24+00:00,minimal,stock,idle,11,mem_mib,2048,guest_delta_guestd_starting_log,1665
2026-05-13T22:47:24+00:00,minimal,stock,idle,11,mem_mib,2048,guest_elapsed_exec_listener_bound,67880
2026-05-13T22:47:24+00:00,minimal,stock,idle,11,mem_mib,2048,guest_delta_exec_listener_bound,1038
2026-05-13T22:47:24+00:00,minimal,stock,idle,11,mem_mib,2048,guest_elapsed_ready_signal_sent,69991
2026-05-13T22:47:24+00:00,minimal,stock,idle,11,mem_mib,2048,guest_delta_ready_signal_sent,2111
2026-05-13T22:47:26+00:00,minimal,stock,idle,12,mem_mib,2048,phase_1_run_root_prep,62
2026-05-13T22:47:26+00:00,minimal,stock,idle,12,mem_mib,2048,phase_2_lease,61
2026-05-13T22:47:26+00:00,minimal,stock,idle,12,mem_mib,2048,phase_3b_rootfs_prepare,16800
2026-05-13T22:47:26+00:00,minimal,stock,idle,12,mem_mib,2048,phase_3_storage_prep,16866
2026-05-13T22:47:26+00:00,minimal,stock,idle,12,mem_mib,2048,phase_4_jailer_materialize,665
2026-05-13T22:47:26+00:00,minimal,stock,idle,12,mem_mib,2048,phase_5_cgroup_probe,0
2026-05-13T22:47:26+00:00,minimal,stock,idle,12,mem_mib,2048,phase_6_network_realize,0
2026-05-13T22:47:26+00:00,minimal,stock,idle,12,mem_mib,2048,phase_7_outbound_guest_config,0
2026-05-13T22:47:26+00:00,minimal,stock,idle,12,mem_mib,2048,phase_9_jailer_launch,15777
2026-05-13T22:47:26+00:00,minimal,stock,idle,12,mem_mib,2048,phase_5b_cgroup_create,25592
2026-05-13T22:47:26+00:00,minimal,stock,idle,12,mem_mib,2048,phase_10_open_uds,28
2026-05-13T22:47:26+00:00,minimal,stock,idle,12,mem_mib,2048,phase_11_put_machine_config,197
2026-05-13T22:47:26+00:00,minimal,stock,idle,12,mem_mib,2048,phase_11_put_boot_source,103
2026-05-13T22:47:26+00:00,minimal,stock,idle,12,mem_mib,2048,phase_11_put_drive_rootfs,125
2026-05-13T22:47:26+00:00,minimal,stock,idle,12,mem_mib,2048,phase_11_put_drive_rootfs_overlay,180
2026-05-13T22:47:26+00:00,minimal,stock,idle,12,mem_mib,2048,phase_11_put_entropy,85
2026-05-13T22:47:26+00:00,minimal,stock,idle,12,mem_mib,2048,phase_11_put_vsock,155
2026-05-13T22:47:26+00:00,minimal,stock,idle,12,mem_mib,2048,phase_11_rest_puts,1545
2026-05-13T22:47:26+00:00,minimal,stock,idle,12,mem_mib,2048,phase_11b_ready_listener_bind,77
2026-05-13T22:47:26+00:00,minimal,stock,idle,12,mem_mib,2048,phase_11c_boot_identity_record,85
2026-05-13T22:47:26+00:00,minimal,stock,idle,12,mem_mib,2048,phase_12a_instance_start,19471
2026-05-13T22:47:26+00:00,minimal,stock,idle,12,mem_mib,2048,phase_12b_host_waiting_accept,1019684
2026-05-13T22:47:26+00:00,minimal,stock,idle,12,mem_mib,2048,phase_12b_kernel_console_range,954394
2026-05-13T22:47:26+00:00,minimal,stock,idle,12,mem_mib,2048,phase_12b_guest_process_start,2
2026-05-13T22:47:26+00:00,minimal,stock,idle,12,mem_mib,2048,phase_12b_guest_stdio_redirected,1612
2026-05-13T22:47:26+00:00,minimal,stock,idle,12,mem_mib,2048,phase_12b_guest_panic_hook_installed,3304
2026-05-13T22:47:26+00:00,minimal,stock,idle,12,mem_mib,2048,phase_12b_guest_pseudo_fs_mounted,13747
2026-05-13T22:47:26+00:00,minimal,stock,idle,12,mem_mib,2048,phase_12b_guest_mount_namespace_private,20040
2026-05-13T22:47:26+00:00,minimal,stock,idle,12,mem_mib,2048,phase_12b_guest_base_mounted,25853
2026-05-13T22:47:26+00:00,minimal,stock,idle,12,mem_mib,2048,phase_12b_guest_overlay_disk_mounted,33272
2026-05-13T22:47:26+00:00,minimal,stock,idle,12,mem_mib,2048,phase_12b_guest_overlay_dirs_ready,39004
2026-05-13T22:47:26+00:00,minimal,stock,idle,12,mem_mib,2048,phase_12b_guest_merged_mountpoint_ready,43433
2026-05-13T22:47:26+00:00,minimal,stock,idle,12,mem_mib,2048,phase_12b_guest_overlayfs_mounted,48563
2026-05-13T22:47:26+00:00,minimal,stock,idle,12,mem_mib,2048,phase_12b_guest_pseudo_fs_bound_into_merged,52924
2026-05-13T22:47:26+00:00,minimal,stock,idle,12,mem_mib,2048,phase_12b_guest_merged_self_bound,56279
2026-05-13T22:47:26+00:00,minimal,stock,idle,12,mem_mib,2048,phase_12b_guest_pivot_rootfs_done,58025
2026-05-13T22:47:26+00:00,minimal,stock,idle,12,mem_mib,2048,phase_12b_guest_overlay_pivot_complete,59933
2026-05-13T22:47:26+00:00,minimal,stock,idle,12,mem_mib,2048,phase_12b_guest_network_configured,61804
2026-05-13T22:47:26+00:00,minimal,stock,idle,12,mem_mib,2048,phase_12b_guest_workspace_absent,63846
2026-05-13T22:47:26+00:00,minimal,stock,idle,12,mem_mib,2048,phase_12b_guest_pid1_setup_complete,64680
2026-05-13T22:47:26+00:00,minimal,stock,idle,12,mem_mib,2048,phase_12b_guest_guestd_starting_log,66309
2026-05-13T22:47:26+00:00,minimal,stock,idle,12,mem_mib,2048,phase_12b_guest_exec_listener_bound,67358
2026-05-13T22:47:26+00:00,minimal,stock,idle,12,mem_mib,2048,phase_12b_ready_accept,1022053
2026-05-13T22:47:26+00:00,minimal,stock,idle,12,mem_mib,2048,exec_send,24
2026-05-13T22:47:26+00:00,minimal,stock,idle,12,mem_mib,2048,exec_recv,11978
2026-05-13T22:47:26+00:00,minimal,stock,idle,12,mem_mib,2048,stop_bounded,61587
2026-05-13T22:47:26+00:00,minimal,stock,idle,12,mem_mib,2048,stop_release,122
2026-05-13T22:47:26+00:00,minimal,stock,idle,12,mem_mib,2048,guest_elapsed_process_start,2
2026-05-13T22:47:26+00:00,minimal,stock,idle,12,mem_mib,2048,guest_delta_process_start,2
2026-05-13T22:47:26+00:00,minimal,stock,idle,12,mem_mib,2048,guest_elapsed_stdio_redirected,1612
2026-05-13T22:47:26+00:00,minimal,stock,idle,12,mem_mib,2048,guest_delta_stdio_redirected,1610
2026-05-13T22:47:26+00:00,minimal,stock,idle,12,mem_mib,2048,guest_elapsed_panic_hook_installed,3304
2026-05-13T22:47:26+00:00,minimal,stock,idle,12,mem_mib,2048,guest_delta_panic_hook_installed,1692
2026-05-13T22:47:26+00:00,minimal,stock,idle,12,mem_mib,2048,guest_elapsed_pseudo_fs_mounted,13747
2026-05-13T22:47:26+00:00,minimal,stock,idle,12,mem_mib,2048,guest_delta_pseudo_fs_mounted,10442
2026-05-13T22:47:26+00:00,minimal,stock,idle,12,mem_mib,2048,guest_elapsed_mount_namespace_private,20040
2026-05-13T22:47:26+00:00,minimal,stock,idle,12,mem_mib,2048,guest_delta_mount_namespace_private,6292
2026-05-13T22:47:26+00:00,minimal,stock,idle,12,mem_mib,2048,guest_elapsed_base_mounted,25853
2026-05-13T22:47:26+00:00,minimal,stock,idle,12,mem_mib,2048,guest_delta_base_mounted,5813
2026-05-13T22:47:26+00:00,minimal,stock,idle,12,mem_mib,2048,guest_elapsed_overlay_disk_mounted,33272
2026-05-13T22:47:26+00:00,minimal,stock,idle,12,mem_mib,2048,guest_delta_overlay_disk_mounted,7419
2026-05-13T22:47:26+00:00,minimal,stock,idle,12,mem_mib,2048,guest_elapsed_overlay_dirs_ready,39004
2026-05-13T22:47:26+00:00,minimal,stock,idle,12,mem_mib,2048,guest_delta_overlay_dirs_ready,5731
2026-05-13T22:47:26+00:00,minimal,stock,idle,12,mem_mib,2048,guest_elapsed_merged_mountpoint_ready,43433
2026-05-13T22:47:26+00:00,minimal,stock,idle,12,mem_mib,2048,guest_delta_merged_mountpoint_ready,4429
2026-05-13T22:47:26+00:00,minimal,stock,idle,12,mem_mib,2048,guest_elapsed_overlayfs_mounted,48563
2026-05-13T22:47:26+00:00,minimal,stock,idle,12,mem_mib,2048,guest_delta_overlayfs_mounted,5130
2026-05-13T22:47:26+00:00,minimal,stock,idle,12,mem_mib,2048,guest_elapsed_pseudo_fs_bound_into_merged,52924
2026-05-13T22:47:26+00:00,minimal,stock,idle,12,mem_mib,2048,guest_delta_pseudo_fs_bound_into_merged,4360
2026-05-13T22:47:26+00:00,minimal,stock,idle,12,mem_mib,2048,guest_elapsed_merged_self_bound,56279
2026-05-13T22:47:26+00:00,minimal,stock,idle,12,mem_mib,2048,guest_delta_merged_self_bound,3354
2026-05-13T22:47:26+00:00,minimal,stock,idle,12,mem_mib,2048,guest_elapsed_pivot_rootfs_done,58025
2026-05-13T22:47:26+00:00,minimal,stock,idle,12,mem_mib,2048,guest_delta_pivot_rootfs_done,1746
2026-05-13T22:47:26+00:00,minimal,stock,idle,12,mem_mib,2048,guest_elapsed_overlay_pivot_complete,59933
2026-05-13T22:47:26+00:00,minimal,stock,idle,12,mem_mib,2048,guest_delta_overlay_pivot_complete,1908
2026-05-13T22:47:26+00:00,minimal,stock,idle,12,mem_mib,2048,guest_elapsed_network_configured,61804
2026-05-13T22:47:26+00:00,minimal,stock,idle,12,mem_mib,2048,guest_delta_network_configured,1871
2026-05-13T22:47:26+00:00,minimal,stock,idle,12,mem_mib,2048,guest_elapsed_workspace_absent,63846
2026-05-13T22:47:26+00:00,minimal,stock,idle,12,mem_mib,2048,guest_delta_workspace_absent,2041
2026-05-13T22:47:26+00:00,minimal,stock,idle,12,mem_mib,2048,guest_elapsed_pid1_setup_complete,64680
2026-05-13T22:47:26+00:00,minimal,stock,idle,12,mem_mib,2048,guest_delta_pid1_setup_complete,834
2026-05-13T22:47:26+00:00,minimal,stock,idle,12,mem_mib,2048,guest_elapsed_guestd_starting_log,66309
2026-05-13T22:47:26+00:00,minimal,stock,idle,12,mem_mib,2048,guest_delta_guestd_starting_log,1628
2026-05-13T22:47:26+00:00,minimal,stock,idle,12,mem_mib,2048,guest_elapsed_exec_listener_bound,67358
2026-05-13T22:47:26+00:00,minimal,stock,idle,12,mem_mib,2048,guest_delta_exec_listener_bound,1049
2026-05-13T22:47:26+00:00,minimal,stock,idle,12,mem_mib,2048,guest_elapsed_ready_signal_sent,69460
2026-05-13T22:47:26+00:00,minimal,stock,idle,12,mem_mib,2048,guest_delta_ready_signal_sent,2102
2026-05-13T22:47:27+00:00,minimal,stock,idle,13,mem_mib,2048,phase_1_run_root_prep,63
2026-05-13T22:47:27+00:00,minimal,stock,idle,13,mem_mib,2048,phase_2_lease,50
2026-05-13T22:47:27+00:00,minimal,stock,idle,13,mem_mib,2048,phase_3b_rootfs_prepare,12870
2026-05-13T22:47:27+00:00,minimal,stock,idle,13,mem_mib,2048,phase_3_storage_prep,12929
2026-05-13T22:47:27+00:00,minimal,stock,idle,13,mem_mib,2048,phase_4_jailer_materialize,669
2026-05-13T22:47:27+00:00,minimal,stock,idle,13,mem_mib,2048,phase_5_cgroup_probe,0
2026-05-13T22:47:27+00:00,minimal,stock,idle,13,mem_mib,2048,phase_6_network_realize,0
2026-05-13T22:47:27+00:00,minimal,stock,idle,13,mem_mib,2048,phase_7_outbound_guest_config,0
2026-05-13T22:47:27+00:00,minimal,stock,idle,13,mem_mib,2048,phase_9_jailer_launch,15516
2026-05-13T22:47:27+00:00,minimal,stock,idle,13,mem_mib,2048,phase_5b_cgroup_create,16183
2026-05-13T22:47:27+00:00,minimal,stock,idle,13,mem_mib,2048,phase_10_open_uds,22
2026-05-13T22:47:27+00:00,minimal,stock,idle,13,mem_mib,2048,phase_11_put_machine_config,279
2026-05-13T22:47:27+00:00,minimal,stock,idle,13,mem_mib,2048,phase_11_put_boot_source,102
2026-05-13T22:47:27+00:00,minimal,stock,idle,13,mem_mib,2048,phase_11_put_drive_rootfs,100
2026-05-13T22:47:27+00:00,minimal,stock,idle,13,mem_mib,2048,phase_11_put_drive_rootfs_overlay,184
2026-05-13T22:47:27+00:00,minimal,stock,idle,13,mem_mib,2048,phase_11_put_entropy,100
2026-05-13T22:47:27+00:00,minimal,stock,idle,13,mem_mib,2048,phase_11_put_vsock,154
2026-05-13T22:47:27+00:00,minimal,stock,idle,13,mem_mib,2048,phase_11_rest_puts,1713
2026-05-13T22:47:27+00:00,minimal,stock,idle,13,mem_mib,2048,phase_11b_ready_listener_bind,100
2026-05-13T22:47:27+00:00,minimal,stock,idle,13,mem_mib,2048,phase_11c_boot_identity_record,121
2026-05-13T22:47:27+00:00,minimal,stock,idle,13,mem_mib,2048,phase_12a_instance_start,19667
2026-05-13T22:47:27+00:00,minimal,stock,idle,13,mem_mib,2048,phase_12b_host_waiting_accept,1027589
2026-05-13T22:47:27+00:00,minimal,stock,idle,13,mem_mib,2048,phase_12b_kernel_console_range,960673
2026-05-13T22:47:27+00:00,minimal,stock,idle,13,mem_mib,2048,phase_12b_guest_process_start,1
2026-05-13T22:47:27+00:00,minimal,stock,idle,13,mem_mib,2048,phase_12b_guest_stdio_redirected,859
2026-05-13T22:47:27+00:00,minimal,stock,idle,13,mem_mib,2048,phase_12b_guest_panic_hook_installed,1695
2026-05-13T22:47:27+00:00,minimal,stock,idle,13,mem_mib,2048,phase_12b_guest_pseudo_fs_mounted,7033
2026-05-13T22:47:27+00:00,minimal,stock,idle,13,mem_mib,2048,phase_12b_guest_mount_namespace_private,10205
2026-05-13T22:47:27+00:00,minimal,stock,idle,13,mem_mib,2048,phase_12b_guest_base_mounted,13408
2026-05-13T22:47:27+00:00,minimal,stock,idle,13,mem_mib,2048,phase_12b_guest_overlay_disk_mounted,18278
2026-05-13T22:47:27+00:00,minimal,stock,idle,13,mem_mib,2048,phase_12b_guest_overlay_dirs_ready,21839
2026-05-13T22:47:27+00:00,minimal,stock,idle,13,mem_mib,2048,phase_12b_guest_merged_mountpoint_ready,24717
2026-05-13T22:47:27+00:00,minimal,stock,idle,13,mem_mib,2048,phase_12b_guest_overlayfs_mounted,28046
2026-05-13T22:47:27+00:00,minimal,stock,idle,13,mem_mib,2048,phase_12b_guest_pseudo_fs_bound_into_merged,31550
2026-05-13T22:47:27+00:00,minimal,stock,idle,13,mem_mib,2048,phase_12b_guest_merged_self_bound,34955
2026-05-13T22:47:27+00:00,minimal,stock,idle,13,mem_mib,2048,phase_12b_guest_pivot_rootfs_done,36738
2026-05-13T22:47:27+00:00,minimal,stock,idle,13,mem_mib,2048,phase_12b_guest_overlay_pivot_complete,38670
2026-05-13T22:47:27+00:00,minimal,stock,idle,13,mem_mib,2048,phase_12b_guest_network_configured,40555
2026-05-13T22:47:27+00:00,minimal,stock,idle,13,mem_mib,2048,phase_12b_guest_workspace_absent,42613
2026-05-13T22:47:27+00:00,minimal,stock,idle,13,mem_mib,2048,phase_12b_guest_pid1_setup_complete,43494
2026-05-13T22:47:27+00:00,minimal,stock,idle,13,mem_mib,2048,phase_12b_guest_guestd_starting_log,45155
2026-05-13T22:47:27+00:00,minimal,stock,idle,13,mem_mib,2048,phase_12b_guest_exec_listener_bound,46151
2026-05-13T22:47:27+00:00,minimal,stock,idle,13,mem_mib,2048,phase_12b_ready_accept,1029964
2026-05-13T22:47:27+00:00,minimal,stock,idle,13,mem_mib,2048,exec_send,19
2026-05-13T22:47:27+00:00,minimal,stock,idle,13,mem_mib,2048,exec_recv,11926
2026-05-13T22:47:27+00:00,minimal,stock,idle,13,mem_mib,2048,stop_bounded,61560
2026-05-13T22:47:27+00:00,minimal,stock,idle,13,mem_mib,2048,stop_release,148
2026-05-13T22:47:27+00:00,minimal,stock,idle,13,mem_mib,2048,guest_elapsed_process_start,1
2026-05-13T22:47:27+00:00,minimal,stock,idle,13,mem_mib,2048,guest_delta_process_start,1
2026-05-13T22:47:27+00:00,minimal,stock,idle,13,mem_mib,2048,guest_elapsed_stdio_redirected,859
2026-05-13T22:47:27+00:00,minimal,stock,idle,13,mem_mib,2048,guest_delta_stdio_redirected,858
2026-05-13T22:47:27+00:00,minimal,stock,idle,13,mem_mib,2048,guest_elapsed_panic_hook_installed,1695
2026-05-13T22:47:27+00:00,minimal,stock,idle,13,mem_mib,2048,guest_delta_panic_hook_installed,835
2026-05-13T22:47:27+00:00,minimal,stock,idle,13,mem_mib,2048,guest_elapsed_pseudo_fs_mounted,7033
2026-05-13T22:47:27+00:00,minimal,stock,idle,13,mem_mib,2048,guest_delta_pseudo_fs_mounted,5338
2026-05-13T22:47:27+00:00,minimal,stock,idle,13,mem_mib,2048,guest_elapsed_mount_namespace_private,10205
2026-05-13T22:47:27+00:00,minimal,stock,idle,13,mem_mib,2048,guest_delta_mount_namespace_private,3172
2026-05-13T22:47:27+00:00,minimal,stock,idle,13,mem_mib,2048,guest_elapsed_base_mounted,13408
2026-05-13T22:47:27+00:00,minimal,stock,idle,13,mem_mib,2048,guest_delta_base_mounted,3202
2026-05-13T22:47:27+00:00,minimal,stock,idle,13,mem_mib,2048,guest_elapsed_overlay_disk_mounted,18278
2026-05-13T22:47:27+00:00,minimal,stock,idle,13,mem_mib,2048,guest_delta_overlay_disk_mounted,4870
2026-05-13T22:47:27+00:00,minimal,stock,idle,13,mem_mib,2048,guest_elapsed_overlay_dirs_ready,21839
2026-05-13T22:47:27+00:00,minimal,stock,idle,13,mem_mib,2048,guest_delta_overlay_dirs_ready,3560
2026-05-13T22:47:27+00:00,minimal,stock,idle,13,mem_mib,2048,guest_elapsed_merged_mountpoint_ready,24717
2026-05-13T22:47:27+00:00,minimal,stock,idle,13,mem_mib,2048,guest_delta_merged_mountpoint_ready,2877
2026-05-13T22:47:27+00:00,minimal,stock,idle,13,mem_mib,2048,guest_elapsed_overlayfs_mounted,28046
2026-05-13T22:47:27+00:00,minimal,stock,idle,13,mem_mib,2048,guest_delta_overlayfs_mounted,3329
2026-05-13T22:47:27+00:00,minimal,stock,idle,13,mem_mib,2048,guest_elapsed_pseudo_fs_bound_into_merged,31550
2026-05-13T22:47:27+00:00,minimal,stock,idle,13,mem_mib,2048,guest_delta_pseudo_fs_bound_into_merged,3504
2026-05-13T22:47:27+00:00,minimal,stock,idle,13,mem_mib,2048,guest_elapsed_merged_self_bound,34955
2026-05-13T22:47:27+00:00,minimal,stock,idle,13,mem_mib,2048,guest_delta_merged_self_bound,3404
2026-05-13T22:47:27+00:00,minimal,stock,idle,13,mem_mib,2048,guest_elapsed_pivot_rootfs_done,36738
2026-05-13T22:47:27+00:00,minimal,stock,idle,13,mem_mib,2048,guest_delta_pivot_rootfs_done,1783
2026-05-13T22:47:27+00:00,minimal,stock,idle,13,mem_mib,2048,guest_elapsed_overlay_pivot_complete,38670
2026-05-13T22:47:27+00:00,minimal,stock,idle,13,mem_mib,2048,guest_delta_overlay_pivot_complete,1931
2026-05-13T22:47:27+00:00,minimal,stock,idle,13,mem_mib,2048,guest_elapsed_network_configured,40555
2026-05-13T22:47:27+00:00,minimal,stock,idle,13,mem_mib,2048,guest_delta_network_configured,1885
2026-05-13T22:47:27+00:00,minimal,stock,idle,13,mem_mib,2048,guest_elapsed_workspace_absent,42613
2026-05-13T22:47:27+00:00,minimal,stock,idle,13,mem_mib,2048,guest_delta_workspace_absent,2057
2026-05-13T22:47:27+00:00,minimal,stock,idle,13,mem_mib,2048,guest_elapsed_pid1_setup_complete,43494
2026-05-13T22:47:27+00:00,minimal,stock,idle,13,mem_mib,2048,guest_delta_pid1_setup_complete,881
2026-05-13T22:47:27+00:00,minimal,stock,idle,13,mem_mib,2048,guest_elapsed_guestd_starting_log,45155
2026-05-13T22:47:27+00:00,minimal,stock,idle,13,mem_mib,2048,guest_delta_guestd_starting_log,1660
2026-05-13T22:47:27+00:00,minimal,stock,idle,13,mem_mib,2048,guest_elapsed_exec_listener_bound,46151
2026-05-13T22:47:27+00:00,minimal,stock,idle,13,mem_mib,2048,guest_delta_exec_listener_bound,995
2026-05-13T22:47:27+00:00,minimal,stock,idle,13,mem_mib,2048,guest_elapsed_ready_signal_sent,48217
2026-05-13T22:47:27+00:00,minimal,stock,idle,13,mem_mib,2048,guest_delta_ready_signal_sent,2066
2026-05-13T22:47:28+00:00,minimal,stock,idle,14,mem_mib,2048,phase_1_run_root_prep,40
2026-05-13T22:47:28+00:00,minimal,stock,idle,14,mem_mib,2048,phase_2_lease,35
2026-05-13T22:47:28+00:00,minimal,stock,idle,14,mem_mib,2048,phase_3b_rootfs_prepare,12352
2026-05-13T22:47:28+00:00,minimal,stock,idle,14,mem_mib,2048,phase_3_storage_prep,12409
2026-05-13T22:47:28+00:00,minimal,stock,idle,14,mem_mib,2048,phase_4_jailer_materialize,841
2026-05-13T22:47:28+00:00,minimal,stock,idle,14,mem_mib,2048,phase_5_cgroup_probe,0
2026-05-13T22:47:28+00:00,minimal,stock,idle,14,mem_mib,2048,phase_6_network_realize,0
2026-05-13T22:47:28+00:00,minimal,stock,idle,14,mem_mib,2048,phase_7_outbound_guest_config,0
2026-05-13T22:47:28+00:00,minimal,stock,idle,14,mem_mib,2048,phase_9_jailer_launch,15466
2026-05-13T22:47:28+00:00,minimal,stock,idle,14,mem_mib,2048,phase_5b_cgroup_create,20456
2026-05-13T22:47:28+00:00,minimal,stock,idle,14,mem_mib,2048,phase_10_open_uds,25
2026-05-13T22:47:28+00:00,minimal,stock,idle,14,mem_mib,2048,phase_11_put_machine_config,251
2026-05-13T22:47:28+00:00,minimal,stock,idle,14,mem_mib,2048,phase_11_put_boot_source,74
2026-05-13T22:47:28+00:00,minimal,stock,idle,14,mem_mib,2048,phase_11_put_drive_rootfs,95
2026-05-13T22:47:28+00:00,minimal,stock,idle,14,mem_mib,2048,phase_11_put_drive_rootfs_overlay,185
2026-05-13T22:47:28+00:00,minimal,stock,idle,14,mem_mib,2048,phase_11_put_entropy,65
2026-05-13T22:47:28+00:00,minimal,stock,idle,14,mem_mib,2048,phase_11_put_vsock,122
2026-05-13T22:47:28+00:00,minimal,stock,idle,14,mem_mib,2048,phase_11_rest_puts,1110
2026-05-13T22:47:28+00:00,minimal,stock,idle,14,mem_mib,2048,phase_11b_ready_listener_bind,28
2026-05-13T22:47:28+00:00,minimal,stock,idle,14,mem_mib,2048,phase_11c_boot_identity_record,42
2026-05-13T22:47:28+00:00,minimal,stock,idle,14,mem_mib,2048,phase_12a_instance_start,13924
2026-05-13T22:47:28+00:00,minimal,stock,idle,14,mem_mib,2048,phase_12b_host_waiting_accept,1053059
2026-05-13T22:47:28+00:00,minimal,stock,idle,14,mem_mib,2048,phase_12b_kernel_console_range,987312
2026-05-13T22:47:28+00:00,minimal,stock,idle,14,mem_mib,2048,phase_12b_guest_process_start,2
2026-05-13T22:47:28+00:00,minimal,stock,idle,14,mem_mib,2048,phase_12b_guest_stdio_redirected,1629
2026-05-13T22:47:28+00:00,minimal,stock,idle,14,mem_mib,2048,phase_12b_guest_panic_hook_installed,3316
2026-05-13T22:47:28+00:00,minimal,stock,idle,14,mem_mib,2048,phase_12b_guest_pseudo_fs_mounted,13778
2026-05-13T22:47:28+00:00,minimal,stock,idle,14,mem_mib,2048,phase_12b_guest_mount_namespace_private,20050
2026-05-13T22:47:28+00:00,minimal,stock,idle,14,mem_mib,2048,phase_12b_guest_base_mounted,25794
2026-05-13T22:47:28+00:00,minimal,stock,idle,14,mem_mib,2048,phase_12b_guest_overlay_disk_mounted,33184
2026-05-13T22:47:28+00:00,minimal,stock,idle,14,mem_mib,2048,phase_12b_guest_overlay_dirs_ready,38967
2026-05-13T22:47:28+00:00,minimal,stock,idle,14,mem_mib,2048,phase_12b_guest_merged_mountpoint_ready,43380
2026-05-13T22:47:28+00:00,minimal,stock,idle,14,mem_mib,2048,phase_12b_guest_overlayfs_mounted,48529
2026-05-13T22:47:28+00:00,minimal,stock,idle,14,mem_mib,2048,phase_12b_guest_pseudo_fs_bound_into_merged,52851
2026-05-13T22:47:28+00:00,minimal,stock,idle,14,mem_mib,2048,phase_12b_guest_merged_self_bound,56190
2026-05-13T22:47:28+00:00,minimal,stock,idle,14,mem_mib,2048,phase_12b_guest_pivot_rootfs_done,57943
2026-05-13T22:47:28+00:00,minimal,stock,idle,14,mem_mib,2048,phase_12b_guest_overlay_pivot_complete,59849
2026-05-13T22:47:28+00:00,minimal,stock,idle,14,mem_mib,2048,phase_12b_guest_network_configured,61709
2026-05-13T22:47:28+00:00,minimal,stock,idle,14,mem_mib,2048,phase_12b_guest_workspace_absent,63747
2026-05-13T22:47:28+00:00,minimal,stock,idle,14,mem_mib,2048,phase_12b_guest_pid1_setup_complete,64586
2026-05-13T22:47:28+00:00,minimal,stock,idle,14,mem_mib,2048,phase_12b_guest_guestd_starting_log,66208
2026-05-13T22:47:28+00:00,minimal,stock,idle,14,mem_mib,2048,phase_12b_guest_exec_listener_bound,67260
2026-05-13T22:47:28+00:00,minimal,stock,idle,14,mem_mib,2048,phase_12b_ready_accept,1055388
2026-05-13T22:47:28+00:00,minimal,stock,idle,14,mem_mib,2048,exec_send,19
2026-05-13T22:47:28+00:00,minimal,stock,idle,14,mem_mib,2048,exec_recv,11997
2026-05-13T22:47:28+00:00,minimal,stock,idle,14,mem_mib,2048,stop_bounded,73633
2026-05-13T22:47:28+00:00,minimal,stock,idle,14,mem_mib,2048,stop_release,115
2026-05-13T22:47:28+00:00,minimal,stock,idle,14,mem_mib,2048,guest_elapsed_process_start,2
2026-05-13T22:47:28+00:00,minimal,stock,idle,14,mem_mib,2048,guest_delta_process_start,2
2026-05-13T22:47:28+00:00,minimal,stock,idle,14,mem_mib,2048,guest_elapsed_stdio_redirected,1629
2026-05-13T22:47:28+00:00,minimal,stock,idle,14,mem_mib,2048,guest_delta_stdio_redirected,1627
2026-05-13T22:47:28+00:00,minimal,stock,idle,14,mem_mib,2048,guest_elapsed_panic_hook_installed,3316
2026-05-13T22:47:28+00:00,minimal,stock,idle,14,mem_mib,2048,guest_delta_panic_hook_installed,1686
2026-05-13T22:47:28+00:00,minimal,stock,idle,14,mem_mib,2048,guest_elapsed_pseudo_fs_mounted,13778
2026-05-13T22:47:28+00:00,minimal,stock,idle,14,mem_mib,2048,guest_delta_pseudo_fs_mounted,10461
2026-05-13T22:47:28+00:00,minimal,stock,idle,14,mem_mib,2048,guest_elapsed_mount_namespace_private,20050
2026-05-13T22:47:28+00:00,minimal,stock,idle,14,mem_mib,2048,guest_delta_mount_namespace_private,6272
2026-05-13T22:47:28+00:00,minimal,stock,idle,14,mem_mib,2048,guest_elapsed_base_mounted,25794
2026-05-13T22:47:28+00:00,minimal,stock,idle,14,mem_mib,2048,guest_delta_base_mounted,5743
2026-05-13T22:47:28+00:00,minimal,stock,idle,14,mem_mib,2048,guest_elapsed_overlay_disk_mounted,33184
2026-05-13T22:47:28+00:00,minimal,stock,idle,14,mem_mib,2048,guest_delta_overlay_disk_mounted,7390
2026-05-13T22:47:28+00:00,minimal,stock,idle,14,mem_mib,2048,guest_elapsed_overlay_dirs_ready,38967
2026-05-13T22:47:28+00:00,minimal,stock,idle,14,mem_mib,2048,guest_delta_overlay_dirs_ready,5782
2026-05-13T22:47:28+00:00,minimal,stock,idle,14,mem_mib,2048,guest_elapsed_merged_mountpoint_ready,43380
2026-05-13T22:47:28+00:00,minimal,stock,idle,14,mem_mib,2048,guest_delta_merged_mountpoint_ready,4412
2026-05-13T22:47:28+00:00,minimal,stock,idle,14,mem_mib,2048,guest_elapsed_overlayfs_mounted,48529
2026-05-13T22:47:28+00:00,minimal,stock,idle,14,mem_mib,2048,guest_delta_overlayfs_mounted,5148
2026-05-13T22:47:28+00:00,minimal,stock,idle,14,mem_mib,2048,guest_elapsed_pseudo_fs_bound_into_merged,52851
2026-05-13T22:47:28+00:00,minimal,stock,idle,14,mem_mib,2048,guest_delta_pseudo_fs_bound_into_merged,4322
2026-05-13T22:47:28+00:00,minimal,stock,idle,14,mem_mib,2048,guest_elapsed_merged_self_bound,56190
2026-05-13T22:47:28+00:00,minimal,stock,idle,14,mem_mib,2048,guest_delta_merged_self_bound,3338
2026-05-13T22:47:28+00:00,minimal,stock,idle,14,mem_mib,2048,guest_elapsed_pivot_rootfs_done,57943
2026-05-13T22:47:28+00:00,minimal,stock,idle,14,mem_mib,2048,guest_delta_pivot_rootfs_done,1753
2026-05-13T22:47:28+00:00,minimal,stock,idle,14,mem_mib,2048,guest_elapsed_overlay_pivot_complete,59849
2026-05-13T22:47:28+00:00,minimal,stock,idle,14,mem_mib,2048,guest_delta_overlay_pivot_complete,1906
2026-05-13T22:47:28+00:00,minimal,stock,idle,14,mem_mib,2048,guest_elapsed_network_configured,61709
2026-05-13T22:47:28+00:00,minimal,stock,idle,14,mem_mib,2048,guest_delta_network_configured,1859
2026-05-13T22:47:28+00:00,minimal,stock,idle,14,mem_mib,2048,guest_elapsed_workspace_absent,63747
2026-05-13T22:47:28+00:00,minimal,stock,idle,14,mem_mib,2048,guest_delta_workspace_absent,2037
2026-05-13T22:47:28+00:00,minimal,stock,idle,14,mem_mib,2048,guest_elapsed_pid1_setup_complete,64586
2026-05-13T22:47:28+00:00,minimal,stock,idle,14,mem_mib,2048,guest_delta_pid1_setup_complete,839
2026-05-13T22:47:28+00:00,minimal,stock,idle,14,mem_mib,2048,guest_elapsed_guestd_starting_log,66208
2026-05-13T22:47:28+00:00,minimal,stock,idle,14,mem_mib,2048,guest_delta_guestd_starting_log,1622
2026-05-13T22:47:28+00:00,minimal,stock,idle,14,mem_mib,2048,guest_elapsed_exec_listener_bound,67260
2026-05-13T22:47:28+00:00,minimal,stock,idle,14,mem_mib,2048,guest_delta_exec_listener_bound,1051
2026-05-13T22:47:28+00:00,minimal,stock,idle,14,mem_mib,2048,guest_elapsed_ready_signal_sent,69358
2026-05-13T22:47:28+00:00,minimal,stock,idle,14,mem_mib,2048,guest_delta_ready_signal_sent,2098
2026-05-13T22:47:30+00:00,minimal,stock,idle,15,mem_mib,2048,phase_1_run_root_prep,990
2026-05-13T22:47:30+00:00,minimal,stock,idle,15,mem_mib,2048,phase_2_lease,35
2026-05-13T22:47:30+00:00,minimal,stock,idle,15,mem_mib,2048,phase_3b_rootfs_prepare,11071
2026-05-13T22:47:30+00:00,minimal,stock,idle,15,mem_mib,2048,phase_3_storage_prep,11139
2026-05-13T22:47:30+00:00,minimal,stock,idle,15,mem_mib,2048,phase_4_jailer_materialize,1361
2026-05-13T22:47:30+00:00,minimal,stock,idle,15,mem_mib,2048,phase_5_cgroup_probe,0
2026-05-13T22:47:30+00:00,minimal,stock,idle,15,mem_mib,2048,phase_6_network_realize,0
2026-05-13T22:47:30+00:00,minimal,stock,idle,15,mem_mib,2048,phase_7_outbound_guest_config,0
2026-05-13T22:47:30+00:00,minimal,stock,idle,15,mem_mib,2048,phase_9_jailer_launch,15605
2026-05-13T22:47:30+00:00,minimal,stock,idle,15,mem_mib,2048,phase_5b_cgroup_create,21668
2026-05-13T22:47:30+00:00,minimal,stock,idle,15,mem_mib,2048,phase_10_open_uds,23
2026-05-13T22:47:30+00:00,minimal,stock,idle,15,mem_mib,2048,phase_11_put_machine_config,169
2026-05-13T22:47:30+00:00,minimal,stock,idle,15,mem_mib,2048,phase_11_put_boot_source,83
2026-05-13T22:47:30+00:00,minimal,stock,idle,15,mem_mib,2048,phase_11_put_drive_rootfs,87
2026-05-13T22:47:30+00:00,minimal,stock,idle,15,mem_mib,2048,phase_11_put_drive_rootfs_overlay,166
2026-05-13T22:47:30+00:00,minimal,stock,idle,15,mem_mib,2048,phase_11_put_entropy,92
2026-05-13T22:47:30+00:00,minimal,stock,idle,15,mem_mib,2048,phase_11_put_vsock,209
2026-05-13T22:47:30+00:00,minimal,stock,idle,15,mem_mib,2048,phase_11_rest_puts,1507
2026-05-13T22:47:30+00:00,minimal,stock,idle,15,mem_mib,2048,phase_11b_ready_listener_bind,84
2026-05-13T22:47:30+00:00,minimal,stock,idle,15,mem_mib,2048,phase_11c_boot_identity_record,100
2026-05-13T22:47:30+00:00,minimal,stock,idle,15,mem_mib,2048,phase_12a_instance_start,18701
2026-05-13T22:47:30+00:00,minimal,stock,idle,15,mem_mib,2048,phase_12b_host_waiting_accept,1046960
2026-05-13T22:47:30+00:00,minimal,stock,idle,15,mem_mib,2048,phase_12b_kernel_console_range,982262
2026-05-13T22:47:30+00:00,minimal,stock,idle,15,mem_mib,2048,phase_12b_guest_process_start,2
2026-05-13T22:47:30+00:00,minimal,stock,idle,15,mem_mib,2048,phase_12b_guest_stdio_redirected,478
2026-05-13T22:47:30+00:00,minimal,stock,idle,15,mem_mib,2048,phase_12b_guest_panic_hook_installed,483
2026-05-13T22:47:30+00:00,minimal,stock,idle,15,mem_mib,2048,phase_12b_guest_pseudo_fs_mounted,12668
2026-05-13T22:47:30+00:00,minimal,stock,idle,15,mem_mib,2048,phase_12b_guest_mount_namespace_private,18995
2026-05-13T22:47:30+00:00,minimal,stock,idle,15,mem_mib,2048,phase_12b_guest_base_mounted,25161
2026-05-13T22:47:30+00:00,minimal,stock,idle,15,mem_mib,2048,phase_12b_guest_overlay_disk_mounted,32533
2026-05-13T22:47:30+00:00,minimal,stock,idle,15,mem_mib,2048,phase_12b_guest_overlay_dirs_ready,38201
2026-05-13T22:47:30+00:00,minimal,stock,idle,15,mem_mib,2048,phase_12b_guest_merged_mountpoint_ready,41015
2026-05-13T22:47:30+00:00,minimal,stock,idle,15,mem_mib,2048,phase_12b_guest_overlayfs_mounted,44328
2026-05-13T22:47:30+00:00,minimal,stock,idle,15,mem_mib,2048,phase_12b_guest_pseudo_fs_bound_into_merged,47777
2026-05-13T22:47:30+00:00,minimal,stock,idle,15,mem_mib,2048,phase_12b_guest_merged_self_bound,51158
2026-05-13T22:47:30+00:00,minimal,stock,idle,15,mem_mib,2048,phase_12b_guest_pivot_rootfs_done,52923
2026-05-13T22:47:30+00:00,minimal,stock,idle,15,mem_mib,2048,phase_12b_guest_overlay_pivot_complete,54825
2026-05-13T22:47:30+00:00,minimal,stock,idle,15,mem_mib,2048,phase_12b_guest_network_configured,56723
2026-05-13T22:47:30+00:00,minimal,stock,idle,15,mem_mib,2048,phase_12b_guest_workspace_absent,58766
2026-05-13T22:47:30+00:00,minimal,stock,idle,15,mem_mib,2048,phase_12b_guest_pid1_setup_complete,59630
2026-05-13T22:47:30+00:00,minimal,stock,idle,15,mem_mib,2048,phase_12b_guest_guestd_starting_log,61280
2026-05-13T22:47:30+00:00,minimal,stock,idle,15,mem_mib,2048,phase_12b_guest_exec_listener_bound,62321
2026-05-13T22:47:30+00:00,minimal,stock,idle,15,mem_mib,2048,phase_12b_ready_accept,1049292
2026-05-13T22:47:30+00:00,minimal,stock,idle,15,mem_mib,2048,exec_send,21
2026-05-13T22:47:30+00:00,minimal,stock,idle,15,mem_mib,2048,exec_recv,12090
2026-05-13T22:47:30+00:00,minimal,stock,idle,15,mem_mib,2048,stop_bounded,61027
2026-05-13T22:47:30+00:00,minimal,stock,idle,15,mem_mib,2048,stop_release,99
2026-05-13T22:47:30+00:00,minimal,stock,idle,15,mem_mib,2048,guest_elapsed_process_start,2
2026-05-13T22:47:30+00:00,minimal,stock,idle,15,mem_mib,2048,guest_delta_process_start,2
2026-05-13T22:47:30+00:00,minimal,stock,idle,15,mem_mib,2048,guest_elapsed_stdio_redirected,478
2026-05-13T22:47:30+00:00,minimal,stock,idle,15,mem_mib,2048,guest_delta_stdio_redirected,476
2026-05-13T22:47:30+00:00,minimal,stock,idle,15,mem_mib,2048,guest_elapsed_panic_hook_installed,483
2026-05-13T22:47:30+00:00,minimal,stock,idle,15,mem_mib,2048,guest_delta_panic_hook_installed,4
2026-05-13T22:47:30+00:00,minimal,stock,idle,15,mem_mib,2048,guest_elapsed_pseudo_fs_mounted,12668
2026-05-13T22:47:30+00:00,minimal,stock,idle,15,mem_mib,2048,guest_delta_pseudo_fs_mounted,12185
2026-05-13T22:47:30+00:00,minimal,stock,idle,15,mem_mib,2048,guest_elapsed_mount_namespace_private,18995
2026-05-13T22:47:30+00:00,minimal,stock,idle,15,mem_mib,2048,guest_delta_mount_namespace_private,6326
2026-05-13T22:47:30+00:00,minimal,stock,idle,15,mem_mib,2048,guest_elapsed_base_mounted,25161
2026-05-13T22:47:30+00:00,minimal,stock,idle,15,mem_mib,2048,guest_delta_base_mounted,6166
2026-05-13T22:47:30+00:00,minimal,stock,idle,15,mem_mib,2048,guest_elapsed_overlay_disk_mounted,32533
2026-05-13T22:47:30+00:00,minimal,stock,idle,15,mem_mib,2048,guest_delta_overlay_disk_mounted,7371
2026-05-13T22:47:30+00:00,minimal,stock,idle,15,mem_mib,2048,guest_elapsed_overlay_dirs_ready,38201
2026-05-13T22:47:30+00:00,minimal,stock,idle,15,mem_mib,2048,guest_delta_overlay_dirs_ready,5668
2026-05-13T22:47:30+00:00,minimal,stock,idle,15,mem_mib,2048,guest_elapsed_merged_mountpoint_ready,41015
2026-05-13T22:47:30+00:00,minimal,stock,idle,15,mem_mib,2048,guest_delta_merged_mountpoint_ready,2814
2026-05-13T22:47:30+00:00,minimal,stock,idle,15,mem_mib,2048,guest_elapsed_overlayfs_mounted,44328
2026-05-13T22:47:30+00:00,minimal,stock,idle,15,mem_mib,2048,guest_delta_overlayfs_mounted,3313
2026-05-13T22:47:30+00:00,minimal,stock,idle,15,mem_mib,2048,guest_elapsed_pseudo_fs_bound_into_merged,47777
2026-05-13T22:47:30+00:00,minimal,stock,idle,15,mem_mib,2048,guest_delta_pseudo_fs_bound_into_merged,3449
2026-05-13T22:47:30+00:00,minimal,stock,idle,15,mem_mib,2048,guest_elapsed_merged_self_bound,51158
2026-05-13T22:47:30+00:00,minimal,stock,idle,15,mem_mib,2048,guest_delta_merged_self_bound,3380
2026-05-13T22:47:30+00:00,minimal,stock,idle,15,mem_mib,2048,guest_elapsed_pivot_rootfs_done,52923
2026-05-13T22:47:30+00:00,minimal,stock,idle,15,mem_mib,2048,guest_delta_pivot_rootfs_done,1765
2026-05-13T22:47:30+00:00,minimal,stock,idle,15,mem_mib,2048,guest_elapsed_overlay_pivot_complete,54825
2026-05-13T22:47:30+00:00,minimal,stock,idle,15,mem_mib,2048,guest_delta_overlay_pivot_complete,1901
2026-05-13T22:47:30+00:00,minimal,stock,idle,15,mem_mib,2048,guest_elapsed_network_configured,56723
2026-05-13T22:47:30+00:00,minimal,stock,idle,15,mem_mib,2048,guest_delta_network_configured,1897
2026-05-13T22:47:30+00:00,minimal,stock,idle,15,mem_mib,2048,guest_elapsed_workspace_absent,58766
2026-05-13T22:47:30+00:00,minimal,stock,idle,15,mem_mib,2048,guest_delta_workspace_absent,2043
2026-05-13T22:47:30+00:00,minimal,stock,idle,15,mem_mib,2048,guest_elapsed_pid1_setup_complete,59630
2026-05-13T22:47:30+00:00,minimal,stock,idle,15,mem_mib,2048,guest_delta_pid1_setup_complete,863
2026-05-13T22:47:30+00:00,minimal,stock,idle,15,mem_mib,2048,guest_elapsed_guestd_starting_log,61280
2026-05-13T22:47:30+00:00,minimal,stock,idle,15,mem_mib,2048,guest_delta_guestd_starting_log,1649
2026-05-13T22:47:30+00:00,minimal,stock,idle,15,mem_mib,2048,guest_elapsed_exec_listener_bound,62321
2026-05-13T22:47:30+00:00,minimal,stock,idle,15,mem_mib,2048,guest_delta_exec_listener_bound,1040
2026-05-13T22:47:30+00:00,minimal,stock,idle,15,mem_mib,2048,guest_elapsed_ready_signal_sent,64476
2026-05-13T22:47:30+00:00,minimal,stock,idle,15,mem_mib,2048,guest_delta_ready_signal_sent,2155
2026-05-13T22:47:31+00:00,minimal,stock,idle,16,mem_mib,2048,phase_1_run_root_prep,61
2026-05-13T22:47:31+00:00,minimal,stock,idle,16,mem_mib,2048,phase_2_lease,60
2026-05-13T22:47:31+00:00,minimal,stock,idle,16,mem_mib,2048,phase_3b_rootfs_prepare,13830
2026-05-13T22:47:31+00:00,minimal,stock,idle,16,mem_mib,2048,phase_3_storage_prep,13899
2026-05-13T22:47:31+00:00,minimal,stock,idle,16,mem_mib,2048,phase_4_jailer_materialize,3641
2026-05-13T22:47:31+00:00,minimal,stock,idle,16,mem_mib,2048,phase_5_cgroup_probe,0
2026-05-13T22:47:31+00:00,minimal,stock,idle,16,mem_mib,2048,phase_6_network_realize,0
2026-05-13T22:47:31+00:00,minimal,stock,idle,16,mem_mib,2048,phase_7_outbound_guest_config,0
2026-05-13T22:47:31+00:00,minimal,stock,idle,16,mem_mib,2048,phase_9_jailer_launch,15527
2026-05-13T22:47:31+00:00,minimal,stock,idle,16,mem_mib,2048,phase_5b_cgroup_create,16983
2026-05-13T22:47:31+00:00,minimal,stock,idle,16,mem_mib,2048,phase_10_open_uds,25
2026-05-13T22:47:31+00:00,minimal,stock,idle,16,mem_mib,2048,phase_11_put_machine_config,164
2026-05-13T22:47:31+00:00,minimal,stock,idle,16,mem_mib,2048,phase_11_put_boot_source,77
2026-05-13T22:47:31+00:00,minimal,stock,idle,16,mem_mib,2048,phase_11_put_drive_rootfs,87
2026-05-13T22:47:31+00:00,minimal,stock,idle,16,mem_mib,2048,phase_11_put_drive_rootfs_overlay,163
2026-05-13T22:47:31+00:00,minimal,stock,idle,16,mem_mib,2048,phase_11_put_entropy,115
2026-05-13T22:47:31+00:00,minimal,stock,idle,16,mem_mib,2048,phase_11_put_vsock,166
2026-05-13T22:47:31+00:00,minimal,stock,idle,16,mem_mib,2048,phase_11_rest_puts,1398
2026-05-13T22:47:31+00:00,minimal,stock,idle,16,mem_mib,2048,phase_11b_ready_listener_bind,85
2026-05-13T22:47:31+00:00,minimal,stock,idle,16,mem_mib,2048,phase_11c_boot_identity_record,98
2026-05-13T22:47:31+00:00,minimal,stock,idle,16,mem_mib,2048,phase_12a_instance_start,14426
2026-05-13T22:47:31+00:00,minimal,stock,idle,16,mem_mib,2048,phase_12b_host_waiting_accept,1052456
2026-05-13T22:47:31+00:00,minimal,stock,idle,16,mem_mib,2048,phase_12b_kernel_console_range,984449
2026-05-13T22:47:31+00:00,minimal,stock,idle,16,mem_mib,2048,phase_12b_guest_process_start,2
2026-05-13T22:47:31+00:00,minimal,stock,idle,16,mem_mib,2048,phase_12b_guest_stdio_redirected,1683
2026-05-13T22:47:31+00:00,minimal,stock,idle,16,mem_mib,2048,phase_12b_guest_panic_hook_installed,3346
2026-05-13T22:47:31+00:00,minimal,stock,idle,16,mem_mib,2048,phase_12b_guest_mount_namespace_private,19709
2026-05-13T22:47:31+00:00,minimal,stock,idle,16,mem_mib,2048,phase_12b_guest_base_mounted,25098
2026-05-13T22:47:31+00:00,minimal,stock,idle,16,mem_mib,2048,phase_12b_guest_overlay_dirs_ready,37734
2026-05-13T22:47:31+00:00,minimal,stock,idle,16,mem_mib,2048,phase_12b_guest_merged_mountpoint_ready,42171
2026-05-13T22:47:31+00:00,minimal,stock,idle,16,mem_mib,2048,phase_12b_guest_overlayfs_mounted,47327
2026-05-13T22:47:31+00:00,minimal,stock,idle,16,mem_mib,2048,phase_12b_guest_pseudo_fs_bound_into_merged,51773
2026-05-13T22:47:31+00:00,minimal,stock,idle,16,mem_mib,2048,phase_12b_guest_merged_self_bound,55164
2026-05-13T22:47:31+00:00,minimal,stock,idle,16,mem_mib,2048,phase_12b_guest_pivot_rootfs_done,56951
2026-05-13T22:47:31+00:00,minimal,stock,idle,16,mem_mib,2048,phase_12b_guest_overlay_pivot_complete,58867
2026-05-13T22:47:31+00:00,minimal,stock,idle,16,mem_mib,2048,phase_12b_guest_network_configured,60762
2026-05-13T22:47:31+00:00,minimal,stock,idle,16,mem_mib,2048,phase_12b_guest_workspace_absent,62795
2026-05-13T22:47:31+00:00,minimal,stock,idle,16,mem_mib,2048,phase_12b_guest_pid1_setup_complete,63644
2026-05-13T22:47:31+00:00,minimal,stock,idle,16,mem_mib,2048,phase_12b_guest_guestd_starting_log,65333
2026-05-13T22:47:31+00:00,minimal,stock,idle,16,mem_mib,2048,phase_12b_guest_exec_listener_bound,66363
2026-05-13T22:47:31+00:00,minimal,stock,idle,16,mem_mib,2048,phase_12b_ready_accept,1054617
2026-05-13T22:47:31+00:00,minimal,stock,idle,16,mem_mib,2048,exec_send,21
2026-05-13T22:47:31+00:00,minimal,stock,idle,16,mem_mib,2048,exec_recv,11940
2026-05-13T22:47:31+00:00,minimal,stock,idle,16,mem_mib,2048,stop_bounded,72371
2026-05-13T22:47:31+00:00,minimal,stock,idle,16,mem_mib,2048,stop_release,112
2026-05-13T22:47:31+00:00,minimal,stock,idle,16,mem_mib,2048,guest_elapsed_process_start,2
2026-05-13T22:47:31+00:00,minimal,stock,idle,16,mem_mib,2048,guest_delta_process_start,2
2026-05-13T22:47:31+00:00,minimal,stock,idle,16,mem_mib,2048,guest_elapsed_stdio_redirected,1683
2026-05-13T22:47:31+00:00,minimal,stock,idle,16,mem_mib,2048,guest_delta_stdio_redirected,1680
2026-05-13T22:47:31+00:00,minimal,stock,idle,16,mem_mib,2048,guest_elapsed_panic_hook_installed,3346
2026-05-13T22:47:31+00:00,minimal,stock,idle,16,mem_mib,2048,guest_delta_panic_hook_installed,1662
2026-05-13T22:47:31+00:00,minimal,stock,idle,16,mem_mib,2048,guest_elapsed_mount_namespace_private,19709
2026-05-13T22:47:31+00:00,minimal,stock,idle,16,mem_mib,2048,guest_delta_mount_namespace_private,5844
2026-05-13T22:47:31+00:00,minimal,stock,idle,16,mem_mib,2048,guest_elapsed_base_mounted,25098
2026-05-13T22:47:31+00:00,minimal,stock,idle,16,mem_mib,2048,guest_delta_base_mounted,5388
2026-05-13T22:47:31+00:00,minimal,stock,idle,16,mem_mib,2048,guest_elapsed_overlay_dirs_ready,37734
2026-05-13T22:47:31+00:00,minimal,stock,idle,16,mem_mib,2048,guest_delta_overlay_dirs_ready,5329
2026-05-13T22:47:31+00:00,minimal,stock,idle,16,mem_mib,2048,guest_elapsed_merged_mountpoint_ready,42171
2026-05-13T22:47:31+00:00,minimal,stock,idle,16,mem_mib,2048,guest_delta_merged_mountpoint_ready,4437
2026-05-13T22:47:31+00:00,minimal,stock,idle,16,mem_mib,2048,guest_elapsed_overlayfs_mounted,47327
2026-05-13T22:47:31+00:00,minimal,stock,idle,16,mem_mib,2048,guest_delta_overlayfs_mounted,5156
2026-05-13T22:47:31+00:00,minimal,stock,idle,16,mem_mib,2048,guest_elapsed_pseudo_fs_bound_into_merged,51773
2026-05-13T22:47:31+00:00,minimal,stock,idle,16,mem_mib,2048,guest_delta_pseudo_fs_bound_into_merged,4445
2026-05-13T22:47:31+00:00,minimal,stock,idle,16,mem_mib,2048,guest_elapsed_merged_self_bound,55164
2026-05-13T22:47:31+00:00,minimal,stock,idle,16,mem_mib,2048,guest_delta_merged_self_bound,3390
2026-05-13T22:47:31+00:00,minimal,stock,idle,16,mem_mib,2048,guest_elapsed_pivot_rootfs_done,56951
2026-05-13T22:47:31+00:00,minimal,stock,idle,16,mem_mib,2048,guest_delta_pivot_rootfs_done,1787
2026-05-13T22:47:31+00:00,minimal,stock,idle,16,mem_mib,2048,guest_elapsed_overlay_pivot_complete,58867
2026-05-13T22:47:31+00:00,minimal,stock,idle,16,mem_mib,2048,guest_delta_overlay_pivot_complete,1915
2026-05-13T22:47:31+00:00,minimal,stock,idle,16,mem_mib,2048,guest_elapsed_network_configured,60762
2026-05-13T22:47:31+00:00,minimal,stock,idle,16,mem_mib,2048,guest_delta_network_configured,1894
2026-05-13T22:47:31+00:00,minimal,stock,idle,16,mem_mib,2048,guest_elapsed_workspace_absent,62795
2026-05-13T22:47:31+00:00,minimal,stock,idle,16,mem_mib,2048,guest_delta_workspace_absent,2033
2026-05-13T22:47:31+00:00,minimal,stock,idle,16,mem_mib,2048,guest_elapsed_pid1_setup_complete,63644
2026-05-13T22:47:31+00:00,minimal,stock,idle,16,mem_mib,2048,guest_delta_pid1_setup_complete,848
2026-05-13T22:47:31+00:00,minimal,stock,idle,16,mem_mib,2048,guest_elapsed_guestd_starting_log,65333
2026-05-13T22:47:31+00:00,minimal,stock,idle,16,mem_mib,2048,guest_delta_guestd_starting_log,1689
2026-05-13T22:47:31+00:00,minimal,stock,idle,16,mem_mib,2048,guest_elapsed_exec_listener_bound,66363
2026-05-13T22:47:31+00:00,minimal,stock,idle,16,mem_mib,2048,guest_delta_exec_listener_bound,1029
2026-05-13T22:47:31+00:00,minimal,stock,idle,16,mem_mib,2048,guest_elapsed_ready_signal_sent,68470
2026-05-13T22:47:31+00:00,minimal,stock,idle,16,mem_mib,2048,guest_delta_ready_signal_sent,2107
2026-05-13T22:47:32+00:00,minimal,stock,idle,17,mem_mib,2048,phase_1_run_root_prep,63
2026-05-13T22:47:32+00:00,minimal,stock,idle,17,mem_mib,2048,phase_2_lease,61
2026-05-13T22:47:32+00:00,minimal,stock,idle,17,mem_mib,2048,phase_3b_rootfs_prepare,10605
2026-05-13T22:47:32+00:00,minimal,stock,idle,17,mem_mib,2048,phase_3_storage_prep,10662
2026-05-13T22:47:32+00:00,minimal,stock,idle,17,mem_mib,2048,phase_4_jailer_materialize,3776
2026-05-13T22:47:32+00:00,minimal,stock,idle,17,mem_mib,2048,phase_5_cgroup_probe,0
2026-05-13T22:47:32+00:00,minimal,stock,idle,17,mem_mib,2048,phase_6_network_realize,0
2026-05-13T22:47:32+00:00,minimal,stock,idle,17,mem_mib,2048,phase_7_outbound_guest_config,0
2026-05-13T22:47:32+00:00,minimal,stock,idle,17,mem_mib,2048,phase_9_jailer_launch,15491
2026-05-13T22:47:32+00:00,minimal,stock,idle,17,mem_mib,2048,phase_5b_cgroup_create,19907
2026-05-13T22:47:32+00:00,minimal,stock,idle,17,mem_mib,2048,phase_10_open_uds,20
2026-05-13T22:47:32+00:00,minimal,stock,idle,17,mem_mib,2048,phase_11_put_machine_config,171
2026-05-13T22:47:32+00:00,minimal,stock,idle,17,mem_mib,2048,phase_11_put_boot_source,86
2026-05-13T22:47:32+00:00,minimal,stock,idle,17,mem_mib,2048,phase_11_put_drive_rootfs,100
2026-05-13T22:47:32+00:00,minimal,stock,idle,17,mem_mib,2048,phase_11_put_drive_rootfs_overlay,191
2026-05-13T22:47:32+00:00,minimal,stock,idle,17,mem_mib,2048,phase_11_put_entropy,117
2026-05-13T22:47:32+00:00,minimal,stock,idle,17,mem_mib,2048,phase_11_put_vsock,161
2026-05-13T22:47:32+00:00,minimal,stock,idle,17,mem_mib,2048,phase_11_rest_puts,1508
2026-05-13T22:47:32+00:00,minimal,stock,idle,17,mem_mib,2048,phase_11b_ready_listener_bind,104
2026-05-13T22:47:32+00:00,minimal,stock,idle,17,mem_mib,2048,phase_11c_boot_identity_record,110
2026-05-13T22:47:32+00:00,minimal,stock,idle,17,mem_mib,2048,phase_12a_instance_start,20075
2026-05-13T22:47:32+00:00,minimal,stock,idle,17,mem_mib,2048,phase_12b_host_waiting_accept,1048141
2026-05-13T22:47:32+00:00,minimal,stock,idle,17,mem_mib,2048,phase_12b_kernel_console_range,982529
2026-05-13T22:47:32+00:00,minimal,stock,idle,17,mem_mib,2048,phase_12b_guest_process_start,2
2026-05-13T22:47:32+00:00,minimal,stock,idle,17,mem_mib,2048,phase_12b_guest_stdio_redirected,1648
2026-05-13T22:47:32+00:00,minimal,stock,idle,17,mem_mib,2048,phase_12b_guest_panic_hook_installed,3342
2026-05-13T22:47:32+00:00,minimal,stock,idle,17,mem_mib,2048,phase_12b_guest_pseudo_fs_mounted,13883
2026-05-13T22:47:32+00:00,minimal,stock,idle,17,mem_mib,2048,phase_12b_guest_mount_namespace_private,20251
2026-05-13T22:47:32+00:00,minimal,stock,idle,17,mem_mib,2048,phase_12b_guest_base_mounted,26168
2026-05-13T22:47:32+00:00,minimal,stock,idle,17,mem_mib,2048,phase_12b_guest_overlay_disk_mounted,33494
2026-05-13T22:47:32+00:00,minimal,stock,idle,17,mem_mib,2048,phase_12b_guest_overlay_dirs_ready,38969
2026-05-13T22:47:32+00:00,minimal,stock,idle,17,mem_mib,2048,phase_12b_guest_merged_mountpoint_ready,41790
2026-05-13T22:47:32+00:00,minimal,stock,idle,17,mem_mib,2048,phase_12b_guest_overlayfs_mounted,45063
2026-05-13T22:47:32+00:00,minimal,stock,idle,17,mem_mib,2048,phase_12b_guest_pseudo_fs_bound_into_merged,48530
2026-05-13T22:47:32+00:00,minimal,stock,idle,17,mem_mib,2048,phase_12b_guest_merged_self_bound,51937
2026-05-13T22:47:32+00:00,minimal,stock,idle,17,mem_mib,2048,phase_12b_guest_pivot_rootfs_done,53715
2026-05-13T22:47:32+00:00,minimal,stock,idle,17,mem_mib,2048,phase_12b_guest_overlay_pivot_complete,55638
2026-05-13T22:47:32+00:00,minimal,stock,idle,17,mem_mib,2048,phase_12b_guest_network_configured,57543
2026-05-13T22:47:32+00:00,minimal,stock,idle,17,mem_mib,2048,phase_12b_guest_workspace_absent,59612
2026-05-13T22:47:32+00:00,minimal,stock,idle,17,mem_mib,2048,phase_12b_guest_pid1_setup_complete,60456
2026-05-13T22:47:32+00:00,minimal,stock,idle,17,mem_mib,2048,phase_12b_guest_guestd_starting_log,62103
2026-05-13T22:47:32+00:00,minimal,stock,idle,17,mem_mib,2048,phase_12b_guest_exec_listener_bound,63140
2026-05-13T22:47:32+00:00,minimal,stock,idle,17,mem_mib,2048,phase_12b_ready_accept,1050497
2026-05-13T22:47:32+00:00,minimal,stock,idle,17,mem_mib,2048,exec_send,22
2026-05-13T22:47:32+00:00,minimal,stock,idle,17,mem_mib,2048,exec_recv,11921
2026-05-13T22:47:32+00:00,minimal,stock,idle,17,mem_mib,2048,stop_bounded,62602
2026-05-13T22:47:32+00:00,minimal,stock,idle,17,mem_mib,2048,stop_release,130
2026-05-13T22:47:32+00:00,minimal,stock,idle,17,mem_mib,2048,guest_elapsed_process_start,2
2026-05-13T22:47:32+00:00,minimal,stock,idle,17,mem_mib,2048,guest_delta_process_start,2
2026-05-13T22:47:32+00:00,minimal,stock,idle,17,mem_mib,2048,guest_elapsed_stdio_redirected,1648
2026-05-13T22:47:32+00:00,minimal,stock,idle,17,mem_mib,2048,guest_delta_stdio_redirected,1645
2026-05-13T22:47:32+00:00,minimal,stock,idle,17,mem_mib,2048,guest_elapsed_panic_hook_installed,3342
2026-05-13T22:47:32+00:00,minimal,stock,idle,17,mem_mib,2048,guest_delta_panic_hook_installed,1694
2026-05-13T22:47:32+00:00,minimal,stock,idle,17,mem_mib,2048,guest_elapsed_pseudo_fs_mounted,13883
2026-05-13T22:47:32+00:00,minimal,stock,idle,17,mem_mib,2048,guest_delta_pseudo_fs_mounted,10540
2026-05-13T22:47:32+00:00,minimal,stock,idle,17,mem_mib,2048,guest_elapsed_mount_namespace_private,20251
2026-05-13T22:47:32+00:00,minimal,stock,idle,17,mem_mib,2048,guest_delta_mount_namespace_private,6368
2026-05-13T22:47:32+00:00,minimal,stock,idle,17,mem_mib,2048,guest_elapsed_base_mounted,26168
2026-05-13T22:47:32+00:00,minimal,stock,idle,17,mem_mib,2048,guest_delta_base_mounted,5916
2026-05-13T22:47:32+00:00,minimal,stock,idle,17,mem_mib,2048,guest_elapsed_overlay_disk_mounted,33494
2026-05-13T22:47:32+00:00,minimal,stock,idle,17,mem_mib,2048,guest_delta_overlay_disk_mounted,7326
2026-05-13T22:47:32+00:00,minimal,stock,idle,17,mem_mib,2048,guest_elapsed_overlay_dirs_ready,38969
2026-05-13T22:47:32+00:00,minimal,stock,idle,17,mem_mib,2048,guest_delta_overlay_dirs_ready,5474
2026-05-13T22:47:32+00:00,minimal,stock,idle,17,mem_mib,2048,guest_elapsed_merged_mountpoint_ready,41790
2026-05-13T22:47:32+00:00,minimal,stock,idle,17,mem_mib,2048,guest_delta_merged_mountpoint_ready,2821
2026-05-13T22:47:32+00:00,minimal,stock,idle,17,mem_mib,2048,guest_elapsed_overlayfs_mounted,45063
2026-05-13T22:47:32+00:00,minimal,stock,idle,17,mem_mib,2048,guest_delta_overlayfs_mounted,3272
2026-05-13T22:47:32+00:00,minimal,stock,idle,17,mem_mib,2048,guest_elapsed_pseudo_fs_bound_into_merged,48530
2026-05-13T22:47:32+00:00,minimal,stock,idle,17,mem_mib,2048,guest_delta_pseudo_fs_bound_into_merged,3467
2026-05-13T22:47:32+00:00,minimal,stock,idle,17,mem_mib,2048,guest_elapsed_merged_self_bound,51937
2026-05-13T22:47:32+00:00,minimal,stock,idle,17,mem_mib,2048,guest_delta_merged_self_bound,3407
2026-05-13T22:47:32+00:00,minimal,stock,idle,17,mem_mib,2048,guest_elapsed_pivot_rootfs_done,53715
2026-05-13T22:47:32+00:00,minimal,stock,idle,17,mem_mib,2048,guest_delta_pivot_rootfs_done,1777
2026-05-13T22:47:32+00:00,minimal,stock,idle,17,mem_mib,2048,guest_elapsed_overlay_pivot_complete,55638
2026-05-13T22:47:32+00:00,minimal,stock,idle,17,mem_mib,2048,guest_delta_overlay_pivot_complete,1923
2026-05-13T22:47:32+00:00,minimal,stock,idle,17,mem_mib,2048,guest_elapsed_network_configured,57543
2026-05-13T22:47:32+00:00,minimal,stock,idle,17,mem_mib,2048,guest_delta_network_configured,1904
2026-05-13T22:47:32+00:00,minimal,stock,idle,17,mem_mib,2048,guest_elapsed_workspace_absent,59612
2026-05-13T22:47:32+00:00,minimal,stock,idle,17,mem_mib,2048,guest_delta_workspace_absent,2068
2026-05-13T22:47:32+00:00,minimal,stock,idle,17,mem_mib,2048,guest_elapsed_pid1_setup_complete,60456
2026-05-13T22:47:32+00:00,minimal,stock,idle,17,mem_mib,2048,guest_delta_pid1_setup_complete,844
2026-05-13T22:47:32+00:00,minimal,stock,idle,17,mem_mib,2048,guest_elapsed_guestd_starting_log,62103
2026-05-13T22:47:32+00:00,minimal,stock,idle,17,mem_mib,2048,guest_delta_guestd_starting_log,1647
2026-05-13T22:47:32+00:00,minimal,stock,idle,17,mem_mib,2048,guest_elapsed_exec_listener_bound,63140
2026-05-13T22:47:32+00:00,minimal,stock,idle,17,mem_mib,2048,guest_delta_exec_listener_bound,1036
2026-05-13T22:47:32+00:00,minimal,stock,idle,17,mem_mib,2048,guest_elapsed_ready_signal_sent,65279
2026-05-13T22:47:32+00:00,minimal,stock,idle,17,mem_mib,2048,guest_delta_ready_signal_sent,2139
2026-05-13T22:47:34+00:00,minimal,stock,idle,18,mem_mib,2048,phase_1_run_root_prep,42
2026-05-13T22:47:34+00:00,minimal,stock,idle,18,mem_mib,2048,phase_2_lease,32
2026-05-13T22:47:34+00:00,minimal,stock,idle,18,mem_mib,2048,phase_3b_rootfs_prepare,11062
2026-05-13T22:47:34+00:00,minimal,stock,idle,18,mem_mib,2048,phase_3_storage_prep,11118
2026-05-13T22:47:34+00:00,minimal,stock,idle,18,mem_mib,2048,phase_4_jailer_materialize,803
2026-05-13T22:47:34+00:00,minimal,stock,idle,18,mem_mib,2048,phase_5_cgroup_probe,0
2026-05-13T22:47:34+00:00,minimal,stock,idle,18,mem_mib,2048,phase_6_network_realize,0
2026-05-13T22:47:34+00:00,minimal,stock,idle,18,mem_mib,2048,phase_7_outbound_guest_config,0
2026-05-13T22:47:34+00:00,minimal,stock,idle,18,mem_mib,2048,phase_9_jailer_launch,31667
2026-05-13T22:47:34+00:00,minimal,stock,idle,18,mem_mib,2048,phase_5b_cgroup_create,50310
2026-05-13T22:47:34+00:00,minimal,stock,idle,18,mem_mib,2048,phase_10_open_uds,30
2026-05-13T22:47:34+00:00,minimal,stock,idle,18,mem_mib,2048,phase_11_put_machine_config,160
2026-05-13T22:47:34+00:00,minimal,stock,idle,18,mem_mib,2048,phase_11_put_boot_source,65
2026-05-13T22:47:34+00:00,minimal,stock,idle,18,mem_mib,2048,phase_11_put_drive_rootfs,78
2026-05-13T22:47:34+00:00,minimal,stock,idle,18,mem_mib,2048,phase_11_put_drive_rootfs_overlay,164
2026-05-13T22:47:34+00:00,minimal,stock,idle,18,mem_mib,2048,phase_11_put_entropy,78
2026-05-13T22:47:34+00:00,minimal,stock,idle,18,mem_mib,2048,phase_11_put_vsock,147
2026-05-13T22:47:34+00:00,minimal,stock,idle,18,mem_mib,2048,phase_11_rest_puts,1024
2026-05-13T22:47:34+00:00,minimal,stock,idle,18,mem_mib,2048,phase_11b_ready_listener_bind,37
2026-05-13T22:47:34+00:00,minimal,stock,idle,18,mem_mib,2048,phase_11c_boot_identity_record,44
2026-05-13T22:47:34+00:00,minimal,stock,idle,18,mem_mib,2048,phase_12a_instance_start,24005
2026-05-13T22:47:34+00:00,minimal,stock,idle,18,mem_mib,2048,phase_12b_host_waiting_accept,1048565
2026-05-13T22:47:34+00:00,minimal,stock,idle,18,mem_mib,2048,phase_12b_kernel_console_range,983580
2026-05-13T22:47:34+00:00,minimal,stock,idle,18,mem_mib,2048,phase_12b_guest_process_start,1
2026-05-13T22:47:34+00:00,minimal,stock,idle,18,mem_mib,2048,phase_12b_guest_stdio_redirected,1296
2026-05-13T22:47:34+00:00,minimal,stock,idle,18,mem_mib,2048,phase_12b_guest_panic_hook_installed,2644
2026-05-13T22:47:34+00:00,minimal,stock,idle,18,mem_mib,2048,phase_12b_guest_pseudo_fs_mounted,10936
2026-05-13T22:47:34+00:00,minimal,stock,idle,18,mem_mib,2048,phase_12b_guest_mount_namespace_private,16238
2026-05-13T22:47:34+00:00,minimal,stock,idle,18,mem_mib,2048,phase_12b_guest_base_mounted,21902
2026-05-13T22:47:34+00:00,minimal,stock,idle,18,mem_mib,2048,phase_12b_guest_overlay_disk_mounted,29228
2026-05-13T22:47:34+00:00,minimal,stock,idle,18,mem_mib,2048,phase_12b_guest_overlay_dirs_ready,34208
2026-05-13T22:47:34+00:00,minimal,stock,idle,18,mem_mib,2048,phase_12b_guest_merged_mountpoint_ready,37087
2026-05-13T22:47:34+00:00,minimal,stock,idle,18,mem_mib,2048,phase_12b_guest_overlayfs_mounted,40441
2026-05-13T22:47:34+00:00,minimal,stock,idle,18,mem_mib,2048,phase_12b_guest_pseudo_fs_bound_into_merged,43955
2026-05-13T22:47:34+00:00,minimal,stock,idle,18,mem_mib,2048,phase_12b_guest_merged_self_bound,47380
2026-05-13T22:47:34+00:00,minimal,stock,idle,18,mem_mib,2048,phase_12b_guest_pivot_rootfs_done,49159
2026-05-13T22:47:34+00:00,minimal,stock,idle,18,mem_mib,2048,phase_12b_guest_overlay_pivot_complete,51088
2026-05-13T22:47:34+00:00,minimal,stock,idle,18,mem_mib,2048,phase_12b_guest_network_configured,52993
2026-05-13T22:47:34+00:00,minimal,stock,idle,18,mem_mib,2048,phase_12b_guest_workspace_absent,55077
2026-05-13T22:47:34+00:00,minimal,stock,idle,18,mem_mib,2048,phase_12b_guest_pid1_setup_complete,55943
2026-05-13T22:47:34+00:00,minimal,stock,idle,18,mem_mib,2048,phase_12b_guest_guestd_starting_log,57605
2026-05-13T22:47:34+00:00,minimal,stock,idle,18,mem_mib,2048,phase_12b_guest_exec_listener_bound,58677
2026-05-13T22:47:34+00:00,minimal,stock,idle,18,mem_mib,2048,phase_12b_ready_accept,1049923
2026-05-13T22:47:34+00:00,minimal,stock,idle,18,mem_mib,2048,exec_send,7
2026-05-13T22:47:34+00:00,minimal,stock,idle,18,mem_mib,2048,exec_recv,11950
2026-05-13T22:47:34+00:00,minimal,stock,idle,18,mem_mib,2048,stop_bounded,85651
2026-05-13T22:47:34+00:00,minimal,stock,idle,18,mem_mib,2048,stop_release,110
2026-05-13T22:47:34+00:00,minimal,stock,idle,18,mem_mib,2048,guest_elapsed_process_start,1
2026-05-13T22:47:34+00:00,minimal,stock,idle,18,mem_mib,2048,guest_delta_process_start,1
2026-05-13T22:47:34+00:00,minimal,stock,idle,18,mem_mib,2048,guest_elapsed_stdio_redirected,1296
2026-05-13T22:47:34+00:00,minimal,stock,idle,18,mem_mib,2048,guest_delta_stdio_redirected,1294
2026-05-13T22:47:34+00:00,minimal,stock,idle,18,mem_mib,2048,guest_elapsed_panic_hook_installed,2644
2026-05-13T22:47:34+00:00,minimal,stock,idle,18,mem_mib,2048,guest_delta_panic_hook_installed,1347
2026-05-13T22:47:34+00:00,minimal,stock,idle,18,mem_mib,2048,guest_elapsed_pseudo_fs_mounted,10936
2026-05-13T22:47:34+00:00,minimal,stock,idle,18,mem_mib,2048,guest_delta_pseudo_fs_mounted,8291
2026-05-13T22:47:34+00:00,minimal,stock,idle,18,mem_mib,2048,guest_elapsed_mount_namespace_private,16238
2026-05-13T22:47:34+00:00,minimal,stock,idle,18,mem_mib,2048,guest_delta_mount_namespace_private,5301
2026-05-13T22:47:34+00:00,minimal,stock,idle,18,mem_mib,2048,guest_elapsed_base_mounted,21902
2026-05-13T22:47:34+00:00,minimal,stock,idle,18,mem_mib,2048,guest_delta_base_mounted,5663
2026-05-13T22:47:34+00:00,minimal,stock,idle,18,mem_mib,2048,guest_elapsed_overlay_disk_mounted,29228
2026-05-13T22:47:34+00:00,minimal,stock,idle,18,mem_mib,2048,guest_delta_overlay_disk_mounted,7325
2026-05-13T22:47:34+00:00,minimal,stock,idle,18,mem_mib,2048,guest_elapsed_overlay_dirs_ready,34208
2026-05-13T22:47:34+00:00,minimal,stock,idle,18,mem_mib,2048,guest_delta_overlay_dirs_ready,4980
2026-05-13T22:47:34+00:00,minimal,stock,idle,18,mem_mib,2048,guest_elapsed_merged_mountpoint_ready,37087
2026-05-13T22:47:34+00:00,minimal,stock,idle,18,mem_mib,2048,guest_delta_merged_mountpoint_ready,2878
2026-05-13T22:47:34+00:00,minimal,stock,idle,18,mem_mib,2048,guest_elapsed_overlayfs_mounted,40441
2026-05-13T22:47:34+00:00,minimal,stock,idle,18,mem_mib,2048,guest_delta_overlayfs_mounted,3354
2026-05-13T22:47:34+00:00,minimal,stock,idle,18,mem_mib,2048,guest_elapsed_pseudo_fs_bound_into_merged,43955
2026-05-13T22:47:34+00:00,minimal,stock,idle,18,mem_mib,2048,guest_delta_pseudo_fs_bound_into_merged,3513
2026-05-13T22:47:34+00:00,minimal,stock,idle,18,mem_mib,2048,guest_elapsed_merged_self_bound,47380
2026-05-13T22:47:34+00:00,minimal,stock,idle,18,mem_mib,2048,guest_delta_merged_self_bound,3424
2026-05-13T22:47:34+00:00,minimal,stock,idle,18,mem_mib,2048,guest_elapsed_pivot_rootfs_done,49159
2026-05-13T22:47:34+00:00,minimal,stock,idle,18,mem_mib,2048,guest_delta_pivot_rootfs_done,1779
2026-05-13T22:47:34+00:00,minimal,stock,idle,18,mem_mib,2048,guest_elapsed_overlay_pivot_complete,51088
2026-05-13T22:47:34+00:00,minimal,stock,idle,18,mem_mib,2048,guest_delta_overlay_pivot_complete,1928
2026-05-13T22:47:34+00:00,minimal,stock,idle,18,mem_mib,2048,guest_elapsed_network_configured,52993
2026-05-13T22:47:34+00:00,minimal,stock,idle,18,mem_mib,2048,guest_delta_network_configured,1905
2026-05-13T22:47:34+00:00,minimal,stock,idle,18,mem_mib,2048,guest_elapsed_workspace_absent,55077
2026-05-13T22:47:34+00:00,minimal,stock,idle,18,mem_mib,2048,guest_delta_workspace_absent,2083
2026-05-13T22:47:34+00:00,minimal,stock,idle,18,mem_mib,2048,guest_elapsed_pid1_setup_complete,55943
2026-05-13T22:47:34+00:00,minimal,stock,idle,18,mem_mib,2048,guest_delta_pid1_setup_complete,865
2026-05-13T22:47:34+00:00,minimal,stock,idle,18,mem_mib,2048,guest_elapsed_guestd_starting_log,57605
2026-05-13T22:47:34+00:00,minimal,stock,idle,18,mem_mib,2048,guest_delta_guestd_starting_log,1662
2026-05-13T22:47:34+00:00,minimal,stock,idle,18,mem_mib,2048,guest_elapsed_exec_listener_bound,58677
2026-05-13T22:47:34+00:00,minimal,stock,idle,18,mem_mib,2048,guest_delta_exec_listener_bound,1072
2026-05-13T22:47:34+00:00,minimal,stock,idle,18,mem_mib,2048,guest_elapsed_ready_signal_sent,60813
2026-05-13T22:47:34+00:00,minimal,stock,idle,18,mem_mib,2048,guest_delta_ready_signal_sent,2135
2026-05-13T22:47:35+00:00,minimal,stock,idle,19,mem_mib,2048,phase_1_run_root_prep,63
2026-05-13T22:47:35+00:00,minimal,stock,idle,19,mem_mib,2048,phase_2_lease,35
2026-05-13T22:47:35+00:00,minimal,stock,idle,19,mem_mib,2048,phase_3b_rootfs_prepare,10285
2026-05-13T22:47:35+00:00,minimal,stock,idle,19,mem_mib,2048,phase_3_storage_prep,10357
2026-05-13T22:47:35+00:00,minimal,stock,idle,19,mem_mib,2048,phase_4_jailer_materialize,616
2026-05-13T22:47:35+00:00,minimal,stock,idle,19,mem_mib,2048,phase_5_cgroup_probe,0
2026-05-13T22:47:35+00:00,minimal,stock,idle,19,mem_mib,2048,phase_6_network_realize,6
2026-05-13T22:47:35+00:00,minimal,stock,idle,19,mem_mib,2048,phase_7_outbound_guest_config,0
2026-05-13T22:47:35+00:00,minimal,stock,idle,19,mem_mib,2048,phase_9_jailer_launch,15560
2026-05-13T22:47:35+00:00,minimal,stock,idle,19,mem_mib,2048,phase_5b_cgroup_create,16639
2026-05-13T22:47:35+00:00,minimal,stock,idle,19,mem_mib,2048,phase_10_open_uds,28
2026-05-13T22:47:35+00:00,minimal,stock,idle,19,mem_mib,2048,phase_11_put_machine_config,167
2026-05-13T22:47:35+00:00,minimal,stock,idle,19,mem_mib,2048,phase_11_put_boot_source,82
2026-05-13T22:47:35+00:00,minimal,stock,idle,19,mem_mib,2048,phase_11_put_drive_rootfs,88
2026-05-13T22:47:35+00:00,minimal,stock,idle,19,mem_mib,2048,phase_11_put_drive_rootfs_overlay,165
2026-05-13T22:47:35+00:00,minimal,stock,idle,19,mem_mib,2048,phase_11_put_entropy,102
2026-05-13T22:47:35+00:00,minimal,stock,idle,19,mem_mib,2048,phase_11_put_vsock,177
2026-05-13T22:47:35+00:00,minimal,stock,idle,19,mem_mib,2048,phase_11_rest_puts,1467
2026-05-13T22:47:35+00:00,minimal,stock,idle,19,mem_mib,2048,phase_11b_ready_listener_bind,92
2026-05-13T22:47:35+00:00,minimal,stock,idle,19,mem_mib,2048,phase_11c_boot_identity_record,89
2026-05-13T22:47:35+00:00,minimal,stock,idle,19,mem_mib,2048,phase_12a_instance_start,19759
2026-05-13T22:47:35+00:00,minimal,stock,idle,19,mem_mib,2048,phase_12b_host_waiting_accept,1049488
2026-05-13T22:47:35+00:00,minimal,stock,idle,19,mem_mib,2048,phase_12b_kernel_console_range,984155
2026-05-13T22:47:35+00:00,minimal,stock,idle,19,mem_mib,2048,phase_12b_guest_process_start,2
2026-05-13T22:47:35+00:00,minimal,stock,idle,19,mem_mib,2048,phase_12b_guest_stdio_redirected,1632
2026-05-13T22:47:35+00:00,minimal,stock,idle,19,mem_mib,2048,phase_12b_guest_panic_hook_installed,3343
2026-05-13T22:47:35+00:00,minimal,stock,idle,19,mem_mib,2048,phase_12b_guest_pseudo_fs_mounted,14037
2026-05-13T22:47:35+00:00,minimal,stock,idle,19,mem_mib,2048,phase_12b_guest_mount_namespace_private,20383
2026-05-13T22:47:35+00:00,minimal,stock,idle,19,mem_mib,2048,phase_12b_guest_base_mounted,26434
2026-05-13T22:47:35+00:00,minimal,stock,idle,19,mem_mib,2048,phase_12b_guest_overlay_disk_mounted,33871
2026-05-13T22:47:35+00:00,minimal,stock,idle,19,mem_mib,2048,phase_12b_guest_overlay_dirs_ready,39353
2026-05-13T22:47:35+00:00,minimal,stock,idle,19,mem_mib,2048,phase_12b_guest_merged_mountpoint_ready,42211
2026-05-13T22:47:35+00:00,minimal,stock,idle,19,mem_mib,2048,phase_12b_guest_overlayfs_mounted,45551
2026-05-13T22:47:35+00:00,minimal,stock,idle,19,mem_mib,2048,phase_12b_guest_pseudo_fs_bound_into_merged,49058
2026-05-13T22:47:35+00:00,minimal,stock,idle,19,mem_mib,2048,phase_12b_guest_merged_self_bound,52478
2026-05-13T22:47:35+00:00,minimal,stock,idle,19,mem_mib,2048,phase_12b_guest_pivot_rootfs_done,54264
2026-05-13T22:47:35+00:00,minimal,stock,idle,19,mem_mib,2048,phase_12b_guest_overlay_pivot_complete,56198
2026-05-13T22:47:35+00:00,minimal,stock,idle,19,mem_mib,2048,phase_12b_guest_network_configured,58096
2026-05-13T22:47:35+00:00,minimal,stock,idle,19,mem_mib,2048,phase_12b_guest_workspace_absent,60178
2026-05-13T22:47:35+00:00,minimal,stock,idle,19,mem_mib,2048,phase_12b_guest_pid1_setup_complete,61038
2026-05-13T22:47:35+00:00,minimal,stock,idle,19,mem_mib,2048,phase_12b_guest_guestd_starting_log,62729
2026-05-13T22:47:35+00:00,minimal,stock,idle,19,mem_mib,2048,phase_12b_guest_exec_listener_bound,63784
2026-05-13T22:47:35+00:00,minimal,stock,idle,19,mem_mib,2048,phase_12b_ready_accept,1051794
2026-05-13T22:47:35+00:00,minimal,stock,idle,19,mem_mib,2048,exec_send,18
2026-05-13T22:47:35+00:00,minimal,stock,idle,19,mem_mib,2048,exec_recv,12149
2026-05-13T22:47:35+00:00,minimal,stock,idle,19,mem_mib,2048,stop_bounded,70113
2026-05-13T22:47:35+00:00,minimal,stock,idle,19,mem_mib,2048,stop_release,108
2026-05-13T22:47:35+00:00,minimal,stock,idle,19,mem_mib,2048,guest_elapsed_process_start,2
2026-05-13T22:47:35+00:00,minimal,stock,idle,19,mem_mib,2048,guest_delta_process_start,2
2026-05-13T22:47:35+00:00,minimal,stock,idle,19,mem_mib,2048,guest_elapsed_stdio_redirected,1632
2026-05-13T22:47:35+00:00,minimal,stock,idle,19,mem_mib,2048,guest_delta_stdio_redirected,1630
2026-05-13T22:47:35+00:00,minimal,stock,idle,19,mem_mib,2048,guest_elapsed_panic_hook_installed,3343
2026-05-13T22:47:35+00:00,minimal,stock,idle,19,mem_mib,2048,guest_delta_panic_hook_installed,1711
2026-05-13T22:47:35+00:00,minimal,stock,idle,19,mem_mib,2048,guest_elapsed_pseudo_fs_mounted,14037
2026-05-13T22:47:35+00:00,minimal,stock,idle,19,mem_mib,2048,guest_delta_pseudo_fs_mounted,10694
2026-05-13T22:47:35+00:00,minimal,stock,idle,19,mem_mib,2048,guest_elapsed_mount_namespace_private,20383
2026-05-13T22:47:35+00:00,minimal,stock,idle,19,mem_mib,2048,guest_delta_mount_namespace_private,6345
2026-05-13T22:47:35+00:00,minimal,stock,idle,19,mem_mib,2048,guest_elapsed_base_mounted,26434
2026-05-13T22:47:35+00:00,minimal,stock,idle,19,mem_mib,2048,guest_delta_base_mounted,6050
2026-05-13T22:47:35+00:00,minimal,stock,idle,19,mem_mib,2048,guest_elapsed_overlay_disk_mounted,33871
2026-05-13T22:47:35+00:00,minimal,stock,idle,19,mem_mib,2048,guest_delta_overlay_disk_mounted,7437
2026-05-13T22:47:35+00:00,minimal,stock,idle,19,mem_mib,2048,guest_elapsed_overlay_dirs_ready,39353
2026-05-13T22:47:35+00:00,minimal,stock,idle,19,mem_mib,2048,guest_delta_overlay_dirs_ready,5481
2026-05-13T22:47:35+00:00,minimal,stock,idle,19,mem_mib,2048,guest_elapsed_merged_mountpoint_ready,42211
2026-05-13T22:47:35+00:00,minimal,stock,idle,19,mem_mib,2048,guest_delta_merged_mountpoint_ready,2857
2026-05-13T22:47:35+00:00,minimal,stock,idle,19,mem_mib,2048,guest_elapsed_overlayfs_mounted,45551
2026-05-13T22:47:35+00:00,minimal,stock,idle,19,mem_mib,2048,guest_delta_overlayfs_mounted,3339
2026-05-13T22:47:35+00:00,minimal,stock,idle,19,mem_mib,2048,guest_elapsed_pseudo_fs_bound_into_merged,49058
2026-05-13T22:47:35+00:00,minimal,stock,idle,19,mem_mib,2048,guest_delta_pseudo_fs_bound_into_merged,3507
2026-05-13T22:47:35+00:00,minimal,stock,idle,19,mem_mib,2048,guest_elapsed_merged_self_bound,52478
2026-05-13T22:47:35+00:00,minimal,stock,idle,19,mem_mib,2048,guest_delta_merged_self_bound,3419
2026-05-13T22:47:35+00:00,minimal,stock,idle,19,mem_mib,2048,guest_elapsed_pivot_rootfs_done,54264
2026-05-13T22:47:35+00:00,minimal,stock,idle,19,mem_mib,2048,guest_delta_pivot_rootfs_done,1786
2026-05-13T22:47:35+00:00,minimal,stock,idle,19,mem_mib,2048,guest_elapsed_overlay_pivot_complete,56198
2026-05-13T22:47:35+00:00,minimal,stock,idle,19,mem_mib,2048,guest_delta_overlay_pivot_complete,1934
2026-05-13T22:47:35+00:00,minimal,stock,idle,19,mem_mib,2048,guest_elapsed_network_configured,58096
2026-05-13T22:47:35+00:00,minimal,stock,idle,19,mem_mib,2048,guest_delta_network_configured,1897
2026-05-13T22:47:35+00:00,minimal,stock,idle,19,mem_mib,2048,guest_elapsed_workspace_absent,60178
2026-05-13T22:47:35+00:00,minimal,stock,idle,19,mem_mib,2048,guest_delta_workspace_absent,2082
2026-05-13T22:47:35+00:00,minimal,stock,idle,19,mem_mib,2048,guest_elapsed_pid1_setup_complete,61038
2026-05-13T22:47:35+00:00,minimal,stock,idle,19,mem_mib,2048,guest_delta_pid1_setup_complete,859
2026-05-13T22:47:35+00:00,minimal,stock,idle,19,mem_mib,2048,guest_elapsed_guestd_starting_log,62729
2026-05-13T22:47:35+00:00,minimal,stock,idle,19,mem_mib,2048,guest_delta_guestd_starting_log,1691
2026-05-13T22:47:35+00:00,minimal,stock,idle,19,mem_mib,2048,guest_elapsed_exec_listener_bound,63784
2026-05-13T22:47:35+00:00,minimal,stock,idle,19,mem_mib,2048,guest_delta_exec_listener_bound,1054
2026-05-13T22:47:35+00:00,minimal,stock,idle,19,mem_mib,2048,guest_elapsed_ready_signal_sent,65933
2026-05-13T22:47:35+00:00,minimal,stock,idle,19,mem_mib,2048,guest_delta_ready_signal_sent,2148
2026-05-13T22:47:37+00:00,minimal,stock,idle,20,mem_mib,2048,phase_1_run_root_prep,65
2026-05-13T22:47:37+00:00,minimal,stock,idle,20,mem_mib,2048,phase_2_lease,37
2026-05-13T22:47:37+00:00,minimal,stock,idle,20,mem_mib,2048,phase_3b_rootfs_prepare,11115
2026-05-13T22:47:37+00:00,minimal,stock,idle,20,mem_mib,2048,phase_3_storage_prep,11183
2026-05-13T22:47:37+00:00,minimal,stock,idle,20,mem_mib,2048,phase_4_jailer_materialize,4034
2026-05-13T22:47:37+00:00,minimal,stock,idle,20,mem_mib,2048,phase_5_cgroup_probe,0
2026-05-13T22:47:37+00:00,minimal,stock,idle,20,mem_mib,2048,phase_6_network_realize,0
2026-05-13T22:47:37+00:00,minimal,stock,idle,20,mem_mib,2048,phase_7_outbound_guest_config,0
2026-05-13T22:47:37+00:00,minimal,stock,idle,20,mem_mib,2048,phase_9_jailer_launch,15563
2026-05-13T22:47:37+00:00,minimal,stock,idle,20,mem_mib,2048,phase_5b_cgroup_create,18736
2026-05-13T22:47:37+00:00,minimal,stock,idle,20,mem_mib,2048,phase_10_open_uds,22
2026-05-13T22:47:37+00:00,minimal,stock,idle,20,mem_mib,2048,phase_11_put_machine_config,224
2026-05-13T22:47:37+00:00,minimal,stock,idle,20,mem_mib,2048,phase_11_put_boot_source,88
2026-05-13T22:47:37+00:00,minimal,stock,idle,20,mem_mib,2048,phase_11_put_drive_rootfs,108
2026-05-13T22:47:37+00:00,minimal,stock,idle,20,mem_mib,2048,phase_11_put_drive_rootfs_overlay,180
2026-05-13T22:47:37+00:00,minimal,stock,idle,20,mem_mib,2048,phase_11_put_entropy,80
2026-05-13T22:47:37+00:00,minimal,stock,idle,20,mem_mib,2048,phase_11_put_vsock,139
2026-05-13T22:47:37+00:00,minimal,stock,idle,20,mem_mib,2048,phase_11_rest_puts,1149
2026-05-13T22:47:37+00:00,minimal,stock,idle,20,mem_mib,2048,phase_11b_ready_listener_bind,36
2026-05-13T22:47:37+00:00,minimal,stock,idle,20,mem_mib,2048,phase_11c_boot_identity_record,43
2026-05-13T22:47:37+00:00,minimal,stock,idle,20,mem_mib,2048,phase_12a_instance_start,20164
2026-05-13T22:47:37+00:00,minimal,stock,idle,20,mem_mib,2048,phase_12b_host_waiting_accept,1016325
2026-05-13T22:47:37+00:00,minimal,stock,idle,20,mem_mib,2048,phase_12b_kernel_console_range,950678
2026-05-13T22:47:37+00:00,minimal,stock,idle,20,mem_mib,2048,phase_12b_guest_process_start,2
2026-05-13T22:47:37+00:00,minimal,stock,idle,20,mem_mib,2048,phase_12b_guest_stdio_redirected,1713
2026-05-13T22:47:37+00:00,minimal,stock,idle,20,mem_mib,2048,phase_12b_guest_panic_hook_installed,3415
2026-05-13T22:47:37+00:00,minimal,stock,idle,20,mem_mib,2048,phase_12b_guest_pseudo_fs_mounted,13915
2026-05-13T22:47:37+00:00,minimal,stock,idle,20,mem_mib,2048,phase_12b_guest_mount_namespace_private,20246
2026-05-13T22:47:37+00:00,minimal,stock,idle,20,mem_mib,2048,phase_12b_guest_base_mounted,25911
2026-05-13T22:47:37+00:00,minimal,stock,idle,20,mem_mib,2048,phase_12b_guest_overlay_disk_mounted,33290
2026-05-13T22:47:37+00:00,minimal,stock,idle,20,mem_mib,2048,phase_12b_guest_overlay_dirs_ready,38268
2026-05-13T22:47:37+00:00,minimal,stock,idle,20,mem_mib,2048,phase_12b_guest_merged_mountpoint_ready,41122
2026-05-13T22:47:37+00:00,minimal,stock,idle,20,mem_mib,2048,phase_12b_guest_overlayfs_mounted,44433
2026-05-13T22:47:37+00:00,minimal,stock,idle,20,mem_mib,2048,phase_12b_guest_pseudo_fs_bound_into_merged,47897
2026-05-13T22:47:37+00:00,minimal,stock,idle,20,mem_mib,2048,phase_12b_guest_merged_self_bound,51304
2026-05-13T22:47:37+00:00,minimal,stock,idle,20,mem_mib,2048,phase_12b_guest_pivot_rootfs_done,53069
2026-05-13T22:47:37+00:00,minimal,stock,idle,20,mem_mib,2048,phase_12b_guest_overlay_pivot_complete,54992
2026-05-13T22:47:37+00:00,minimal,stock,idle,20,mem_mib,2048,phase_12b_guest_network_configured,56872
2026-05-13T22:47:37+00:00,minimal,stock,idle,20,mem_mib,2048,phase_12b_guest_workspace_absent,58938
2026-05-13T22:47:37+00:00,minimal,stock,idle,20,mem_mib,2048,phase_12b_guest_pid1_setup_complete,59788
2026-05-13T22:47:37+00:00,minimal,stock,idle,20,mem_mib,2048,phase_12b_guest_guestd_starting_log,61444
2026-05-13T22:47:37+00:00,minimal,stock,idle,20,mem_mib,2048,phase_12b_guest_exec_listener_bound,62467
2026-05-13T22:47:37+00:00,minimal,stock,idle,20,mem_mib,2048,phase_12b_ready_accept,1018746
2026-05-13T22:47:37+00:00,minimal,stock,idle,20,mem_mib,2048,exec_send,22
2026-05-13T22:47:37+00:00,minimal,stock,idle,20,mem_mib,2048,exec_recv,11919
2026-05-13T22:47:37+00:00,minimal,stock,idle,20,mem_mib,2048,stop_bounded,68634
2026-05-13T22:47:37+00:00,minimal,stock,idle,20,mem_mib,2048,stop_release,117
2026-05-13T22:47:37+00:00,minimal,stock,idle,20,mem_mib,2048,guest_elapsed_process_start,2
2026-05-13T22:47:37+00:00,minimal,stock,idle,20,mem_mib,2048,guest_delta_process_start,2
2026-05-13T22:47:37+00:00,minimal,stock,idle,20,mem_mib,2048,guest_elapsed_stdio_redirected,1713
2026-05-13T22:47:37+00:00,minimal,stock,idle,20,mem_mib,2048,guest_delta_stdio_redirected,1711
2026-05-13T22:47:37+00:00,minimal,stock,idle,20,mem_mib,2048,guest_elapsed_panic_hook_installed,3415
2026-05-13T22:47:37+00:00,minimal,stock,idle,20,mem_mib,2048,guest_delta_panic_hook_installed,1701
2026-05-13T22:47:37+00:00,minimal,stock,idle,20,mem_mib,2048,guest_elapsed_pseudo_fs_mounted,13915
2026-05-13T22:47:37+00:00,minimal,stock,idle,20,mem_mib,2048,guest_delta_pseudo_fs_mounted,10500
2026-05-13T22:47:37+00:00,minimal,stock,idle,20,mem_mib,2048,guest_elapsed_mount_namespace_private,20246
2026-05-13T22:47:37+00:00,minimal,stock,idle,20,mem_mib,2048,guest_delta_mount_namespace_private,6330
2026-05-13T22:47:37+00:00,minimal,stock,idle,20,mem_mib,2048,guest_elapsed_base_mounted,25911
2026-05-13T22:47:37+00:00,minimal,stock,idle,20,mem_mib,2048,guest_delta_base_mounted,5665
2026-05-13T22:47:37+00:00,minimal,stock,idle,20,mem_mib,2048,guest_elapsed_overlay_disk_mounted,33290
2026-05-13T22:47:37+00:00,minimal,stock,idle,20,mem_mib,2048,guest_delta_overlay_disk_mounted,7379
2026-05-13T22:47:37+00:00,minimal,stock,idle,20,mem_mib,2048,guest_elapsed_overlay_dirs_ready,38268
2026-05-13T22:47:37+00:00,minimal,stock,idle,20,mem_mib,2048,guest_delta_overlay_dirs_ready,4977
2026-05-13T22:47:37+00:00,minimal,stock,idle,20,mem_mib,2048,guest_elapsed_merged_mountpoint_ready,41122
2026-05-13T22:47:37+00:00,minimal,stock,idle,20,mem_mib,2048,guest_delta_merged_mountpoint_ready,2853
2026-05-13T22:47:37+00:00,minimal,stock,idle,20,mem_mib,2048,guest_elapsed_overlayfs_mounted,44433
2026-05-13T22:47:37+00:00,minimal,stock,idle,20,mem_mib,2048,guest_delta_overlayfs_mounted,3310
2026-05-13T22:47:37+00:00,minimal,stock,idle,20,mem_mib,2048,guest_elapsed_pseudo_fs_bound_into_merged,47897
2026-05-13T22:47:37+00:00,minimal,stock,idle,20,mem_mib,2048,guest_delta_pseudo_fs_bound_into_merged,3464
2026-05-13T22:47:37+00:00,minimal,stock,idle,20,mem_mib,2048,guest_elapsed_merged_self_bound,51304
2026-05-13T22:47:37+00:00,minimal,stock,idle,20,mem_mib,2048,guest_delta_merged_self_bound,3406
2026-05-13T22:47:37+00:00,minimal,stock,idle,20,mem_mib,2048,guest_elapsed_pivot_rootfs_done,53069
2026-05-13T22:47:37+00:00,minimal,stock,idle,20,mem_mib,2048,guest_delta_pivot_rootfs_done,1764
2026-05-13T22:47:37+00:00,minimal,stock,idle,20,mem_mib,2048,guest_elapsed_overlay_pivot_complete,54992
2026-05-13T22:47:37+00:00,minimal,stock,idle,20,mem_mib,2048,guest_delta_overlay_pivot_complete,1923
2026-05-13T22:47:37+00:00,minimal,stock,idle,20,mem_mib,2048,guest_elapsed_network_configured,56872
2026-05-13T22:47:37+00:00,minimal,stock,idle,20,mem_mib,2048,guest_delta_network_configured,1879
2026-05-13T22:47:37+00:00,minimal,stock,idle,20,mem_mib,2048,guest_elapsed_workspace_absent,58938
2026-05-13T22:47:37+00:00,minimal,stock,idle,20,mem_mib,2048,guest_delta_workspace_absent,2065
2026-05-13T22:47:37+00:00,minimal,stock,idle,20,mem_mib,2048,guest_elapsed_pid1_setup_complete,59788
2026-05-13T22:47:37+00:00,minimal,stock,idle,20,mem_mib,2048,guest_delta_pid1_setup_complete,850
2026-05-13T22:47:37+00:00,minimal,stock,idle,20,mem_mib,2048,guest_elapsed_guestd_starting_log,61444
2026-05-13T22:47:37+00:00,minimal,stock,idle,20,mem_mib,2048,guest_delta_guestd_starting_log,1655
2026-05-13T22:47:37+00:00,minimal,stock,idle,20,mem_mib,2048,guest_elapsed_exec_listener_bound,62467
2026-05-13T22:47:37+00:00,minimal,stock,idle,20,mem_mib,2048,guest_delta_exec_listener_bound,1022
2026-05-13T22:47:37+00:00,minimal,stock,idle,20,mem_mib,2048,guest_elapsed_ready_signal_sent,64620
2026-05-13T22:47:37+00:00,minimal,stock,idle,20,mem_mib,2048,guest_delta_ready_signal_sent,2153
2026-05-13T22:47:38+00:00,minimal,stock,idle,21,mem_mib,2048,phase_1_run_root_prep,58
2026-05-13T22:47:38+00:00,minimal,stock,idle,21,mem_mib,2048,phase_2_lease,35
2026-05-13T22:47:38+00:00,minimal,stock,idle,21,mem_mib,2048,phase_3b_rootfs_prepare,11812
2026-05-13T22:47:38+00:00,minimal,stock,idle,21,mem_mib,2048,phase_3_storage_prep,11873
2026-05-13T22:47:38+00:00,minimal,stock,idle,21,mem_mib,2048,phase_4_jailer_materialize,1341
2026-05-13T22:47:38+00:00,minimal,stock,idle,21,mem_mib,2048,phase_5_cgroup_probe,0
2026-05-13T22:47:38+00:00,minimal,stock,idle,21,mem_mib,2048,phase_6_network_realize,0
2026-05-13T22:47:38+00:00,minimal,stock,idle,21,mem_mib,2048,phase_7_outbound_guest_config,0
2026-05-13T22:47:38+00:00,minimal,stock,idle,21,mem_mib,2048,phase_9_jailer_launch,15492
2026-05-13T22:47:38+00:00,minimal,stock,idle,21,mem_mib,2048,phase_5b_cgroup_create,17365
2026-05-13T22:47:38+00:00,minimal,stock,idle,21,mem_mib,2048,phase_10_open_uds,24
2026-05-13T22:47:38+00:00,minimal,stock,idle,21,mem_mib,2048,phase_11_put_machine_config,346
2026-05-13T22:47:38+00:00,minimal,stock,idle,21,mem_mib,2048,phase_11_put_boot_source,97
2026-05-13T22:47:38+00:00,minimal,stock,idle,21,mem_mib,2048,phase_11_put_drive_rootfs,101
2026-05-13T22:47:38+00:00,minimal,stock,idle,21,mem_mib,2048,phase_11_put_drive_rootfs_overlay,248
2026-05-13T22:47:38+00:00,minimal,stock,idle,21,mem_mib,2048,phase_11_put_entropy,129
2026-05-13T22:47:38+00:00,minimal,stock,idle,21,mem_mib,2048,phase_11_put_vsock,180
2026-05-13T22:47:38+00:00,minimal,stock,idle,21,mem_mib,2048,phase_11_rest_puts,1789
2026-05-13T22:47:38+00:00,minimal,stock,idle,21,mem_mib,2048,phase_11b_ready_listener_bind,87
2026-05-13T22:47:38+00:00,minimal,stock,idle,21,mem_mib,2048,phase_11c_boot_identity_record,94
2026-05-13T22:47:38+00:00,minimal,stock,idle,21,mem_mib,2048,phase_12a_instance_start,13930
2026-05-13T22:47:38+00:00,minimal,stock,idle,21,mem_mib,2048,phase_12b_host_waiting_accept,1047604
2026-05-13T22:47:38+00:00,minimal,stock,idle,21,mem_mib,2048,phase_12b_kernel_console_range,980356
2026-05-13T22:47:38+00:00,minimal,stock,idle,21,mem_mib,2048,phase_12b_guest_process_start,2
2026-05-13T22:47:38+00:00,minimal,stock,idle,21,mem_mib,2048,phase_12b_guest_stdio_redirected,1652
2026-05-13T22:47:38+00:00,minimal,stock,idle,21,mem_mib,2048,phase_12b_guest_panic_hook_installed,3326
2026-05-13T22:47:38+00:00,minimal,stock,idle,21,mem_mib,2048,phase_12b_guest_pseudo_fs_mounted,13805
2026-05-13T22:47:38+00:00,minimal,stock,idle,21,mem_mib,2048,phase_12b_guest_mount_namespace_private,20083
2026-05-13T22:47:38+00:00,minimal,stock,idle,21,mem_mib,2048,phase_12b_guest_base_mounted,25941
2026-05-13T22:47:38+00:00,minimal,stock,idle,21,mem_mib,2048,phase_12b_guest_overlay_disk_mounted,33315
2026-05-13T22:47:38+00:00,minimal,stock,idle,21,mem_mib,2048,phase_12b_guest_overlay_dirs_ready,38257
2026-05-13T22:47:38+00:00,minimal,stock,idle,21,mem_mib,2048,phase_12b_guest_merged_mountpoint_ready,41113
2026-05-13T22:47:38+00:00,minimal,stock,idle,21,mem_mib,2048,phase_12b_guest_overlayfs_mounted,44428
2026-05-13T22:47:38+00:00,minimal,stock,idle,21,mem_mib,2048,phase_12b_guest_pseudo_fs_bound_into_merged,47908
2026-05-13T22:47:38+00:00,minimal,stock,idle,21,mem_mib,2048,phase_12b_guest_merged_self_bound,51296
2026-05-13T22:47:38+00:00,minimal,stock,idle,21,mem_mib,2048,phase_12b_guest_pivot_rootfs_done,53123
2026-05-13T22:47:38+00:00,minimal,stock,idle,21,mem_mib,2048,phase_12b_guest_overlay_pivot_complete,55035
2026-05-13T22:47:38+00:00,minimal,stock,idle,21,mem_mib,2048,phase_12b_guest_network_configured,56919
2026-05-13T22:47:38+00:00,minimal,stock,idle,21,mem_mib,2048,phase_12b_guest_workspace_absent,58989
2026-05-13T22:47:38+00:00,minimal,stock,idle,21,mem_mib,2048,phase_12b_guest_pid1_setup_complete,59848
2026-05-13T22:47:38+00:00,minimal,stock,idle,21,mem_mib,2048,phase_12b_guest_guestd_starting_log,61487
2026-05-13T22:47:38+00:00,minimal,stock,idle,21,mem_mib,2048,phase_12b_guest_exec_listener_bound,62529
2026-05-13T22:47:38+00:00,minimal,stock,idle,21,mem_mib,2048,phase_12b_ready_accept,1049942
2026-05-13T22:47:38+00:00,minimal,stock,idle,21,mem_mib,2048,exec_send,19
2026-05-13T22:47:38+00:00,minimal,stock,idle,21,mem_mib,2048,exec_recv,11927
2026-05-13T22:47:38+00:00,minimal,stock,idle,21,mem_mib,2048,stop_bounded,70302
2026-05-13T22:47:38+00:00,minimal,stock,idle,21,mem_mib,2048,stop_release,134
2026-05-13T22:47:38+00:00,minimal,stock,idle,21,mem_mib,2048,guest_elapsed_process_start,2
2026-05-13T22:47:38+00:00,minimal,stock,idle,21,mem_mib,2048,guest_delta_process_start,2
2026-05-13T22:47:38+00:00,minimal,stock,idle,21,mem_mib,2048,guest_elapsed_stdio_redirected,1652
2026-05-13T22:47:38+00:00,minimal,stock,idle,21,mem_mib,2048,guest_delta_stdio_redirected,1649
2026-05-13T22:47:38+00:00,minimal,stock,idle,21,mem_mib,2048,guest_elapsed_panic_hook_installed,3326
2026-05-13T22:47:38+00:00,minimal,stock,idle,21,mem_mib,2048,guest_delta_panic_hook_installed,1674
2026-05-13T22:47:38+00:00,minimal,stock,idle,21,mem_mib,2048,guest_elapsed_pseudo_fs_mounted,13805
2026-05-13T22:47:38+00:00,minimal,stock,idle,21,mem_mib,2048,guest_delta_pseudo_fs_mounted,10479
2026-05-13T22:47:38+00:00,minimal,stock,idle,21,mem_mib,2048,guest_elapsed_mount_namespace_private,20083
2026-05-13T22:47:38+00:00,minimal,stock,idle,21,mem_mib,2048,guest_delta_mount_namespace_private,6277
2026-05-13T22:47:38+00:00,minimal,stock,idle,21,mem_mib,2048,guest_elapsed_base_mounted,25941
2026-05-13T22:47:38+00:00,minimal,stock,idle,21,mem_mib,2048,guest_delta_base_mounted,5858
2026-05-13T22:47:38+00:00,minimal,stock,idle,21,mem_mib,2048,guest_elapsed_overlay_disk_mounted,33315
2026-05-13T22:47:38+00:00,minimal,stock,idle,21,mem_mib,2048,guest_delta_overlay_disk_mounted,7373
2026-05-13T22:47:38+00:00,minimal,stock,idle,21,mem_mib,2048,guest_elapsed_overlay_dirs_ready,38257
2026-05-13T22:47:38+00:00,minimal,stock,idle,21,mem_mib,2048,guest_delta_overlay_dirs_ready,4941
2026-05-13T22:47:38+00:00,minimal,stock,idle,21,mem_mib,2048,guest_elapsed_merged_mountpoint_ready,41113
2026-05-13T22:47:38+00:00,minimal,stock,idle,21,mem_mib,2048,guest_delta_merged_mountpoint_ready,2856
2026-05-13T22:47:38+00:00,minimal,stock,idle,21,mem_mib,2048,guest_elapsed_overlayfs_mounted,44428
2026-05-13T22:47:38+00:00,minimal,stock,idle,21,mem_mib,2048,guest_delta_overlayfs_mounted,3315
2026-05-13T22:47:38+00:00,minimal,stock,idle,21,mem_mib,2048,guest_elapsed_pseudo_fs_bound_into_merged,47908
2026-05-13T22:47:38+00:00,minimal,stock,idle,21,mem_mib,2048,guest_delta_pseudo_fs_bound_into_merged,3479
2026-05-13T22:47:38+00:00,minimal,stock,idle,21,mem_mib,2048,guest_elapsed_merged_self_bound,51296
2026-05-13T22:47:38+00:00,minimal,stock,idle,21,mem_mib,2048,guest_delta_merged_self_bound,3387
2026-05-13T22:47:38+00:00,minimal,stock,idle,21,mem_mib,2048,guest_elapsed_pivot_rootfs_done,53123
2026-05-13T22:47:38+00:00,minimal,stock,idle,21,mem_mib,2048,guest_delta_pivot_rootfs_done,1827
2026-05-13T22:47:38+00:00,minimal,stock,idle,21,mem_mib,2048,guest_elapsed_overlay_pivot_complete,55035
2026-05-13T22:47:38+00:00,minimal,stock,idle,21,mem_mib,2048,guest_delta_overlay_pivot_complete,1912
2026-05-13T22:47:38+00:00,minimal,stock,idle,21,mem_mib,2048,guest_elapsed_network_configured,56919
2026-05-13T22:47:38+00:00,minimal,stock,idle,21,mem_mib,2048,guest_delta_network_configured,1883
2026-05-13T22:47:38+00:00,minimal,stock,idle,21,mem_mib,2048,guest_elapsed_workspace_absent,58989
2026-05-13T22:47:38+00:00,minimal,stock,idle,21,mem_mib,2048,guest_delta_workspace_absent,2070
2026-05-13T22:47:38+00:00,minimal,stock,idle,21,mem_mib,2048,guest_elapsed_pid1_setup_complete,59848
2026-05-13T22:47:38+00:00,minimal,stock,idle,21,mem_mib,2048,guest_delta_pid1_setup_complete,858
2026-05-13T22:47:38+00:00,minimal,stock,idle,21,mem_mib,2048,guest_elapsed_guestd_starting_log,61487
2026-05-13T22:47:38+00:00,minimal,stock,idle,21,mem_mib,2048,guest_delta_guestd_starting_log,1639
2026-05-13T22:47:38+00:00,minimal,stock,idle,21,mem_mib,2048,guest_elapsed_exec_listener_bound,62529
2026-05-13T22:47:38+00:00,minimal,stock,idle,21,mem_mib,2048,guest_delta_exec_listener_bound,1041
2026-05-13T22:47:38+00:00,minimal,stock,idle,21,mem_mib,2048,guest_elapsed_ready_signal_sent,64657
2026-05-13T22:47:38+00:00,minimal,stock,idle,21,mem_mib,2048,guest_delta_ready_signal_sent,2128
2026-05-13T22:47:40+00:00,minimal,stock,idle,22,mem_mib,2048,phase_1_run_root_prep,40
2026-05-13T22:47:40+00:00,minimal,stock,idle,22,mem_mib,2048,phase_2_lease,36
2026-05-13T22:47:40+00:00,minimal,stock,idle,22,mem_mib,2048,phase_3b_rootfs_prepare,11547
2026-05-13T22:47:40+00:00,minimal,stock,idle,22,mem_mib,2048,phase_3_storage_prep,11623
2026-05-13T22:47:40+00:00,minimal,stock,idle,22,mem_mib,2048,phase_4_jailer_materialize,3786
2026-05-13T22:47:40+00:00,minimal,stock,idle,22,mem_mib,2048,phase_5_cgroup_probe,0
2026-05-13T22:47:40+00:00,minimal,stock,idle,22,mem_mib,2048,phase_6_network_realize,0
2026-05-13T22:47:40+00:00,minimal,stock,idle,22,mem_mib,2048,phase_7_outbound_guest_config,0
2026-05-13T22:47:40+00:00,minimal,stock,idle,22,mem_mib,2048,phase_9_jailer_launch,15564
2026-05-13T22:47:40+00:00,minimal,stock,idle,22,mem_mib,2048,phase_5b_cgroup_create,18838
2026-05-13T22:47:40+00:00,minimal,stock,idle,22,mem_mib,2048,phase_10_open_uds,20
2026-05-13T22:47:40+00:00,minimal,stock,idle,22,mem_mib,2048,phase_11_put_machine_config,250
2026-05-13T22:47:40+00:00,minimal,stock,idle,22,mem_mib,2048,phase_11_put_boot_source,107
2026-05-13T22:47:40+00:00,minimal,stock,idle,22,mem_mib,2048,phase_11_put_drive_rootfs,113
2026-05-13T22:47:40+00:00,minimal,stock,idle,22,mem_mib,2048,phase_11_put_drive_rootfs_overlay,187
2026-05-13T22:47:40+00:00,minimal,stock,idle,22,mem_mib,2048,phase_11_put_entropy,151
2026-05-13T22:47:40+00:00,minimal,stock,idle,22,mem_mib,2048,phase_11_put_vsock,235
2026-05-13T22:47:40+00:00,minimal,stock,idle,22,mem_mib,2048,phase_11_rest_puts,1738
2026-05-13T22:47:40+00:00,minimal,stock,idle,22,mem_mib,2048,phase_11b_ready_listener_bind,76
2026-05-13T22:47:40+00:00,minimal,stock,idle,22,mem_mib,2048,phase_11c_boot_identity_record,96
2026-05-13T22:47:40+00:00,minimal,stock,idle,22,mem_mib,2048,phase_12a_instance_start,20413
2026-05-13T22:47:40+00:00,minimal,stock,idle,22,mem_mib,2048,phase_12b_host_waiting_accept,1044409
2026-05-13T22:47:40+00:00,minimal,stock,idle,22,mem_mib,2048,phase_12b_kernel_console_range,978593
2026-05-13T22:47:40+00:00,minimal,stock,idle,22,mem_mib,2048,phase_12b_guest_process_start,2
2026-05-13T22:47:40+00:00,minimal,stock,idle,22,mem_mib,2048,phase_12b_guest_stdio_redirected,1622
2026-05-13T22:47:40+00:00,minimal,stock,idle,22,mem_mib,2048,phase_12b_guest_panic_hook_installed,3320
2026-05-13T22:47:40+00:00,minimal,stock,idle,22,mem_mib,2048,phase_12b_guest_pseudo_fs_mounted,13790
2026-05-13T22:47:40+00:00,minimal,stock,idle,22,mem_mib,2048,phase_12b_guest_mount_namespace_private,20081
2026-05-13T22:47:40+00:00,minimal,stock,idle,22,mem_mib,2048,phase_12b_guest_base_mounted,26026
2026-05-13T22:47:40+00:00,minimal,stock,idle,22,mem_mib,2048,phase_12b_guest_overlay_disk_mounted,33401
2026-05-13T22:47:40+00:00,minimal,stock,idle,22,mem_mib,2048,phase_12b_guest_overlay_dirs_ready,38737
2026-05-13T22:47:40+00:00,minimal,stock,idle,22,mem_mib,2048,phase_12b_guest_merged_mountpoint_ready,41573
2026-05-13T22:47:40+00:00,minimal,stock,idle,22,mem_mib,2048,phase_12b_guest_overlayfs_mounted,44856
2026-05-13T22:47:40+00:00,minimal,stock,idle,22,mem_mib,2048,phase_12b_guest_pseudo_fs_bound_into_merged,48320
2026-05-13T22:47:40+00:00,minimal,stock,idle,22,mem_mib,2048,phase_12b_guest_merged_self_bound,51735
2026-05-13T22:47:40+00:00,minimal,stock,idle,22,mem_mib,2048,phase_12b_guest_pivot_rootfs_done,53494
2026-05-13T22:47:40+00:00,minimal,stock,idle,22,mem_mib,2048,phase_12b_guest_overlay_pivot_complete,55435
2026-05-13T22:47:40+00:00,minimal,stock,idle,22,mem_mib,2048,phase_12b_guest_network_configured,57306
2026-05-13T22:47:40+00:00,minimal,stock,idle,22,mem_mib,2048,phase_12b_guest_workspace_absent,59368
2026-05-13T22:47:40+00:00,minimal,stock,idle,22,mem_mib,2048,phase_12b_guest_pid1_setup_complete,60215
2026-05-13T22:47:40+00:00,minimal,stock,idle,22,mem_mib,2048,phase_12b_guest_guestd_starting_log,61846
2026-05-13T22:47:40+00:00,minimal,stock,idle,22,mem_mib,2048,phase_12b_guest_exec_listener_bound,62877
2026-05-13T22:47:40+00:00,minimal,stock,idle,22,mem_mib,2048,phase_12b_ready_accept,1046746
2026-05-13T22:47:40+00:00,minimal,stock,idle,22,mem_mib,2048,exec_send,22
2026-05-13T22:47:40+00:00,minimal,stock,idle,22,mem_mib,2048,exec_recv,11981
2026-05-13T22:47:40+00:00,minimal,stock,idle,22,mem_mib,2048,stop_bounded,70158
2026-05-13T22:47:40+00:00,minimal,stock,idle,22,mem_mib,2048,stop_release,77
2026-05-13T22:47:40+00:00,minimal,stock,idle,22,mem_mib,2048,guest_elapsed_process_start,2
2026-05-13T22:47:40+00:00,minimal,stock,idle,22,mem_mib,2048,guest_delta_process_start,2
2026-05-13T22:47:40+00:00,minimal,stock,idle,22,mem_mib,2048,guest_elapsed_stdio_redirected,1622
2026-05-13T22:47:40+00:00,minimal,stock,idle,22,mem_mib,2048,guest_delta_stdio_redirected,1619
2026-05-13T22:47:40+00:00,minimal,stock,idle,22,mem_mib,2048,guest_elapsed_panic_hook_installed,3320
2026-05-13T22:47:40+00:00,minimal,stock,idle,22,mem_mib,2048,guest_delta_panic_hook_installed,1697
2026-05-13T22:47:40+00:00,minimal,stock,idle,22,mem_mib,2048,guest_elapsed_pseudo_fs_mounted,13790
2026-05-13T22:47:40+00:00,minimal,stock,idle,22,mem_mib,2048,guest_delta_pseudo_fs_mounted,10469
2026-05-13T22:47:40+00:00,minimal,stock,idle,22,mem_mib,2048,guest_elapsed_mount_namespace_private,20081
2026-05-13T22:47:40+00:00,minimal,stock,idle,22,mem_mib,2048,guest_delta_mount_namespace_private,6291
2026-05-13T22:47:40+00:00,minimal,stock,idle,22,mem_mib,2048,guest_elapsed_base_mounted,26026
2026-05-13T22:47:40+00:00,minimal,stock,idle,22,mem_mib,2048,guest_delta_base_mounted,5944
2026-05-13T22:47:40+00:00,minimal,stock,idle,22,mem_mib,2048,guest_elapsed_overlay_disk_mounted,33401
2026-05-13T22:47:40+00:00,minimal,stock,idle,22,mem_mib,2048,guest_delta_overlay_disk_mounted,7375
2026-05-13T22:47:40+00:00,minimal,stock,idle,22,mem_mib,2048,guest_elapsed_overlay_dirs_ready,38737
2026-05-13T22:47:40+00:00,minimal,stock,idle,22,mem_mib,2048,guest_delta_overlay_dirs_ready,5336
2026-05-13T22:47:40+00:00,minimal,stock,idle,22,mem_mib,2048,guest_elapsed_merged_mountpoint_ready,41573
2026-05-13T22:47:40+00:00,minimal,stock,idle,22,mem_mib,2048,guest_delta_merged_mountpoint_ready,2836
2026-05-13T22:47:40+00:00,minimal,stock,idle,22,mem_mib,2048,guest_elapsed_overlayfs_mounted,44856
2026-05-13T22:47:40+00:00,minimal,stock,idle,22,mem_mib,2048,guest_delta_overlayfs_mounted,3282
2026-05-13T22:47:40+00:00,minimal,stock,idle,22,mem_mib,2048,guest_elapsed_pseudo_fs_bound_into_merged,48320
2026-05-13T22:47:40+00:00,minimal,stock,idle,22,mem_mib,2048,guest_delta_pseudo_fs_bound_into_merged,3464
2026-05-13T22:47:40+00:00,minimal,stock,idle,22,mem_mib,2048,guest_elapsed_merged_self_bound,51735
2026-05-13T22:47:40+00:00,minimal,stock,idle,22,mem_mib,2048,guest_delta_merged_self_bound,3415
2026-05-13T22:47:40+00:00,minimal,stock,idle,22,mem_mib,2048,guest_elapsed_pivot_rootfs_done,53494
2026-05-13T22:47:40+00:00,minimal,stock,idle,22,mem_mib,2048,guest_delta_pivot_rootfs_done,1759
2026-05-13T22:47:40+00:00,minimal,stock,idle,22,mem_mib,2048,guest_elapsed_overlay_pivot_complete,55435
2026-05-13T22:47:40+00:00,minimal,stock,idle,22,mem_mib,2048,guest_delta_overlay_pivot_complete,1940
2026-05-13T22:47:40+00:00,minimal,stock,idle,22,mem_mib,2048,guest_elapsed_network_configured,57306
2026-05-13T22:47:40+00:00,minimal,stock,idle,22,mem_mib,2048,guest_delta_network_configured,1871
2026-05-13T22:47:40+00:00,minimal,stock,idle,22,mem_mib,2048,guest_elapsed_workspace_absent,59368
2026-05-13T22:47:40+00:00,minimal,stock,idle,22,mem_mib,2048,guest_delta_workspace_absent,2061
2026-05-13T22:47:40+00:00,minimal,stock,idle,22,mem_mib,2048,guest_elapsed_pid1_setup_complete,60215
2026-05-13T22:47:40+00:00,minimal,stock,idle,22,mem_mib,2048,guest_delta_pid1_setup_complete,846
2026-05-13T22:47:40+00:00,minimal,stock,idle,22,mem_mib,2048,guest_elapsed_guestd_starting_log,61846
2026-05-13T22:47:40+00:00,minimal,stock,idle,22,mem_mib,2048,guest_delta_guestd_starting_log,1631
2026-05-13T22:47:40+00:00,minimal,stock,idle,22,mem_mib,2048,guest_elapsed_exec_listener_bound,62877
2026-05-13T22:47:40+00:00,minimal,stock,idle,22,mem_mib,2048,guest_delta_exec_listener_bound,1031
2026-05-13T22:47:40+00:00,minimal,stock,idle,22,mem_mib,2048,guest_elapsed_ready_signal_sent,65013
2026-05-13T22:47:40+00:00,minimal,stock,idle,22,mem_mib,2048,guest_delta_ready_signal_sent,2136
2026-05-13T22:47:41+00:00,minimal,stock,idle,23,mem_mib,2048,phase_1_run_root_prep,44
2026-05-13T22:47:41+00:00,minimal,stock,idle,23,mem_mib,2048,phase_2_lease,35
2026-05-13T22:47:41+00:00,minimal,stock,idle,23,mem_mib,2048,phase_3b_rootfs_prepare,11345
2026-05-13T22:47:41+00:00,minimal,stock,idle,23,mem_mib,2048,phase_3_storage_prep,11403
2026-05-13T22:47:41+00:00,minimal,stock,idle,23,mem_mib,2048,phase_4_jailer_materialize,685
2026-05-13T22:47:41+00:00,minimal,stock,idle,23,mem_mib,2048,phase_5_cgroup_probe,0
2026-05-13T22:47:41+00:00,minimal,stock,idle,23,mem_mib,2048,phase_6_network_realize,0
2026-05-13T22:47:41+00:00,minimal,stock,idle,23,mem_mib,2048,phase_7_outbound_guest_config,0
2026-05-13T22:47:41+00:00,minimal,stock,idle,23,mem_mib,2048,phase_9_jailer_launch,15567
2026-05-13T22:47:41+00:00,minimal,stock,idle,23,mem_mib,2048,phase_5b_cgroup_create,21223
2026-05-13T22:47:41+00:00,minimal,stock,idle,23,mem_mib,2048,phase_10_open_uds,26
2026-05-13T22:47:41+00:00,minimal,stock,idle,23,mem_mib,2048,phase_11_put_machine_config,168
2026-05-13T22:47:41+00:00,minimal,stock,idle,23,mem_mib,2048,phase_11_put_boot_source,73
2026-05-13T22:47:41+00:00,minimal,stock,idle,23,mem_mib,2048,phase_11_put_drive_rootfs,83
2026-05-13T22:47:41+00:00,minimal,stock,idle,23,mem_mib,2048,phase_11_put_drive_rootfs_overlay,175
2026-05-13T22:47:41+00:00,minimal,stock,idle,23,mem_mib,2048,phase_11_put_entropy,91
2026-05-13T22:47:41+00:00,minimal,stock,idle,23,mem_mib,2048,phase_11_put_vsock,149
2026-05-13T22:47:41+00:00,minimal,stock,idle,23,mem_mib,2048,phase_11_rest_puts,1161
2026-05-13T22:47:41+00:00,minimal,stock,idle,23,mem_mib,2048,phase_11b_ready_listener_bind,64
2026-05-13T22:47:41+00:00,minimal,stock,idle,23,mem_mib,2048,phase_11c_boot_identity_record,79
2026-05-13T22:47:41+00:00,minimal,stock,idle,23,mem_mib,2048,phase_12a_instance_start,20006
2026-05-13T22:47:41+00:00,minimal,stock,idle,23,mem_mib,2048,phase_12b_host_waiting_accept,1049928
2026-05-13T22:47:41+00:00,minimal,stock,idle,23,mem_mib,2048,phase_12b_kernel_console_range,984408
2026-05-13T22:47:41+00:00,minimal,stock,idle,23,mem_mib,2048,phase_12b_guest_process_start,2
2026-05-13T22:47:41+00:00,minimal,stock,idle,23,mem_mib,2048,phase_12b_guest_stdio_redirected,498
2026-05-13T22:47:41+00:00,minimal,stock,idle,23,mem_mib,2048,phase_12b_guest_panic_hook_installed,503
2026-05-13T22:47:41+00:00,minimal,stock,idle,23,mem_mib,2048,phase_12b_guest_pseudo_fs_mounted,13172
2026-05-13T22:47:41+00:00,minimal,stock,idle,23,mem_mib,2048,phase_12b_guest_mount_namespace_private,19633
2026-05-13T22:47:41+00:00,minimal,stock,idle,23,mem_mib,2048,phase_12b_guest_base_mounted,25783
2026-05-13T22:47:41+00:00,minimal,stock,idle,23,mem_mib,2048,phase_12b_guest_overlay_disk_mounted,34151
2026-05-13T22:47:41+00:00,minimal,stock,idle,23,mem_mib,2048,phase_12b_guest_overlay_dirs_ready,39836
2026-05-13T22:47:41+00:00,minimal,stock,idle,23,mem_mib,2048,phase_12b_guest_merged_mountpoint_ready,42738
2026-05-13T22:47:41+00:00,minimal,stock,idle,23,mem_mib,2048,phase_12b_guest_overlayfs_mounted,46093
2026-05-13T22:47:41+00:00,minimal,stock,idle,23,mem_mib,2048,phase_12b_guest_pseudo_fs_bound_into_merged,49601
2026-05-13T22:47:41+00:00,minimal,stock,idle,23,mem_mib,2048,phase_12b_guest_merged_self_bound,53037
2026-05-13T22:47:41+00:00,minimal,stock,idle,23,mem_mib,2048,phase_12b_guest_pivot_rootfs_done,54848
2026-05-13T22:47:41+00:00,minimal,stock,idle,23,mem_mib,2048,phase_12b_guest_overlay_pivot_complete,56773
2026-05-13T22:47:41+00:00,minimal,stock,idle,23,mem_mib,2048,phase_12b_guest_network_configured,58705
2026-05-13T22:47:41+00:00,minimal,stock,idle,23,mem_mib,2048,phase_12b_guest_workspace_absent,60768
2026-05-13T22:47:41+00:00,minimal,stock,idle,23,mem_mib,2048,phase_12b_guest_pid1_setup_complete,61624
2026-05-13T22:47:41+00:00,minimal,stock,idle,23,mem_mib,2048,phase_12b_guest_guestd_starting_log,63307
2026-05-13T22:47:41+00:00,minimal,stock,idle,23,mem_mib,2048,phase_12b_guest_exec_listener_bound,64323
2026-05-13T22:47:41+00:00,minimal,stock,idle,23,mem_mib,2048,phase_12b_ready_accept,1052287
2026-05-13T22:47:41+00:00,minimal,stock,idle,23,mem_mib,2048,exec_send,9
2026-05-13T22:47:41+00:00,minimal,stock,idle,23,mem_mib,2048,exec_recv,11953
2026-05-13T22:47:41+00:00,minimal,stock,idle,23,mem_mib,2048,stop_bounded,78093
2026-05-13T22:47:41+00:00,minimal,stock,idle,23,mem_mib,2048,stop_release,99
2026-05-13T22:47:41+00:00,minimal,stock,idle,23,mem_mib,2048,guest_elapsed_process_start,2
2026-05-13T22:47:41+00:00,minimal,stock,idle,23,mem_mib,2048,guest_delta_process_start,2
2026-05-13T22:47:41+00:00,minimal,stock,idle,23,mem_mib,2048,guest_elapsed_stdio_redirected,498
2026-05-13T22:47:41+00:00,minimal,stock,idle,23,mem_mib,2048,guest_delta_stdio_redirected,496
2026-05-13T22:47:41+00:00,minimal,stock,idle,23,mem_mib,2048,guest_elapsed_panic_hook_installed,503
2026-05-13T22:47:41+00:00,minimal,stock,idle,23,mem_mib,2048,guest_delta_panic_hook_installed,4
2026-05-13T22:47:41+00:00,minimal,stock,idle,23,mem_mib,2048,guest_elapsed_pseudo_fs_mounted,13172
2026-05-13T22:47:41+00:00,minimal,stock,idle,23,mem_mib,2048,guest_delta_pseudo_fs_mounted,12669
2026-05-13T22:47:41+00:00,minimal,stock,idle,23,mem_mib,2048,guest_elapsed_mount_namespace_private,19633
2026-05-13T22:47:41+00:00,minimal,stock,idle,23,mem_mib,2048,guest_delta_mount_namespace_private,6460
2026-05-13T22:47:41+00:00,minimal,stock,idle,23,mem_mib,2048,guest_elapsed_base_mounted,25783
2026-05-13T22:47:41+00:00,minimal,stock,idle,23,mem_mib,2048,guest_delta_base_mounted,6150
2026-05-13T22:47:41+00:00,minimal,stock,idle,23,mem_mib,2048,guest_elapsed_overlay_disk_mounted,34151
2026-05-13T22:47:41+00:00,minimal,stock,idle,23,mem_mib,2048,guest_delta_overlay_disk_mounted,8368
2026-05-13T22:47:41+00:00,minimal,stock,idle,23,mem_mib,2048,guest_elapsed_overlay_dirs_ready,39836
2026-05-13T22:47:41+00:00,minimal,stock,idle,23,mem_mib,2048,guest_delta_overlay_dirs_ready,5685
2026-05-13T22:47:41+00:00,minimal,stock,idle,23,mem_mib,2048,guest_elapsed_merged_mountpoint_ready,42738
2026-05-13T22:47:41+00:00,minimal,stock,idle,23,mem_mib,2048,guest_delta_merged_mountpoint_ready,2901
2026-05-13T22:47:41+00:00,minimal,stock,idle,23,mem_mib,2048,guest_elapsed_overlayfs_mounted,46093
2026-05-13T22:47:41+00:00,minimal,stock,idle,23,mem_mib,2048,guest_delta_overlayfs_mounted,3355
2026-05-13T22:47:41+00:00,minimal,stock,idle,23,mem_mib,2048,guest_elapsed_pseudo_fs_bound_into_merged,49601
2026-05-13T22:47:41+00:00,minimal,stock,idle,23,mem_mib,2048,guest_delta_pseudo_fs_bound_into_merged,3507
2026-05-13T22:47:41+00:00,minimal,stock,idle,23,mem_mib,2048,guest_elapsed_merged_self_bound,53037
2026-05-13T22:47:41+00:00,minimal,stock,idle,23,mem_mib,2048,guest_delta_merged_self_bound,3436
2026-05-13T22:47:41+00:00,minimal,stock,idle,23,mem_mib,2048,guest_elapsed_pivot_rootfs_done,54848
2026-05-13T22:47:41+00:00,minimal,stock,idle,23,mem_mib,2048,guest_delta_pivot_rootfs_done,1811
2026-05-13T22:47:41+00:00,minimal,stock,idle,23,mem_mib,2048,guest_elapsed_overlay_pivot_complete,56773
2026-05-13T22:47:41+00:00,minimal,stock,idle,23,mem_mib,2048,guest_delta_overlay_pivot_complete,1924
2026-05-13T22:47:41+00:00,minimal,stock,idle,23,mem_mib,2048,guest_elapsed_network_configured,58705
2026-05-13T22:47:41+00:00,minimal,stock,idle,23,mem_mib,2048,guest_delta_network_configured,1931
2026-05-13T22:47:41+00:00,minimal,stock,idle,23,mem_mib,2048,guest_elapsed_workspace_absent,60768
2026-05-13T22:47:41+00:00,minimal,stock,idle,23,mem_mib,2048,guest_delta_workspace_absent,2063
2026-05-13T22:47:41+00:00,minimal,stock,idle,23,mem_mib,2048,guest_elapsed_pid1_setup_complete,61624
2026-05-13T22:47:41+00:00,minimal,stock,idle,23,mem_mib,2048,guest_delta_pid1_setup_complete,855
2026-05-13T22:47:41+00:00,minimal,stock,idle,23,mem_mib,2048,guest_elapsed_guestd_starting_log,63307
2026-05-13T22:47:41+00:00,minimal,stock,idle,23,mem_mib,2048,guest_delta_guestd_starting_log,1682
2026-05-13T22:47:41+00:00,minimal,stock,idle,23,mem_mib,2048,guest_elapsed_exec_listener_bound,64323
2026-05-13T22:47:41+00:00,minimal,stock,idle,23,mem_mib,2048,guest_delta_exec_listener_bound,1016
2026-05-13T22:47:41+00:00,minimal,stock,idle,23,mem_mib,2048,guest_elapsed_ready_signal_sent,66458
2026-05-13T22:47:41+00:00,minimal,stock,idle,23,mem_mib,2048,guest_delta_ready_signal_sent,2134
2026-05-13T22:47:42+00:00,minimal,stock,idle,24,mem_mib,2048,phase_1_run_root_prep,42
2026-05-13T22:47:42+00:00,minimal,stock,idle,24,mem_mib,2048,phase_2_lease,34
2026-05-13T22:47:42+00:00,minimal,stock,idle,24,mem_mib,2048,phase_3b_rootfs_prepare,12494
2026-05-13T22:47:42+00:00,minimal,stock,idle,24,mem_mib,2048,phase_3_storage_prep,12564
2026-05-13T22:47:42+00:00,minimal,stock,idle,24,mem_mib,2048,phase_4_jailer_materialize,1649
2026-05-13T22:47:42+00:00,minimal,stock,idle,24,mem_mib,2048,phase_5_cgroup_probe,0
2026-05-13T22:47:42+00:00,minimal,stock,idle,24,mem_mib,2048,phase_6_network_realize,0
2026-05-13T22:47:42+00:00,minimal,stock,idle,24,mem_mib,2048,phase_7_outbound_guest_config,0
2026-05-13T22:47:42+00:00,minimal,stock,idle,24,mem_mib,2048,phase_9_jailer_launch,15738
2026-05-13T22:47:42+00:00,minimal,stock,idle,24,mem_mib,2048,phase_5b_cgroup_create,21145
2026-05-13T22:47:42+00:00,minimal,stock,idle,24,mem_mib,2048,phase_10_open_uds,29
2026-05-13T22:47:42+00:00,minimal,stock,idle,24,mem_mib,2048,phase_11_put_machine_config,173
2026-05-13T22:47:42+00:00,minimal,stock,idle,24,mem_mib,2048,phase_11_put_boot_source,72
2026-05-13T22:47:42+00:00,minimal,stock,idle,24,mem_mib,2048,phase_11_put_drive_rootfs,78
2026-05-13T22:47:42+00:00,minimal,stock,idle,24,mem_mib,2048,phase_11_put_drive_rootfs_overlay,154
2026-05-13T22:47:42+00:00,minimal,stock,idle,24,mem_mib,2048,phase_11_put_entropy,74
2026-05-13T22:47:42+00:00,minimal,stock,idle,24,mem_mib,2048,phase_11_put_vsock,128
2026-05-13T22:47:42+00:00,minimal,stock,idle,24,mem_mib,2048,phase_11_rest_puts,1014
2026-05-13T22:47:42+00:00,minimal,stock,idle,24,mem_mib,2048,phase_11b_ready_listener_bind,32
2026-05-13T22:47:42+00:00,minimal,stock,idle,24,mem_mib,2048,phase_11c_boot_identity_record,41
2026-05-13T22:47:42+00:00,minimal,stock,idle,24,mem_mib,2048,phase_12a_instance_start,19084
2026-05-13T22:47:42+00:00,minimal,stock,idle,24,mem_mib,2048,phase_12b_host_waiting_accept,1048213
2026-05-13T22:47:42+00:00,minimal,stock,idle,24,mem_mib,2048,phase_12b_kernel_console_range,981405
2026-05-13T22:47:42+00:00,minimal,stock,idle,24,mem_mib,2048,phase_12b_guest_process_start,2
2026-05-13T22:47:42+00:00,minimal,stock,idle,24,mem_mib,2048,phase_12b_guest_stdio_redirected,1615
2026-05-13T22:47:42+00:00,minimal,stock,idle,24,mem_mib,2048,phase_12b_guest_panic_hook_installed,3309
2026-05-13T22:47:42+00:00,minimal,stock,idle,24,mem_mib,2048,phase_12b_guest_pseudo_fs_mounted,13841
2026-05-13T22:47:42+00:00,minimal,stock,idle,24,mem_mib,2048,phase_12b_guest_mount_namespace_private,20187
2026-05-13T22:47:42+00:00,minimal,stock,idle,24,mem_mib,2048,phase_12b_guest_base_mounted,25857
2026-05-13T22:47:42+00:00,minimal,stock,idle,24,mem_mib,2048,phase_12b_guest_overlay_disk_mounted,33112
2026-05-13T22:47:42+00:00,minimal,stock,idle,24,mem_mib,2048,phase_12b_guest_overlay_dirs_ready,38175
2026-05-13T22:47:42+00:00,minimal,stock,idle,24,mem_mib,2048,phase_12b_guest_merged_mountpoint_ready,41062
2026-05-13T22:47:42+00:00,minimal,stock,idle,24,mem_mib,2048,phase_12b_guest_overlayfs_mounted,44407
2026-05-13T22:47:42+00:00,minimal,stock,idle,24,mem_mib,2048,phase_12b_guest_pseudo_fs_bound_into_merged,47912
2026-05-13T22:47:42+00:00,minimal,stock,idle,24,mem_mib,2048,phase_12b_guest_merged_self_bound,51319
2026-05-13T22:47:42+00:00,minimal,stock,idle,24,mem_mib,2048,phase_12b_guest_pivot_rootfs_done,53104
2026-05-13T22:47:42+00:00,minimal,stock,idle,24,mem_mib,2048,phase_12b_guest_overlay_pivot_complete,55037
2026-05-13T22:47:42+00:00,minimal,stock,idle,24,mem_mib,2048,phase_12b_guest_network_configured,56935
2026-05-13T22:47:42+00:00,minimal,stock,idle,24,mem_mib,2048,phase_12b_guest_workspace_absent,59005
2026-05-13T22:47:42+00:00,minimal,stock,idle,24,mem_mib,2048,phase_12b_guest_pid1_setup_complete,59857
2026-05-13T22:47:42+00:00,minimal,stock,idle,24,mem_mib,2048,phase_12b_guest_guestd_starting_log,61501
2026-05-13T22:47:42+00:00,minimal,stock,idle,24,mem_mib,2048,phase_12b_guest_exec_listener_bound,62538
2026-05-13T22:47:42+00:00,minimal,stock,idle,24,mem_mib,2048,phase_12b_ready_accept,1049614
2026-05-13T22:47:42+00:00,minimal,stock,idle,24,mem_mib,2048,exec_send,12
2026-05-13T22:47:42+00:00,minimal,stock,idle,24,mem_mib,2048,exec_recv,12080
2026-05-13T22:47:42+00:00,minimal,stock,idle,24,mem_mib,2048,stop_bounded,71341
2026-05-13T22:47:42+00:00,minimal,stock,idle,24,mem_mib,2048,stop_release,116
2026-05-13T22:47:42+00:00,minimal,stock,idle,24,mem_mib,2048,guest_elapsed_process_start,2
2026-05-13T22:47:42+00:00,minimal,stock,idle,24,mem_mib,2048,guest_delta_process_start,2
2026-05-13T22:47:42+00:00,minimal,stock,idle,24,mem_mib,2048,guest_elapsed_stdio_redirected,1615
2026-05-13T22:47:42+00:00,minimal,stock,idle,24,mem_mib,2048,guest_delta_stdio_redirected,1613
2026-05-13T22:47:42+00:00,minimal,stock,idle,24,mem_mib,2048,guest_elapsed_panic_hook_installed,3309
2026-05-13T22:47:42+00:00,minimal,stock,idle,24,mem_mib,2048,guest_delta_panic_hook_installed,1694
2026-05-13T22:47:42+00:00,minimal,stock,idle,24,mem_mib,2048,guest_elapsed_pseudo_fs_mounted,13841
2026-05-13T22:47:42+00:00,minimal,stock,idle,24,mem_mib,2048,guest_delta_pseudo_fs_mounted,10532
2026-05-13T22:47:42+00:00,minimal,stock,idle,24,mem_mib,2048,guest_elapsed_mount_namespace_private,20187
2026-05-13T22:47:42+00:00,minimal,stock,idle,24,mem_mib,2048,guest_delta_mount_namespace_private,6345
2026-05-13T22:47:42+00:00,minimal,stock,idle,24,mem_mib,2048,guest_elapsed_base_mounted,25857
2026-05-13T22:47:42+00:00,minimal,stock,idle,24,mem_mib,2048,guest_delta_base_mounted,5670
2026-05-13T22:47:42+00:00,minimal,stock,idle,24,mem_mib,2048,guest_elapsed_overlay_disk_mounted,33112
2026-05-13T22:47:42+00:00,minimal,stock,idle,24,mem_mib,2048,guest_delta_overlay_disk_mounted,7255
2026-05-13T22:47:42+00:00,minimal,stock,idle,24,mem_mib,2048,guest_elapsed_overlay_dirs_ready,38175
2026-05-13T22:47:42+00:00,minimal,stock,idle,24,mem_mib,2048,guest_delta_overlay_dirs_ready,5063
2026-05-13T22:47:42+00:00,minimal,stock,idle,24,mem_mib,2048,guest_elapsed_merged_mountpoint_ready,41062
2026-05-13T22:47:42+00:00,minimal,stock,idle,24,mem_mib,2048,guest_delta_merged_mountpoint_ready,2886
2026-05-13T22:47:42+00:00,minimal,stock,idle,24,mem_mib,2048,guest_elapsed_overlayfs_mounted,44407
2026-05-13T22:47:42+00:00,minimal,stock,idle,24,mem_mib,2048,guest_delta_overlayfs_mounted,3345
2026-05-13T22:47:42+00:00,minimal,stock,idle,24,mem_mib,2048,guest_elapsed_pseudo_fs_bound_into_merged,47912
2026-05-13T22:47:42+00:00,minimal,stock,idle,24,mem_mib,2048,guest_delta_pseudo_fs_bound_into_merged,3505
2026-05-13T22:47:42+00:00,minimal,stock,idle,24,mem_mib,2048,guest_elapsed_merged_self_bound,51319
2026-05-13T22:47:42+00:00,minimal,stock,idle,24,mem_mib,2048,guest_delta_merged_self_bound,3406
2026-05-13T22:47:42+00:00,minimal,stock,idle,24,mem_mib,2048,guest_elapsed_pivot_rootfs_done,53104
2026-05-13T22:47:42+00:00,minimal,stock,idle,24,mem_mib,2048,guest_delta_pivot_rootfs_done,1784
2026-05-13T22:47:42+00:00,minimal,stock,idle,24,mem_mib,2048,guest_elapsed_overlay_pivot_complete,55037
2026-05-13T22:47:42+00:00,minimal,stock,idle,24,mem_mib,2048,guest_delta_overlay_pivot_complete,1932
2026-05-13T22:47:42+00:00,minimal,stock,idle,24,mem_mib,2048,guest_elapsed_network_configured,56935
2026-05-13T22:47:42+00:00,minimal,stock,idle,24,mem_mib,2048,guest_delta_network_configured,1898
2026-05-13T22:47:42+00:00,minimal,stock,idle,24,mem_mib,2048,guest_elapsed_workspace_absent,59005
2026-05-13T22:47:42+00:00,minimal,stock,idle,24,mem_mib,2048,guest_delta_workspace_absent,2069
2026-05-13T22:47:42+00:00,minimal,stock,idle,24,mem_mib,2048,guest_elapsed_pid1_setup_complete,59857
2026-05-13T22:47:42+00:00,minimal,stock,idle,24,mem_mib,2048,guest_delta_pid1_setup_complete,852
2026-05-13T22:47:42+00:00,minimal,stock,idle,24,mem_mib,2048,guest_elapsed_guestd_starting_log,61501
2026-05-13T22:47:42+00:00,minimal,stock,idle,24,mem_mib,2048,guest_delta_guestd_starting_log,1644
2026-05-13T22:47:42+00:00,minimal,stock,idle,24,mem_mib,2048,guest_elapsed_exec_listener_bound,62538
2026-05-13T22:47:42+00:00,minimal,stock,idle,24,mem_mib,2048,guest_delta_exec_listener_bound,1036
2026-05-13T22:47:42+00:00,minimal,stock,idle,24,mem_mib,2048,guest_elapsed_ready_signal_sent,64671
2026-05-13T22:47:42+00:00,minimal,stock,idle,24,mem_mib,2048,guest_delta_ready_signal_sent,2133
2026-05-13T22:47:44+00:00,minimal,stock,idle,25,mem_mib,2048,phase_1_run_root_prep,37
2026-05-13T22:47:44+00:00,minimal,stock,idle,25,mem_mib,2048,phase_2_lease,34
2026-05-13T22:47:44+00:00,minimal,stock,idle,25,mem_mib,2048,phase_3b_rootfs_prepare,12035
2026-05-13T22:47:44+00:00,minimal,stock,idle,25,mem_mib,2048,phase_3_storage_prep,12091
2026-05-13T22:47:44+00:00,minimal,stock,idle,25,mem_mib,2048,phase_4_jailer_materialize,1246
2026-05-13T22:47:44+00:00,minimal,stock,idle,25,mem_mib,2048,phase_5_cgroup_probe,0
2026-05-13T22:47:44+00:00,minimal,stock,idle,25,mem_mib,2048,phase_6_network_realize,0
2026-05-13T22:47:44+00:00,minimal,stock,idle,25,mem_mib,2048,phase_7_outbound_guest_config,0
2026-05-13T22:47:44+00:00,minimal,stock,idle,25,mem_mib,2048,phase_9_jailer_launch,15471
2026-05-13T22:47:44+00:00,minimal,stock,idle,25,mem_mib,2048,phase_5b_cgroup_create,25343
2026-05-13T22:47:44+00:00,minimal,stock,idle,25,mem_mib,2048,phase_10_open_uds,17
2026-05-13T22:47:44+00:00,minimal,stock,idle,25,mem_mib,2048,phase_11_put_machine_config,149
2026-05-13T22:47:44+00:00,minimal,stock,idle,25,mem_mib,2048,phase_11_put_boot_source,80
2026-05-13T22:47:44+00:00,minimal,stock,idle,25,mem_mib,2048,phase_11_put_drive_rootfs,90
2026-05-13T22:47:44+00:00,minimal,stock,idle,25,mem_mib,2048,phase_11_put_drive_rootfs_overlay,165
2026-05-13T22:47:44+00:00,minimal,stock,idle,25,mem_mib,2048,phase_11_put_entropy,105
2026-05-13T22:47:44+00:00,minimal,stock,idle,25,mem_mib,2048,phase_11_put_vsock,179
2026-05-13T22:47:44+00:00,minimal,stock,idle,25,mem_mib,2048,phase_11_rest_puts,1463
2026-05-13T22:47:44+00:00,minimal,stock,idle,25,mem_mib,2048,phase_11b_ready_listener_bind,68
2026-05-13T22:47:44+00:00,minimal,stock,idle,25,mem_mib,2048,phase_11c_boot_identity_record,106
2026-05-13T22:47:44+00:00,minimal,stock,idle,25,mem_mib,2048,phase_12a_instance_start,18996
2026-05-13T22:47:44+00:00,minimal,stock,idle,25,mem_mib,2048,phase_12b_host_waiting_accept,1048779
2026-05-13T22:47:44+00:00,minimal,stock,idle,25,mem_mib,2048,phase_12b_kernel_console_range,982571
2026-05-13T22:47:44+00:00,minimal,stock,idle,25,mem_mib,2048,phase_12b_guest_process_start,2
2026-05-13T22:47:44+00:00,minimal,stock,idle,25,mem_mib,2048,phase_12b_guest_stdio_redirected,1614
2026-05-13T22:47:44+00:00,minimal,stock,idle,25,mem_mib,2048,phase_12b_guest_panic_hook_installed,3245
2026-05-13T22:47:44+00:00,minimal,stock,idle,25,mem_mib,2048,phase_12b_guest_pseudo_fs_mounted,13321
2026-05-13T22:47:44+00:00,minimal,stock,idle,25,mem_mib,2048,phase_12b_guest_mount_namespace_private,19622
2026-05-13T22:47:44+00:00,minimal,stock,idle,25,mem_mib,2048,phase_12b_guest_base_mounted,25807
2026-05-13T22:47:44+00:00,minimal,stock,idle,25,mem_mib,2048,phase_12b_guest_overlay_disk_mounted,33130
2026-05-13T22:47:44+00:00,minimal,stock,idle,25,mem_mib,2048,phase_12b_guest_overlay_dirs_ready,38799
2026-05-13T22:47:44+00:00,minimal,stock,idle,25,mem_mib,2048,phase_12b_guest_merged_mountpoint_ready,42024
2026-05-13T22:47:44+00:00,minimal,stock,idle,25,mem_mib,2048,phase_12b_guest_overlayfs_mounted,45355
2026-05-13T22:47:44+00:00,minimal,stock,idle,25,mem_mib,2048,phase_12b_guest_pseudo_fs_bound_into_merged,48834
2026-05-13T22:47:44+00:00,minimal,stock,idle,25,mem_mib,2048,phase_12b_guest_merged_self_bound,52248
2026-05-13T22:47:44+00:00,minimal,stock,idle,25,mem_mib,2048,phase_12b_guest_pivot_rootfs_done,54022
2026-05-13T22:47:44+00:00,minimal,stock,idle,25,mem_mib,2048,phase_12b_guest_overlay_pivot_complete,55946
2026-05-13T22:47:44+00:00,minimal,stock,idle,25,mem_mib,2048,phase_12b_guest_network_configured,57821
2026-05-13T22:47:44+00:00,minimal,stock,idle,25,mem_mib,2048,phase_12b_guest_workspace_absent,59884
2026-05-13T22:47:44+00:00,minimal,stock,idle,25,mem_mib,2048,phase_12b_guest_pid1_setup_complete,60735
2026-05-13T22:47:44+00:00,minimal,stock,idle,25,mem_mib,2048,phase_12b_guest_guestd_starting_log,62395
2026-05-13T22:47:44+00:00,minimal,stock,idle,25,mem_mib,2048,phase_12b_guest_exec_listener_bound,63421
2026-05-13T22:47:44+00:00,minimal,stock,idle,25,mem_mib,2048,phase_12b_ready_accept,1051088
2026-05-13T22:47:44+00:00,minimal,stock,idle,25,mem_mib,2048,exec_send,21
2026-05-13T22:47:44+00:00,minimal,stock,idle,25,mem_mib,2048,exec_recv,12053
2026-05-13T22:47:44+00:00,minimal,stock,idle,25,mem_mib,2048,stop_bounded,66803
2026-05-13T22:47:44+00:00,minimal,stock,idle,25,mem_mib,2048,stop_release,87
2026-05-13T22:47:44+00:00,minimal,stock,idle,25,mem_mib,2048,guest_elapsed_process_start,2
2026-05-13T22:47:44+00:00,minimal,stock,idle,25,mem_mib,2048,guest_delta_process_start,2
2026-05-13T22:47:44+00:00,minimal,stock,idle,25,mem_mib,2048,guest_elapsed_stdio_redirected,1614
2026-05-13T22:47:44+00:00,minimal,stock,idle,25,mem_mib,2048,guest_delta_stdio_redirected,1612
2026-05-13T22:47:44+00:00,minimal,stock,idle,25,mem_mib,2048,guest_elapsed_panic_hook_installed,3245
2026-05-13T22:47:44+00:00,minimal,stock,idle,25,mem_mib,2048,guest_delta_panic_hook_installed,1630
2026-05-13T22:47:44+00:00,minimal,stock,idle,25,mem_mib,2048,guest_elapsed_pseudo_fs_mounted,13321
2026-05-13T22:47:44+00:00,minimal,stock,idle,25,mem_mib,2048,guest_delta_pseudo_fs_mounted,10075
2026-05-13T22:47:44+00:00,minimal,stock,idle,25,mem_mib,2048,guest_elapsed_mount_namespace_private,19622
2026-05-13T22:47:44+00:00,minimal,stock,idle,25,mem_mib,2048,guest_delta_mount_namespace_private,6300
2026-05-13T22:47:44+00:00,minimal,stock,idle,25,mem_mib,2048,guest_elapsed_base_mounted,25807
2026-05-13T22:47:44+00:00,minimal,stock,idle,25,mem_mib,2048,guest_delta_base_mounted,6185
2026-05-13T22:47:44+00:00,minimal,stock,idle,25,mem_mib,2048,guest_elapsed_overlay_disk_mounted,33130
2026-05-13T22:47:44+00:00,minimal,stock,idle,25,mem_mib,2048,guest_delta_overlay_disk_mounted,7323
2026-05-13T22:47:44+00:00,minimal,stock,idle,25,mem_mib,2048,guest_elapsed_overlay_dirs_ready,38799
2026-05-13T22:47:44+00:00,minimal,stock,idle,25,mem_mib,2048,guest_delta_overlay_dirs_ready,5668
2026-05-13T22:47:44+00:00,minimal,stock,idle,25,mem_mib,2048,guest_elapsed_merged_mountpoint_ready,42024
2026-05-13T22:47:44+00:00,minimal,stock,idle,25,mem_mib,2048,guest_delta_merged_mountpoint_ready,3225
2026-05-13T22:47:44+00:00,minimal,stock,idle,25,mem_mib,2048,guest_elapsed_overlayfs_mounted,45355
2026-05-13T22:47:44+00:00,minimal,stock,idle,25,mem_mib,2048,guest_delta_overlayfs_mounted,3330
2026-05-13T22:47:44+00:00,minimal,stock,idle,25,mem_mib,2048,guest_elapsed_pseudo_fs_bound_into_merged,48834
2026-05-13T22:47:44+00:00,minimal,stock,idle,25,mem_mib,2048,guest_delta_pseudo_fs_bound_into_merged,3479
2026-05-13T22:47:44+00:00,minimal,stock,idle,25,mem_mib,2048,guest_elapsed_merged_self_bound,52248
2026-05-13T22:47:44+00:00,minimal,stock,idle,25,mem_mib,2048,guest_delta_merged_self_bound,3413
2026-05-13T22:47:44+00:00,minimal,stock,idle,25,mem_mib,2048,guest_elapsed_pivot_rootfs_done,54022
2026-05-13T22:47:44+00:00,minimal,stock,idle,25,mem_mib,2048,guest_delta_pivot_rootfs_done,1774
2026-05-13T22:47:44+00:00,minimal,stock,idle,25,mem_mib,2048,guest_elapsed_overlay_pivot_complete,55946
2026-05-13T22:47:44+00:00,minimal,stock,idle,25,mem_mib,2048,guest_delta_overlay_pivot_complete,1923
2026-05-13T22:47:44+00:00,minimal,stock,idle,25,mem_mib,2048,guest_elapsed_network_configured,57821
2026-05-13T22:47:44+00:00,minimal,stock,idle,25,mem_mib,2048,guest_delta_network_configured,1875
2026-05-13T22:47:44+00:00,minimal,stock,idle,25,mem_mib,2048,guest_elapsed_workspace_absent,59884
2026-05-13T22:47:44+00:00,minimal,stock,idle,25,mem_mib,2048,guest_delta_workspace_absent,2062
2026-05-13T22:47:44+00:00,minimal,stock,idle,25,mem_mib,2048,guest_elapsed_pid1_setup_complete,60735
2026-05-13T22:47:44+00:00,minimal,stock,idle,25,mem_mib,2048,guest_delta_pid1_setup_complete,851
2026-05-13T22:47:44+00:00,minimal,stock,idle,25,mem_mib,2048,guest_elapsed_guestd_starting_log,62395
2026-05-13T22:47:44+00:00,minimal,stock,idle,25,mem_mib,2048,guest_delta_guestd_starting_log,1659
2026-05-13T22:47:44+00:00,minimal,stock,idle,25,mem_mib,2048,guest_elapsed_exec_listener_bound,63421
2026-05-13T22:47:44+00:00,minimal,stock,idle,25,mem_mib,2048,guest_delta_exec_listener_bound,1026
2026-05-13T22:47:44+00:00,minimal,stock,idle,25,mem_mib,2048,guest_elapsed_ready_signal_sent,65529
2026-05-13T22:47:44+00:00,minimal,stock,idle,25,mem_mib,2048,guest_delta_ready_signal_sent,2107
2026-05-13T22:47:45+00:00,minimal,stock,idle,26,mem_mib,2048,phase_1_run_root_prep,58
2026-05-13T22:47:45+00:00,minimal,stock,idle,26,mem_mib,2048,phase_2_lease,34
2026-05-13T22:47:45+00:00,minimal,stock,idle,26,mem_mib,2048,phase_3b_rootfs_prepare,15047
2026-05-13T22:47:45+00:00,minimal,stock,idle,26,mem_mib,2048,phase_3_storage_prep,15119
2026-05-13T22:47:45+00:00,minimal,stock,idle,26,mem_mib,2048,phase_4_jailer_materialize,709
2026-05-13T22:47:45+00:00,minimal,stock,idle,26,mem_mib,2048,phase_5_cgroup_probe,0
2026-05-13T22:47:45+00:00,minimal,stock,idle,26,mem_mib,2048,phase_6_network_realize,0
2026-05-13T22:47:45+00:00,minimal,stock,idle,26,mem_mib,2048,phase_7_outbound_guest_config,0
2026-05-13T22:47:45+00:00,minimal,stock,idle,26,mem_mib,2048,phase_9_jailer_launch,15495
2026-05-13T22:47:45+00:00,minimal,stock,idle,26,mem_mib,2048,phase_5b_cgroup_create,18371
2026-05-13T22:47:45+00:00,minimal,stock,idle,26,mem_mib,2048,phase_10_open_uds,20
2026-05-13T22:47:45+00:00,minimal,stock,idle,26,mem_mib,2048,phase_11_put_machine_config,235
2026-05-13T22:47:45+00:00,minimal,stock,idle,26,mem_mib,2048,phase_11_put_boot_source,89
2026-05-13T22:47:45+00:00,minimal,stock,idle,26,mem_mib,2048,phase_11_put_drive_rootfs,86
2026-05-13T22:47:45+00:00,minimal,stock,idle,26,mem_mib,2048,phase_11_put_drive_rootfs_overlay,160
2026-05-13T22:47:45+00:00,minimal,stock,idle,26,mem_mib,2048,phase_11_put_entropy,75
2026-05-13T22:47:45+00:00,minimal,stock,idle,26,mem_mib,2048,phase_11_put_vsock,144
2026-05-13T22:47:45+00:00,minimal,stock,idle,26,mem_mib,2048,phase_11_rest_puts,1120
2026-05-13T22:47:45+00:00,minimal,stock,idle,26,mem_mib,2048,phase_11b_ready_listener_bind,33
2026-05-13T22:47:45+00:00,minimal,stock,idle,26,mem_mib,2048,phase_11c_boot_identity_record,42
2026-05-13T22:47:45+00:00,minimal,stock,idle,26,mem_mib,2048,phase_12a_instance_start,14643
2026-05-13T22:47:45+00:00,minimal,stock,idle,26,mem_mib,2048,phase_12b_host_waiting_accept,986530
2026-05-13T22:47:45+00:00,minimal,stock,idle,26,mem_mib,2048,phase_12b_kernel_console_range,923602
2026-05-13T22:47:45+00:00,minimal,stock,idle,26,mem_mib,2048,phase_12b_guest_process_start,1
2026-05-13T22:47:45+00:00,minimal,stock,idle,26,mem_mib,2048,phase_12b_guest_stdio_redirected,828
2026-05-13T22:47:45+00:00,minimal,stock,idle,26,mem_mib,2048,phase_12b_guest_panic_hook_installed,1622
2026-05-13T22:47:45+00:00,minimal,stock,idle,26,mem_mib,2048,phase_12b_guest_pseudo_fs_mounted,6801
2026-05-13T22:47:45+00:00,minimal,stock,idle,26,mem_mib,2048,phase_12b_guest_mount_namespace_private,9849
2026-05-13T22:47:45+00:00,minimal,stock,idle,26,mem_mib,2048,phase_12b_guest_base_mounted,12898
2026-05-13T22:47:45+00:00,minimal,stock,idle,26,mem_mib,2048,phase_12b_guest_overlay_disk_mounted,17610
2026-05-13T22:47:45+00:00,minimal,stock,idle,26,mem_mib,2048,phase_12b_guest_overlay_dirs_ready,21232
2026-05-13T22:47:45+00:00,minimal,stock,idle,26,mem_mib,2048,phase_12b_guest_merged_mountpoint_ready,24000
2026-05-13T22:47:45+00:00,minimal,stock,idle,26,mem_mib,2048,phase_12b_guest_overlayfs_mounted,27241
2026-05-13T22:47:45+00:00,minimal,stock,idle,26,mem_mib,2048,phase_12b_guest_pseudo_fs_bound_into_merged,30619
2026-05-13T22:47:45+00:00,minimal,stock,idle,26,mem_mib,2048,phase_12b_guest_merged_self_bound,33933
2026-05-13T22:47:45+00:00,minimal,stock,idle,26,mem_mib,2048,phase_12b_guest_pivot_rootfs_done,35662
2026-05-13T22:47:45+00:00,minimal,stock,idle,26,mem_mib,2048,phase_12b_guest_overlay_pivot_complete,37528
2026-05-13T22:47:45+00:00,minimal,stock,idle,26,mem_mib,2048,phase_12b_guest_network_configured,39362
2026-05-13T22:47:45+00:00,minimal,stock,idle,26,mem_mib,2048,phase_12b_guest_workspace_absent,41376
2026-05-13T22:47:45+00:00,minimal,stock,idle,26,mem_mib,2048,phase_12b_guest_pid1_setup_complete,42205
2026-05-13T22:47:45+00:00,minimal,stock,idle,26,mem_mib,2048,phase_12b_guest_guestd_starting_log,43807
2026-05-13T22:47:45+00:00,minimal,stock,idle,26,mem_mib,2048,phase_12b_guest_exec_listener_bound,44810
2026-05-13T22:47:45+00:00,minimal,stock,idle,26,mem_mib,2048,phase_12b_ready_accept,988827
2026-05-13T22:47:45+00:00,minimal,stock,idle,26,mem_mib,2048,exec_send,20
2026-05-13T22:47:45+00:00,minimal,stock,idle,26,mem_mib,2048,exec_recv,12054
2026-05-13T22:47:45+00:00,minimal,stock,idle,26,mem_mib,2048,stop_bounded,59374
2026-05-13T22:47:45+00:00,minimal,stock,idle,26,mem_mib,2048,stop_release,110
2026-05-13T22:47:45+00:00,minimal,stock,idle,26,mem_mib,2048,guest_elapsed_process_start,1
2026-05-13T22:47:45+00:00,minimal,stock,idle,26,mem_mib,2048,guest_delta_process_start,1
2026-05-13T22:47:45+00:00,minimal,stock,idle,26,mem_mib,2048,guest_elapsed_stdio_redirected,828
2026-05-13T22:47:45+00:00,minimal,stock,idle,26,mem_mib,2048,guest_delta_stdio_redirected,827
2026-05-13T22:47:45+00:00,minimal,stock,idle,26,mem_mib,2048,guest_elapsed_panic_hook_installed,1622
2026-05-13T22:47:45+00:00,minimal,stock,idle,26,mem_mib,2048,guest_delta_panic_hook_installed,793
2026-05-13T22:47:45+00:00,minimal,stock,idle,26,mem_mib,2048,guest_elapsed_pseudo_fs_mounted,6801
2026-05-13T22:47:45+00:00,minimal,stock,idle,26,mem_mib,2048,guest_delta_pseudo_fs_mounted,5179
2026-05-13T22:47:45+00:00,minimal,stock,idle,26,mem_mib,2048,guest_elapsed_mount_namespace_private,9849
2026-05-13T22:47:45+00:00,minimal,stock,idle,26,mem_mib,2048,guest_delta_mount_namespace_private,3048
2026-05-13T22:47:45+00:00,minimal,stock,idle,26,mem_mib,2048,guest_elapsed_base_mounted,12898
2026-05-13T22:47:45+00:00,minimal,stock,idle,26,mem_mib,2048,guest_delta_base_mounted,3048
2026-05-13T22:47:45+00:00,minimal,stock,idle,26,mem_mib,2048,guest_elapsed_overlay_disk_mounted,17610
2026-05-13T22:47:45+00:00,minimal,stock,idle,26,mem_mib,2048,guest_delta_overlay_disk_mounted,4711
2026-05-13T22:47:45+00:00,minimal,stock,idle,26,mem_mib,2048,guest_elapsed_overlay_dirs_ready,21232
2026-05-13T22:47:45+00:00,minimal,stock,idle,26,mem_mib,2048,guest_delta_overlay_dirs_ready,3622
2026-05-13T22:47:45+00:00,minimal,stock,idle,26,mem_mib,2048,guest_elapsed_merged_mountpoint_ready,24000
2026-05-13T22:47:45+00:00,minimal,stock,idle,26,mem_mib,2048,guest_delta_merged_mountpoint_ready,2767
2026-05-13T22:47:45+00:00,minimal,stock,idle,26,mem_mib,2048,guest_elapsed_overlayfs_mounted,27241
2026-05-13T22:47:45+00:00,minimal,stock,idle,26,mem_mib,2048,guest_delta_overlayfs_mounted,3241
2026-05-13T22:47:45+00:00,minimal,stock,idle,26,mem_mib,2048,guest_elapsed_pseudo_fs_bound_into_merged,30619
2026-05-13T22:47:45+00:00,minimal,stock,idle,26,mem_mib,2048,guest_delta_pseudo_fs_bound_into_merged,3378
2026-05-13T22:47:45+00:00,minimal,stock,idle,26,mem_mib,2048,guest_elapsed_merged_self_bound,33933
2026-05-13T22:47:45+00:00,minimal,stock,idle,26,mem_mib,2048,guest_delta_merged_self_bound,3313
2026-05-13T22:47:45+00:00,minimal,stock,idle,26,mem_mib,2048,guest_elapsed_pivot_rootfs_done,35662
2026-05-13T22:47:45+00:00,minimal,stock,idle,26,mem_mib,2048,guest_delta_pivot_rootfs_done,1729
2026-05-13T22:47:45+00:00,minimal,stock,idle,26,mem_mib,2048,guest_elapsed_overlay_pivot_complete,37528
2026-05-13T22:47:45+00:00,minimal,stock,idle,26,mem_mib,2048,guest_delta_overlay_pivot_complete,1866
2026-05-13T22:47:45+00:00,minimal,stock,idle,26,mem_mib,2048,guest_elapsed_network_configured,39362
2026-05-13T22:47:45+00:00,minimal,stock,idle,26,mem_mib,2048,guest_delta_network_configured,1833
2026-05-13T22:47:45+00:00,minimal,stock,idle,26,mem_mib,2048,guest_elapsed_workspace_absent,41376
2026-05-13T22:47:45+00:00,minimal,stock,idle,26,mem_mib,2048,guest_delta_workspace_absent,2014
2026-05-13T22:47:45+00:00,minimal,stock,idle,26,mem_mib,2048,guest_elapsed_pid1_setup_complete,42205
2026-05-13T22:47:45+00:00,minimal,stock,idle,26,mem_mib,2048,guest_delta_pid1_setup_complete,829
2026-05-13T22:47:45+00:00,minimal,stock,idle,26,mem_mib,2048,guest_elapsed_guestd_starting_log,43807
2026-05-13T22:47:45+00:00,minimal,stock,idle,26,mem_mib,2048,guest_delta_guestd_starting_log,1601
2026-05-13T22:47:45+00:00,minimal,stock,idle,26,mem_mib,2048,guest_elapsed_exec_listener_bound,44810
2026-05-13T22:47:45+00:00,minimal,stock,idle,26,mem_mib,2048,guest_delta_exec_listener_bound,1003
2026-05-13T22:47:45+00:00,minimal,stock,idle,26,mem_mib,2048,guest_elapsed_ready_signal_sent,46897
2026-05-13T22:47:45+00:00,minimal,stock,idle,26,mem_mib,2048,guest_delta_ready_signal_sent,2086
2026-05-13T22:47:46+00:00,minimal,stock,idle,27,mem_mib,2048,phase_1_run_root_prep,41
2026-05-13T22:47:46+00:00,minimal,stock,idle,27,mem_mib,2048,phase_2_lease,34
2026-05-13T22:47:46+00:00,minimal,stock,idle,27,mem_mib,2048,phase_3b_rootfs_prepare,15540
2026-05-13T22:47:46+00:00,minimal,stock,idle,27,mem_mib,2048,phase_3_storage_prep,15610
2026-05-13T22:47:46+00:00,minimal,stock,idle,27,mem_mib,2048,phase_4_jailer_materialize,934
2026-05-13T22:47:46+00:00,minimal,stock,idle,27,mem_mib,2048,phase_5_cgroup_probe,0
2026-05-13T22:47:46+00:00,minimal,stock,idle,27,mem_mib,2048,phase_6_network_realize,8
2026-05-13T22:47:46+00:00,minimal,stock,idle,27,mem_mib,2048,phase_7_outbound_guest_config,0
2026-05-13T22:47:46+00:00,minimal,stock,idle,27,mem_mib,2048,phase_9_jailer_launch,15579
2026-05-13T22:47:46+00:00,minimal,stock,idle,27,mem_mib,2048,phase_5b_cgroup_create,18676
2026-05-13T22:47:46+00:00,minimal,stock,idle,27,mem_mib,2048,phase_10_open_uds,35
2026-05-13T22:47:46+00:00,minimal,stock,idle,27,mem_mib,2048,phase_11_put_machine_config,172
2026-05-13T22:47:46+00:00,minimal,stock,idle,27,mem_mib,2048,phase_11_put_boot_source,89
2026-05-13T22:47:46+00:00,minimal,stock,idle,27,mem_mib,2048,phase_11_put_drive_rootfs,90
2026-05-13T22:47:46+00:00,minimal,stock,idle,27,mem_mib,2048,phase_11_put_drive_rootfs_overlay,171
2026-05-13T22:47:46+00:00,minimal,stock,idle,27,mem_mib,2048,phase_11_put_entropy,83
2026-05-13T22:47:46+00:00,minimal,stock,idle,27,mem_mib,2048,phase_11_put_vsock,138
2026-05-13T22:47:46+00:00,minimal,stock,idle,27,mem_mib,2048,phase_11_rest_puts,1425
2026-05-13T22:47:46+00:00,minimal,stock,idle,27,mem_mib,2048,phase_11b_ready_listener_bind,89
2026-05-13T22:47:46+00:00,minimal,stock,idle,27,mem_mib,2048,phase_11c_boot_identity_record,99
2026-05-13T22:47:46+00:00,minimal,stock,idle,27,mem_mib,2048,phase_12a_instance_start,18304
2026-05-13T22:47:46+00:00,minimal,stock,idle,27,mem_mib,2048,phase_12b_host_waiting_accept,1047737
2026-05-13T22:47:46+00:00,minimal,stock,idle,27,mem_mib,2048,phase_12b_kernel_console_range,982879
2026-05-13T22:47:46+00:00,minimal,stock,idle,27,mem_mib,2048,phase_12b_guest_process_start,2
2026-05-13T22:47:46+00:00,minimal,stock,idle,27,mem_mib,2048,phase_12b_guest_stdio_redirected,1675
2026-05-13T22:47:46+00:00,minimal,stock,idle,27,mem_mib,2048,phase_12b_guest_panic_hook_installed,3366
2026-05-13T22:47:46+00:00,minimal,stock,idle,27,mem_mib,2048,phase_12b_guest_pseudo_fs_mounted,13806
2026-05-13T22:47:46+00:00,minimal,stock,idle,27,mem_mib,2048,phase_12b_guest_mount_namespace_private,20106
2026-05-13T22:47:46+00:00,minimal,stock,idle,27,mem_mib,2048,phase_12b_guest_base_mounted,26188
2026-05-13T22:47:46+00:00,minimal,stock,idle,27,mem_mib,2048,phase_12b_guest_overlay_disk_mounted,33540
2026-05-13T22:47:46+00:00,minimal,stock,idle,27,mem_mib,2048,phase_12b_guest_overlay_dirs_ready,39126
2026-05-13T22:47:46+00:00,minimal,stock,idle,27,mem_mib,2048,phase_12b_guest_merged_mountpoint_ready,41931
2026-05-13T22:47:46+00:00,minimal,stock,idle,27,mem_mib,2048,phase_12b_guest_overlayfs_mounted,45221
2026-05-13T22:47:46+00:00,minimal,stock,idle,27,mem_mib,2048,phase_12b_guest_pseudo_fs_bound_into_merged,48674
2026-05-13T22:47:46+00:00,minimal,stock,idle,27,mem_mib,2048,phase_12b_guest_merged_self_bound,52051
2026-05-13T22:47:46+00:00,minimal,stock,idle,27,mem_mib,2048,phase_12b_guest_pivot_rootfs_done,53808
2026-05-13T22:47:46+00:00,minimal,stock,idle,27,mem_mib,2048,phase_12b_guest_overlay_pivot_complete,55719
2026-05-13T22:47:46+00:00,minimal,stock,idle,27,mem_mib,2048,phase_12b_guest_network_configured,57580
2026-05-13T22:47:46+00:00,minimal,stock,idle,27,mem_mib,2048,phase_12b_guest_workspace_absent,59635
2026-05-13T22:47:46+00:00,minimal,stock,idle,27,mem_mib,2048,phase_12b_guest_pid1_setup_complete,60483
2026-05-13T22:47:46+00:00,minimal,stock,idle,27,mem_mib,2048,phase_12b_guest_guestd_starting_log,62128
2026-05-13T22:47:46+00:00,minimal,stock,idle,27,mem_mib,2048,phase_12b_guest_exec_listener_bound,63168
2026-05-13T22:47:46+00:00,minimal,stock,idle,27,mem_mib,2048,phase_12b_ready_accept,1050069
2026-05-13T22:47:46+00:00,minimal,stock,idle,27,mem_mib,2048,exec_send,22
2026-05-13T22:47:46+00:00,minimal,stock,idle,27,mem_mib,2048,exec_recv,12062
2026-05-13T22:47:46+00:00,minimal,stock,idle,27,mem_mib,2048,stop_bounded,66786
2026-05-13T22:47:46+00:00,minimal,stock,idle,27,mem_mib,2048,stop_release,121
2026-05-13T22:47:46+00:00,minimal,stock,idle,27,mem_mib,2048,guest_elapsed_process_start,2
2026-05-13T22:47:46+00:00,minimal,stock,idle,27,mem_mib,2048,guest_delta_process_start,2
2026-05-13T22:47:46+00:00,minimal,stock,idle,27,mem_mib,2048,guest_elapsed_stdio_redirected,1675
2026-05-13T22:47:46+00:00,minimal,stock,idle,27,mem_mib,2048,guest_delta_stdio_redirected,1673
2026-05-13T22:47:46+00:00,minimal,stock,idle,27,mem_mib,2048,guest_elapsed_panic_hook_installed,3366
2026-05-13T22:47:46+00:00,minimal,stock,idle,27,mem_mib,2048,guest_delta_panic_hook_installed,1690
2026-05-13T22:47:46+00:00,minimal,stock,idle,27,mem_mib,2048,guest_elapsed_pseudo_fs_mounted,13806
2026-05-13T22:47:46+00:00,minimal,stock,idle,27,mem_mib,2048,guest_delta_pseudo_fs_mounted,10439
2026-05-13T22:47:46+00:00,minimal,stock,idle,27,mem_mib,2048,guest_elapsed_mount_namespace_private,20106
2026-05-13T22:47:46+00:00,minimal,stock,idle,27,mem_mib,2048,guest_delta_mount_namespace_private,6300
2026-05-13T22:47:46+00:00,minimal,stock,idle,27,mem_mib,2048,guest_elapsed_base_mounted,26188
2026-05-13T22:47:46+00:00,minimal,stock,idle,27,mem_mib,2048,guest_delta_base_mounted,6082
2026-05-13T22:47:46+00:00,minimal,stock,idle,27,mem_mib,2048,guest_elapsed_overlay_disk_mounted,33540
2026-05-13T22:47:46+00:00,minimal,stock,idle,27,mem_mib,2048,guest_delta_overlay_disk_mounted,7352
2026-05-13T22:47:46+00:00,minimal,stock,idle,27,mem_mib,2048,guest_elapsed_overlay_dirs_ready,39126
2026-05-13T22:47:46+00:00,minimal,stock,idle,27,mem_mib,2048,guest_delta_overlay_dirs_ready,5585
2026-05-13T22:47:46+00:00,minimal,stock,idle,27,mem_mib,2048,guest_elapsed_merged_mountpoint_ready,41931
2026-05-13T22:47:46+00:00,minimal,stock,idle,27,mem_mib,2048,guest_delta_merged_mountpoint_ready,2805
2026-05-13T22:47:46+00:00,minimal,stock,idle,27,mem_mib,2048,guest_elapsed_overlayfs_mounted,45221
2026-05-13T22:47:46+00:00,minimal,stock,idle,27,mem_mib,2048,guest_delta_overlayfs_mounted,3290
2026-05-13T22:47:46+00:00,minimal,stock,idle,27,mem_mib,2048,guest_elapsed_pseudo_fs_bound_into_merged,48674
2026-05-13T22:47:46+00:00,minimal,stock,idle,27,mem_mib,2048,guest_delta_pseudo_fs_bound_into_merged,3453
2026-05-13T22:47:46+00:00,minimal,stock,idle,27,mem_mib,2048,guest_elapsed_merged_self_bound,52051
2026-05-13T22:47:46+00:00,minimal,stock,idle,27,mem_mib,2048,guest_delta_merged_self_bound,3376
2026-05-13T22:47:46+00:00,minimal,stock,idle,27,mem_mib,2048,guest_elapsed_pivot_rootfs_done,53808
2026-05-13T22:47:46+00:00,minimal,stock,idle,27,mem_mib,2048,guest_delta_pivot_rootfs_done,1756
2026-05-13T22:47:46+00:00,minimal,stock,idle,27,mem_mib,2048,guest_elapsed_overlay_pivot_complete,55719
2026-05-13T22:47:46+00:00,minimal,stock,idle,27,mem_mib,2048,guest_delta_overlay_pivot_complete,1911
2026-05-13T22:47:46+00:00,minimal,stock,idle,27,mem_mib,2048,guest_elapsed_network_configured,57580
2026-05-13T22:47:46+00:00,minimal,stock,idle,27,mem_mib,2048,guest_delta_network_configured,1860
2026-05-13T22:47:46+00:00,minimal,stock,idle,27,mem_mib,2048,guest_elapsed_workspace_absent,59635
2026-05-13T22:47:46+00:00,minimal,stock,idle,27,mem_mib,2048,guest_delta_workspace_absent,2054
2026-05-13T22:47:46+00:00,minimal,stock,idle,27,mem_mib,2048,guest_elapsed_pid1_setup_complete,60483
2026-05-13T22:47:46+00:00,minimal,stock,idle,27,mem_mib,2048,guest_delta_pid1_setup_complete,848
2026-05-13T22:47:46+00:00,minimal,stock,idle,27,mem_mib,2048,guest_elapsed_guestd_starting_log,62128
2026-05-13T22:47:46+00:00,minimal,stock,idle,27,mem_mib,2048,guest_delta_guestd_starting_log,1644
2026-05-13T22:47:46+00:00,minimal,stock,idle,27,mem_mib,2048,guest_elapsed_exec_listener_bound,63168
2026-05-13T22:47:46+00:00,minimal,stock,idle,27,mem_mib,2048,guest_delta_exec_listener_bound,1039
2026-05-13T22:47:46+00:00,minimal,stock,idle,27,mem_mib,2048,guest_elapsed_ready_signal_sent,65310
2026-05-13T22:47:46+00:00,minimal,stock,idle,27,mem_mib,2048,guest_delta_ready_signal_sent,2142
2026-05-13T22:47:48+00:00,minimal,stock,idle,28,mem_mib,2048,phase_1_run_root_prep,41
2026-05-13T22:47:48+00:00,minimal,stock,idle,28,mem_mib,2048,phase_2_lease,35
2026-05-13T22:47:48+00:00,minimal,stock,idle,28,mem_mib,2048,phase_3b_rootfs_prepare,12854
2026-05-13T22:47:48+00:00,minimal,stock,idle,28,mem_mib,2048,phase_3_storage_prep,12923
2026-05-13T22:47:48+00:00,minimal,stock,idle,28,mem_mib,2048,phase_4_jailer_materialize,898
2026-05-13T22:47:48+00:00,minimal,stock,idle,28,mem_mib,2048,phase_5_cgroup_probe,0
2026-05-13T22:47:48+00:00,minimal,stock,idle,28,mem_mib,2048,phase_6_network_realize,0
2026-05-13T22:47:48+00:00,minimal,stock,idle,28,mem_mib,2048,phase_7_outbound_guest_config,0
2026-05-13T22:47:48+00:00,minimal,stock,idle,28,mem_mib,2048,phase_9_jailer_launch,15487
2026-05-13T22:47:48+00:00,minimal,stock,idle,28,mem_mib,2048,phase_5b_cgroup_create,18364
2026-05-13T22:47:48+00:00,minimal,stock,idle,28,mem_mib,2048,phase_10_open_uds,26
2026-05-13T22:47:48+00:00,minimal,stock,idle,28,mem_mib,2048,phase_11_put_machine_config,176
2026-05-13T22:47:48+00:00,minimal,stock,idle,28,mem_mib,2048,phase_11_put_boot_source,83
2026-05-13T22:47:48+00:00,minimal,stock,idle,28,mem_mib,2048,phase_11_put_drive_rootfs,100
2026-05-13T22:47:48+00:00,minimal,stock,idle,28,mem_mib,2048,phase_11_put_drive_rootfs_overlay,181
2026-05-13T22:47:48+00:00,minimal,stock,idle,28,mem_mib,2048,phase_11_put_entropy,114
2026-05-13T22:47:48+00:00,minimal,stock,idle,28,mem_mib,2048,phase_11_put_vsock,158
2026-05-13T22:47:48+00:00,minimal,stock,idle,28,mem_mib,2048,phase_11_rest_puts,1566
2026-05-13T22:47:48+00:00,minimal,stock,idle,28,mem_mib,2048,phase_11b_ready_listener_bind,88
2026-05-13T22:47:48+00:00,minimal,stock,idle,28,mem_mib,2048,phase_11c_boot_identity_record,107
2026-05-13T22:47:48+00:00,minimal,stock,idle,28,mem_mib,2048,phase_12a_instance_start,20090
2026-05-13T22:47:48+00:00,minimal,stock,idle,28,mem_mib,2048,phase_12b_host_waiting_accept,1044863
2026-05-13T22:47:48+00:00,minimal,stock,idle,28,mem_mib,2048,phase_12b_kernel_console_range,980719
2026-05-13T22:47:48+00:00,minimal,stock,idle,28,mem_mib,2048,phase_12b_guest_process_start,2
2026-05-13T22:47:48+00:00,minimal,stock,idle,28,mem_mib,2048,phase_12b_guest_stdio_redirected,1622
2026-05-13T22:47:48+00:00,minimal,stock,idle,28,mem_mib,2048,phase_12b_guest_panic_hook_installed,3311
2026-05-13T22:47:48+00:00,minimal,stock,idle,28,mem_mib,2048,phase_12b_guest_pseudo_fs_mounted,13717
2026-05-13T22:47:48+00:00,minimal,stock,idle,28,mem_mib,2048,phase_12b_guest_mount_namespace_private,19970
2026-05-13T22:47:48+00:00,minimal,stock,idle,28,mem_mib,2048,phase_12b_guest_base_mounted,25708
2026-05-13T22:47:48+00:00,minimal,stock,idle,28,mem_mib,2048,phase_12b_guest_overlay_disk_mounted,32847
2026-05-13T22:47:48+00:00,minimal,stock,idle,28,mem_mib,2048,phase_12b_guest_overlay_dirs_ready,37232
2026-05-13T22:47:48+00:00,minimal,stock,idle,28,mem_mib,2048,phase_12b_guest_merged_mountpoint_ready,40079
2026-05-13T22:47:48+00:00,minimal,stock,idle,28,mem_mib,2048,phase_12b_guest_overlayfs_mounted,43424
2026-05-13T22:47:48+00:00,minimal,stock,idle,28,mem_mib,2048,phase_12b_guest_pseudo_fs_bound_into_merged,46865
2026-05-13T22:47:48+00:00,minimal,stock,idle,28,mem_mib,2048,phase_12b_guest_merged_self_bound,50263
2026-05-13T22:47:48+00:00,minimal,stock,idle,28,mem_mib,2048,phase_12b_guest_pivot_rootfs_done,52047
2026-05-13T22:47:48+00:00,minimal,stock,idle,28,mem_mib,2048,phase_12b_guest_overlay_pivot_complete,53950
2026-05-13T22:47:48+00:00,minimal,stock,idle,28,mem_mib,2048,phase_12b_guest_network_configured,55855
2026-05-13T22:47:48+00:00,minimal,stock,idle,28,mem_mib,2048,phase_12b_guest_workspace_absent,57903
2026-05-13T22:47:48+00:00,minimal,stock,idle,28,mem_mib,2048,phase_12b_guest_pid1_setup_complete,58747
2026-05-13T22:47:48+00:00,minimal,stock,idle,28,mem_mib,2048,phase_12b_guest_guestd_starting_log,59785
2026-05-13T22:47:48+00:00,minimal,stock,idle,28,mem_mib,2048,phase_12b_guest_exec_listener_bound,61557
2026-05-13T22:47:48+00:00,minimal,stock,idle,28,mem_mib,2048,phase_12b_ready_accept,1046099
2026-05-13T22:47:48+00:00,minimal,stock,idle,28,mem_mib,2048,exec_send,14
2026-05-13T22:47:48+00:00,minimal,stock,idle,28,mem_mib,2048,exec_recv,11960
2026-05-13T22:47:48+00:00,minimal,stock,idle,28,mem_mib,2048,stop_bounded,66536
2026-05-13T22:47:48+00:00,minimal,stock,idle,28,mem_mib,2048,stop_release,122
2026-05-13T22:47:48+00:00,minimal,stock,idle,28,mem_mib,2048,guest_elapsed_process_start,2
2026-05-13T22:47:48+00:00,minimal,stock,idle,28,mem_mib,2048,guest_delta_process_start,2
2026-05-13T22:47:48+00:00,minimal,stock,idle,28,mem_mib,2048,guest_elapsed_stdio_redirected,1622
2026-05-13T22:47:48+00:00,minimal,stock,idle,28,mem_mib,2048,guest_delta_stdio_redirected,1619
2026-05-13T22:47:48+00:00,minimal,stock,idle,28,mem_mib,2048,guest_elapsed_panic_hook_installed,3311
2026-05-13T22:47:48+00:00,minimal,stock,idle,28,mem_mib,2048,guest_delta_panic_hook_installed,1688
2026-05-13T22:47:48+00:00,minimal,stock,idle,28,mem_mib,2048,guest_elapsed_pseudo_fs_mounted,13717
2026-05-13T22:47:48+00:00,minimal,stock,idle,28,mem_mib,2048,guest_delta_pseudo_fs_mounted,10406
2026-05-13T22:47:48+00:00,minimal,stock,idle,28,mem_mib,2048,guest_elapsed_mount_namespace_private,19970
2026-05-13T22:47:48+00:00,minimal,stock,idle,28,mem_mib,2048,guest_delta_mount_namespace_private,6253
2026-05-13T22:47:48+00:00,minimal,stock,idle,28,mem_mib,2048,guest_elapsed_base_mounted,25708
2026-05-13T22:47:48+00:00,minimal,stock,idle,28,mem_mib,2048,guest_delta_base_mounted,5737
2026-05-13T22:47:48+00:00,minimal,stock,idle,28,mem_mib,2048,guest_elapsed_overlay_disk_mounted,32847
2026-05-13T22:47:48+00:00,minimal,stock,idle,28,mem_mib,2048,guest_delta_overlay_disk_mounted,7139
2026-05-13T22:47:48+00:00,minimal,stock,idle,28,mem_mib,2048,guest_elapsed_overlay_dirs_ready,37232
2026-05-13T22:47:48+00:00,minimal,stock,idle,28,mem_mib,2048,guest_delta_overlay_dirs_ready,4384
2026-05-13T22:47:48+00:00,minimal,stock,idle,28,mem_mib,2048,guest_elapsed_merged_mountpoint_ready,40079
2026-05-13T22:47:48+00:00,minimal,stock,idle,28,mem_mib,2048,guest_delta_merged_mountpoint_ready,2847
2026-05-13T22:47:48+00:00,minimal,stock,idle,28,mem_mib,2048,guest_elapsed_overlayfs_mounted,43424
2026-05-13T22:47:48+00:00,minimal,stock,idle,28,mem_mib,2048,guest_delta_overlayfs_mounted,3345
2026-05-13T22:47:48+00:00,minimal,stock,idle,28,mem_mib,2048,guest_elapsed_pseudo_fs_bound_into_merged,46865
2026-05-13T22:47:48+00:00,minimal,stock,idle,28,mem_mib,2048,guest_delta_pseudo_fs_bound_into_merged,3441
2026-05-13T22:47:48+00:00,minimal,stock,idle,28,mem_mib,2048,guest_elapsed_merged_self_bound,50263
2026-05-13T22:47:48+00:00,minimal,stock,idle,28,mem_mib,2048,guest_delta_merged_self_bound,3397
2026-05-13T22:47:48+00:00,minimal,stock,idle,28,mem_mib,2048,guest_elapsed_pivot_rootfs_done,52047
2026-05-13T22:47:48+00:00,minimal,stock,idle,28,mem_mib,2048,guest_delta_pivot_rootfs_done,1784
2026-05-13T22:47:48+00:00,minimal,stock,idle,28,mem_mib,2048,guest_elapsed_overlay_pivot_complete,53950
2026-05-13T22:47:48+00:00,minimal,stock,idle,28,mem_mib,2048,guest_delta_overlay_pivot_complete,1903
2026-05-13T22:47:48+00:00,minimal,stock,idle,28,mem_mib,2048,guest_elapsed_network_configured,55855
2026-05-13T22:47:48+00:00,minimal,stock,idle,28,mem_mib,2048,guest_delta_network_configured,1904
2026-05-13T22:47:48+00:00,minimal,stock,idle,28,mem_mib,2048,guest_elapsed_workspace_absent,57903
2026-05-13T22:47:48+00:00,minimal,stock,idle,28,mem_mib,2048,guest_delta_workspace_absent,2048
2026-05-13T22:47:48+00:00,minimal,stock,idle,28,mem_mib,2048,guest_elapsed_pid1_setup_complete,58747
2026-05-13T22:47:48+00:00,minimal,stock,idle,28,mem_mib,2048,guest_delta_pid1_setup_complete,843
2026-05-13T22:47:48+00:00,minimal,stock,idle,28,mem_mib,2048,guest_elapsed_guestd_starting_log,59785
2026-05-13T22:47:48+00:00,minimal,stock,idle,28,mem_mib,2048,guest_delta_guestd_starting_log,1037
2026-05-13T22:47:48+00:00,minimal,stock,idle,28,mem_mib,2048,guest_elapsed_exec_listener_bound,61557
2026-05-13T22:47:48+00:00,minimal,stock,idle,28,mem_mib,2048,guest_delta_exec_listener_bound,1772
2026-05-13T22:47:48+00:00,minimal,stock,idle,28,mem_mib,2048,guest_elapsed_ready_signal_sent,63775
2026-05-13T22:47:48+00:00,minimal,stock,idle,28,mem_mib,2048,guest_delta_ready_signal_sent,2217
2026-05-13T22:47:49+00:00,minimal,stock,idle,29,mem_mib,2048,phase_1_run_root_prep,43
2026-05-13T22:47:49+00:00,minimal,stock,idle,29,mem_mib,2048,phase_2_lease,35
2026-05-13T22:47:49+00:00,minimal,stock,idle,29,mem_mib,2048,phase_3b_rootfs_prepare,8466
2026-05-13T22:47:49+00:00,minimal,stock,idle,29,mem_mib,2048,phase_3_storage_prep,8523
2026-05-13T22:47:49+00:00,minimal,stock,idle,29,mem_mib,2048,phase_4_jailer_materialize,1359
2026-05-13T22:47:49+00:00,minimal,stock,idle,29,mem_mib,2048,phase_5_cgroup_probe,0
2026-05-13T22:47:49+00:00,minimal,stock,idle,29,mem_mib,2048,phase_6_network_realize,0
2026-05-13T22:47:49+00:00,minimal,stock,idle,29,mem_mib,2048,phase_7_outbound_guest_config,0
2026-05-13T22:47:49+00:00,minimal,stock,idle,29,mem_mib,2048,phase_9_jailer_launch,15575
2026-05-13T22:47:49+00:00,minimal,stock,idle,29,mem_mib,2048,phase_5b_cgroup_create,21257
2026-05-13T22:47:49+00:00,minimal,stock,idle,29,mem_mib,2048,phase_10_open_uds,35
2026-05-13T22:47:49+00:00,minimal,stock,idle,29,mem_mib,2048,phase_11_put_machine_config,209
2026-05-13T22:47:49+00:00,minimal,stock,idle,29,mem_mib,2048,phase_11_put_boot_source,63
2026-05-13T22:47:49+00:00,minimal,stock,idle,29,mem_mib,2048,phase_11_put_drive_rootfs,78
2026-05-13T22:47:49+00:00,minimal,stock,idle,29,mem_mib,2048,phase_11_put_drive_rootfs_overlay,156
2026-05-13T22:47:49+00:00,minimal,stock,idle,29,mem_mib,2048,phase_11_put_entropy,74
2026-05-13T22:47:49+00:00,minimal,stock,idle,29,mem_mib,2048,phase_11_put_vsock,142
2026-05-13T22:47:49+00:00,minimal,stock,idle,29,mem_mib,2048,phase_11_rest_puts,1042
2026-05-13T22:47:49+00:00,minimal,stock,idle,29,mem_mib,2048,phase_11b_ready_listener_bind,32
2026-05-13T22:47:49+00:00,minimal,stock,idle,29,mem_mib,2048,phase_11c_boot_identity_record,41
2026-05-13T22:47:49+00:00,minimal,stock,idle,29,mem_mib,2048,phase_12a_instance_start,13899
2026-05-13T22:47:49+00:00,minimal,stock,idle,29,mem_mib,2048,phase_12b_host_waiting_accept,1016113
2026-05-13T22:47:49+00:00,minimal,stock,idle,29,mem_mib,2048,phase_12b_kernel_console_range,948862
2026-05-13T22:47:49+00:00,minimal,stock,idle,29,mem_mib,2048,phase_12b_guest_process_start,2
2026-05-13T22:47:49+00:00,minimal,stock,idle,29,mem_mib,2048,phase_12b_guest_stdio_redirected,1628
2026-05-13T22:47:49+00:00,minimal,stock,idle,29,mem_mib,2048,phase_12b_guest_panic_hook_installed,3306
2026-05-13T22:47:49+00:00,minimal,stock,idle,29,mem_mib,2048,phase_12b_guest_pseudo_fs_mounted,13821
2026-05-13T22:47:49+00:00,minimal,stock,idle,29,mem_mib,2048,phase_12b_guest_mount_namespace_private,20097
2026-05-13T22:47:49+00:00,minimal,stock,idle,29,mem_mib,2048,phase_12b_guest_base_mounted,25673
2026-05-13T22:47:49+00:00,minimal,stock,idle,29,mem_mib,2048,phase_12b_guest_overlay_disk_mounted,32995
2026-05-13T22:47:49+00:00,minimal,stock,idle,29,mem_mib,2048,phase_12b_guest_overlay_dirs_ready,37935
2026-05-13T22:47:49+00:00,minimal,stock,idle,29,mem_mib,2048,phase_12b_guest_merged_mountpoint_ready,40764
2026-05-13T22:47:49+00:00,minimal,stock,idle,29,mem_mib,2048,phase_12b_guest_overlayfs_mounted,44055
2026-05-13T22:47:49+00:00,minimal,stock,idle,29,mem_mib,2048,phase_12b_guest_pseudo_fs_bound_into_merged,47509
2026-05-13T22:47:49+00:00,minimal,stock,idle,29,mem_mib,2048,phase_12b_guest_merged_self_bound,50908
2026-05-13T22:47:49+00:00,minimal,stock,idle,29,mem_mib,2048,phase_12b_guest_pivot_rootfs_done,52682
2026-05-13T22:47:49+00:00,minimal,stock,idle,29,mem_mib,2048,phase_12b_guest_overlay_pivot_complete,54584
2026-05-13T22:47:49+00:00,minimal,stock,idle,29,mem_mib,2048,phase_12b_guest_network_configured,56482
2026-05-13T22:47:49+00:00,minimal,stock,idle,29,mem_mib,2048,phase_12b_guest_workspace_absent,58516
2026-05-13T22:47:49+00:00,minimal,stock,idle,29,mem_mib,2048,phase_12b_guest_pid1_setup_complete,59383
2026-05-13T22:47:49+00:00,minimal,stock,idle,29,mem_mib,2048,phase_12b_guest_guestd_starting_log,61028
2026-05-13T22:47:49+00:00,minimal,stock,idle,29,mem_mib,2048,phase_12b_guest_exec_listener_bound,62038
2026-05-13T22:47:49+00:00,minimal,stock,idle,29,mem_mib,2048,phase_12b_ready_accept,1018439
2026-05-13T22:47:49+00:00,minimal,stock,idle,29,mem_mib,2048,exec_send,18
2026-05-13T22:47:49+00:00,minimal,stock,idle,29,mem_mib,2048,exec_recv,12095
2026-05-13T22:47:49+00:00,minimal,stock,idle,29,mem_mib,2048,stop_bounded,80310
2026-05-13T22:47:49+00:00,minimal,stock,idle,29,mem_mib,2048,stop_release,130
2026-05-13T22:47:49+00:00,minimal,stock,idle,29,mem_mib,2048,guest_elapsed_process_start,2
2026-05-13T22:47:49+00:00,minimal,stock,idle,29,mem_mib,2048,guest_delta_process_start,2
2026-05-13T22:47:49+00:00,minimal,stock,idle,29,mem_mib,2048,guest_elapsed_stdio_redirected,1628
2026-05-13T22:47:49+00:00,minimal,stock,idle,29,mem_mib,2048,guest_delta_stdio_redirected,1626
2026-05-13T22:47:49+00:00,minimal,stock,idle,29,mem_mib,2048,guest_elapsed_panic_hook_installed,3306
2026-05-13T22:47:49+00:00,minimal,stock,idle,29,mem_mib,2048,guest_delta_panic_hook_installed,1677
2026-05-13T22:47:49+00:00,minimal,stock,idle,29,mem_mib,2048,guest_elapsed_pseudo_fs_mounted,13821
2026-05-13T22:47:49+00:00,minimal,stock,idle,29,mem_mib,2048,guest_delta_pseudo_fs_mounted,10514
2026-05-13T22:47:49+00:00,minimal,stock,idle,29,mem_mib,2048,guest_elapsed_mount_namespace_private,20097
2026-05-13T22:47:49+00:00,minimal,stock,idle,29,mem_mib,2048,guest_delta_mount_namespace_private,6276
2026-05-13T22:47:49+00:00,minimal,stock,idle,29,mem_mib,2048,guest_elapsed_base_mounted,25673
2026-05-13T22:47:49+00:00,minimal,stock,idle,29,mem_mib,2048,guest_delta_base_mounted,5576
2026-05-13T22:47:49+00:00,minimal,stock,idle,29,mem_mib,2048,guest_elapsed_overlay_disk_mounted,32995
2026-05-13T22:47:49+00:00,minimal,stock,idle,29,mem_mib,2048,guest_delta_overlay_disk_mounted,7321
2026-05-13T22:47:49+00:00,minimal,stock,idle,29,mem_mib,2048,guest_elapsed_overlay_dirs_ready,37935
2026-05-13T22:47:49+00:00,minimal,stock,idle,29,mem_mib,2048,guest_delta_overlay_dirs_ready,4940
2026-05-13T22:47:49+00:00,minimal,stock,idle,29,mem_mib,2048,guest_elapsed_merged_mountpoint_ready,40764
2026-05-13T22:47:49+00:00,minimal,stock,idle,29,mem_mib,2048,guest_delta_merged_mountpoint_ready,2828
2026-05-13T22:47:49+00:00,minimal,stock,idle,29,mem_mib,2048,guest_elapsed_overlayfs_mounted,44055
2026-05-13T22:47:49+00:00,minimal,stock,idle,29,mem_mib,2048,guest_delta_overlayfs_mounted,3290
2026-05-13T22:47:49+00:00,minimal,stock,idle,29,mem_mib,2048,guest_elapsed_pseudo_fs_bound_into_merged,47509
2026-05-13T22:47:49+00:00,minimal,stock,idle,29,mem_mib,2048,guest_delta_pseudo_fs_bound_into_merged,3454
2026-05-13T22:47:49+00:00,minimal,stock,idle,29,mem_mib,2048,guest_elapsed_merged_self_bound,50908
2026-05-13T22:47:49+00:00,minimal,stock,idle,29,mem_mib,2048,guest_delta_merged_self_bound,3398
2026-05-13T22:47:49+00:00,minimal,stock,idle,29,mem_mib,2048,guest_elapsed_pivot_rootfs_done,52682
2026-05-13T22:47:49+00:00,minimal,stock,idle,29,mem_mib,2048,guest_delta_pivot_rootfs_done,1774
2026-05-13T22:47:49+00:00,minimal,stock,idle,29,mem_mib,2048,guest_elapsed_overlay_pivot_complete,54584
2026-05-13T22:47:49+00:00,minimal,stock,idle,29,mem_mib,2048,guest_delta_overlay_pivot_complete,1902
2026-05-13T22:47:49+00:00,minimal,stock,idle,29,mem_mib,2048,guest_elapsed_network_configured,56482
2026-05-13T22:47:49+00:00,minimal,stock,idle,29,mem_mib,2048,guest_delta_network_configured,1897
2026-05-13T22:47:49+00:00,minimal,stock,idle,29,mem_mib,2048,guest_elapsed_workspace_absent,58516
2026-05-13T22:47:49+00:00,minimal,stock,idle,29,mem_mib,2048,guest_delta_workspace_absent,2034
2026-05-13T22:47:49+00:00,minimal,stock,idle,29,mem_mib,2048,guest_elapsed_pid1_setup_complete,59383
2026-05-13T22:47:49+00:00,minimal,stock,idle,29,mem_mib,2048,guest_delta_pid1_setup_complete,866
2026-05-13T22:47:49+00:00,minimal,stock,idle,29,mem_mib,2048,guest_elapsed_guestd_starting_log,61028
2026-05-13T22:47:49+00:00,minimal,stock,idle,29,mem_mib,2048,guest_delta_guestd_starting_log,1644
2026-05-13T22:47:49+00:00,minimal,stock,idle,29,mem_mib,2048,guest_elapsed_exec_listener_bound,62038
2026-05-13T22:47:49+00:00,minimal,stock,idle,29,mem_mib,2048,guest_delta_exec_listener_bound,1009
2026-05-13T22:47:49+00:00,minimal,stock,idle,29,mem_mib,2048,guest_elapsed_ready_signal_sent,64151
2026-05-13T22:47:49+00:00,minimal,stock,idle,29,mem_mib,2048,guest_delta_ready_signal_sent,2113
2026-05-13T22:47:51+00:00,minimal,stock,idle,30,mem_mib,2048,phase_1_run_root_prep,39
2026-05-13T22:47:51+00:00,minimal,stock,idle,30,mem_mib,2048,phase_2_lease,33
2026-05-13T22:47:51+00:00,minimal,stock,idle,30,mem_mib,2048,phase_3b_rootfs_prepare,13129
2026-05-13T22:47:51+00:00,minimal,stock,idle,30,mem_mib,2048,phase_3_storage_prep,13186
2026-05-13T22:47:51+00:00,minimal,stock,idle,30,mem_mib,2048,phase_4_jailer_materialize,3701
2026-05-13T22:47:51+00:00,minimal,stock,idle,30,mem_mib,2048,phase_5_cgroup_probe,0
2026-05-13T22:47:51+00:00,minimal,stock,idle,30,mem_mib,2048,phase_6_network_realize,6
2026-05-13T22:47:51+00:00,minimal,stock,idle,30,mem_mib,2048,phase_7_outbound_guest_config,0
2026-05-13T22:47:51+00:00,minimal,stock,idle,30,mem_mib,2048,phase_9_jailer_launch,15481
2026-05-13T22:47:51+00:00,minimal,stock,idle,30,mem_mib,2048,phase_5b_cgroup_create,23055
2026-05-13T22:47:51+00:00,minimal,stock,idle,30,mem_mib,2048,phase_10_open_uds,17
2026-05-13T22:47:51+00:00,minimal,stock,idle,30,mem_mib,2048,phase_11_put_machine_config,217
2026-05-13T22:47:51+00:00,minimal,stock,idle,30,mem_mib,2048,phase_11_put_boot_source,95
2026-05-13T22:47:51+00:00,minimal,stock,idle,30,mem_mib,2048,phase_11_put_drive_rootfs,102
2026-05-13T22:47:51+00:00,minimal,stock,idle,30,mem_mib,2048,phase_11_put_drive_rootfs_overlay,181
2026-05-13T22:47:51+00:00,minimal,stock,idle,30,mem_mib,2048,phase_11_put_entropy,101
2026-05-13T22:47:51+00:00,minimal,stock,idle,30,mem_mib,2048,phase_11_put_vsock,164
2026-05-13T22:47:51+00:00,minimal,stock,idle,30,mem_mib,2048,phase_11_rest_puts,1259
2026-05-13T22:47:51+00:00,minimal,stock,idle,30,mem_mib,2048,phase_11b_ready_listener_bind,43
2026-05-13T22:47:51+00:00,minimal,stock,idle,30,mem_mib,2048,phase_11c_boot_identity_record,43
2026-05-13T22:47:51+00:00,minimal,stock,idle,30,mem_mib,2048,phase_12a_instance_start,20088
2026-05-13T22:47:51+00:00,minimal,stock,idle,30,mem_mib,2048,phase_12b_host_waiting_accept,1046295
2026-05-13T22:47:51+00:00,minimal,stock,idle,30,mem_mib,2048,phase_12b_kernel_console_range,981615
2026-05-13T22:47:51+00:00,minimal,stock,idle,30,mem_mib,2048,phase_12b_guest_process_start,2
2026-05-13T22:47:51+00:00,minimal,stock,idle,30,mem_mib,2048,phase_12b_guest_stdio_redirected,1633
2026-05-13T22:47:51+00:00,minimal,stock,idle,30,mem_mib,2048,phase_12b_guest_panic_hook_installed,3313
2026-05-13T22:47:51+00:00,minimal,stock,idle,30,mem_mib,2048,phase_12b_guest_pseudo_fs_mounted,13870
2026-05-13T22:47:51+00:00,minimal,stock,idle,30,mem_mib,2048,phase_12b_guest_mount_namespace_private,20172
2026-05-13T22:47:51+00:00,minimal,stock,idle,30,mem_mib,2048,phase_12b_guest_base_mounted,25914
2026-05-13T22:47:51+00:00,minimal,stock,idle,30,mem_mib,2048,phase_12b_guest_overlay_disk_mounted,33294
2026-05-13T22:47:51+00:00,minimal,stock,idle,30,mem_mib,2048,phase_12b_guest_overlay_dirs_ready,38389
2026-05-13T22:47:51+00:00,minimal,stock,idle,30,mem_mib,2048,phase_12b_guest_merged_mountpoint_ready,41211
2026-05-13T22:47:51+00:00,minimal,stock,idle,30,mem_mib,2048,phase_12b_guest_overlayfs_mounted,44503
2026-05-13T22:47:51+00:00,minimal,stock,idle,30,mem_mib,2048,phase_12b_guest_pseudo_fs_bound_into_merged,47993
2026-05-13T22:47:51+00:00,minimal,stock,idle,30,mem_mib,2048,phase_12b_guest_merged_self_bound,51370
2026-05-13T22:47:51+00:00,minimal,stock,idle,30,mem_mib,2048,phase_12b_guest_pivot_rootfs_done,53130
2026-05-13T22:47:51+00:00,minimal,stock,idle,30,mem_mib,2048,phase_12b_guest_overlay_pivot_complete,55041
2026-05-13T22:47:51+00:00,minimal,stock,idle,30,mem_mib,2048,phase_12b_guest_network_configured,56912
2026-05-13T22:47:51+00:00,minimal,stock,idle,30,mem_mib,2048,phase_12b_guest_workspace_absent,58975
2026-05-13T22:47:51+00:00,minimal,stock,idle,30,mem_mib,2048,phase_12b_guest_pid1_setup_complete,59824
2026-05-13T22:47:51+00:00,minimal,stock,idle,30,mem_mib,2048,phase_12b_guest_guestd_starting_log,61475
2026-05-13T22:47:51+00:00,minimal,stock,idle,30,mem_mib,2048,phase_12b_guest_exec_listener_bound,62504
2026-05-13T22:47:51+00:00,minimal,stock,idle,30,mem_mib,2048,phase_12b_ready_accept,1048609
2026-05-13T22:47:51+00:00,minimal,stock,idle,30,mem_mib,2048,exec_send,22
2026-05-13T22:47:51+00:00,minimal,stock,idle,30,mem_mib,2048,exec_recv,11970
2026-05-13T22:47:51+00:00,minimal,stock,idle,30,mem_mib,2048,stop_bounded,62169
2026-05-13T22:47:51+00:00,minimal,stock,idle,30,mem_mib,2048,stop_release,111
2026-05-13T22:47:51+00:00,minimal,stock,idle,30,mem_mib,2048,guest_elapsed_process_start,2
2026-05-13T22:47:51+00:00,minimal,stock,idle,30,mem_mib,2048,guest_delta_process_start,2
2026-05-13T22:47:51+00:00,minimal,stock,idle,30,mem_mib,2048,guest_elapsed_stdio_redirected,1633
2026-05-13T22:47:51+00:00,minimal,stock,idle,30,mem_mib,2048,guest_delta_stdio_redirected,1631
2026-05-13T22:47:51+00:00,minimal,stock,idle,30,mem_mib,2048,guest_elapsed_panic_hook_installed,3313
2026-05-13T22:47:51+00:00,minimal,stock,idle,30,mem_mib,2048,guest_delta_panic_hook_installed,1679
2026-05-13T22:47:51+00:00,minimal,stock,idle,30,mem_mib,2048,guest_elapsed_pseudo_fs_mounted,13870
2026-05-13T22:47:51+00:00,minimal,stock,idle,30,mem_mib,2048,guest_delta_pseudo_fs_mounted,10557
2026-05-13T22:47:51+00:00,minimal,stock,idle,30,mem_mib,2048,guest_elapsed_mount_namespace_private,20172
2026-05-13T22:47:51+00:00,minimal,stock,idle,30,mem_mib,2048,guest_delta_mount_namespace_private,6301
2026-05-13T22:47:51+00:00,minimal,stock,idle,30,mem_mib,2048,guest_elapsed_base_mounted,25914
2026-05-13T22:47:51+00:00,minimal,stock,idle,30,mem_mib,2048,guest_delta_base_mounted,5742
2026-05-13T22:47:51+00:00,minimal,stock,idle,30,mem_mib,2048,guest_elapsed_overlay_disk_mounted,33294
2026-05-13T22:47:51+00:00,minimal,stock,idle,30,mem_mib,2048,guest_delta_overlay_disk_mounted,7380
2026-05-13T22:47:51+00:00,minimal,stock,idle,30,mem_mib,2048,guest_elapsed_overlay_dirs_ready,38389
2026-05-13T22:47:51+00:00,minimal,stock,idle,30,mem_mib,2048,guest_delta_overlay_dirs_ready,5094
2026-05-13T22:47:51+00:00,minimal,stock,idle,30,mem_mib,2048,guest_elapsed_merged_mountpoint_ready,41211
2026-05-13T22:47:51+00:00,minimal,stock,idle,30,mem_mib,2048,guest_delta_merged_mountpoint_ready,2822
2026-05-13T22:47:51+00:00,minimal,stock,idle,30,mem_mib,2048,guest_elapsed_overlayfs_mounted,44503
2026-05-13T22:47:51+00:00,minimal,stock,idle,30,mem_mib,2048,guest_delta_overlayfs_mounted,3291
2026-05-13T22:47:51+00:00,minimal,stock,idle,30,mem_mib,2048,guest_elapsed_pseudo_fs_bound_into_merged,47993
2026-05-13T22:47:51+00:00,minimal,stock,idle,30,mem_mib,2048,guest_delta_pseudo_fs_bound_into_merged,3489
2026-05-13T22:47:51+00:00,minimal,stock,idle,30,mem_mib,2048,guest_elapsed_merged_self_bound,51370
2026-05-13T22:47:51+00:00,minimal,stock,idle,30,mem_mib,2048,guest_delta_merged_self_bound,3377
2026-05-13T22:47:51+00:00,minimal,stock,idle,30,mem_mib,2048,guest_elapsed_pivot_rootfs_done,53130
2026-05-13T22:47:51+00:00,minimal,stock,idle,30,mem_mib,2048,guest_delta_pivot_rootfs_done,1759
2026-05-13T22:47:51+00:00,minimal,stock,idle,30,mem_mib,2048,guest_elapsed_overlay_pivot_complete,55041
2026-05-13T22:47:51+00:00,minimal,stock,idle,30,mem_mib,2048,guest_delta_overlay_pivot_complete,1911
2026-05-13T22:47:51+00:00,minimal,stock,idle,30,mem_mib,2048,guest_elapsed_network_configured,56912
2026-05-13T22:47:51+00:00,minimal,stock,idle,30,mem_mib,2048,guest_delta_network_configured,1871
2026-05-13T22:47:51+00:00,minimal,stock,idle,30,mem_mib,2048,guest_elapsed_workspace_absent,58975
2026-05-13T22:47:51+00:00,minimal,stock,idle,30,mem_mib,2048,guest_delta_workspace_absent,2062
2026-05-13T22:47:51+00:00,minimal,stock,idle,30,mem_mib,2048,guest_elapsed_pid1_setup_complete,59824
2026-05-13T22:47:51+00:00,minimal,stock,idle,30,mem_mib,2048,guest_delta_pid1_setup_complete,849
2026-05-13T22:47:51+00:00,minimal,stock,idle,30,mem_mib,2048,guest_elapsed_guestd_starting_log,61475
2026-05-13T22:47:51+00:00,minimal,stock,idle,30,mem_mib,2048,guest_delta_guestd_starting_log,1650
2026-05-13T22:47:51+00:00,minimal,stock,idle,30,mem_mib,2048,guest_elapsed_exec_listener_bound,62504
2026-05-13T22:47:51+00:00,minimal,stock,idle,30,mem_mib,2048,guest_delta_exec_listener_bound,1028
2026-05-13T22:47:51+00:00,minimal,stock,idle,30,mem_mib,2048,guest_elapsed_ready_signal_sent,64635
2026-05-13T22:47:51+00:00,minimal,stock,idle,30,mem_mib,2048,guest_delta_ready_signal_sent,2131
2026-05-13T22:47:52+00:00,minimal,stock,idle,31,mem_mib,2048,phase_1_run_root_prep,63
2026-05-13T22:47:52+00:00,minimal,stock,idle,31,mem_mib,2048,phase_2_lease,35
2026-05-13T22:47:52+00:00,minimal,stock,idle,31,mem_mib,2048,phase_3b_rootfs_prepare,11140
2026-05-13T22:47:52+00:00,minimal,stock,idle,31,mem_mib,2048,phase_3_storage_prep,11198
2026-05-13T22:47:52+00:00,minimal,stock,idle,31,mem_mib,2048,phase_4_jailer_materialize,799
2026-05-13T22:47:52+00:00,minimal,stock,idle,31,mem_mib,2048,phase_5_cgroup_probe,0
2026-05-13T22:47:52+00:00,minimal,stock,idle,31,mem_mib,2048,phase_6_network_realize,0
2026-05-13T22:47:52+00:00,minimal,stock,idle,31,mem_mib,2048,phase_7_outbound_guest_config,0
2026-05-13T22:47:52+00:00,minimal,stock,idle,31,mem_mib,2048,phase_9_jailer_launch,15620
2026-05-13T22:47:52+00:00,minimal,stock,idle,31,mem_mib,2048,phase_5b_cgroup_create,21211
2026-05-13T22:47:52+00:00,minimal,stock,idle,31,mem_mib,2048,phase_10_open_uds,23
2026-05-13T22:47:52+00:00,minimal,stock,idle,31,mem_mib,2048,phase_11_put_machine_config,175
2026-05-13T22:47:52+00:00,minimal,stock,idle,31,mem_mib,2048,phase_11_put_boot_source,83
2026-05-13T22:47:52+00:00,minimal,stock,idle,31,mem_mib,2048,phase_11_put_drive_rootfs,97
2026-05-13T22:47:52+00:00,minimal,stock,idle,31,mem_mib,2048,phase_11_put_drive_rootfs_overlay,191
2026-05-13T22:47:52+00:00,minimal,stock,idle,31,mem_mib,2048,phase_11_put_entropy,106
2026-05-13T22:47:52+00:00,minimal,stock,idle,31,mem_mib,2048,phase_11_put_vsock,163
2026-05-13T22:47:52+00:00,minimal,stock,idle,31,mem_mib,2048,phase_11_rest_puts,1509
2026-05-13T22:47:52+00:00,minimal,stock,idle,31,mem_mib,2048,phase_11b_ready_listener_bind,85
2026-05-13T22:47:52+00:00,minimal,stock,idle,31,mem_mib,2048,phase_11c_boot_identity_record,102
2026-05-13T22:47:52+00:00,minimal,stock,idle,31,mem_mib,2048,phase_12a_instance_start,13886
2026-05-13T22:47:52+00:00,minimal,stock,idle,31,mem_mib,2048,phase_12b_host_waiting_accept,1051628
2026-05-13T22:47:52+00:00,minimal,stock,idle,31,mem_mib,2048,phase_12b_kernel_console_range,985807
2026-05-13T22:47:52+00:00,minimal,stock,idle,31,mem_mib,2048,phase_12b_guest_process_start,2
2026-05-13T22:47:52+00:00,minimal,stock,idle,31,mem_mib,2048,phase_12b_guest_stdio_redirected,1672
2026-05-13T22:47:52+00:00,minimal,stock,idle,31,mem_mib,2048,phase_12b_guest_panic_hook_installed,1977
2026-05-13T22:47:52+00:00,minimal,stock,idle,31,mem_mib,2048,phase_12b_guest_pseudo_fs_mounted,13145
2026-05-13T22:47:52+00:00,minimal,stock,idle,31,mem_mib,2048,phase_12b_guest_mount_namespace_private,19497
2026-05-13T22:47:52+00:00,minimal,stock,idle,31,mem_mib,2048,phase_12b_guest_base_mounted,25531
2026-05-13T22:47:52+00:00,minimal,stock,idle,31,mem_mib,2048,phase_12b_guest_overlay_disk_mounted,32942
2026-05-13T22:47:52+00:00,minimal,stock,idle,31,mem_mib,2048,phase_12b_guest_overlay_dirs_ready,38020
2026-05-13T22:47:52+00:00,minimal,stock,idle,31,mem_mib,2048,phase_12b_guest_merged_mountpoint_ready,40903
2026-05-13T22:47:52+00:00,minimal,stock,idle,31,mem_mib,2048,phase_12b_guest_overlayfs_mounted,44272
2026-05-13T22:47:52+00:00,minimal,stock,idle,31,mem_mib,2048,phase_12b_guest_pseudo_fs_bound_into_merged,47776
2026-05-13T22:47:52+00:00,minimal,stock,idle,31,mem_mib,2048,phase_12b_guest_merged_self_bound,51200
2026-05-13T22:47:52+00:00,minimal,stock,idle,31,mem_mib,2048,phase_12b_guest_pivot_rootfs_done,53002
2026-05-13T22:47:52+00:00,minimal,stock,idle,31,mem_mib,2048,phase_12b_guest_overlay_pivot_complete,54919
2026-05-13T22:47:52+00:00,minimal,stock,idle,31,mem_mib,2048,phase_12b_guest_network_configured,56854
2026-05-13T22:47:52+00:00,minimal,stock,idle,31,mem_mib,2048,phase_12b_guest_workspace_absent,58939
2026-05-13T22:47:52+00:00,minimal,stock,idle,31,mem_mib,2048,phase_12b_guest_pid1_setup_complete,59826
2026-05-13T22:47:52+00:00,minimal,stock,idle,31,mem_mib,2048,phase_12b_guest_guestd_starting_log,61492
2026-05-13T22:47:52+00:00,minimal,stock,idle,31,mem_mib,2048,phase_12b_guest_exec_listener_bound,62529
2026-05-13T22:47:52+00:00,minimal,stock,idle,31,mem_mib,2048,phase_12b_ready_accept,1053940
2026-05-13T22:47:52+00:00,minimal,stock,idle,31,mem_mib,2048,exec_send,18
2026-05-13T22:47:52+00:00,minimal,stock,idle,31,mem_mib,2048,exec_recv,12084
2026-05-13T22:47:52+00:00,minimal,stock,idle,31,mem_mib,2048,stop_bounded,58903
2026-05-13T22:47:52+00:00,minimal,stock,idle,31,mem_mib,2048,stop_release,116
2026-05-13T22:47:52+00:00,minimal,stock,idle,31,mem_mib,2048,guest_elapsed_process_start,2
2026-05-13T22:47:52+00:00,minimal,stock,idle,31,mem_mib,2048,guest_delta_process_start,2
2026-05-13T22:47:52+00:00,minimal,stock,idle,31,mem_mib,2048,guest_elapsed_stdio_redirected,1672
2026-05-13T22:47:52+00:00,minimal,stock,idle,31,mem_mib,2048,guest_delta_stdio_redirected,1669
2026-05-13T22:47:52+00:00,minimal,stock,idle,31,mem_mib,2048,guest_elapsed_panic_hook_installed,1977
2026-05-13T22:47:52+00:00,minimal,stock,idle,31,mem_mib,2048,guest_delta_panic_hook_installed,305
2026-05-13T22:47:52+00:00,minimal,stock,idle,31,mem_mib,2048,guest_elapsed_pseudo_fs_mounted,13145
2026-05-13T22:47:52+00:00,minimal,stock,idle,31,mem_mib,2048,guest_delta_pseudo_fs_mounted,11167
2026-05-13T22:47:52+00:00,minimal,stock,idle,31,mem_mib,2048,guest_elapsed_mount_namespace_private,19497
2026-05-13T22:47:52+00:00,minimal,stock,idle,31,mem_mib,2048,guest_delta_mount_namespace_private,6352
2026-05-13T22:47:52+00:00,minimal,stock,idle,31,mem_mib,2048,guest_elapsed_base_mounted,25531
2026-05-13T22:47:52+00:00,minimal,stock,idle,31,mem_mib,2048,guest_delta_base_mounted,6033
2026-05-13T22:47:52+00:00,minimal,stock,idle,31,mem_mib,2048,guest_elapsed_overlay_disk_mounted,32942
2026-05-13T22:47:52+00:00,minimal,stock,idle,31,mem_mib,2048,guest_delta_overlay_disk_mounted,7411
2026-05-13T22:47:52+00:00,minimal,stock,idle,31,mem_mib,2048,guest_elapsed_overlay_dirs_ready,38020
2026-05-13T22:47:52+00:00,minimal,stock,idle,31,mem_mib,2048,guest_delta_overlay_dirs_ready,5077
2026-05-13T22:47:52+00:00,minimal,stock,idle,31,mem_mib,2048,guest_elapsed_merged_mountpoint_ready,40903
2026-05-13T22:47:52+00:00,minimal,stock,idle,31,mem_mib,2048,guest_delta_merged_mountpoint_ready,2883
2026-05-13T22:47:52+00:00,minimal,stock,idle,31,mem_mib,2048,guest_elapsed_overlayfs_mounted,44272
2026-05-13T22:47:52+00:00,minimal,stock,idle,31,mem_mib,2048,guest_delta_overlayfs_mounted,3368
2026-05-13T22:47:52+00:00,minimal,stock,idle,31,mem_mib,2048,guest_elapsed_pseudo_fs_bound_into_merged,47776
2026-05-13T22:47:52+00:00,minimal,stock,idle,31,mem_mib,2048,guest_delta_pseudo_fs_bound_into_merged,3503
2026-05-13T22:47:52+00:00,minimal,stock,idle,31,mem_mib,2048,guest_elapsed_merged_self_bound,51200
2026-05-13T22:47:52+00:00,minimal,stock,idle,31,mem_mib,2048,guest_delta_merged_self_bound,3424
2026-05-13T22:47:52+00:00,minimal,stock,idle,31,mem_mib,2048,guest_elapsed_pivot_rootfs_done,53002
2026-05-13T22:47:52+00:00,minimal,stock,idle,31,mem_mib,2048,guest_delta_pivot_rootfs_done,1801
2026-05-13T22:47:52+00:00,minimal,stock,idle,31,mem_mib,2048,guest_elapsed_overlay_pivot_complete,54919
2026-05-13T22:47:52+00:00,minimal,stock,idle,31,mem_mib,2048,guest_delta_overlay_pivot_complete,1917
2026-05-13T22:47:52+00:00,minimal,stock,idle,31,mem_mib,2048,guest_elapsed_network_configured,56854
2026-05-13T22:47:52+00:00,minimal,stock,idle,31,mem_mib,2048,guest_delta_network_configured,1935
2026-05-13T22:47:52+00:00,minimal,stock,idle,31,mem_mib,2048,guest_elapsed_workspace_absent,58939
2026-05-13T22:47:52+00:00,minimal,stock,idle,31,mem_mib,2048,guest_delta_workspace_absent,2085
2026-05-13T22:47:52+00:00,minimal,stock,idle,31,mem_mib,2048,guest_elapsed_pid1_setup_complete,59826
2026-05-13T22:47:52+00:00,minimal,stock,idle,31,mem_mib,2048,guest_delta_pid1_setup_complete,886
2026-05-13T22:47:52+00:00,minimal,stock,idle,31,mem_mib,2048,guest_elapsed_guestd_starting_log,61492
2026-05-13T22:47:52+00:00,minimal,stock,idle,31,mem_mib,2048,guest_delta_guestd_starting_log,1665
2026-05-13T22:47:52+00:00,minimal,stock,idle,31,mem_mib,2048,guest_elapsed_exec_listener_bound,62529
2026-05-13T22:47:52+00:00,minimal,stock,idle,31,mem_mib,2048,guest_delta_exec_listener_bound,1036
2026-05-13T22:47:52+00:00,minimal,stock,idle,31,mem_mib,2048,guest_elapsed_ready_signal_sent,64662
2026-05-13T22:47:52+00:00,minimal,stock,idle,31,mem_mib,2048,guest_delta_ready_signal_sent,2133
2026-05-13T22:47:53+00:00,minimal,stock,idle,32,mem_mib,2048,phase_1_run_root_prep,47
2026-05-13T22:47:53+00:00,minimal,stock,idle,32,mem_mib,2048,phase_2_lease,34
2026-05-13T22:47:53+00:00,minimal,stock,idle,32,mem_mib,2048,phase_3b_rootfs_prepare,12393
2026-05-13T22:47:53+00:00,minimal,stock,idle,32,mem_mib,2048,phase_3_storage_prep,12449
2026-05-13T22:47:53+00:00,minimal,stock,idle,32,mem_mib,2048,phase_4_jailer_materialize,774
2026-05-13T22:47:53+00:00,minimal,stock,idle,32,mem_mib,2048,phase_5_cgroup_probe,0
2026-05-13T22:47:53+00:00,minimal,stock,idle,32,mem_mib,2048,phase_6_network_realize,0
2026-05-13T22:47:53+00:00,minimal,stock,idle,32,mem_mib,2048,phase_7_outbound_guest_config,0
2026-05-13T22:47:53+00:00,minimal,stock,idle,32,mem_mib,2048,phase_9_jailer_launch,15706
2026-05-13T22:47:53+00:00,minimal,stock,idle,32,mem_mib,2048,phase_5b_cgroup_create,25192
2026-05-13T22:47:53+00:00,minimal,stock,idle,32,mem_mib,2048,phase_10_open_uds,21
2026-05-13T22:47:53+00:00,minimal,stock,idle,32,mem_mib,2048,phase_11_put_machine_config,172
2026-05-13T22:47:53+00:00,minimal,stock,idle,32,mem_mib,2048,phase_11_put_boot_source,75
2026-05-13T22:47:53+00:00,minimal,stock,idle,32,mem_mib,2048,phase_11_put_drive_rootfs,95
2026-05-13T22:47:53+00:00,minimal,stock,idle,32,mem_mib,2048,phase_11_put_drive_rootfs_overlay,170
2026-05-13T22:47:53+00:00,minimal,stock,idle,32,mem_mib,2048,phase_11_put_entropy,75
2026-05-13T22:47:53+00:00,minimal,stock,idle,32,mem_mib,2048,phase_11_put_vsock,153
2026-05-13T22:47:53+00:00,minimal,stock,idle,32,mem_mib,2048,phase_11_rest_puts,1130
2026-05-13T22:47:53+00:00,minimal,stock,idle,32,mem_mib,2048,phase_11b_ready_listener_bind,68
2026-05-13T22:47:53+00:00,minimal,stock,idle,32,mem_mib,2048,phase_11c_boot_identity_record,72
2026-05-13T22:47:53+00:00,minimal,stock,idle,32,mem_mib,2048,phase_12a_instance_start,20978
2026-05-13T22:47:53+00:00,minimal,stock,idle,32,mem_mib,2048,phase_12b_host_waiting_accept,1047728
2026-05-13T22:47:53+00:00,minimal,stock,idle,32,mem_mib,2048,phase_12b_kernel_console_range,982530
2026-05-13T22:47:53+00:00,minimal,stock,idle,32,mem_mib,2048,phase_12b_guest_process_start,2
2026-05-13T22:47:53+00:00,minimal,stock,idle,32,mem_mib,2048,phase_12b_guest_stdio_redirected,1619
2026-05-13T22:47:53+00:00,minimal,stock,idle,32,mem_mib,2048,phase_12b_guest_panic_hook_installed,3321
2026-05-13T22:47:53+00:00,minimal,stock,idle,32,mem_mib,2048,phase_12b_guest_pseudo_fs_mounted,13932
2026-05-13T22:47:53+00:00,minimal,stock,idle,32,mem_mib,2048,phase_12b_guest_mount_namespace_private,20317
2026-05-13T22:47:53+00:00,minimal,stock,idle,32,mem_mib,2048,phase_12b_guest_base_mounted,25975
2026-05-13T22:47:53+00:00,minimal,stock,idle,32,mem_mib,2048,phase_12b_guest_overlay_disk_mounted,33312
2026-05-13T22:47:53+00:00,minimal,stock,idle,32,mem_mib,2048,phase_12b_guest_overlay_dirs_ready,39035
2026-05-13T22:47:53+00:00,minimal,stock,idle,32,mem_mib,2048,phase_12b_guest_merged_mountpoint_ready,41843
2026-05-13T22:47:53+00:00,minimal,stock,idle,32,mem_mib,2048,phase_12b_guest_overlayfs_mounted,45132
2026-05-13T22:47:53+00:00,minimal,stock,idle,32,mem_mib,2048,phase_12b_guest_pseudo_fs_bound_into_merged,48591
2026-05-13T22:47:53+00:00,minimal,stock,idle,32,mem_mib,2048,phase_12b_guest_merged_self_bound,51976
2026-05-13T22:47:53+00:00,minimal,stock,idle,32,mem_mib,2048,phase_12b_guest_pivot_rootfs_done,53734
2026-05-13T22:47:53+00:00,minimal,stock,idle,32,mem_mib,2048,phase_12b_guest_overlay_pivot_complete,55643
2026-05-13T22:47:53+00:00,minimal,stock,idle,32,mem_mib,2048,phase_12b_guest_network_configured,57517
2026-05-13T22:47:53+00:00,minimal,stock,idle,32,mem_mib,2048,phase_12b_guest_workspace_absent,59579
2026-05-13T22:47:53+00:00,minimal,stock,idle,32,mem_mib,2048,phase_12b_guest_pid1_setup_complete,60433
2026-05-13T22:47:53+00:00,minimal,stock,idle,32,mem_mib,2048,phase_12b_guest_guestd_starting_log,62074
2026-05-13T22:47:53+00:00,minimal,stock,idle,32,mem_mib,2048,phase_12b_guest_exec_listener_bound,63123
2026-05-13T22:47:53+00:00,minimal,stock,idle,32,mem_mib,2048,phase_12b_ready_accept,1050050
2026-05-13T22:47:53+00:00,minimal,stock,idle,32,mem_mib,2048,exec_send,17
2026-05-13T22:47:53+00:00,minimal,stock,idle,32,mem_mib,2048,exec_recv,11927
2026-05-13T22:47:53+00:00,minimal,stock,idle,32,mem_mib,2048,stop_bounded,87181
2026-05-13T22:47:53+00:00,minimal,stock,idle,32,mem_mib,2048,stop_release,148
2026-05-13T22:47:53+00:00,minimal,stock,idle,32,mem_mib,2048,guest_elapsed_process_start,2
2026-05-13T22:47:53+00:00,minimal,stock,idle,32,mem_mib,2048,guest_delta_process_start,2
2026-05-13T22:47:53+00:00,minimal,stock,idle,32,mem_mib,2048,guest_elapsed_stdio_redirected,1619
2026-05-13T22:47:53+00:00,minimal,stock,idle,32,mem_mib,2048,guest_delta_stdio_redirected,1617
2026-05-13T22:47:53+00:00,minimal,stock,idle,32,mem_mib,2048,guest_elapsed_panic_hook_installed,3321
2026-05-13T22:47:53+00:00,minimal,stock,idle,32,mem_mib,2048,guest_delta_panic_hook_installed,1701
2026-05-13T22:47:53+00:00,minimal,stock,idle,32,mem_mib,2048,guest_elapsed_pseudo_fs_mounted,13932
2026-05-13T22:47:53+00:00,minimal,stock,idle,32,mem_mib,2048,guest_delta_pseudo_fs_mounted,10611
2026-05-13T22:47:53+00:00,minimal,stock,idle,32,mem_mib,2048,guest_elapsed_mount_namespace_private,20317
2026-05-13T22:47:53+00:00,minimal,stock,idle,32,mem_mib,2048,guest_delta_mount_namespace_private,6385
2026-05-13T22:47:53+00:00,minimal,stock,idle,32,mem_mib,2048,guest_elapsed_base_mounted,25975
2026-05-13T22:47:53+00:00,minimal,stock,idle,32,mem_mib,2048,guest_delta_base_mounted,5657
2026-05-13T22:47:53+00:00,minimal,stock,idle,32,mem_mib,2048,guest_elapsed_overlay_disk_mounted,33312
2026-05-13T22:47:53+00:00,minimal,stock,idle,32,mem_mib,2048,guest_delta_overlay_disk_mounted,7337
2026-05-13T22:47:53+00:00,minimal,stock,idle,32,mem_mib,2048,guest_elapsed_overlay_dirs_ready,39035
2026-05-13T22:47:53+00:00,minimal,stock,idle,32,mem_mib,2048,guest_delta_overlay_dirs_ready,5723
2026-05-13T22:47:53+00:00,minimal,stock,idle,32,mem_mib,2048,guest_elapsed_merged_mountpoint_ready,41843
2026-05-13T22:47:53+00:00,minimal,stock,idle,32,mem_mib,2048,guest_delta_merged_mountpoint_ready,2807
2026-05-13T22:47:53+00:00,minimal,stock,idle,32,mem_mib,2048,guest_elapsed_overlayfs_mounted,45132
2026-05-13T22:47:53+00:00,minimal,stock,idle,32,mem_mib,2048,guest_delta_overlayfs_mounted,3289
2026-05-13T22:47:53+00:00,minimal,stock,idle,32,mem_mib,2048,guest_elapsed_pseudo_fs_bound_into_merged,48591
2026-05-13T22:47:53+00:00,minimal,stock,idle,32,mem_mib,2048,guest_delta_pseudo_fs_bound_into_merged,3458
2026-05-13T22:47:53+00:00,minimal,stock,idle,32,mem_mib,2048,guest_elapsed_merged_self_bound,51976
2026-05-13T22:47:53+00:00,minimal,stock,idle,32,mem_mib,2048,guest_delta_merged_self_bound,3384
2026-05-13T22:47:53+00:00,minimal,stock,idle,32,mem_mib,2048,guest_elapsed_pivot_rootfs_done,53734
2026-05-13T22:47:53+00:00,minimal,stock,idle,32,mem_mib,2048,guest_delta_pivot_rootfs_done,1758
2026-05-13T22:47:53+00:00,minimal,stock,idle,32,mem_mib,2048,guest_elapsed_overlay_pivot_complete,55643
2026-05-13T22:47:53+00:00,minimal,stock,idle,32,mem_mib,2048,guest_delta_overlay_pivot_complete,1908
2026-05-13T22:47:53+00:00,minimal,stock,idle,32,mem_mib,2048,guest_elapsed_network_configured,57517
2026-05-13T22:47:53+00:00,minimal,stock,idle,32,mem_mib,2048,guest_delta_network_configured,1874
2026-05-13T22:47:53+00:00,minimal,stock,idle,32,mem_mib,2048,guest_elapsed_workspace_absent,59579
2026-05-13T22:47:53+00:00,minimal,stock,idle,32,mem_mib,2048,guest_delta_workspace_absent,2061
2026-05-13T22:47:53+00:00,minimal,stock,idle,32,mem_mib,2048,guest_elapsed_pid1_setup_complete,60433
2026-05-13T22:47:53+00:00,minimal,stock,idle,32,mem_mib,2048,guest_delta_pid1_setup_complete,853
2026-05-13T22:47:53+00:00,minimal,stock,idle,32,mem_mib,2048,guest_elapsed_guestd_starting_log,62074
2026-05-13T22:47:53+00:00,minimal,stock,idle,32,mem_mib,2048,guest_delta_guestd_starting_log,1641
2026-05-13T22:47:53+00:00,minimal,stock,idle,32,mem_mib,2048,guest_elapsed_exec_listener_bound,63123
2026-05-13T22:47:53+00:00,minimal,stock,idle,32,mem_mib,2048,guest_delta_exec_listener_bound,1049
2026-05-13T22:47:53+00:00,minimal,stock,idle,32,mem_mib,2048,guest_elapsed_ready_signal_sent,65241
2026-05-13T22:47:53+00:00,minimal,stock,idle,32,mem_mib,2048,guest_delta_ready_signal_sent,2117
